SolidWorks IGES file using analytic representation for surfaces         S      1
1H,,1H;,34H22111A-00000 SS TEST FIXTURE PLATE,111H\\192.168.5.10\22111-CG      1
old Plates\1092G875-003\Design\Model\FIXTURE PLATE\22111A-00000 SS TEST G      2
FIXTURE PLATE.IGS,15HSolidWorks 2019,15HSolidWorks 2019,32,308,15,308,  G      3
15,34H22111A-00000 SS TEST FIXTURE PLATE,1.,2,2HMM,50,0.125,13H230711.16G      4
5608,1E-08,499990.,2HHP,,11,0,13H230711.165608;                         G      5
     314       1       0       0       0                        00000200D      1
     314       0       8       1       0                               0D      2
     110       2       0       0       0                        01010000D      3
     110       0       0       1       0                               0D      4
     110       3       0       0       0                        01010000D      5
     110       0       0       1       0                               0D      6
     120       4       0       0       0                        01010000D      7
     120       0       0       1       0                               0D      8
     126       5       0       0       0                        01010500D      9
     126       0       0       2       0                               0D     10
     110       7       0       0       0                        01010000D     11
     110       0       0       1       0                               0D     12
     126       8       0       0       0                        01010500D     13
     126       0       0       2       0                               0D     14
     124      10       0       0       0                        00000000D     15
     124       0       0       3       0                               0D     16
     100      13       0       0       0              15        01010000D     17
     100       0       0       1       0                               0D     18
     126      14       0       0       0                        01010500D     19
     126       0       0       2       0                               0D     20
     110      16       0       0       0                        01010000D     21
     110       0       0       1       0                               0D     22
     126      17       0       0       0                        01010500D     23
     126       0       0       2       0                               0D     24
     124      19       0       0       0                        00000000D     25
     124       0       0       3       0                               0D     26
     100      22       0       0       0              25        01010000D     27
     100       0       0       1       0                               0D     28
     102      23       0       0       0                        01010500D     29
     102       0       0       1       0                               0D     30
     102      24       0       0       0                        01010000D     31
     102       0       0       1       0                               0D     32
     142      25       0       0       0                        00010500D     33
     142       0       0       1       0                               0D     34
     144      26       0       0       0                        00000000D     35
     144       0      -1       1       0                               0D     36
     110      27       0       0       0                        01010000D     37
     110       0       0       1       0                               0D     38
     110      28       0       0       0                        01010000D     39
     110       0       0       1       0                               0D     40
     120      29       0       0       0                        01010000D     41
     120       0       0       1       0                               0D     42
     126      30       0       0       0                        01010500D     43
     126       0       0       2       0                               0D     44
     124      32       0       0       0                        00000000D     45
     124       0       0       3       0                               0D     46
     100      35       0       0       0              45        01010000D     47
     100       0       0       1       0                               0D     48
     126      36       0       0       0                        01010500D     49
     126       0       0       2       0                               0D     50
     110      38       0       0       0                        01010000D     51
     110       0       0       1       0                               0D     52
     126      39       0       0       0                        01010500D     53
     126       0       0       2       0                               0D     54
     126      41       0       0       0                        01010500D     55
     126       0       0       2       0                               0D     56
     110      43       0       0       0                        01010000D     57
     110       0       0       1       0                               0D     58
     102      44       0       0       0                        01010500D     59
     102       0       0       1       0                               0D     60
     102      45       0       0       0                        01010000D     61
     102       0       0       1       0                               0D     62
     142      46       0       0       0                        00010500D     63
     142       0       0       1       0                               0D     64
     144      47       0       0       0                        00000000D     65
     144       0      -1       1       0                               0D     66
     110      48       0       0       0                        01010000D     67
     110       0       0       1       0                               0D     68
     110      49       0       0       0                        01010000D     69
     110       0       0       1       0                               0D     70
     120      50       0       0       0                        01010000D     71
     120       0       0       1       0                               0D     72
     126      51       0       0       0                        01010500D     73
     126       0       0       2       0                               0D     74
     110      53       0       0       0                        01010000D     75
     110       0       0       1       0                               0D     76
     126      54       0       0       0                        01010500D     77
     126       0       0       2       0                               0D     78
     124      56       0       0       0                        00000000D     79
     124       0       0       3       0                               0D     80
     100      59       0       0       0              79        01010000D     81
     100       0       0       1       0                               0D     82
     126      60       0       0       0                        01010500D     83
     126       0       0       2       0                               0D     84
     110      62       0       0       0                        01010000D     85
     110       0       0       1       0                               0D     86
     126      63       0       0       0                        01010500D     87
     126       0       0       2       0                               0D     88
     124      65       0       0       0                        00000000D     89
     124       0       0       3       0                               0D     90
     100      68       0       0       0              89        01010000D     91
     100       0       0       1       0                               0D     92
     102      69       0       0       0                        01010500D     93
     102       0       0       1       0                               0D     94
     102      70       0       0       0                        01010000D     95
     102       0       0       1       0                               0D     96
     142      71       0       0       0                        00010500D     97
     142       0       0       1       0                               0D     98
     144      72       0       0       0                        00000000D     99
     144       0      -1       1       0                               0D    100
     110      73       0       0       0                        01010000D    101
     110       0       0       1       0                               0D    102
     110      74       0       0       0                        01010000D    103
     110       0       0       1       0                               0D    104
     120      75       0       0       0                        01010000D    105
     120       0       0       1       0                               0D    106
     126      76       0       0       0                        01010500D    107
     126       0       0       2       0                               0D    108
     124      78       0       0       0                        00000000D    109
     124       0       0       3       0                               0D    110
     100      81       0       0       0             109        01010000D    111
     100       0       0       1       0                               0D    112
     126      82       0       0       0                        01010500D    113
     126       0       0       2       0                               0D    114
     110      84       0       0       0                        01010000D    115
     110       0       0       1       0                               0D    116
     126      85       0       0       0                        01010500D    117
     126       0       0       2       0                               0D    118
     126      87       0       0       0                        01010500D    119
     126       0       0       2       0                               0D    120
     110      89       0       0       0                        01010000D    121
     110       0       0       1       0                               0D    122
     102      90       0       0       0                        01010500D    123
     102       0       0       1       0                               0D    124
     102      91       0       0       0                        01010000D    125
     102       0       0       1       0                               0D    126
     142      92       0       0       0                        00010500D    127
     142       0       0       1       0                               0D    128
     144      93       0       0       0                        00000000D    129
     144       0      -1       1       0                               0D    130
     110      94       0       0       0                        01010000D    131
     110       0       0       1       0                               0D    132
     110      95       0       0       0                        01010000D    133
     110       0       0       1       0                               0D    134
     120      96       0       0       0                        01010000D    135
     120       0       0       1       0                               0D    136
     126      97       0       0       0                        01010500D    137
     126       0       0       2       0                               0D    138
     110      99       0       0       0                        01010000D    139
     110       0       0       1       0                               0D    140
     126     100       0       0       0                        01010500D    141
     126       0       0       2       0                               0D    142
     124     102       0       0       0                        00000000D    143
     124       0       0       3       0                               0D    144
     100     105       0       0       0             143        01010000D    145
     100       0       0       1       0                               0D    146
     126     106       0       0       0                        01010500D    147
     126       0       0       2       0                               0D    148
     110     108       0       0       0                        01010000D    149
     110       0       0       1       0                               0D    150
     126     109       0       0       0                        01010500D    151
     126       0       0       2       0                               0D    152
     124     111       0       0       0                        00000000D    153
     124       0       0       3       0                               0D    154
     100     114       0       0       0             153        01010000D    155
     100       0       0       1       0                               0D    156
     102     115       0       0       0                        01010500D    157
     102       0       0       1       0                               0D    158
     102     116       0       0       0                        01010000D    159
     102       0       0       1       0                               0D    160
     142     117       0       0       0                        00010500D    161
     142       0       0       1       0                               0D    162
     144     118       0       0       0                        00000000D    163
     144       0      -1       1       0                               0D    164
     110     119       0       0       0                        01010000D    165
     110       0       0       1       0                               0D    166
     110     120       0       0       0                        01010000D    167
     110       0       0       1       0                               0D    168
     120     121       0       0       0                        01010000D    169
     120       0       0       1       0                               0D    170
     126     122       0       0       0                        01010500D    171
     126       0       0       2       0                               0D    172
     124     124       0       0       0                        00000000D    173
     124       0       0       3       0                               0D    174
     100     127       0       0       0             173        01010000D    175
     100       0       0       1       0                               0D    176
     126     128       0       0       0                        01010500D    177
     126       0       0       2       0                               0D    178
     110     130       0       0       0                        01010000D    179
     110       0       0       1       0                               0D    180
     126     131       0       0       0                        01010500D    181
     126       0       0       2       0                               0D    182
     126     133       0       0       0                        01010500D    183
     126       0       0       2       0                               0D    184
     110     135       0       0       0                        01010000D    185
     110       0       0       1       0                               0D    186
     102     136       0       0       0                        01010500D    187
     102       0       0       1       0                               0D    188
     102     137       0       0       0                        01010000D    189
     102       0       0       1       0                               0D    190
     142     138       0       0       0                        00010500D    191
     142       0       0       1       0                               0D    192
     144     139       0       0       0                        00000000D    193
     144       0      -1       1       0                               0D    194
     110     140       0       0       0                        01010000D    195
     110       0       0       1       0                               0D    196
     110     141       0       0       0                        01010000D    197
     110       0       0       1       0                               0D    198
     120     142       0       0       0                        01010000D    199
     120       0       0       1       0                               0D    200
     126     143       0       0       0                        01010500D    201
     126       0       0       2       0                               0D    202
     110     145       0       0       0                        01010000D    203
     110       0       0       1       0                               0D    204
     126     146       0       0       0                        01010500D    205
     126       0       0       2       0                               0D    206
     124     148       0       0       0                        00000000D    207
     124       0       0       3       0                               0D    208
     100     151       0       0       0             207        01010000D    209
     100       0       0       1       0                               0D    210
     126     152       0       0       0                        01010500D    211
     126       0       0       2       0                               0D    212
     110     154       0       0       0                        01010000D    213
     110       0       0       1       0                               0D    214
     126     155       0       0       0                        01010500D    215
     126       0       0       2       0                               0D    216
     124     157       0       0       0                        00000000D    217
     124       0       0       3       0                               0D    218
     100     160       0       0       0             217        01010000D    219
     100       0       0       1       0                               0D    220
     102     161       0       0       0                        01010500D    221
     102       0       0       1       0                               0D    222
     102     162       0       0       0                        01010000D    223
     102       0       0       1       0                               0D    224
     142     163       0       0       0                        00010500D    225
     142       0       0       1       0                               0D    226
     144     164       0       0       0                        00000000D    227
     144       0      -1       1       0                               0D    228
     110     165       0       0       0                        01010000D    229
     110       0       0       1       0                               0D    230
     110     166       0       0       0                        01010000D    231
     110       0       0       1       0                               0D    232
     120     167       0       0       0                        01010000D    233
     120       0       0       1       0                               0D    234
     126     168       0       0       0                        01010500D    235
     126       0       0       2       0                               0D    236
     124     170       0       0       0                        00000000D    237
     124       0       0       3       0                               0D    238
     100     173       0       0       0             237        01010000D    239
     100       0       0       1       0                               0D    240
     126     174       0       0       0                        01010500D    241
     126       0       0       2       0                               0D    242
     110     176       0       0       0                        01010000D    243
     110       0       0       1       0                               0D    244
     126     177       0       0       0                        01010500D    245
     126       0       0       2       0                               0D    246
     126     179       0       0       0                        01010500D    247
     126       0       0       2       0                               0D    248
     110     181       0       0       0                        01010000D    249
     110       0       0       1       0                               0D    250
     102     182       0       0       0                        01010500D    251
     102       0       0       1       0                               0D    252
     102     183       0       0       0                        01010000D    253
     102       0       0       1       0                               0D    254
     142     184       0       0       0                        00010500D    255
     142       0       0       1       0                               0D    256
     144     185       0       0       0                        00000000D    257
     144       0      -1       1       0                               0D    258
     110     186       0       0       0                        01010000D    259
     110       0       0       1       0                               0D    260
     110     187       0       0       0                        01010000D    261
     110       0       0       1       0                               0D    262
     120     188       0       0       0                        01010000D    263
     120       0       0       1       0                               0D    264
     126     189       0       0       0                        01010500D    265
     126       0       0       2       0                               0D    266
     110     191       0       0       0                        01010000D    267
     110       0       0       1       0                               0D    268
     126     192       0       0       0                        01010500D    269
     126       0       0       2       0                               0D    270
     124     194       0       0       0                        00000000D    271
     124       0       0       3       0                               0D    272
     100     197       0       0       0             271        01010000D    273
     100       0       0       1       0                               0D    274
     126     198       0       0       0                        01010500D    275
     126       0       0       2       0                               0D    276
     110     200       0       0       0                        01010000D    277
     110       0       0       1       0                               0D    278
     126     201       0       0       0                        01010500D    279
     126       0       0       2       0                               0D    280
     124     203       0       0       0                        00000000D    281
     124       0       0       3       0                               0D    282
     100     206       0       0       0             281        01010000D    283
     100       0       0       1       0                               0D    284
     102     207       0       0       0                        01010500D    285
     102       0       0       1       0                               0D    286
     102     208       0       0       0                        01010000D    287
     102       0       0       1       0                               0D    288
     142     209       0       0       0                        00010500D    289
     142       0       0       1       0                               0D    290
     144     210       0       0       0                        00000000D    291
     144       0      -1       1       0                               0D    292
     110     211       0       0       0                        01010000D    293
     110       0       0       1       0                               0D    294
     110     212       0       0       0                        01010000D    295
     110       0       0       1       0                               0D    296
     120     213       0       0       0                        01010000D    297
     120       0       0       1       0                               0D    298
     126     214       0       0       0                        01010500D    299
     126       0       0       2       0                               0D    300
     124     216       0       0       0                        00000000D    301
     124       0       0       3       0                               0D    302
     100     219       0       0       0             301        01010000D    303
     100       0       0       1       0                               0D    304
     126     220       0       0       0                        01010500D    305
     126       0       0       2       0                               0D    306
     110     222       0       0       0                        01010000D    307
     110       0       0       1       0                               0D    308
     126     223       0       0       0                        01010500D    309
     126       0       0       2       0                               0D    310
     126     225       0       0       0                        01010500D    311
     126       0       0       2       0                               0D    312
     110     227       0       0       0                        01010000D    313
     110       0       0       1       0                               0D    314
     102     228       0       0       0                        01010500D    315
     102       0       0       1       0                               0D    316
     102     229       0       0       0                        01010000D    317
     102       0       0       1       0                               0D    318
     142     230       0       0       0                        00010500D    319
     142       0       0       1       0                               0D    320
     144     231       0       0       0                        00000000D    321
     144       0      -1       1       0                               0D    322
     110     232       0       0       0                        01010000D    323
     110       0       0       1       0                               0D    324
     110     233       0       0       0                        01010000D    325
     110       0       0       1       0                               0D    326
     120     234       0       0       0                        01010000D    327
     120       0       0       1       0                               0D    328
     126     235       0       0       0                        01010500D    329
     126       0       0       2       0                               0D    330
     110     237       0       0       0                        01010000D    331
     110       0       0       1       0                               0D    332
     126     238       0       0       0                        01010500D    333
     126       0       0       2       0                               0D    334
     124     240       0       0       0                        00000000D    335
     124       0       0       3       0                               0D    336
     100     243       0       0       0             335        01010000D    337
     100       0       0       1       0                               0D    338
     126     244       0       0       0                        01010500D    339
     126       0       0       2       0                               0D    340
     110     246       0       0       0                        01010000D    341
     110       0       0       1       0                               0D    342
     126     247       0       0       0                        01010500D    343
     126       0       0       2       0                               0D    344
     124     249       0       0       0                        00000000D    345
     124       0       0       3       0                               0D    346
     100     252       0       0       0             345        01010000D    347
     100       0       0       1       0                               0D    348
     102     253       0       0       0                        01010500D    349
     102       0       0       1       0                               0D    350
     102     254       0       0       0                        01010000D    351
     102       0       0       1       0                               0D    352
     142     255       0       0       0                        00010500D    353
     142       0       0       1       0                               0D    354
     144     256       0       0       0                        00000000D    355
     144       0      -1       1       0                               0D    356
     110     257       0       0       0                        01010000D    357
     110       0       0       1       0                               0D    358
     110     258       0       0       0                        01010000D    359
     110       0       0       1       0                               0D    360
     120     259       0       0       0                        01010000D    361
     120       0       0       1       0                               0D    362
     126     260       0       0       0                        01010500D    363
     126       0       0       2       0                               0D    364
     124     262       0       0       0                        00000000D    365
     124       0       0       3       0                               0D    366
     100     265       0       0       0             365        01010000D    367
     100       0       0       1       0                               0D    368
     126     266       0       0       0                        01010500D    369
     126       0       0       2       0                               0D    370
     110     268       0       0       0                        01010000D    371
     110       0       0       1       0                               0D    372
     126     269       0       0       0                        01010500D    373
     126       0       0       2       0                               0D    374
     126     271       0       0       0                        01010500D    375
     126       0       0       2       0                               0D    376
     110     273       0       0       0                        01010000D    377
     110       0       0       1       0                               0D    378
     102     274       0       0       0                        01010500D    379
     102       0       0       1       0                               0D    380
     102     275       0       0       0                        01010000D    381
     102       0       0       1       0                               0D    382
     142     276       0       0       0                        00010500D    383
     142       0       0       1       0                               0D    384
     144     277       0       0       0                        00000000D    385
     144       0      -1       1       0                               0D    386
     110     278       0       0       0                        01010000D    387
     110       0       0       1       0                               0D    388
     110     279       0       0       0                        01010000D    389
     110       0       0       1       0                               0D    390
     120     280       0       0       0                        01010000D    391
     120       0       0       1       0                               0D    392
     126     281       0       0       0                        01010500D    393
     126       0       0       2       0                               0D    394
     110     283       0       0       0                        01010000D    395
     110       0       0       1       0                               0D    396
     126     284       0       0       0                        01010500D    397
     126       0       0       2       0                               0D    398
     124     286       0       0       0                        00000000D    399
     124       0       0       3       0                               0D    400
     100     289       0       0       0             399        01010000D    401
     100       0       0       1       0                               0D    402
     126     290       0       0       0                        01010500D    403
     126       0       0       2       0                               0D    404
     110     292       0       0       0                        01010000D    405
     110       0       0       1       0                               0D    406
     126     293       0       0       0                        01010500D    407
     126       0       0       2       0                               0D    408
     124     295       0       0       0                        00000000D    409
     124       0       0       3       0                               0D    410
     100     298       0       0       0             409        01010000D    411
     100       0       0       1       0                               0D    412
     102     299       0       0       0                        01010500D    413
     102       0       0       1       0                               0D    414
     102     300       0       0       0                        01010000D    415
     102       0       0       1       0                               0D    416
     142     301       0       0       0                        00010500D    417
     142       0       0       1       0                               0D    418
     144     302       0       0       0                        00000000D    419
     144       0      -1       1       0                               0D    420
     110     303       0       0       0                        01010000D    421
     110       0       0       1       0                               0D    422
     110     304       0       0       0                        01010000D    423
     110       0       0       1       0                               0D    424
     120     305       0       0       0                        01010000D    425
     120       0       0       1       0                               0D    426
     126     306       0       0       0                        01010500D    427
     126       0       0       2       0                               0D    428
     124     308       0       0       0                        00000000D    429
     124       0       0       3       0                               0D    430
     100     311       0       0       0             429        01010000D    431
     100       0       0       1       0                               0D    432
     126     312       0       0       0                        01010500D    433
     126       0       0       2       0                               0D    434
     110     314       0       0       0                        01010000D    435
     110       0       0       1       0                               0D    436
     126     315       0       0       0                        01010500D    437
     126       0       0       2       0                               0D    438
     126     317       0       0       0                        01010500D    439
     126       0       0       2       0                               0D    440
     110     319       0       0       0                        01010000D    441
     110       0       0       1       0                               0D    442
     102     320       0       0       0                        01010500D    443
     102       0       0       1       0                               0D    444
     102     321       0       0       0                        01010000D    445
     102       0       0       1       0                               0D    446
     142     322       0       0       0                        00010500D    447
     142       0       0       1       0                               0D    448
     144     323       0       0       0                        00000000D    449
     144       0      -1       1       0                               0D    450
     110     324       0       0       0                        01010000D    451
     110       0       0       1       0                               0D    452
     110     325       0       0       0                        01010000D    453
     110       0       0       1       0                               0D    454
     120     326       0       0       0                        01010000D    455
     120       0       0       1       0                               0D    456
     126     327       0       0       0                        01010500D    457
     126       0       0       2       0                               0D    458
     110     329       0       0       0                        01010000D    459
     110       0       0       1       0                               0D    460
     126     330       0       0       0                        01010500D    461
     126       0       0       2       0                               0D    462
     124     332       0       0       0                        00000000D    463
     124       0       0       3       0                               0D    464
     100     335       0       0       0             463        01010000D    465
     100       0       0       1       0                               0D    466
     126     336       0       0       0                        01010500D    467
     126       0       0       2       0                               0D    468
     110     338       0       0       0                        01010000D    469
     110       0       0       1       0                               0D    470
     126     339       0       0       0                        01010500D    471
     126       0       0       2       0                               0D    472
     124     341       0       0       0                        00000000D    473
     124       0       0       3       0                               0D    474
     100     344       0       0       0             473        01010000D    475
     100       0       0       1       0                               0D    476
     102     345       0       0       0                        01010500D    477
     102       0       0       1       0                               0D    478
     102     346       0       0       0                        01010000D    479
     102       0       0       1       0                               0D    480
     142     347       0       0       0                        00010500D    481
     142       0       0       1       0                               0D    482
     144     348       0       0       0                        00000000D    483
     144       0      -1       1       0                               0D    484
     110     349       0       0       0                        01010000D    485
     110       0       0       1       0                               0D    486
     110     350       0       0       0                        01010000D    487
     110       0       0       1       0                               0D    488
     120     351       0       0       0                        01010000D    489
     120       0       0       1       0                               0D    490
     126     352       0       0       0                        01010500D    491
     126       0       0       2       0                               0D    492
     124     354       0       0       0                        00000000D    493
     124       0       0       3       0                               0D    494
     100     357       0       0       0             493        01010000D    495
     100       0       0       1       0                               0D    496
     126     358       0       0       0                        01010500D    497
     126       0       0       2       0                               0D    498
     110     360       0       0       0                        01010000D    499
     110       0       0       1       0                               0D    500
     126     361       0       0       0                        01010500D    501
     126       0       0       2       0                               0D    502
     126     363       0       0       0                        01010500D    503
     126       0       0       2       0                               0D    504
     110     365       0       0       0                        01010000D    505
     110       0       0       1       0                               0D    506
     102     366       0       0       0                        01010500D    507
     102       0       0       1       0                               0D    508
     102     367       0       0       0                        01010000D    509
     102       0       0       1       0                               0D    510
     142     368       0       0       0                        00010500D    511
     142       0       0       1       0                               0D    512
     144     369       0       0       0                        00000000D    513
     144       0      -1       1       0                               0D    514
     110     370       0       0       0                        01010000D    515
     110       0       0       1       0                               0D    516
     110     371       0       0       0                        01010000D    517
     110       0       0       1       0                               0D    518
     120     372       0       0       0                        01010000D    519
     120       0       0       1       0                               0D    520
     126     373       0       0       0                        01010500D    521
     126       0       0       2       0                               0D    522
     110     375       0       0       0                        01010000D    523
     110       0       0       1       0                               0D    524
     126     376       0       0       0                        01010500D    525
     126       0       0       2       0                               0D    526
     100     378       0       0       0                        01010000D    527
     100       0       0       1       0                               0D    528
     126     379       0       0       0                        01010500D    529
     126       0       0       2       0                               0D    530
     110     381       0       0       0                        01010000D    531
     110       0       0       1       0                               0D    532
     126     382       0       0       0                        01010500D    533
     126       0       0       2       0                               0D    534
     124     384       0       0       0                        00000000D    535
     124       0       0       4       0                               0D    536
     100     388       0       0       0             535        01010000D    537
     100       0       0       1       0                               0D    538
     102     389       0       0       0                        01010500D    539
     102       0       0       1       0                               0D    540
     102     390       0       0       0                        01010000D    541
     102       0       0       1       0                               0D    542
     142     391       0       0       0                        00010500D    543
     142       0       0       1       0                               0D    544
     144     392       0       0       0                        00000000D    545
     144       0      -1       1       0                               0D    546
     110     393       0       0       0                        01010000D    547
     110       0       0       1       0                               0D    548
     110     394       0       0       0                        01010000D    549
     110       0       0       1       0                               0D    550
     120     395       0       0       0                        01010000D    551
     120       0       0       1       0                               0D    552
     126     396       0       0       0                        01010500D    553
     126       0       0       2       0                               0D    554
     110     398       0       0       0                        01010000D    555
     110       0       0       1       0                               0D    556
     126     399       0       0       0                        01010500D    557
     126       0       0       2       0                               0D    558
     100     401       0       0       0                        01010000D    559
     100       0       0       1       0                               0D    560
     126     402       0       0       0                        01010500D    561
     126       0       0       2       0                               0D    562
     110     404       0       0       0                        01010000D    563
     110       0       0       1       0                               0D    564
     126     405       0       0       0                        01010500D    565
     126       0       0       2       0                               0D    566
     124     407       0       0       0                        00000000D    567
     124       0       0       4       0                               0D    568
     100     411       0       0       0             567        01010000D    569
     100       0       0       1       0                               0D    570
     102     412       0       0       0                        01010500D    571
     102       0       0       1       0                               0D    572
     102     413       0       0       0                        01010000D    573
     102       0       0       1       0                               0D    574
     142     414       0       0       0                        00010500D    575
     142       0       0       1       0                               0D    576
     144     415       0       0       0                        00000000D    577
     144       0      -1       1       0                               0D    578
     110     416       0       0       0                        01010000D    579
     110       0       0       1       0                               0D    580
     110     417       0       0       0                        01010000D    581
     110       0       0       1       0                               0D    582
     120     418       0       0       0                        01010000D    583
     120       0       0       1       0                               0D    584
     126     419       0       0       0                        01010500D    585
     126       0       0       2       0                               0D    586
     110     421       0       0       0                        01010000D    587
     110       0       0       1       0                               0D    588
     126     422       0       0       0                        01010500D    589
     126       0       0       2       0                               0D    590
     124     424       0       0       0                        00000000D    591
     124       0       0       4       0                               0D    592
     100     428       0       0       0             591        01010000D    593
     100       0       0       1       0                               0D    594
     126     429       0       0       0                        01010500D    595
     126       0       0       2       0                               0D    596
     110     431       0       0       0                        01010000D    597
     110       0       0       1       0                               0D    598
     126     432       0       0       0                        01010500D    599
     126       0       0       2       0                               0D    600
     100     434       0       0       0                        01010000D    601
     100       0       0       1       0                               0D    602
     102     435       0       0       0                        01010500D    603
     102       0       0       1       0                               0D    604
     102     436       0       0       0                        01010000D    605
     102       0       0       1       0                               0D    606
     142     437       0       0       0                        00010500D    607
     142       0       0       1       0                               0D    608
     144     438       0       0       0                        00000000D    609
     144       0      -1       1       0                               0D    610
     110     439       0       0       0                        01010000D    611
     110       0       0       1       0                               0D    612
     110     440       0       0       0                        01010000D    613
     110       0       0       1       0                               0D    614
     120     441       0       0       0                        01010000D    615
     120       0       0       1       0                               0D    616
     126     442       0       0       0                        01010500D    617
     126       0       0       2       0                               0D    618
     110     444       0       0       0                        01010000D    619
     110       0       0       1       0                               0D    620
     126     445       0       0       0                        01010500D    621
     126       0       0       2       0                               0D    622
     100     447       0       0       0                        01010000D    623
     100       0       0       1       0                               0D    624
     126     448       0       0       0                        01010500D    625
     126       0       0       2       0                               0D    626
     110     450       0       0       0                        01010000D    627
     110       0       0       1       0                               0D    628
     126     451       0       0       0                        01010500D    629
     126       0       0       2       0                               0D    630
     124     453       0       0       0                        00000000D    631
     124       0       0       4       0                               0D    632
     100     457       0       0       0             631        01010000D    633
     100       0       0       1       0                               0D    634
     102     458       0       0       0                        01010500D    635
     102       0       0       1       0                               0D    636
     102     459       0       0       0                        01010000D    637
     102       0       0       1       0                               0D    638
     142     460       0       0       0                        00010500D    639
     142       0       0       1       0                               0D    640
     144     461       0       0       0                        00000000D    641
     144       0      -1       1       0                               0D    642
     110     462       0       0       0                        01010000D    643
     110       0       0       1       0                               0D    644
     110     463       0       0       0                        01010000D    645
     110       0       0       1       0                               0D    646
     120     464       0       0       0                        01010000D    647
     120       0       0       1       0                               0D    648
     126     465       0       0       0                        01010500D    649
     126       0       0       2       0                               0D    650
     110     467       0       0       0                        01010000D    651
     110       0       0       1       0                               0D    652
     126     468       0       0       0                        01010500D    653
     126       0       0       2       0                               0D    654
     100     470       0       0       0                        01010000D    655
     100       0       0       1       0                               0D    656
     126     471       0       0       0                        01010500D    657
     126       0       0       2       0                               0D    658
     110     473       0       0       0                        01010000D    659
     110       0       0       1       0                               0D    660
     126     474       0       0       0                        01010500D    661
     126       0       0       2       0                               0D    662
     124     476       0       0       0                        00000000D    663
     124       0       0       4       0                               0D    664
     100     480       0       0       0             663        01010000D    665
     100       0       0       1       0                               0D    666
     102     481       0       0       0                        01010500D    667
     102       0       0       1       0                               0D    668
     102     482       0       0       0                        01010000D    669
     102       0       0       1       0                               0D    670
     142     483       0       0       0                        00010500D    671
     142       0       0       1       0                               0D    672
     144     484       0       0       0                        00000000D    673
     144       0      -1       1       0                               0D    674
     110     485       0       0       0                        01010000D    675
     110       0       0       1       0                               0D    676
     110     486       0       0       0                        01010000D    677
     110       0       0       1       0                               0D    678
     120     487       0       0       0                        01010000D    679
     120       0       0       1       0                               0D    680
     126     488       0       0       0                        01010500D    681
     126       0       0       2       0                               0D    682
     110     490       0       0       0                        01010000D    683
     110       0       0       1       0                               0D    684
     126     491       0       0       0                        01010500D    685
     126       0       0       2       0                               0D    686
     124     493       0       0       0                        00000000D    687
     124       0       0       4       0                               0D    688
     100     497       0       0       0             687        01010000D    689
     100       0       0       1       0                               0D    690
     126     498       0       0       0                        01010500D    691
     126       0       0       2       0                               0D    692
     110     500       0       0       0                        01010000D    693
     110       0       0       1       0                               0D    694
     126     501       0       0       0                        01010500D    695
     126       0       0       2       0                               0D    696
     100     503       0       0       0                        01010000D    697
     100       0       0       1       0                               0D    698
     102     504       0       0       0                        01010500D    699
     102       0       0       1       0                               0D    700
     102     505       0       0       0                        01010000D    701
     102       0       0       1       0                               0D    702
     142     506       0       0       0                        00010500D    703
     142       0       0       1       0                               0D    704
     144     507       0       0       0                        00000000D    705
     144       0      -1       1       0                               0D    706
     110     508       0       0       0                        01010000D    707
     110       0       0       1       0                               0D    708
     110     509       0       0       0                        01010000D    709
     110       0       0       1       0                               0D    710
     120     510       0       0       0                        01010000D    711
     120       0       0       1       0                               0D    712
     126     511       0       0       0                        01010500D    713
     126       0       0       2       0                               0D    714
     110     513       0       0       0                        01010000D    715
     110       0       0       1       0                               0D    716
     126     514       0       0       0                        01010500D    717
     126       0       0       2       0                               0D    718
     100     516       0       0       0                        01010000D    719
     100       0       0       1       0                               0D    720
     126     517       0       0       0                        01010500D    721
     126       0       0       2       0                               0D    722
     110     519       0       0       0                        01010000D    723
     110       0       0       1       0                               0D    724
     126     520       0       0       0                        01010500D    725
     126       0       0       2       0                               0D    726
     124     522       0       0       0                        00000000D    727
     124       0       0       4       0                               0D    728
     100     526       0       0       0             727        01010000D    729
     100       0       0       1       0                               0D    730
     102     527       0       0       0                        01010500D    731
     102       0       0       1       0                               0D    732
     102     528       0       0       0                        01010000D    733
     102       0       0       1       0                               0D    734
     142     529       0       0       0                        00010500D    735
     142       0       0       1       0                               0D    736
     144     530       0       0       0                        00000000D    737
     144       0      -1       1       0                               0D    738
     110     531       0       0       0                        01010000D    739
     110       0       0       1       0                               0D    740
     110     532       0       0       0                        01010000D    741
     110       0       0       1       0                               0D    742
     120     533       0       0       0                        01010000D    743
     120       0       0       1       0                               0D    744
     126     534       0       0       0                        01010500D    745
     126       0       0       2       0                               0D    746
     110     536       0       0       0                        01010000D    747
     110       0       0       1       0                               0D    748
     126     537       0       0       0                        01010500D    749
     126       0       0       2       0                               0D    750
     100     539       0       0       0                        01010000D    751
     100       0       0       1       0                               0D    752
     126     540       0       0       0                        01010500D    753
     126       0       0       2       0                               0D    754
     110     542       0       0       0                        01010000D    755
     110       0       0       1       0                               0D    756
     126     543       0       0       0                        01010500D    757
     126       0       0       2       0                               0D    758
     124     545       0       0       0                        00000000D    759
     124       0       0       4       0                               0D    760
     100     549       0       0       0             759        01010000D    761
     100       0       0       1       0                               0D    762
     102     550       0       0       0                        01010500D    763
     102       0       0       1       0                               0D    764
     102     551       0       0       0                        01010000D    765
     102       0       0       1       0                               0D    766
     142     552       0       0       0                        00010500D    767
     142       0       0       1       0                               0D    768
     144     553       0       0       0                        00000000D    769
     144       0      -1       1       0                               0D    770
     110     554       0       0       0                        01010000D    771
     110       0       0       1       0                               0D    772
     110     555       0       0       0                        01010000D    773
     110       0       0       1       0                               0D    774
     120     556       0       0       0                        01010000D    775
     120       0       0       1       0                               0D    776
     126     557       0       0       0                        01010500D    777
     126       0       0       2       0                               0D    778
     110     559       0       0       0                        01010000D    779
     110       0       0       1       0                               0D    780
     126     560       0       0       0                        01010500D    781
     126       0       0       2       0                               0D    782
     124     562       0       0       0                        00000000D    783
     124       0       0       4       0                               0D    784
     100     566       0       0       0             783        01010000D    785
     100       0       0       1       0                               0D    786
     126     567       0       0       0                        01010500D    787
     126       0       0       2       0                               0D    788
     110     569       0       0       0                        01010000D    789
     110       0       0       1       0                               0D    790
     126     570       0       0       0                        01010500D    791
     126       0       0       2       0                               0D    792
     100     572       0       0       0                        01010000D    793
     100       0       0       1       0                               0D    794
     102     573       0       0       0                        01010500D    795
     102       0       0       1       0                               0D    796
     102     574       0       0       0                        01010000D    797
     102       0       0       1       0                               0D    798
     142     575       0       0       0                        00010500D    799
     142       0       0       1       0                               0D    800
     144     576       0       0       0                        00000000D    801
     144       0      -1       1       0                               0D    802
     110     577       0       0       0                        01010000D    803
     110       0       0       1       0                               0D    804
     110     578       0       0       0                        01010000D    805
     110       0       0       1       0                               0D    806
     120     579       0       0       0                        01010000D    807
     120       0       0       1       0                               0D    808
     126     580       0       0       0                        01010500D    809
     126       0       0       2       0                               0D    810
     110     582       0       0       0                        01010000D    811
     110       0       0       1       0                               0D    812
     126     583       0       0       0                        01010500D    813
     126       0       0       2       0                               0D    814
     100     585       0       0       0                        01010000D    815
     100       0       0       1       0                               0D    816
     126     586       0       0       0                        01010500D    817
     126       0       0       2       0                               0D    818
     110     588       0       0       0                        01010000D    819
     110       0       0       1       0                               0D    820
     126     589       0       0       0                        01010500D    821
     126       0       0       2       0                               0D    822
     124     591       0       0       0                        00000000D    823
     124       0       0       4       0                               0D    824
     100     595       0       0       0             823        01010000D    825
     100       0       0       1       0                               0D    826
     102     596       0       0       0                        01010500D    827
     102       0       0       1       0                               0D    828
     102     597       0       0       0                        01010000D    829
     102       0       0       1       0                               0D    830
     142     598       0       0       0                        00010500D    831
     142       0       0       1       0                               0D    832
     144     599       0       0       0                        00000000D    833
     144       0      -1       1       0                               0D    834
     110     600       0       0       0                        01010000D    835
     110       0       0       1       0                               0D    836
     110     601       0       0       0                        01010000D    837
     110       0       0       1       0                               0D    838
     120     602       0       0       0                        01010000D    839
     120       0       0       1       0                               0D    840
     126     603       0       0       0                        01010500D    841
     126       0       0       2       0                               0D    842
     110     605       0       0       0                        01010000D    843
     110       0       0       1       0                               0D    844
     126     606       0       0       0                        01010500D    845
     126       0       0       2       0                               0D    846
     100     608       0       0       0                        01010000D    847
     100       0       0       1       0                               0D    848
     126     609       0       0       0                        01010500D    849
     126       0       0       2       0                               0D    850
     110     611       0       0       0                        01010000D    851
     110       0       0       1       0                               0D    852
     126     612       0       0       0                        01010500D    853
     126       0       0       2       0                               0D    854
     124     614       0       0       0                        00000000D    855
     124       0       0       4       0                               0D    856
     100     618       0       0       0             855        01010000D    857
     100       0       0       1       0                               0D    858
     102     619       0       0       0                        01010500D    859
     102       0       0       1       0                               0D    860
     102     620       0       0       0                        01010000D    861
     102       0       0       1       0                               0D    862
     142     621       0       0       0                        00010500D    863
     142       0       0       1       0                               0D    864
     144     622       0       0       0                        00000000D    865
     144       0      -1       1       0                               0D    866
     110     623       0       0       0                        01010000D    867
     110       0       0       1       0                               0D    868
     110     624       0       0       0                        01010000D    869
     110       0       0       1       0                               0D    870
     120     625       0       0       0                        01010000D    871
     120       0       0       1       0                               0D    872
     126     626       0       0       0                        01010500D    873
     126       0       0       2       0                               0D    874
     110     628       0       0       0                        01010000D    875
     110       0       0       1       0                               0D    876
     126     629       0       0       0                        01010500D    877
     126       0       0       2       0                               0D    878
     124     631       0       0       0                        00000000D    879
     124       0       0       4       0                               0D    880
     100     635       0       0       0             879        01010000D    881
     100       0       0       1       0                               0D    882
     126     636       0       0       0                        01010500D    883
     126       0       0       2       0                               0D    884
     110     638       0       0       0                        01010000D    885
     110       0       0       1       0                               0D    886
     126     639       0       0       0                        01010500D    887
     126       0       0       2       0                               0D    888
     100     641       0       0       0                        01010000D    889
     100       0       0       1       0                               0D    890
     102     642       0       0       0                        01010500D    891
     102       0       0       1       0                               0D    892
     102     643       0       0       0                        01010000D    893
     102       0       0       1       0                               0D    894
     142     644       0       0       0                        00010500D    895
     142       0       0       1       0                               0D    896
     144     645       0       0       0                        00000000D    897
     144       0      -1       1       0                               0D    898
     110     646       0       0       0                        01010000D    899
     110       0       0       1       0                               0D    900
     110     647       0       0       0                        01010000D    901
     110       0       0       1       0                               0D    902
     120     648       0       0       0                        01010000D    903
     120       0       0       1       0                               0D    904
     126     649       0       0       0                        01010500D    905
     126       0       0       2       0                               0D    906
     110     651       0       0       0                        01010000D    907
     110       0       0       1       0                               0D    908
     126     652       0       0       0                        01010500D    909
     126       0       0       2       0                               0D    910
     100     654       0       0       0                        01010000D    911
     100       0       0       1       0                               0D    912
     126     655       0       0       0                        01010500D    913
     126       0       0       2       0                               0D    914
     110     657       0       0       0                        01010000D    915
     110       0       0       1       0                               0D    916
     126     658       0       0       0                        01010500D    917
     126       0       0       2       0                               0D    918
     124     660       0       0       0                        00000000D    919
     124       0       0       4       0                               0D    920
     100     664       0       0       0             919        01010000D    921
     100       0       0       1       0                               0D    922
     102     665       0       0       0                        01010500D    923
     102       0       0       1       0                               0D    924
     102     666       0       0       0                        01010000D    925
     102       0       0       1       0                               0D    926
     142     667       0       0       0                        00010500D    927
     142       0       0       1       0                               0D    928
     144     668       0       0       0                        00000000D    929
     144       0      -1       1       0                               0D    930
     110     669       0       0       0                        01010000D    931
     110       0       0       1       0                               0D    932
     110     670       0       0       0                        01010000D    933
     110       0       0       1       0                               0D    934
     120     671       0       0       0                        01010000D    935
     120       0       0       1       0                               0D    936
     126     672       0       0       0                        01010500D    937
     126       0       0       2       0                               0D    938
     110     674       0       0       0                        01010000D    939
     110       0       0       1       0                               0D    940
     126     675       0       0       0                        01010500D    941
     126       0       0       2       0                               0D    942
     100     677       0       0       0                        01010000D    943
     100       0       0       1       0                               0D    944
     126     678       0       0       0                        01010500D    945
     126       0       0       2       0                               0D    946
     110     680       0       0       0                        01010000D    947
     110       0       0       1       0                               0D    948
     126     681       0       0       0                        01010500D    949
     126       0       0       2       0                               0D    950
     124     683       0       0       0                        00000000D    951
     124       0       0       4       0                               0D    952
     100     687       0       0       0             951        01010000D    953
     100       0       0       1       0                               0D    954
     102     688       0       0       0                        01010500D    955
     102       0       0       1       0                               0D    956
     102     689       0       0       0                        01010000D    957
     102       0       0       1       0                               0D    958
     142     690       0       0       0                        00010500D    959
     142       0       0       1       0                               0D    960
     144     691       0       0       0                        00000000D    961
     144       0      -1       1       0                               0D    962
     110     692       0       0       0                        01010000D    963
     110       0       0       1       0                               0D    964
     110     693       0       0       0                        01010000D    965
     110       0       0       1       0                               0D    966
     120     694       0       0       0                        01010000D    967
     120       0       0       1       0                               0D    968
     126     695       0       0       0                        01010500D    969
     126       0       0       2       0                               0D    970
     110     697       0       0       0                        01010000D    971
     110       0       0       1       0                               0D    972
     126     698       0       0       0                        01010500D    973
     126       0       0       2       0                               0D    974
     124     700       0       0       0                        00000000D    975
     124       0       0       4       0                               0D    976
     100     704       0       0       0             975        01010000D    977
     100       0       0       1       0                               0D    978
     126     705       0       0       0                        01010500D    979
     126       0       0       2       0                               0D    980
     110     707       0       0       0                        01010000D    981
     110       0       0       1       0                               0D    982
     126     708       0       0       0                        01010500D    983
     126       0       0       2       0                               0D    984
     100     710       0       0       0                        01010000D    985
     100       0       0       1       0                               0D    986
     102     711       0       0       0                        01010500D    987
     102       0       0       1       0                               0D    988
     102     712       0       0       0                        01010000D    989
     102       0       0       1       0                               0D    990
     142     713       0       0       0                        00010500D    991
     142       0       0       1       0                               0D    992
     144     714       0       0       0                        00000000D    993
     144       0      -1       1       0                               0D    994
     110     715       0       0       0                        01010000D    995
     110       0       0       1       0                               0D    996
     110     716       0       0       0                        01010000D    997
     110       0       0       1       0                               0D    998
     120     717       0       0       0                        01010000D    999
     120       0       0       1       0                               0D   1000
     126     718       0       0       0                        01010500D   1001
     126       0       0       2       0                               0D   1002
     110     720       0       0       0                        01010000D   1003
     110       0       0       1       0                               0D   1004
     126     721       0       0       0                        01010500D   1005
     126       0       0       2       0                               0D   1006
     100     723       0       0       0                        01010000D   1007
     100       0       0       1       0                               0D   1008
     126     724       0       0       0                        01010500D   1009
     126       0       0       2       0                               0D   1010
     110     726       0       0       0                        01010000D   1011
     110       0       0       1       0                               0D   1012
     126     727       0       0       0                        01010500D   1013
     126       0       0       2       0                               0D   1014
     124     729       0       0       0                        00000000D   1015
     124       0       0       4       0                               0D   1016
     100     733       0       0       0            1015        01010000D   1017
     100       0       0       1       0                               0D   1018
     102     734       0       0       0                        01010500D   1019
     102       0       0       1       0                               0D   1020
     102     735       0       0       0                        01010000D   1021
     102       0       0       1       0                               0D   1022
     142     736       0       0       0                        00010500D   1023
     142       0       0       1       0                               0D   1024
     144     737       0       0       0                        00000000D   1025
     144       0      -1       1       0                               0D   1026
     110     738       0       0       0                        01010000D   1027
     110       0       0       1       0                               0D   1028
     110     739       0       0       0                        01010000D   1029
     110       0       0       1       0                               0D   1030
     120     740       0       0       0                        01010000D   1031
     120       0       0       1       0                               0D   1032
     126     741       0       0       0                        01010500D   1033
     126       0       0       2       0                               0D   1034
     110     743       0       0       0                        01010000D   1035
     110       0       0       1       0                               0D   1036
     126     744       0       0       0                        01010500D   1037
     126       0       0       2       0                               0D   1038
     100     746       0       0       0                        01010000D   1039
     100       0       0       1       0                               0D   1040
     126     747       0       0       0                        01010500D   1041
     126       0       0       2       0                               0D   1042
     110     749       0       0       0                        01010000D   1043
     110       0       0       1       0                               0D   1044
     126     750       0       0       0                        01010500D   1045
     126       0       0       2       0                               0D   1046
     124     752       0       0       0                        00000000D   1047
     124       0       0       4       0                               0D   1048
     100     756       0       0       0            1047        01010000D   1049
     100       0       0       1       0                               0D   1050
     102     757       0       0       0                        01010500D   1051
     102       0       0       1       0                               0D   1052
     102     758       0       0       0                        01010000D   1053
     102       0       0       1       0                               0D   1054
     142     759       0       0       0                        00010500D   1055
     142       0       0       1       0                               0D   1056
     144     760       0       0       0                        00000000D   1057
     144       0      -1       1       0                               0D   1058
     110     761       0       0       0                        01010000D   1059
     110       0       0       1       0                               0D   1060
     110     762       0       0       0                        01010000D   1061
     110       0       0       1       0                               0D   1062
     120     763       0       0       0                        01010000D   1063
     120       0       0       1       0                               0D   1064
     126     764       0       0       0                        01010500D   1065
     126       0       0       2       0                               0D   1066
     110     766       0       0       0                        01010000D   1067
     110       0       0       1       0                               0D   1068
     126     767       0       0       0                        01010500D   1069
     126       0       0       2       0                               0D   1070
     124     769       0       0       0                        00000000D   1071
     124       0       0       4       0                               0D   1072
     100     773       0       0       0            1071        01010000D   1073
     100       0       0       1       0                               0D   1074
     126     774       0       0       0                        01010500D   1075
     126       0       0       2       0                               0D   1076
     110     776       0       0       0                        01010000D   1077
     110       0       0       1       0                               0D   1078
     126     777       0       0       0                        01010500D   1079
     126       0       0       2       0                               0D   1080
     100     779       0       0       0                        01010000D   1081
     100       0       0       1       0                               0D   1082
     102     780       0       0       0                        01010500D   1083
     102       0       0       1       0                               0D   1084
     102     781       0       0       0                        01010000D   1085
     102       0       0       1       0                               0D   1086
     142     782       0       0       0                        00010500D   1087
     142       0       0       1       0                               0D   1088
     144     783       0       0       0                        00000000D   1089
     144       0      -1       1       0                               0D   1090
     110     784       0       0       0                        01010000D   1091
     110       0       0       1       0                               0D   1092
     110     785       0       0       0                        01010000D   1093
     110       0       0       1       0                               0D   1094
     120     786       0       0       0                        01010000D   1095
     120       0       0       1       0                               0D   1096
     126     787       0       0       0                        01010500D   1097
     126       0       0       2       0                               0D   1098
     110     789       0       0       0                        01010000D   1099
     110       0       0       1       0                               0D   1100
     126     790       0       0       0                        01010500D   1101
     126       0       0       2       0                               0D   1102
     100     792       0       0       0                        01010000D   1103
     100       0       0       1       0                               0D   1104
     126     793       0       0       0                        01010500D   1105
     126       0       0       2       0                               0D   1106
     110     795       0       0       0                        01010000D   1107
     110       0       0       1       0                               0D   1108
     126     796       0       0       0                        01010500D   1109
     126       0       0       2       0                               0D   1110
     124     798       0       0       0                        00000000D   1111
     124       0       0       4       0                               0D   1112
     100     802       0       0       0            1111        01010000D   1113
     100       0       0       1       0                               0D   1114
     102     803       0       0       0                        01010500D   1115
     102       0       0       1       0                               0D   1116
     102     804       0       0       0                        01010000D   1117
     102       0       0       1       0                               0D   1118
     142     805       0       0       0                        00010500D   1119
     142       0       0       1       0                               0D   1120
     144     806       0       0       0                        00000000D   1121
     144       0      -1       1       0                               0D   1122
     110     807       0       0       0                        01010000D   1123
     110       0       0       1       0                               0D   1124
     110     808       0       0       0                        01010000D   1125
     110       0       0       1       0                               0D   1126
     120     809       0       0       0                        01010000D   1127
     120       0       0       1       0                               0D   1128
     126     810       0       0       0                        01010500D   1129
     126       0       0       2       0                               0D   1130
     110     812       0       0       0                        01010000D   1131
     110       0       0       1       0                               0D   1132
     126     813       0       0       0                        01010500D   1133
     126       0       0       2       0                               0D   1134
     100     815       0       0       0                        01010000D   1135
     100       0       0       1       0                               0D   1136
     126     816       0       0       0                        01010500D   1137
     126       0       0       2       0                               0D   1138
     110     818       0       0       0                        01010000D   1139
     110       0       0       1       0                               0D   1140
     126     819       0       0       0                        01010500D   1141
     126       0       0       2       0                               0D   1142
     124     821       0       0       0                        00000000D   1143
     124       0       0       4       0                               0D   1144
     100     825       0       0       0            1143        01010000D   1145
     100       0       0       1       0                               0D   1146
     102     826       0       0       0                        01010500D   1147
     102       0       0       1       0                               0D   1148
     102     827       0       0       0                        01010000D   1149
     102       0       0       1       0                               0D   1150
     142     828       0       0       0                        00010500D   1151
     142       0       0       1       0                               0D   1152
     144     829       0       0       0                        00000000D   1153
     144       0      -1       1       0                               0D   1154
     110     830       0       0       0                        01010000D   1155
     110       0       0       1       0                               0D   1156
     110     831       0       0       0                        01010000D   1157
     110       0       0       1       0                               0D   1158
     120     832       0       0       0                        01010000D   1159
     120       0       0       1       0                               0D   1160
     126     833       0       0       0                        01010500D   1161
     126       0       0       2       0                               0D   1162
     110     835       0       0       0                        01010000D   1163
     110       0       0       1       0                               0D   1164
     126     836       0       0       0                        01010500D   1165
     126       0       0       2       0                               0D   1166
     124     838       0       0       0                        00000000D   1167
     124       0       0       4       0                               0D   1168
     100     842       0       0       0            1167        01010000D   1169
     100       0       0       1       0                               0D   1170
     126     843       0       0       0                        01010500D   1171
     126       0       0       2       0                               0D   1172
     110     845       0       0       0                        01010000D   1173
     110       0       0       1       0                               0D   1174
     126     846       0       0       0                        01010500D   1175
     126       0       0       2       0                               0D   1176
     100     848       0       0       0                        01010000D   1177
     100       0       0       1       0                               0D   1178
     102     849       0       0       0                        01010500D   1179
     102       0       0       1       0                               0D   1180
     102     850       0       0       0                        01010000D   1181
     102       0       0       1       0                               0D   1182
     142     851       0       0       0                        00010500D   1183
     142       0       0       1       0                               0D   1184
     144     852       0       0       0                        00000000D   1185
     144       0      -1       1       0                               0D   1186
     110     853       0       0       0                        01010000D   1187
     110       0       0       1       0                               0D   1188
     110     854       0       0       0                        01010000D   1189
     110       0       0       1       0                               0D   1190
     120     855       0       0       0                        01010000D   1191
     120       0       0       1       0                               0D   1192
     126     856       0       0       0                        01010500D   1193
     126       0       0       2       0                               0D   1194
     110     858       0       0       0                        01010000D   1195
     110       0       0       1       0                               0D   1196
     126     859       0       0       0                        01010500D   1197
     126       0       0       2       0                               0D   1198
     100     861       0       0       0                        01010000D   1199
     100       0       0       1       0                               0D   1200
     126     862       0       0       0                        01010500D   1201
     126       0       0       2       0                               0D   1202
     110     864       0       0       0                        01010000D   1203
     110       0       0       1       0                               0D   1204
     126     865       0       0       0                        01010500D   1205
     126       0       0       2       0                               0D   1206
     124     867       0       0       0                        00000000D   1207
     124       0       0       4       0                               0D   1208
     100     871       0       0       0            1207        01010000D   1209
     100       0       0       1       0                               0D   1210
     102     872       0       0       0                        01010500D   1211
     102       0       0       1       0                               0D   1212
     102     873       0       0       0                        01010000D   1213
     102       0       0       1       0                               0D   1214
     142     874       0       0       0                        00010500D   1215
     142       0       0       1       0                               0D   1216
     144     875       0       0       0                        00000000D   1217
     144       0      -1       1       0                               0D   1218
     110     876       0       0       0                        01010000D   1219
     110       0       0       1       0                               0D   1220
     110     877       0       0       0                        01010000D   1221
     110       0       0       1       0                               0D   1222
     120     878       0       0       0                        01010000D   1223
     120       0       0       1       0                               0D   1224
     126     879       0       0       0                        01010500D   1225
     126       0       0       2       0                               0D   1226
     110     881       0       0       0                        01010000D   1227
     110       0       0       1       0                               0D   1228
     126     882       0       0       0                        01010500D   1229
     126       0       0       2       0                               0D   1230
     100     884       0       0       0                        01010000D   1231
     100       0       0       1       0                               0D   1232
     126     885       0       0       0                        01010500D   1233
     126       0       0       2       0                               0D   1234
     110     887       0       0       0                        01010000D   1235
     110       0       0       1       0                               0D   1236
     126     888       0       0       0                        01010500D   1237
     126       0       0       2       0                               0D   1238
     124     890       0       0       0                        00000000D   1239
     124       0       0       4       0                               0D   1240
     100     894       0       0       0            1239        01010000D   1241
     100       0       0       1       0                               0D   1242
     102     895       0       0       0                        01010500D   1243
     102       0       0       1       0                               0D   1244
     102     896       0       0       0                        01010000D   1245
     102       0       0       1       0                               0D   1246
     142     897       0       0       0                        00010500D   1247
     142       0       0       1       0                               0D   1248
     144     898       0       0       0                        00000000D   1249
     144       0      -1       1       0                               0D   1250
     110     899       0       0       0                        01010000D   1251
     110       0       0       1       0                               0D   1252
     110     900       0       0       0                        01010000D   1253
     110       0       0       1       0                               0D   1254
     120     901       0       0       0                        01010000D   1255
     120       0       0       1       0                               0D   1256
     126     902       0       0       0                        01010500D   1257
     126       0       0       2       0                               0D   1258
     110     904       0       0       0                        01010000D   1259
     110       0       0       1       0                               0D   1260
     126     905       0       0       0                        01010500D   1261
     126       0       0       2       0                               0D   1262
     124     907       0       0       0                        00000000D   1263
     124       0       0       4       0                               0D   1264
     100     911       0       0       0            1263        01010000D   1265
     100       0       0       1       0                               0D   1266
     126     912       0       0       0                        01010500D   1267
     126       0       0       2       0                               0D   1268
     110     914       0       0       0                        01010000D   1269
     110       0       0       1       0                               0D   1270
     126     915       0       0       0                        01010500D   1271
     126       0       0       2       0                               0D   1272
     100     917       0       0       0                        01010000D   1273
     100       0       0       1       0                               0D   1274
     102     918       0       0       0                        01010500D   1275
     102       0       0       1       0                               0D   1276
     102     919       0       0       0                        01010000D   1277
     102       0       0       1       0                               0D   1278
     142     920       0       0       0                        00010500D   1279
     142       0       0       1       0                               0D   1280
     144     921       0       0       0                        00000000D   1281
     144       0      -1       1       0                               0D   1282
     110     922       0       0       0                        01010000D   1283
     110       0       0       1       0                               0D   1284
     110     923       0       0       0                        01010000D   1285
     110       0       0       1       0                               0D   1286
     120     924       0       0       0                        01010000D   1287
     120       0       0       1       0                               0D   1288
     126     925       0       0       0                        01010500D   1289
     126       0       0       2       0                               0D   1290
     110     927       0       0       0                        01010000D   1291
     110       0       0       1       0                               0D   1292
     126     928       0       0       0                        01010500D   1293
     126       0       0       2       0                               0D   1294
     100     930       0       0       0                        01010000D   1295
     100       0       0       1       0                               0D   1296
     126     931       0       0       0                        01010500D   1297
     126       0       0       2       0                               0D   1298
     110     933       0       0       0                        01010000D   1299
     110       0       0       1       0                               0D   1300
     126     934       0       0       0                        01010500D   1301
     126       0       0       2       0                               0D   1302
     124     936       0       0       0                        00000000D   1303
     124       0       0       4       0                               0D   1304
     100     940       0       0       0            1303        01010000D   1305
     100       0       0       1       0                               0D   1306
     102     941       0       0       0                        01010500D   1307
     102       0       0       1       0                               0D   1308
     102     942       0       0       0                        01010000D   1309
     102       0       0       1       0                               0D   1310
     142     943       0       0       0                        00010500D   1311
     142       0       0       1       0                               0D   1312
     144     944       0       0       0                        00000000D   1313
     144       0      -1       1       0                               0D   1314
     110     945       0       0       0                        01010000D   1315
     110       0       0       1       0                               0D   1316
     110     946       0       0       0                        01010000D   1317
     110       0       0       1       0                               0D   1318
     120     947       0       0       0                        01010000D   1319
     120       0       0       1       0                               0D   1320
     126     948       0       0       0                        01010500D   1321
     126       0       0       2       0                               0D   1322
     110     950       0       0       0                        01010000D   1323
     110       0       0       1       0                               0D   1324
     126     951       0       0       0                        01010500D   1325
     126       0       0       2       0                               0D   1326
     100     953       0       0       0                        01010000D   1327
     100       0       0       1       0                               0D   1328
     126     954       0       0       0                        01010500D   1329
     126       0       0       2       0                               0D   1330
     110     956       0       0       0                        01010000D   1331
     110       0       0       1       0                               0D   1332
     126     957       0       0       0                        01010500D   1333
     126       0       0       2       0                               0D   1334
     124     959       0       0       0                        00000000D   1335
     124       0       0       4       0                               0D   1336
     100     963       0       0       0            1335        01010000D   1337
     100       0       0       1       0                               0D   1338
     102     964       0       0       0                        01010500D   1339
     102       0       0       1       0                               0D   1340
     102     965       0       0       0                        01010000D   1341
     102       0       0       1       0                               0D   1342
     142     966       0       0       0                        00010500D   1343
     142       0       0       1       0                               0D   1344
     144     967       0       0       0                        00000000D   1345
     144       0      -1       1       0                               0D   1346
     110     968       0       0       0                        01010000D   1347
     110       0       0       1       0                               0D   1348
     110     969       0       0       0                        01010000D   1349
     110       0       0       1       0                               0D   1350
     120     970       0       0       0                        01010000D   1351
     120       0       0       1       0                               0D   1352
     126     971       0       0       0                        01010500D   1353
     126       0       0       2       0                               0D   1354
     110     973       0       0       0                        01010000D   1355
     110       0       0       1       0                               0D   1356
     126     974       0       0       0                        01010500D   1357
     126       0       0       2       0                               0D   1358
     124     976       0       0       0                        00000000D   1359
     124       0       0       4       0                               0D   1360
     100     980       0       0       0            1359        01010000D   1361
     100       0       0       1       0                               0D   1362
     126     981       0       0       0                        01010500D   1363
     126       0       0       2       0                               0D   1364
     110     983       0       0       0                        01010000D   1365
     110       0       0       1       0                               0D   1366
     126     984       0       0       0                        01010500D   1367
     126       0       0       2       0                               0D   1368
     100     986       0       0       0                        01010000D   1369
     100       0       0       1       0                               0D   1370
     102     987       0       0       0                        01010500D   1371
     102       0       0       1       0                               0D   1372
     102     988       0       0       0                        01010000D   1373
     102       0       0       1       0                               0D   1374
     142     989       0       0       0                        00010500D   1375
     142       0       0       1       0                               0D   1376
     144     990       0       0       0                        00000000D   1377
     144       0      -1       1       0                               0D   1378
     110     991       0       0       0                        01010000D   1379
     110       0       0       1       0                               0D   1380
     110     992       0       0       0                        01010000D   1381
     110       0       0       1       0                               0D   1382
     120     993       0       0       0                        01010000D   1383
     120       0       0       1       0                               0D   1384
     126     994       0       0       0                        01010500D   1385
     126       0       0       2       0                               0D   1386
     110     996       0       0       0                        01010000D   1387
     110       0       0       1       0                               0D   1388
     126     997       0       0       0                        01010500D   1389
     126       0       0       2       0                               0D   1390
     100     999       0       0       0                        01010000D   1391
     100       0       0       1       0                               0D   1392
     126    1000       0       0       0                        01010500D   1393
     126       0       0       2       0                               0D   1394
     110    1002       0       0       0                        01010000D   1395
     110       0       0       1       0                               0D   1396
     126    1003       0       0       0                        01010500D   1397
     126       0       0       2       0                               0D   1398
     124    1005       0       0       0                        00000000D   1399
     124       0       0       4       0                               0D   1400
     100    1009       0       0       0            1399        01010000D   1401
     100       0       0       1       0                               0D   1402
     102    1010       0       0       0                        01010500D   1403
     102       0       0       1       0                               0D   1404
     102    1011       0       0       0                        01010000D   1405
     102       0       0       1       0                               0D   1406
     142    1012       0       0       0                        00010500D   1407
     142       0       0       1       0                               0D   1408
     144    1013       0       0       0                        00000000D   1409
     144       0      -1       1       0                               0D   1410
     110    1014       0       0       0                        01010000D   1411
     110       0       0       1       0                               0D   1412
     110    1015       0       0       0                        01010000D   1413
     110       0       0       1       0                               0D   1414
     120    1016       0       0       0                        01010000D   1415
     120       0       0       1       0                               0D   1416
     126    1017       0       0       0                        01010500D   1417
     126       0       0       2       0                               0D   1418
     110    1019       0       0       0                        01010000D   1419
     110       0       0       1       0                               0D   1420
     126    1020       0       0       0                        01010500D   1421
     126       0       0       2       0                               0D   1422
     100    1022       0       0       0                        01010000D   1423
     100       0       0       1       0                               0D   1424
     126    1023       0       0       0                        01010500D   1425
     126       0       0       2       0                               0D   1426
     110    1025       0       0       0                        01010000D   1427
     110       0       0       1       0                               0D   1428
     126    1026       0       0       0                        01010500D   1429
     126       0       0       2       0                               0D   1430
     124    1028       0       0       0                        00000000D   1431
     124       0       0       4       0                               0D   1432
     100    1032       0       0       0            1431        01010000D   1433
     100       0       0       1       0                               0D   1434
     102    1033       0       0       0                        01010500D   1435
     102       0       0       1       0                               0D   1436
     102    1034       0       0       0                        01010000D   1437
     102       0       0       1       0                               0D   1438
     142    1035       0       0       0                        00010500D   1439
     142       0       0       1       0                               0D   1440
     144    1036       0       0       0                        00000000D   1441
     144       0      -1       1       0                               0D   1442
     110    1037       0       0       0                        01010000D   1443
     110       0       0       1       0                               0D   1444
     110    1038       0       0       0                        01010000D   1445
     110       0       0       1       0                               0D   1446
     120    1039       0       0       0                        01010000D   1447
     120       0       0       1       0                               0D   1448
     126    1040       0       0       0                        01010500D   1449
     126       0       0       2       0                               0D   1450
     110    1042       0       0       0                        01010000D   1451
     110       0       0       1       0                               0D   1452
     126    1043       0       0       0                        01010500D   1453
     126       0       0       2       0                               0D   1454
     124    1045       0       0       0                        00000000D   1455
     124       0       0       4       0                               0D   1456
     100    1049       0       0       0            1455        01010000D   1457
     100       0       0       1       0                               0D   1458
     126    1050       0       0       0                        01010500D   1459
     126       0       0       2       0                               0D   1460
     110    1052       0       0       0                        01010000D   1461
     110       0       0       1       0                               0D   1462
     126    1053       0       0       0                        01010500D   1463
     126       0       0       2       0                               0D   1464
     100    1055       0       0       0                        01010000D   1465
     100       0       0       1       0                               0D   1466
     102    1056       0       0       0                        01010500D   1467
     102       0       0       1       0                               0D   1468
     102    1057       0       0       0                        01010000D   1469
     102       0       0       1       0                               0D   1470
     142    1058       0       0       0                        00010500D   1471
     142       0       0       1       0                               0D   1472
     144    1059       0       0       0                        00000000D   1473
     144       0      -1       1       0                               0D   1474
     110    1060       0       0       0                        01010000D   1475
     110       0       0       1       0                               0D   1476
     110    1061       0       0       0                        01010000D   1477
     110       0       0       1       0                               0D   1478
     120    1062       0       0       0                        01010000D   1479
     120       0       0       1       0                               0D   1480
     126    1063       0       0       0                        01010500D   1481
     126       0       0       2       0                               0D   1482
     110    1065       0       0       0                        01010000D   1483
     110       0       0       1       0                               0D   1484
     126    1066       0       0       0                        01010500D   1485
     126       0       0       2       0                               0D   1486
     100    1068       0       0       0                        01010000D   1487
     100       0       0       1       0                               0D   1488
     126    1069       0       0       0                        01010500D   1489
     126       0       0       2       0                               0D   1490
     110    1071       0       0       0                        01010000D   1491
     110       0       0       1       0                               0D   1492
     126    1072       0       0       0                        01010500D   1493
     126       0       0       2       0                               0D   1494
     124    1074       0       0       0                        00000000D   1495
     124       0       0       4       0                               0D   1496
     100    1078       0       0       0            1495        01010000D   1497
     100       0       0       1       0                               0D   1498
     102    1079       0       0       0                        01010500D   1499
     102       0       0       1       0                               0D   1500
     102    1080       0       0       0                        01010000D   1501
     102       0       0       1       0                               0D   1502
     142    1081       0       0       0                        00010500D   1503
     142       0       0       1       0                               0D   1504
     144    1082       0       0       0                        00000000D   1505
     144       0      -1       1       0                               0D   1506
     110    1083       0       0       0                        01010000D   1507
     110       0       0       1       0                               0D   1508
     110    1084       0       0       0                        01010000D   1509
     110       0       0       1       0                               0D   1510
     120    1085       0       0       0                        01010000D   1511
     120       0       0       1       0                               0D   1512
     126    1086       0       0       0                        01010500D   1513
     126       0       0       2       0                               0D   1514
     110    1088       0       0       0                        01010000D   1515
     110       0       0       1       0                               0D   1516
     126    1089       0       0       0                        01010500D   1517
     126       0       0       2       0                               0D   1518
     100    1091       0       0       0                        01010000D   1519
     100       0       0       1       0                               0D   1520
     126    1092       0       0       0                        01010500D   1521
     126       0       0       2       0                               0D   1522
     110    1094       0       0       0                        01010000D   1523
     110       0       0       1       0                               0D   1524
     126    1095       0       0       0                        01010500D   1525
     126       0       0       2       0                               0D   1526
     124    1097       0       0       0                        00000000D   1527
     124       0       0       4       0                               0D   1528
     100    1101       0       0       0            1527        01010000D   1529
     100       0       0       1       0                               0D   1530
     102    1102       0       0       0                        01010500D   1531
     102       0       0       1       0                               0D   1532
     102    1103       0       0       0                        01010000D   1533
     102       0       0       1       0                               0D   1534
     142    1104       0       0       0                        00010500D   1535
     142       0       0       1       0                               0D   1536
     144    1105       0       0       0                        00000000D   1537
     144       0      -1       1       0                               0D   1538
     110    1106       0       0       0                        01010000D   1539
     110       0       0       1       0                               0D   1540
     110    1107       0       0       0                        01010000D   1541
     110       0       0       1       0                               0D   1542
     120    1108       0       0       0                        01010000D   1543
     120       0       0       1       0                               0D   1544
     126    1109       0       0       0                        01010500D   1545
     126       0       0       2       0                               0D   1546
     110    1111       0       0       0                        01010000D   1547
     110       0       0       1       0                               0D   1548
     126    1112       0       0       0                        01010500D   1549
     126       0       0       2       0                               0D   1550
     124    1114       0       0       0                        00000000D   1551
     124       0       0       4       0                               0D   1552
     100    1118       0       0       0            1551        01010000D   1553
     100       0       0       1       0                               0D   1554
     126    1119       0       0       0                        01010500D   1555
     126       0       0       2       0                               0D   1556
     110    1121       0       0       0                        01010000D   1557
     110       0       0       1       0                               0D   1558
     126    1122       0       0       0                        01010500D   1559
     126       0       0       2       0                               0D   1560
     100    1124       0       0       0                        01010000D   1561
     100       0       0       1       0                               0D   1562
     102    1125       0       0       0                        01010500D   1563
     102       0       0       1       0                               0D   1564
     102    1126       0       0       0                        01010000D   1565
     102       0       0       1       0                               0D   1566
     142    1127       0       0       0                        00010500D   1567
     142       0       0       1       0                               0D   1568
     144    1128       0       0       0                        00000000D   1569
     144       0      -1       1       0                               0D   1570
     110    1129       0       0       0                        01010000D   1571
     110       0       0       1       0                               0D   1572
     110    1130       0       0       0                        01010000D   1573
     110       0       0       1       0                               0D   1574
     120    1131       0       0       0                        01010000D   1575
     120       0       0       1       0                               0D   1576
     126    1132       0       0       0                        01010500D   1577
     126       0       0       2       0                               0D   1578
     110    1134       0       0       0                        01010000D   1579
     110       0       0       1       0                               0D   1580
     126    1135       0       0       0                        01010500D   1581
     126       0       0       2       0                               0D   1582
     100    1137       0       0       0                        01010000D   1583
     100       0       0       1       0                               0D   1584
     126    1138       0       0       0                        01010500D   1585
     126       0       0       2       0                               0D   1586
     110    1140       0       0       0                        01010000D   1587
     110       0       0       1       0                               0D   1588
     126    1141       0       0       0                        01010500D   1589
     126       0       0       2       0                               0D   1590
     124    1143       0       0       0                        00000000D   1591
     124       0       0       4       0                               0D   1592
     100    1147       0       0       0            1591        01010000D   1593
     100       0       0       1       0                               0D   1594
     102    1148       0       0       0                        01010500D   1595
     102       0       0       1       0                               0D   1596
     102    1149       0       0       0                        01010000D   1597
     102       0       0       1       0                               0D   1598
     142    1150       0       0       0                        00010500D   1599
     142       0       0       1       0                               0D   1600
     144    1151       0       0       0                        00000000D   1601
     144       0      -1       1       0                               0D   1602
     110    1152       0       0       0                        01010000D   1603
     110       0       0       1       0                               0D   1604
     110    1153       0       0       0                        01010000D   1605
     110       0       0       1       0                               0D   1606
     120    1154       0       0       0                        01010000D   1607
     120       0       0       1       0                               0D   1608
     126    1155       0       0       0                        01010500D   1609
     126       0       0       2       0                               0D   1610
     110    1157       0       0       0                        01010000D   1611
     110       0       0       1       0                               0D   1612
     126    1158       0       0       0                        01010500D   1613
     126       0       0       2       0                               0D   1614
     100    1160       0       0       0                        01010000D   1615
     100       0       0       1       0                               0D   1616
     126    1161       0       0       0                        01010500D   1617
     126       0       0       2       0                               0D   1618
     110    1163       0       0       0                        01010000D   1619
     110       0       0       1       0                               0D   1620
     126    1164       0       0       0                        01010500D   1621
     126       0       0       2       0                               0D   1622
     124    1166       0       0       0                        00000000D   1623
     124       0       0       4       0                               0D   1624
     100    1170       0       0       0            1623        01010000D   1625
     100       0       0       1       0                               0D   1626
     102    1171       0       0       0                        01010500D   1627
     102       0       0       1       0                               0D   1628
     102    1172       0       0       0                        01010000D   1629
     102       0       0       1       0                               0D   1630
     142    1173       0       0       0                        00010500D   1631
     142       0       0       1       0                               0D   1632
     144    1174       0       0       0                        00000000D   1633
     144       0      -1       1       0                               0D   1634
     110    1175       0       0       0                        01010000D   1635
     110       0       0       1       0                               0D   1636
     110    1176       0       0       0                        01010000D   1637
     110       0       0       1       0                               0D   1638
     120    1177       0       0       0                        01010000D   1639
     120       0       0       1       0                               0D   1640
     126    1178       0       0       0                        01010500D   1641
     126       0       0       2       0                               0D   1642
     110    1180       0       0       0                        01010000D   1643
     110       0       0       1       0                               0D   1644
     126    1181       0       0       0                        01010500D   1645
     126       0       0       2       0                               0D   1646
     124    1183       0       0       0                        00000000D   1647
     124       0       0       4       0                               0D   1648
     100    1187       0       0       0            1647        01010000D   1649
     100       0       0       1       0                               0D   1650
     126    1188       0       0       0                        01010500D   1651
     126       0       0       2       0                               0D   1652
     110    1190       0       0       0                        01010000D   1653
     110       0       0       1       0                               0D   1654
     126    1191       0       0       0                        01010500D   1655
     126       0       0       2       0                               0D   1656
     100    1193       0       0       0                        01010000D   1657
     100       0       0       1       0                               0D   1658
     102    1194       0       0       0                        01010500D   1659
     102       0       0       1       0                               0D   1660
     102    1195       0       0       0                        01010000D   1661
     102       0       0       1       0                               0D   1662
     142    1196       0       0       0                        00010500D   1663
     142       0       0       1       0                               0D   1664
     144    1197       0       0       0                        00000000D   1665
     144       0      -1       1       0                               0D   1666
     110    1198       0       0       0                        01010000D   1667
     110       0       0       1       0                               0D   1668
     110    1199       0       0       0                        01010000D   1669
     110       0       0       1       0                               0D   1670
     120    1200       0       0       0                        01010000D   1671
     120       0       0       1       0                               0D   1672
     126    1201       0       0       0                        01010500D   1673
     126       0       0       2       0                               0D   1674
     110    1203       0       0       0                        01010000D   1675
     110       0       0       1       0                               0D   1676
     126    1204       0       0       0                        01010500D   1677
     126       0       0       2       0                               0D   1678
     100    1206       0       0       0                        01010000D   1679
     100       0       0       1       0                               0D   1680
     126    1207       0       0       0                        01010500D   1681
     126       0       0       2       0                               0D   1682
     110    1209       0       0       0                        01010000D   1683
     110       0       0       1       0                               0D   1684
     126    1210       0       0       0                        01010500D   1685
     126       0       0       2       0                               0D   1686
     124    1212       0       0       0                        00000000D   1687
     124       0       0       4       0                               0D   1688
     100    1216       0       0       0            1687        01010000D   1689
     100       0       0       1       0                               0D   1690
     102    1217       0       0       0                        01010500D   1691
     102       0       0       1       0                               0D   1692
     102    1218       0       0       0                        01010000D   1693
     102       0       0       1       0                               0D   1694
     142    1219       0       0       0                        00010500D   1695
     142       0       0       1       0                               0D   1696
     144    1220       0       0       0                        00000000D   1697
     144       0      -1       1       0                               0D   1698
     110    1221       0       0       0                        01010000D   1699
     110       0       0       1       0                               0D   1700
     110    1222       0       0       0                        01010000D   1701
     110       0       0       1       0                               0D   1702
     120    1223       0       0       0                        01010000D   1703
     120       0       0       1       0                               0D   1704
     126    1224       0       0       0                        01010500D   1705
     126       0       0       2       0                               0D   1706
     110    1226       0       0       0                        01010000D   1707
     110       0       0       1       0                               0D   1708
     126    1227       0       0       0                        01010500D   1709
     126       0       0       2       0                               0D   1710
     100    1229       0       0       0                        01010000D   1711
     100       0       0       1       0                               0D   1712
     126    1230       0       0       0                        01010500D   1713
     126       0       0       2       0                               0D   1714
     110    1232       0       0       0                        01010000D   1715
     110       0       0       1       0                               0D   1716
     126    1233       0       0       0                        01010500D   1717
     126       0       0       2       0                               0D   1718
     124    1235       0       0       0                        00000000D   1719
     124       0       0       4       0                               0D   1720
     100    1239       0       0       0            1719        01010000D   1721
     100       0       0       1       0                               0D   1722
     102    1240       0       0       0                        01010500D   1723
     102       0       0       1       0                               0D   1724
     102    1241       0       0       0                        01010000D   1725
     102       0       0       1       0                               0D   1726
     142    1242       0       0       0                        00010500D   1727
     142       0       0       1       0                               0D   1728
     144    1243       0       0       0                        00000000D   1729
     144       0      -1       1       0                               0D   1730
     110    1244       0       0       0                        01010000D   1731
     110       0       0       1       0                               0D   1732
     110    1245       0       0       0                        01010000D   1733
     110       0       0       1       0                               0D   1734
     120    1246       0       0       0                        01010000D   1735
     120       0       0       1       0                               0D   1736
     126    1247       0       0       0                        01010500D   1737
     126       0       0       2       0                               0D   1738
     110    1249       0       0       0                        01010000D   1739
     110       0       0       1       0                               0D   1740
     126    1250       0       0       0                        01010500D   1741
     126       0       0       2       0                               0D   1742
     124    1252       0       0       0                        00000000D   1743
     124       0       0       4       0                               0D   1744
     100    1256       0       0       0            1743        01010000D   1745
     100       0       0       1       0                               0D   1746
     126    1257       0       0       0                        01010500D   1747
     126       0       0       2       0                               0D   1748
     110    1259       0       0       0                        01010000D   1749
     110       0       0       1       0                               0D   1750
     126    1260       0       0       0                        01010500D   1751
     126       0       0       2       0                               0D   1752
     100    1262       0       0       0                        01010000D   1753
     100       0       0       1       0                               0D   1754
     102    1263       0       0       0                        01010500D   1755
     102       0       0       1       0                               0D   1756
     102    1264       0       0       0                        01010000D   1757
     102       0       0       1       0                               0D   1758
     142    1265       0       0       0                        00010500D   1759
     142       0       0       1       0                               0D   1760
     144    1266       0       0       0                        00000000D   1761
     144       0      -1       1       0                               0D   1762
     110    1267       0       0       0                        01010000D   1763
     110       0       0       1       0                               0D   1764
     110    1268       0       0       0                        01010000D   1765
     110       0       0       1       0                               0D   1766
     120    1269       0       0       0                        01010000D   1767
     120       0       0       1       0                               0D   1768
     126    1270       0       0       0                        01010500D   1769
     126       0       0       2       0                               0D   1770
     110    1272       0       0       0                        01010000D   1771
     110       0       0       1       0                               0D   1772
     126    1273       0       0       0                        01010500D   1773
     126       0       0       2       0                               0D   1774
     100    1275       0       0       0                        01010000D   1775
     100       0       0       1       0                               0D   1776
     126    1276       0       0       0                        01010500D   1777
     126       0       0       2       0                               0D   1778
     110    1278       0       0       0                        01010000D   1779
     110       0       0       1       0                               0D   1780
     126    1279       0       0       0                        01010500D   1781
     126       0       0       2       0                               0D   1782
     124    1281       0       0       0                        00000000D   1783
     124       0       0       4       0                               0D   1784
     100    1285       0       0       0            1783        01010000D   1785
     100       0       0       1       0                               0D   1786
     102    1286       0       0       0                        01010500D   1787
     102       0       0       1       0                               0D   1788
     102    1287       0       0       0                        01010000D   1789
     102       0       0       1       0                               0D   1790
     142    1288       0       0       0                        00010500D   1791
     142       0       0       1       0                               0D   1792
     144    1289       0       0       0                        00000000D   1793
     144       0      -1       1       0                               0D   1794
     110    1290       0       0       0                        01010000D   1795
     110       0       0       1       0                               0D   1796
     110    1291       0       0       0                        01010000D   1797
     110       0       0       1       0                               0D   1798
     120    1292       0       0       0                        01010000D   1799
     120       0       0       1       0                               0D   1800
     126    1293       0       0       0                        01010500D   1801
     126       0       0       2       0                               0D   1802
     110    1295       0       0       0                        01010000D   1803
     110       0       0       1       0                               0D   1804
     126    1296       0       0       0                        01010500D   1805
     126       0       0       2       0                               0D   1806
     100    1298       0       0       0                        01010000D   1807
     100       0       0       1       0                               0D   1808
     126    1299       0       0       0                        01010500D   1809
     126       0       0       2       0                               0D   1810
     110    1301       0       0       0                        01010000D   1811
     110       0       0       1       0                               0D   1812
     126    1302       0       0       0                        01010500D   1813
     126       0       0       2       0                               0D   1814
     124    1304       0       0       0                        00000000D   1815
     124       0       0       4       0                               0D   1816
     100    1308       0       0       0            1815        01010000D   1817
     100       0       0       1       0                               0D   1818
     102    1309       0       0       0                        01010500D   1819
     102       0       0       1       0                               0D   1820
     102    1310       0       0       0                        01010000D   1821
     102       0       0       1       0                               0D   1822
     142    1311       0       0       0                        00010500D   1823
     142       0       0       1       0                               0D   1824
     144    1312       0       0       0                        00000000D   1825
     144       0      -1       1       0                               0D   1826
     110    1313       0       0       0                        01010000D   1827
     110       0       0       1       0                               0D   1828
     110    1314       0       0       0                        01010000D   1829
     110       0       0       1       0                               0D   1830
     120    1315       0       0       0                        01010000D   1831
     120       0       0       1       0                               0D   1832
     126    1316       0       0       0                        01010500D   1833
     126       0       0       2       0                               0D   1834
     110    1318       0       0       0                        01010000D   1835
     110       0       0       1       0                               0D   1836
     126    1319       0       0       0                        01010500D   1837
     126       0       0       2       0                               0D   1838
     124    1321       0       0       0                        00000000D   1839
     124       0       0       4       0                               0D   1840
     100    1325       0       0       0            1839        01010000D   1841
     100       0       0       1       0                               0D   1842
     126    1326       0       0       0                        01010500D   1843
     126       0       0       2       0                               0D   1844
     110    1328       0       0       0                        01010000D   1845
     110       0       0       1       0                               0D   1846
     126    1329       0       0       0                        01010500D   1847
     126       0       0       2       0                               0D   1848
     100    1331       0       0       0                        01010000D   1849
     100       0       0       1       0                               0D   1850
     102    1332       0       0       0                        01010500D   1851
     102       0       0       1       0                               0D   1852
     102    1333       0       0       0                        01010000D   1853
     102       0       0       1       0                               0D   1854
     142    1334       0       0       0                        00010500D   1855
     142       0       0       1       0                               0D   1856
     144    1335       0       0       0                        00000000D   1857
     144       0      -1       1       0                               0D   1858
     110    1336       0       0       0                        01010000D   1859
     110       0       0       1       0                               0D   1860
     110    1337       0       0       0                        01010000D   1861
     110       0       0       1       0                               0D   1862
     120    1338       0       0       0                        01010000D   1863
     120       0       0       1       0                               0D   1864
     126    1339       0       0       0                        01010500D   1865
     126       0       0       2       0                               0D   1866
     110    1341       0       0       0                        01010000D   1867
     110       0       0       1       0                               0D   1868
     126    1342       0       0       0                        01010500D   1869
     126       0       0       2       0                               0D   1870
     100    1344       0       0       0                        01010000D   1871
     100       0       0       1       0                               0D   1872
     126    1345       0       0       0                        01010500D   1873
     126       0       0       2       0                               0D   1874
     110    1347       0       0       0                        01010000D   1875
     110       0       0       1       0                               0D   1876
     126    1348       0       0       0                        01010500D   1877
     126       0       0       2       0                               0D   1878
     124    1350       0       0       0                        00000000D   1879
     124       0       0       4       0                               0D   1880
     100    1354       0       0       0            1879        01010000D   1881
     100       0       0       1       0                               0D   1882
     102    1355       0       0       0                        01010500D   1883
     102       0       0       1       0                               0D   1884
     102    1356       0       0       0                        01010000D   1885
     102       0       0       1       0                               0D   1886
     142    1357       0       0       0                        00010500D   1887
     142       0       0       1       0                               0D   1888
     144    1358       0       0       0                        00000000D   1889
     144       0      -1       1       0                               0D   1890
     110    1359       0       0       0                        01010000D   1891
     110       0       0       1       0                               0D   1892
     110    1360       0       0       0                        01010000D   1893
     110       0       0       1       0                               0D   1894
     120    1361       0       0       0                        01010000D   1895
     120       0       0       1       0                               0D   1896
     126    1362       0       0       0                        01010500D   1897
     126       0       0       2       0                               0D   1898
     110    1364       0       0       0                        01010000D   1899
     110       0       0       1       0                               0D   1900
     126    1365       0       0       0                        01010500D   1901
     126       0       0       2       0                               0D   1902
     100    1367       0       0       0                        01010000D   1903
     100       0       0       1       0                               0D   1904
     126    1368       0       0       0                        01010500D   1905
     126       0       0       2       0                               0D   1906
     110    1370       0       0       0                        01010000D   1907
     110       0       0       1       0                               0D   1908
     126    1371       0       0       0                        01010500D   1909
     126       0       0       2       0                               0D   1910
     124    1373       0       0       0                        00000000D   1911
     124       0       0       4       0                               0D   1912
     100    1377       0       0       0            1911        01010000D   1913
     100       0       0       1       0                               0D   1914
     102    1378       0       0       0                        01010500D   1915
     102       0       0       1       0                               0D   1916
     102    1379       0       0       0                        01010000D   1917
     102       0       0       1       0                               0D   1918
     142    1380       0       0       0                        00010500D   1919
     142       0       0       1       0                               0D   1920
     144    1381       0       0       0                        00000000D   1921
     144       0      -1       1       0                               0D   1922
     110    1382       0       0       0                        01010000D   1923
     110       0       0       1       0                               0D   1924
     110    1383       0       0       0                        01010000D   1925
     110       0       0       1       0                               0D   1926
     120    1384       0       0       0                        01010000D   1927
     120       0       0       1       0                               0D   1928
     126    1385       0       0       0                        01010500D   1929
     126       0       0       2       0                               0D   1930
     110    1387       0       0       0                        01010000D   1931
     110       0       0       1       0                               0D   1932
     126    1388       0       0       0                        01010500D   1933
     126       0       0       2       0                               0D   1934
     124    1390       0       0       0                        00000000D   1935
     124       0       0       4       0                               0D   1936
     100    1394       0       0       0            1935        01010000D   1937
     100       0       0       1       0                               0D   1938
     126    1395       0       0       0                        01010500D   1939
     126       0       0       2       0                               0D   1940
     110    1397       0       0       0                        01010000D   1941
     110       0       0       1       0                               0D   1942
     126    1398       0       0       0                        01010500D   1943
     126       0       0       2       0                               0D   1944
     100    1400       0       0       0                        01010000D   1945
     100       0       0       1       0                               0D   1946
     102    1401       0       0       0                        01010500D   1947
     102       0       0       1       0                               0D   1948
     102    1402       0       0       0                        01010000D   1949
     102       0       0       1       0                               0D   1950
     142    1403       0       0       0                        00010500D   1951
     142       0       0       1       0                               0D   1952
     144    1404       0       0       0                        00000000D   1953
     144       0      -1       1       0                               0D   1954
     110    1405       0       0       0                        01010000D   1955
     110       0       0       1       0                               0D   1956
     110    1406       0       0       0                        01010000D   1957
     110       0       0       1       0                               0D   1958
     120    1407       0       0       0                        01010000D   1959
     120       0       0       1       0                               0D   1960
     126    1408       0       0       0                        01010500D   1961
     126       0       0       2       0                               0D   1962
     110    1410       0       0       0                        01010000D   1963
     110       0       0       1       0                               0D   1964
     126    1411       0       0       0                        01010500D   1965
     126       0       0       2       0                               0D   1966
     100    1413       0       0       0                        01010000D   1967
     100       0       0       1       0                               0D   1968
     126    1414       0       0       0                        01010500D   1969
     126       0       0       2       0                               0D   1970
     110    1416       0       0       0                        01010000D   1971
     110       0       0       1       0                               0D   1972
     126    1417       0       0       0                        01010500D   1973
     126       0       0       2       0                               0D   1974
     124    1419       0       0       0                        00000000D   1975
     124       0       0       4       0                               0D   1976
     100    1423       0       0       0            1975        01010000D   1977
     100       0       0       1       0                               0D   1978
     102    1424       0       0       0                        01010500D   1979
     102       0       0       1       0                               0D   1980
     102    1425       0       0       0                        01010000D   1981
     102       0       0       1       0                               0D   1982
     142    1426       0       0       0                        00010500D   1983
     142       0       0       1       0                               0D   1984
     144    1427       0       0       0                        00000000D   1985
     144       0      -1       1       0                               0D   1986
     110    1428       0       0       0                        01010000D   1987
     110       0       0       1       0                               0D   1988
     110    1429       0       0       0                        01010000D   1989
     110       0       0       1       0                               0D   1990
     120    1430       0       0       0                        01010000D   1991
     120       0       0       1       0                               0D   1992
     126    1431       0       0       0                        01010500D   1993
     126       0       0       2       0                               0D   1994
     110    1433       0       0       0                        01010000D   1995
     110       0       0       1       0                               0D   1996
     126    1434       0       0       0                        01010500D   1997
     126       0       0       2       0                               0D   1998
     100    1436       0       0       0                        01010000D   1999
     100       0       0       1       0                               0D   2000
     126    1437       0       0       0                        01010500D   2001
     126       0       0       2       0                               0D   2002
     110    1439       0       0       0                        01010000D   2003
     110       0       0       1       0                               0D   2004
     126    1440       0       0       0                        01010500D   2005
     126       0       0       2       0                               0D   2006
     124    1442       0       0       0                        00000000D   2007
     124       0       0       4       0                               0D   2008
     100    1446       0       0       0            2007        01010000D   2009
     100       0       0       1       0                               0D   2010
     102    1447       0       0       0                        01010500D   2011
     102       0       0       1       0                               0D   2012
     102    1448       0       0       0                        01010000D   2013
     102       0       0       1       0                               0D   2014
     142    1449       0       0       0                        00010500D   2015
     142       0       0       1       0                               0D   2016
     144    1450       0       0       0                        00000000D   2017
     144       0      -1       1       0                               0D   2018
     110    1451       0       0       0                        01010000D   2019
     110       0       0       1       0                               0D   2020
     110    1452       0       0       0                        01010000D   2021
     110       0       0       1       0                               0D   2022
     120    1453       0       0       0                        01010000D   2023
     120       0       0       1       0                               0D   2024
     126    1454       0       0       0                        01010500D   2025
     126       0       0       2       0                               0D   2026
     110    1456       0       0       0                        01010000D   2027
     110       0       0       1       0                               0D   2028
     126    1457       0       0       0                        01010500D   2029
     126       0       0       2       0                               0D   2030
     124    1459       0       0       0                        00000000D   2031
     124       0       0       4       0                               0D   2032
     100    1463       0       0       0            2031        01010000D   2033
     100       0       0       1       0                               0D   2034
     126    1464       0       0       0                        01010500D   2035
     126       0       0       2       0                               0D   2036
     110    1466       0       0       0                        01010000D   2037
     110       0       0       1       0                               0D   2038
     126    1467       0       0       0                        01010500D   2039
     126       0       0       2       0                               0D   2040
     100    1469       0       0       0                        01010000D   2041
     100       0       0       1       0                               0D   2042
     102    1470       0       0       0                        01010500D   2043
     102       0       0       1       0                               0D   2044
     102    1471       0       0       0                        01010000D   2045
     102       0       0       1       0                               0D   2046
     142    1472       0       0       0                        00010500D   2047
     142       0       0       1       0                               0D   2048
     144    1473       0       0       0                        00000000D   2049
     144       0      -1       1       0                               0D   2050
     110    1474       0       0       0                        01010000D   2051
     110       0       0       1       0                               0D   2052
     110    1475       0       0       0                        01010000D   2053
     110       0       0       1       0                               0D   2054
     120    1476       0       0       0                        01010000D   2055
     120       0       0       1       0                               0D   2056
     126    1477       0       0       0                        01010500D   2057
     126       0       0       2       0                               0D   2058
     110    1479       0       0       0                        01010000D   2059
     110       0       0       1       0                               0D   2060
     126    1480       0       0       0                        01010500D   2061
     126       0       0       2       0                               0D   2062
     100    1482       0       0       0                        01010000D   2063
     100       0       0       1       0                               0D   2064
     126    1483       0       0       0                        01010500D   2065
     126       0       0       2       0                               0D   2066
     110    1485       0       0       0                        01010000D   2067
     110       0       0       1       0                               0D   2068
     126    1486       0       0       0                        01010500D   2069
     126       0       0       2       0                               0D   2070
     124    1488       0       0       0                        00000000D   2071
     124       0       0       4       0                               0D   2072
     100    1492       0       0       0            2071        01010000D   2073
     100       0       0       1       0                               0D   2074
     102    1493       0       0       0                        01010500D   2075
     102       0       0       1       0                               0D   2076
     102    1494       0       0       0                        01010000D   2077
     102       0       0       1       0                               0D   2078
     142    1495       0       0       0                        00010500D   2079
     142       0       0       1       0                               0D   2080
     144    1496       0       0       0                        00000000D   2081
     144       0      -1       1       0                               0D   2082
     110    1497       0       0       0                        01010000D   2083
     110       0       0       1       0                               0D   2084
     110    1498       0       0       0                        01010000D   2085
     110       0       0       1       0                               0D   2086
     120    1499       0       0       0                        01010000D   2087
     120       0       0       1       0                               0D   2088
     126    1500       0       0       0                        01010500D   2089
     126       0       0       2       0                               0D   2090
     110    1502       0       0       0                        01010000D   2091
     110       0       0       1       0                               0D   2092
     126    1503       0       0       0                        01010500D   2093
     126       0       0       2       0                               0D   2094
     100    1505       0       0       0                        01010000D   2095
     100       0       0       1       0                               0D   2096
     126    1506       0       0       0                        01010500D   2097
     126       0       0       2       0                               0D   2098
     110    1508       0       0       0                        01010000D   2099
     110       0       0       1       0                               0D   2100
     126    1509       0       0       0                        01010500D   2101
     126       0       0       2       0                               0D   2102
     124    1511       0       0       0                        00000000D   2103
     124       0       0       4       0                               0D   2104
     100    1515       0       0       0            2103        01010000D   2105
     100       0       0       1       0                               0D   2106
     102    1516       0       0       0                        01010500D   2107
     102       0       0       1       0                               0D   2108
     102    1517       0       0       0                        01010000D   2109
     102       0       0       1       0                               0D   2110
     142    1518       0       0       0                        00010500D   2111
     142       0       0       1       0                               0D   2112
     144    1519       0       0       0                        00000000D   2113
     144       0      -1       1       0                               0D   2114
     110    1520       0       0       0                        01010000D   2115
     110       0       0       1       0                               0D   2116
     110    1521       0       0       0                        01010000D   2117
     110       0       0       1       0                               0D   2118
     120    1522       0       0       0                        01010000D   2119
     120       0       0       1       0                               0D   2120
     126    1523       0       0       0                        01010500D   2121
     126       0       0       2       0                               0D   2122
     110    1525       0       0       0                        01010000D   2123
     110       0       0       1       0                               0D   2124
     126    1526       0       0       0                        01010500D   2125
     126       0       0       2       0                               0D   2126
     124    1528       0       0       0                        00000000D   2127
     124       0       0       4       0                               0D   2128
     100    1532       0       0       0            2127        01010000D   2129
     100       0       0       1       0                               0D   2130
     126    1533       0       0       0                        01010500D   2131
     126       0       0       2       0                               0D   2132
     110    1535       0       0       0                        01010000D   2133
     110       0       0       1       0                               0D   2134
     126    1536       0       0       0                        01010500D   2135
     126       0       0       2       0                               0D   2136
     100    1538       0       0       0                        01010000D   2137
     100       0       0       1       0                               0D   2138
     102    1539       0       0       0                        01010500D   2139
     102       0       0       1       0                               0D   2140
     102    1540       0       0       0                        01010000D   2141
     102       0       0       1       0                               0D   2142
     142    1541       0       0       0                        00010500D   2143
     142       0       0       1       0                               0D   2144
     144    1542       0       0       0                        00000000D   2145
     144       0      -1       1       0                               0D   2146
     110    1543       0       0       0                        01010000D   2147
     110       0       0       1       0                               0D   2148
     110    1544       0       0       0                        01010000D   2149
     110       0       0       1       0                               0D   2150
     120    1545       0       0       0                        01010000D   2151
     120       0       0       1       0                               0D   2152
     126    1546       0       0       0                        01010500D   2153
     126       0       0       2       0                               0D   2154
     110    1548       0       0       0                        01010000D   2155
     110       0       0       1       0                               0D   2156
     126    1549       0       0       0                        01010500D   2157
     126       0       0       2       0                               0D   2158
     100    1551       0       0       0                        01010000D   2159
     100       0       0       1       0                               0D   2160
     126    1552       0       0       0                        01010500D   2161
     126       0       0       2       0                               0D   2162
     110    1554       0       0       0                        01010000D   2163
     110       0       0       1       0                               0D   2164
     126    1555       0       0       0                        01010500D   2165
     126       0       0       2       0                               0D   2166
     124    1557       0       0       0                        00000000D   2167
     124       0       0       4       0                               0D   2168
     100    1561       0       0       0            2167        01010000D   2169
     100       0       0       1       0                               0D   2170
     102    1562       0       0       0                        01010500D   2171
     102       0       0       1       0                               0D   2172
     102    1563       0       0       0                        01010000D   2173
     102       0       0       1       0                               0D   2174
     142    1564       0       0       0                        00010500D   2175
     142       0       0       1       0                               0D   2176
     144    1565       0       0       0                        00000000D   2177
     144       0      -1       1       0                               0D   2178
     110    1566       0       0       0                        01010000D   2179
     110       0       0       1       0                               0D   2180
     110    1567       0       0       0                        01010000D   2181
     110       0       0       1       0                               0D   2182
     120    1568       0       0       0                        01010000D   2183
     120       0       0       1       0                               0D   2184
     126    1569       0       0       0                        01010500D   2185
     126       0       0       2       0                               0D   2186
     110    1571       0       0       0                        01010000D   2187
     110       0       0       1       0                               0D   2188
     126    1572       0       0       0                        01010500D   2189
     126       0       0       2       0                               0D   2190
     100    1574       0       0       0                        01010000D   2191
     100       0       0       1       0                               0D   2192
     126    1575       0       0       0                        01010500D   2193
     126       0       0       2       0                               0D   2194
     110    1577       0       0       0                        01010000D   2195
     110       0       0       1       0                               0D   2196
     126    1578       0       0       0                        01010500D   2197
     126       0       0       2       0                               0D   2198
     124    1580       0       0       0                        00000000D   2199
     124       0       0       4       0                               0D   2200
     100    1584       0       0       0            2199        01010000D   2201
     100       0       0       1       0                               0D   2202
     102    1585       0       0       0                        01010500D   2203
     102       0       0       1       0                               0D   2204
     102    1586       0       0       0                        01010000D   2205
     102       0       0       1       0                               0D   2206
     142    1587       0       0       0                        00010500D   2207
     142       0       0       1       0                               0D   2208
     144    1588       0       0       0                        00000000D   2209
     144       0      -1       1       0                               0D   2210
     110    1589       0       0       0                        01010000D   2211
     110       0       0       1       0                               0D   2212
     110    1590       0       0       0                        01010000D   2213
     110       0       0       1       0                               0D   2214
     120    1591       0       0       0                        01010000D   2215
     120       0       0       1       0                               0D   2216
     126    1592       0       0       0                        01010500D   2217
     126       0       0       2       0                               0D   2218
     110    1594       0       0       0                        01010000D   2219
     110       0       0       1       0                               0D   2220
     126    1595       0       0       0                        01010500D   2221
     126       0       0       2       0                               0D   2222
     124    1597       0       0       0                        00000000D   2223
     124       0       0       4       0                               0D   2224
     100    1601       0       0       0            2223        01010000D   2225
     100       0       0       1       0                               0D   2226
     126    1602       0       0       0                        01010500D   2227
     126       0       0       2       0                               0D   2228
     110    1604       0       0       0                        01010000D   2229
     110       0       0       1       0                               0D   2230
     126    1605       0       0       0                        01010500D   2231
     126       0       0       2       0                               0D   2232
     100    1607       0       0       0                        01010000D   2233
     100       0       0       1       0                               0D   2234
     102    1608       0       0       0                        01010500D   2235
     102       0       0       1       0                               0D   2236
     102    1609       0       0       0                        01010000D   2237
     102       0       0       1       0                               0D   2238
     142    1610       0       0       0                        00010500D   2239
     142       0       0       1       0                               0D   2240
     144    1611       0       0       0                        00000000D   2241
     144       0      -1       1       0                               0D   2242
     110    1612       0       0       0                        01010000D   2243
     110       0       0       1       0                               0D   2244
     110    1613       0       0       0                        01010000D   2245
     110       0       0       1       0                               0D   2246
     120    1614       0       0       0                        01010000D   2247
     120       0       0       1       0                               0D   2248
     126    1615       0       0       0                        01010500D   2249
     126       0       0       2       0                               0D   2250
     110    1617       0       0       0                        01010000D   2251
     110       0       0       2       0                               0D   2252
     126    1619       0       0       0                        01010500D   2253
     126       0       0       2       0                               0D   2254
     100    1621       0       0       0                        01010000D   2255
     100       0       0       2       0                               0D   2256
     126    1623       0       0       0                        01010500D   2257
     126       0       0       2       0                               0D   2258
     110    1625       0       0       0                        01010000D   2259
     110       0       0       1       0                               0D   2260
     126    1626       0       0       0                        01010500D   2261
     126       0       0       2       0                               0D   2262
     124    1628       0       0       0                        00000000D   2263
     124       0       0       4       0                               0D   2264
     100    1632       0       0       0            2263        01010000D   2265
     100       0       0       2       0                               0D   2266
     102    1634       0       0       0                        01010500D   2267
     102       0       0       1       0                               0D   2268
     102    1635       0       0       0                        01010000D   2269
     102       0       0       1       0                               0D   2270
     142    1636       0       0       0                        00010500D   2271
     142       0       0       1       0                               0D   2272
     144    1637       0       0       0                        00000000D   2273
     144       0      -1       1       0                               0D   2274
     110    1638       0       0       0                        01010000D   2275
     110       0       0       1       0                               0D   2276
     110    1639       0       0       0                        01010000D   2277
     110       0       0       1       0                               0D   2278
     120    1640       0       0       0                        01010000D   2279
     120       0       0       1       0                               0D   2280
     126    1641       0       0       0                        01010500D   2281
     126       0       0       2       0                               0D   2282
     110    1643       0       0       0                        01010000D   2283
     110       0       0       2       0                               0D   2284
     126    1645       0       0       0                        01010500D   2285
     126       0       0       2       0                               0D   2286
     100    1647       0       0       0                        01010000D   2287
     100       0       0       2       0                               0D   2288
     126    1649       0       0       0                        01010500D   2289
     126       0       0       2       0                               0D   2290
     110    1651       0       0       0                        01010000D   2291
     110       0       0       1       0                               0D   2292
     126    1652       0       0       0                        01010500D   2293
     126       0       0       2       0                               0D   2294
     124    1654       0       0       0                        00000000D   2295
     124       0       0       4       0                               0D   2296
     100    1658       0       0       0            2295        01010000D   2297
     100       0       0       2       0                               0D   2298
     102    1660       0       0       0                        01010500D   2299
     102       0       0       1       0                               0D   2300
     102    1661       0       0       0                        01010000D   2301
     102       0       0       1       0                               0D   2302
     142    1662       0       0       0                        00010500D   2303
     142       0       0       1       0                               0D   2304
     144    1663       0       0       0                        00000000D   2305
     144       0      -1       1       0                               0D   2306
     128    1664       0       0       0                        01010000D   2307
     128       0       0       3       0                               0D   2308
     126    1667       0       0       0                        01010500D   2309
     126       0       0       2       0                               0D   2310
     110    1669       0       0       0                        01010000D   2311
     110       0       0       1       0                               0D   2312
     126    1670       0       0       0                        01010500D   2313
     126       0       0       2       0                               0D   2314
     110    1672       0       0       0                        01010000D   2315
     110       0       0       1       0                               0D   2316
     126    1673       0       0       0                        01010500D   2317
     126       0       0       2       0                               0D   2318
     110    1675       0       0       0                        01010000D   2319
     110       0       0       1       0                               0D   2320
     126    1676       0       0       0                        01010500D   2321
     126       0       0       2       0                               0D   2322
     110    1678       0       0       0                        01010000D   2323
     110       0       0       1       0                               0D   2324
     102    1679       0       0       0                        01010500D   2325
     102       0       0       1       0                               0D   2326
     102    1680       0       0       0                        01010000D   2327
     102       0       0       1       0                               0D   2328
     142    1681       0       0       0                        00010500D   2329
     142       0       0       1       0                               0D   2330
     126    1682       0       0       0                        01010500D   2331
     126       0       0      22       0                               0D   2332
     124    1704       0       0       0                        00000000D   2333
     124       0       0       3       0                               0D   2334
     100    1707       0       0       0            2333        01010000D   2335
     100       0       0       1       0                               0D   2336
     126    1708       0       0       0                        01010500D   2337
     126       0       0      22       0                               0D   2338
     124    1730       0       0       0                        00000000D   2339
     124       0       0       2       0                               0D   2340
     100    1732       0       0       0            2339        01010000D   2341
     100       0       0       1       0                               0D   2342
     102    1733       0       0       0                        01010500D   2343
     102       0       0       1       0                               0D   2344
     102    1734       0       0       0                        01010000D   2345
     102       0       0       1       0                               0D   2346
     142    1735       0       0       0                        00010500D   2347
     142       0       0       1       0                               0D   2348
     126    1736       0       0       0                        01010500D   2349
     126       0       0      22       0                               0D   2350
     124    1758       0       0       0                        00000000D   2351
     124       0       0       3       0                               0D   2352
     100    1761       0       0       0            2351        01010000D   2353
     100       0       0       1       0                               0D   2354
     126    1762       0       0       0                        01010500D   2355
     126       0       0      22       0                               0D   2356
     124    1784       0       0       0                        00000000D   2357
     124       0       0       2       0                               0D   2358
     100    1786       0       0       0            2357        01010000D   2359
     100       0       0       1       0                               0D   2360
     102    1787       0       0       0                        01010500D   2361
     102       0       0       1       0                               0D   2362
     102    1788       0       0       0                        01010000D   2363
     102       0       0       1       0                               0D   2364
     142    1789       0       0       0                        00010500D   2365
     142       0       0       1       0                               0D   2366
     144    1790       0       0       0                        00000000D   2367
     144       0      -1       1       0                               0D   2368
     128    1791       0       0       0                        01010000D   2369
     128       0       0       3       0                               0D   2370
     126    1794       0       0       0                        01010500D   2371
     126       0       0       2       0                               0D   2372
     110    1796       0       0       0                        01010000D   2373
     110       0       0       1       0                               0D   2374
     126    1797       0       0       0                        01010500D   2375
     126       0       0       2       0                               0D   2376
     110    1799       0       0       0                        01010000D   2377
     110       0       0       1       0                               0D   2378
     126    1800       0       0       0                        01010500D   2379
     126       0       0       2       0                               0D   2380
     110    1802       0       0       0                        01010000D   2381
     110       0       0       1       0                               0D   2382
     126    1803       0       0       0                        01010500D   2383
     126       0       0       2       0                               0D   2384
     110    1805       0       0       0                        01010000D   2385
     110       0       0       1       0                               0D   2386
     102    1806       0       0       0                        01010500D   2387
     102       0       0       1       0                               0D   2388
     102    1807       0       0       0                        01010000D   2389
     102       0       0       1       0                               0D   2390
     142    1808       0       0       0                        00010500D   2391
     142       0       0       1       0                               0D   2392
     126    1809       0       0       0                        01010500D   2393
     126       0       0      22       0                               0D   2394
     124    1831       0       0       0                        00000000D   2395
     124       0       0       3       0                               0D   2396
     100    1834       0       0       0            2395        01010000D   2397
     100       0       0       1       0                               0D   2398
     126    1835       0       0       0                        01010500D   2399
     126       0       0      22       0                               0D   2400
     124    1857       0       0       0                        00000000D   2401
     124       0       0       3       0                               0D   2402
     100    1860       0       0       0            2401        01010000D   2403
     100       0       0       1       0                               0D   2404
     102    1861       0       0       0                        01010500D   2405
     102       0       0       1       0                               0D   2406
     102    1862       0       0       0                        01010000D   2407
     102       0       0       1       0                               0D   2408
     142    1863       0       0       0                        00010500D   2409
     142       0       0       1       0                               0D   2410
     126    1864       0       0       0                        01010500D   2411
     126       0       0      22       0                               0D   2412
     124    1886       0       0       0                        00000000D   2413
     124       0       0       3       0                               0D   2414
     100    1889       0       0       0            2413        01010000D   2415
     100       0       0       1       0                               0D   2416
     126    1890       0       0       0                        01010500D   2417
     126       0       0      22       0                               0D   2418
     124    1912       0       0       0                        00000000D   2419
     124       0       0       3       0                               0D   2420
     100    1915       0       0       0            2419        01010000D   2421
     100       0       0       1       0                               0D   2422
     102    1916       0       0       0                        01010500D   2423
     102       0       0       1       0                               0D   2424
     102    1917       0       0       0                        01010000D   2425
     102       0       0       1       0                               0D   2426
     142    1918       0       0       0                        00010500D   2427
     142       0       0       1       0                               0D   2428
     144    1919       0       0       0                        00000000D   2429
     144       0      -1       1       0                               0D   2430
     128    1920       0       0       0                        01010000D   2431
     128       0       0       3       0                               0D   2432
     126    1923       0       0       0                        01010500D   2433
     126       0       0       2       0                               0D   2434
     110    1925       0       0       0                        01010000D   2435
     110       0       0       1       0                               0D   2436
     126    1926       0       0       0                        01010500D   2437
     126       0       0       2       0                               0D   2438
     110    1928       0       0       0                        01010000D   2439
     110       0       0       1       0                               0D   2440
     126    1929       0       0       0                        01010500D   2441
     126       0       0       2       0                               0D   2442
     110    1931       0       0       0                        01010000D   2443
     110       0       0       1       0                               0D   2444
     126    1932       0       0       0                        01010500D   2445
     126       0       0       2       0                               0D   2446
     110    1934       0       0       0                        01010000D   2447
     110       0       0       1       0                               0D   2448
     102    1935       0       0       0                        01010500D   2449
     102       0       0       1       0                               0D   2450
     102    1936       0       0       0                        01010000D   2451
     102       0       0       1       0                               0D   2452
     142    1937       0       0       0                        00010500D   2453
     142       0       0       1       0                               0D   2454
     126    1938       0       0       0                        01010500D   2455
     126       0       0      22       0                               0D   2456
     124    1960       0       0       0                        00000000D   2457
     124       0       0       3       0                               0D   2458
     100    1963       0       0       0            2457        01010000D   2459
     100       0       0       1       0                               0D   2460
     126    1964       0       0       0                        01010500D   2461
     126       0       0      22       0                               0D   2462
     124    1986       0       0       0                        00000000D   2463
     124       0       0       2       0                               0D   2464
     100    1988       0       0       0            2463        01010000D   2465
     100       0       0       1       0                               0D   2466
     102    1989       0       0       0                        01010500D   2467
     102       0       0       1       0                               0D   2468
     102    1990       0       0       0                        01010000D   2469
     102       0       0       1       0                               0D   2470
     142    1991       0       0       0                        00010500D   2471
     142       0       0       1       0                               0D   2472
     126    1992       0       0       0                        01010500D   2473
     126       0       0      22       0                               0D   2474
     124    2014       0       0       0                        00000000D   2475
     124       0       0       3       0                               0D   2476
     100    2017       0       0       0            2475        01010000D   2477
     100       0       0       1       0                               0D   2478
     126    2018       0       0       0                        01010500D   2479
     126       0       0      22       0                               0D   2480
     124    2040       0       0       0                        00000000D   2481
     124       0       0       2       0                               0D   2482
     100    2042       0       0       0            2481        01010000D   2483
     100       0       0       1       0                               0D   2484
     102    2043       0       0       0                        01010500D   2485
     102       0       0       1       0                               0D   2486
     102    2044       0       0       0                        01010000D   2487
     102       0       0       1       0                               0D   2488
     142    2045       0       0       0                        00010500D   2489
     142       0       0       1       0                               0D   2490
     144    2046       0       0       0                        00000000D   2491
     144       0      -1       1       0                               0D   2492
     128    2047       0       0       0                        01010000D   2493
     128       0       0       3       0                               0D   2494
     126    2050       0       0       0                        01010500D   2495
     126       0       0       2       0                               0D   2496
     110    2052       0       0       0                        01010000D   2497
     110       0       0       1       0                               0D   2498
     126    2053       0       0       0                        01010500D   2499
     126       0       0       2       0                               0D   2500
     110    2055       0       0       0                        01010000D   2501
     110       0       0       1       0                               0D   2502
     126    2056       0       0       0                        01010500D   2503
     126       0       0       2       0                               0D   2504
     110    2058       0       0       0                        01010000D   2505
     110       0       0       1       0                               0D   2506
     126    2059       0       0       0                        01010500D   2507
     126       0       0       2       0                               0D   2508
     110    2061       0       0       0                        01010000D   2509
     110       0       0       1       0                               0D   2510
     102    2062       0       0       0                        01010500D   2511
     102       0       0       1       0                               0D   2512
     102    2063       0       0       0                        01010000D   2513
     102       0       0       1       0                               0D   2514
     142    2064       0       0       0                        00010500D   2515
     142       0       0       1       0                               0D   2516
     126    2065       0       0       0                        01010500D   2517
     126       0       0      22       0                               0D   2518
     124    2087       0       0       0                        00000000D   2519
     124       0       0       3       0                               0D   2520
     100    2090       0       0       0            2519        01010000D   2521
     100       0       0       1       0                               0D   2522
     126    2091       0       0       0                        01010500D   2523
     126       0       0      22       0                               0D   2524
     124    2113       0       0       0                        00000000D   2525
     124       0       0       3       0                               0D   2526
     100    2116       0       0       0            2525        01010000D   2527
     100       0       0       1       0                               0D   2528
     102    2117       0       0       0                        01010500D   2529
     102       0       0       1       0                               0D   2530
     102    2118       0       0       0                        01010000D   2531
     102       0       0       1       0                               0D   2532
     142    2119       0       0       0                        00010500D   2533
     142       0       0       1       0                               0D   2534
     126    2120       0       0       0                        01010500D   2535
     126       0       0      22       0                               0D   2536
     124    2142       0       0       0                        00000000D   2537
     124       0       0       3       0                               0D   2538
     100    2145       0       0       0            2537        01010000D   2539
     100       0       0       1       0                               0D   2540
     126    2146       0       0       0                        01010500D   2541
     126       0       0      22       0                               0D   2542
     124    2168       0       0       0                        00000000D   2543
     124       0       0       3       0                               0D   2544
     100    2171       0       0       0            2543        01010000D   2545
     100       0       0       1       0                               0D   2546
     102    2172       0       0       0                        01010500D   2547
     102       0       0       1       0                               0D   2548
     102    2173       0       0       0                        01010000D   2549
     102       0       0       1       0                               0D   2550
     142    2174       0       0       0                        00010500D   2551
     142       0       0       1       0                               0D   2552
     144    2175       0       0       0                        00000000D   2553
     144       0      -1       1       0                               0D   2554
     128    2176       0       0       0                        01010000D   2555
     128       0       0       3       0                               0D   2556
     126    2179       0       0       0                        01010500D   2557
     126       0       0       2       0                               0D   2558
     110    2181       0       0       0                        01010000D   2559
     110       0       0       1       0                               0D   2560
     126    2182       0       0       0                        01010500D   2561
     126       0       0      11       0                               0D   2562
     100    2193       0       0       0                        01010000D   2563
     100       0       0       1       0                               0D   2564
     126    2194       0       0       0                        01010500D   2565
     126       0       0       2       0                               0D   2566
     110    2196       0       0       0                        01010000D   2567
     110       0       0       1       0                               0D   2568
     126    2197       0       0       0                        01010500D   2569
     126       0       0      11       0                               0D   2570
     100    2208       0       0       0                        01010000D   2571
     100       0       0       1       0                               0D   2572
     126    2209       0       0       0                        01010500D   2573
     126       0       0       2       0                               0D   2574
     110    2211       0       0       0                        01010000D   2575
     110       0       0       1       0                               0D   2576
     126    2212       0       0       0                        01010500D   2577
     126       0       0      11       0                               0D   2578
     100    2223       0       0       0                        01010000D   2579
     100       0       0       1       0                               0D   2580
     126    2224       0       0       0                        01010500D   2581
     126       0       0       2       0                               0D   2582
     110    2226       0       0       0                        01010000D   2583
     110       0       0       1       0                               0D   2584
     126    2227       0       0       0                        01010500D   2585
     126       0       0      11       0                               0D   2586
     100    2238       0       0       0                        01010000D   2587
     100       0       0       1       0                               0D   2588
     102    2239       0       0       0                        01010500D   2589
     102       0       0       1       0                               0D   2590
     102    2240       0       0       0                        01010000D   2591
     102       0       0       1       0                               0D   2592
     142    2241       0       0       0                        00010500D   2593
     142       0       0       1       0                               0D   2594
     126    2242       0       0       0                        01010500D   2595
     126       0       0      11       0                               0D   2596
     124    2253       0       0       0                        00000000D   2597
     124       0       0       4       0                               0D   2598
     100    2257       0       0       0            2597        01010000D   2599
     100       0       0       1       0                               0D   2600
     126    2258       0       0       0                        01010500D   2601
     126       0       0      11       0                               0D   2602
     124    2269       0       0       0                        00000000D   2603
     124       0       0       4       0                               0D   2604
     100    2273       0       0       0            2603        01010000D   2605
     100       0       0       1       0                               0D   2606
     102    2274       0       0       0                        01010500D   2607
     102       0       0       1       0                               0D   2608
     102    2275       0       0       0                        01010000D   2609
     102       0       0       1       0                               0D   2610
     142    2276       0       0       0                        00010500D   2611
     142       0       0       1       0                               0D   2612
     126    2277       0       0       0                        01010500D   2613
     126       0       0      12       0                               0D   2614
     124    2289       0       0       0                        00000000D   2615
     124       0       0       4       0                               0D   2616
     100    2293       0       0       0            2615        01010000D   2617
     100       0       0       1       0                               0D   2618
     126    2294       0       0       0                        01010500D   2619
     126       0       0      11       0                               0D   2620
     124    2305       0       0       0                        00000000D   2621
     124       0       0       4       0                               0D   2622
     100    2309       0       0       0            2621        01010000D   2623
     100       0       0       1       0                               0D   2624
     102    2310       0       0       0                        01010500D   2625
     102       0       0       1       0                               0D   2626
     102    2311       0       0       0                        01010000D   2627
     102       0       0       1       0                               0D   2628
     142    2312       0       0       0                        00010500D   2629
     142       0       0       1       0                               0D   2630
     126    2313       0       0       0                        01010500D   2631
     126       0       0      12       0                               0D   2632
     124    2325       0       0       0                        00000000D   2633
     124       0       0       4       0                               0D   2634
     100    2329       0       0       0            2633        01010000D   2635
     100       0       0       1       0                               0D   2636
     126    2330       0       0       0                        01010500D   2637
     126       0       0      11       0                               0D   2638
     124    2341       0       0       0                        00000000D   2639
     124       0       0       4       0                               0D   2640
     100    2345       0       0       0            2639        01010000D   2641
     100       0       0       1       0                               0D   2642
     102    2346       0       0       0                        01010500D   2643
     102       0       0       1       0                               0D   2644
     102    2347       0       0       0                        01010000D   2645
     102       0       0       1       0                               0D   2646
     142    2348       0       0       0                        00010500D   2647
     142       0       0       1       0                               0D   2648
     126    2349       0       0       0                        01010500D   2649
     126       0       0      11       0                               0D   2650
     124    2360       0       0       0                        00000000D   2651
     124       0       0       4       0                               0D   2652
     100    2364       0       0       0            2651        01010000D   2653
     100       0       0       1       0                               0D   2654
     126    2365       0       0       0                        01010500D   2655
     126       0       0      11       0                               0D   2656
     124    2376       0       0       0                        00000000D   2657
     124       0       0       4       0                               0D   2658
     100    2380       0       0       0            2657        01010000D   2659
     100       0       0       1       0                               0D   2660
     102    2381       0       0       0                        01010500D   2661
     102       0       0       1       0                               0D   2662
     102    2382       0       0       0                        01010000D   2663
     102       0       0       1       0                               0D   2664
     142    2383       0       0       0                        00010500D   2665
     142       0       0       1       0                               0D   2666
     126    2384       0       0       0                        01010500D   2667
     126       0       0      12       0                               0D   2668
     124    2396       0       0       0                        00000000D   2669
     124       0       0       4       0                               0D   2670
     100    2400       0       0       0            2669        01010000D   2671
     100       0       0       1       0                               0D   2672
     126    2401       0       0       0                        01010500D   2673
     126       0       0      11       0                               0D   2674
     124    2412       0       0       0                        00000000D   2675
     124       0       0       4       0                               0D   2676
     100    2416       0       0       0            2675        01010000D   2677
     100       0       0       1       0                               0D   2678
     102    2417       0       0       0                        01010500D   2679
     102       0       0       1       0                               0D   2680
     102    2418       0       0       0                        01010000D   2681
     102       0       0       1       0                               0D   2682
     142    2419       0       0       0                        00010500D   2683
     142       0       0       1       0                               0D   2684
     126    2420       0       0       0                        01010500D   2685
     126       0       0      11       0                               0D   2686
     124    2431       0       0       0                        00000000D   2687
     124       0       0       4       0                               0D   2688
     100    2435       0       0       0            2687        01010000D   2689
     100       0       0       1       0                               0D   2690
     126    2436       0       0       0                        01010500D   2691
     126       0       0      11       0                               0D   2692
     124    2447       0       0       0                        00000000D   2693
     124       0       0       4       0                               0D   2694
     100    2451       0       0       0            2693        01010000D   2695
     100       0       0       1       0                               0D   2696
     102    2452       0       0       0                        01010500D   2697
     102       0       0       1       0                               0D   2698
     102    2453       0       0       0                        01010000D   2699
     102       0       0       1       0                               0D   2700
     142    2454       0       0       0                        00010500D   2701
     142       0       0       1       0                               0D   2702
     126    2455       0       0       0                        01010500D   2703
     126       0       0      11       0                               0D   2704
     124    2466       0       0       0                        00000000D   2705
     124       0       0       4       0                               0D   2706
     100    2470       0       0       0            2705        01010000D   2707
     100       0       0       1       0                               0D   2708
     126    2471       0       0       0                        01010500D   2709
     126       0       0      12       0                               0D   2710
     124    2483       0       0       0                        00000000D   2711
     124       0       0       4       0                               0D   2712
     100    2487       0       0       0            2711        01010000D   2713
     100       0       0       1       0                               0D   2714
     102    2488       0       0       0                        01010500D   2715
     102       0       0       1       0                               0D   2716
     102    2489       0       0       0                        01010000D   2717
     102       0       0       1       0                               0D   2718
     142    2490       0       0       0                        00010500D   2719
     142       0       0       1       0                               0D   2720
     126    2491       0       0       0                        01010500D   2721
     126       0       0      11       0                               0D   2722
     124    2502       0       0       0                        00000000D   2723
     124       0       0       4       0                               0D   2724
     100    2506       0       0       0            2723        01010000D   2725
     100       0       0       1       0                               0D   2726
     126    2507       0       0       0                        01010500D   2727
     126       0       0      11       0                               0D   2728
     124    2518       0       0       0                        00000000D   2729
     124       0       0       4       0                               0D   2730
     100    2522       0       0       0            2729        01010000D   2731
     100       0       0       1       0                               0D   2732
     102    2523       0       0       0                        01010500D   2733
     102       0       0       1       0                               0D   2734
     102    2524       0       0       0                        01010000D   2735
     102       0       0       1       0                               0D   2736
     142    2525       0       0       0                        00010500D   2737
     142       0       0       1       0                               0D   2738
     126    2526       0       0       0                        01010500D   2739
     126       0       0      11       0                               0D   2740
     124    2537       0       0       0                        00000000D   2741
     124       0       0       4       0                               0D   2742
     100    2541       0       0       0            2741        01010000D   2743
     100       0       0       1       0                               0D   2744
     126    2542       0       0       0                        01010500D   2745
     126       0       0      12       0                               0D   2746
     124    2554       0       0       0                        00000000D   2747
     124       0       0       4       0                               0D   2748
     100    2558       0       0       0            2747        01010000D   2749
     100       0       0       1       0                               0D   2750
     102    2559       0       0       0                        01010500D   2751
     102       0       0       1       0                               0D   2752
     102    2560       0       0       0                        01010000D   2753
     102       0       0       1       0                               0D   2754
     142    2561       0       0       0                        00010500D   2755
     142       0       0       1       0                               0D   2756
     126    2562       0       0       0                        01010500D   2757
     126       0       0      11       0                               0D   2758
     124    2573       0       0       0                        00000000D   2759
     124       0       0       4       0                               0D   2760
     100    2577       0       0       0            2759        01010000D   2761
     100       0       0       1       0                               0D   2762
     126    2578       0       0       0                        01010500D   2763
     126       0       0      12       0                               0D   2764
     124    2590       0       0       0                        00000000D   2765
     124       0       0       4       0                               0D   2766
     100    2594       0       0       0            2765        01010000D   2767
     100       0       0       1       0                               0D   2768
     102    2595       0       0       0                        01010500D   2769
     102       0       0       1       0                               0D   2770
     102    2596       0       0       0                        01010000D   2771
     102       0       0       1       0                               0D   2772
     142    2597       0       0       0                        00010500D   2773
     142       0       0       1       0                               0D   2774
     126    2598       0       0       0                        01010500D   2775
     126       0       0      12       0                               0D   2776
     124    2610       0       0       0                        00000000D   2777
     124       0       0       4       0                               0D   2778
     100    2614       0       0       0            2777        01010000D   2779
     100       0       0       1       0                               0D   2780
     126    2615       0       0       0                        01010500D   2781
     126       0       0      11       0                               0D   2782
     124    2626       0       0       0                        00000000D   2783
     124       0       0       4       0                               0D   2784
     100    2630       0       0       0            2783        01010000D   2785
     100       0       0       1       0                               0D   2786
     102    2631       0       0       0                        01010500D   2787
     102       0       0       1       0                               0D   2788
     102    2632       0       0       0                        01010000D   2789
     102       0       0       1       0                               0D   2790
     142    2633       0       0       0                        00010500D   2791
     142       0       0       1       0                               0D   2792
     126    2634       0       0       0                        01010500D   2793
     126       0       0      12       0                               0D   2794
     124    2646       0       0       0                        00000000D   2795
     124       0       0       4       0                               0D   2796
     100    2650       0       0       0            2795        01010000D   2797
     100       0       0       1       0                               0D   2798
     126    2651       0       0       0                        01010500D   2799
     126       0       0      12       0                               0D   2800
     124    2663       0       0       0                        00000000D   2801
     124       0       0       4       0                               0D   2802
     100    2667       0       0       0            2801        01010000D   2803
     100       0       0       1       0                               0D   2804
     102    2668       0       0       0                        01010500D   2805
     102       0       0       1       0                               0D   2806
     102    2669       0       0       0                        01010000D   2807
     102       0       0       1       0                               0D   2808
     142    2670       0       0       0                        00010500D   2809
     142       0       0       1       0                               0D   2810
     126    2671       0       0       0                        01010500D   2811
     126       0       0      12       0                               0D   2812
     124    2683       0       0       0                        00000000D   2813
     124       0       0       4       0                               0D   2814
     100    2687       0       0       0            2813        01010000D   2815
     100       0       0       1       0                               0D   2816
     126    2688       0       0       0                        01010500D   2817
     126       0       0      12       0                               0D   2818
     124    2700       0       0       0                        00000000D   2819
     124       0       0       4       0                               0D   2820
     100    2704       0       0       0            2819        01010000D   2821
     100       0       0       1       0                               0D   2822
     102    2705       0       0       0                        01010500D   2823
     102       0       0       1       0                               0D   2824
     102    2706       0       0       0                        01010000D   2825
     102       0       0       1       0                               0D   2826
     142    2707       0       0       0                        00010500D   2827
     142       0       0       1       0                               0D   2828
     126    2708       0       0       0                        01010500D   2829
     126       0       0      11       0                               0D   2830
     124    2719       0       0       0                        00000000D   2831
     124       0       0       4       0                               0D   2832
     100    2723       0       0       0            2831        01010000D   2833
     100       0       0       1       0                               0D   2834
     126    2724       0       0       0                        01010500D   2835
     126       0       0      11       0                               0D   2836
     124    2735       0       0       0                        00000000D   2837
     124       0       0       4       0                               0D   2838
     100    2739       0       0       0            2837        01010000D   2839
     100       0       0       1       0                               0D   2840
     102    2740       0       0       0                        01010500D   2841
     102       0       0       1       0                               0D   2842
     102    2741       0       0       0                        01010000D   2843
     102       0       0       1       0                               0D   2844
     142    2742       0       0       0                        00010500D   2845
     142       0       0       1       0                               0D   2846
     126    2743       0       0       0                        01010500D   2847
     126       0       0      11       0                               0D   2848
     124    2754       0       0       0                        00000000D   2849
     124       0       0       4       0                               0D   2850
     100    2758       0       0       0            2849        01010000D   2851
     100       0       0       1       0                               0D   2852
     126    2759       0       0       0                        01010500D   2853
     126       0       0      11       0                               0D   2854
     124    2770       0       0       0                        00000000D   2855
     124       0       0       4       0                               0D   2856
     100    2774       0       0       0            2855        01010000D   2857
     100       0       0       1       0                               0D   2858
     102    2775       0       0       0                        01010500D   2859
     102       0       0       1       0                               0D   2860
     102    2776       0       0       0                        01010000D   2861
     102       0       0       1       0                               0D   2862
     142    2777       0       0       0                        00010500D   2863
     142       0       0       1       0                               0D   2864
     126    2778       0       0       0                        01010500D   2865
     126       0       0      12       0                               0D   2866
     124    2790       0       0       0                        00000000D   2867
     124       0       0       4       0                               0D   2868
     100    2794       0       0       0            2867        01010000D   2869
     100       0       0       1       0                               0D   2870
     126    2795       0       0       0                        01010500D   2871
     126       0       0      12       0                               0D   2872
     124    2807       0       0       0                        00000000D   2873
     124       0       0       4       0                               0D   2874
     100    2811       0       0       0            2873        01010000D   2875
     100       0       0       1       0                               0D   2876
     102    2812       0       0       0                        01010500D   2877
     102       0       0       1       0                               0D   2878
     102    2813       0       0       0                        01010000D   2879
     102       0       0       1       0                               0D   2880
     142    2814       0       0       0                        00010500D   2881
     142       0       0       1       0                               0D   2882
     126    2815       0       0       0                        01010500D   2883
     126       0       0      12       0                               0D   2884
     124    2827       0       0       0                        00000000D   2885
     124       0       0       4       0                               0D   2886
     100    2831       0       0       0            2885        01010000D   2887
     100       0       0       1       0                               0D   2888
     126    2832       0       0       0                        01010500D   2889
     126       0       0      12       0                               0D   2890
     124    2844       0       0       0                        00000000D   2891
     124       0       0       4       0                               0D   2892
     100    2848       0       0       0            2891        01010000D   2893
     100       0       0       1       0                               0D   2894
     102    2849       0       0       0                        01010500D   2895
     102       0       0       1       0                               0D   2896
     102    2850       0       0       0                        01010000D   2897
     102       0       0       1       0                               0D   2898
     142    2851       0       0       0                        00010500D   2899
     142       0       0       1       0                               0D   2900
     126    2852       0       0       0                        01010500D   2901
     126       0       0      11       0                               0D   2902
     124    2863       0       0       0                        00000000D   2903
     124       0       0       4       0                               0D   2904
     100    2867       0       0       0            2903        01010000D   2905
     100       0       0       1       0                               0D   2906
     126    2868       0       0       0                        01010500D   2907
     126       0       0      12       0                               0D   2908
     124    2880       0       0       0                        00000000D   2909
     124       0       0       4       0                               0D   2910
     100    2884       0       0       0            2909        01010000D   2911
     100       0       0       1       0                               0D   2912
     102    2885       0       0       0                        01010500D   2913
     102       0       0       1       0                               0D   2914
     102    2886       0       0       0                        01010000D   2915
     102       0       0       1       0                               0D   2916
     142    2887       0       0       0                        00010500D   2917
     142       0       0       1       0                               0D   2918
     144    2888       0       0       0                        00000000D   2919
     144       0      -1       2       0                               0D   2920
     128    2890       0       0       0                        01010000D   2921
     128       0       0       3       0                               0D   2922
     126    2893       0       0       0                        01010500D   2923
     126       0       0      11       0                               0D   2924
     100    2904       0       0       0                        01010000D   2925
     100       0       0       1       0                               0D   2926
     126    2905       0       0       0                        01010500D   2927
     126       0       0       2       0                               0D   2928
     110    2907       0       0       0                        01010000D   2929
     110       0       0       1       0                               0D   2930
     126    2908       0       0       0                        01010500D   2931
     126       0       0      11       0                               0D   2932
     100    2919       0       0       0                        01010000D   2933
     100       0       0       1       0                               0D   2934
     126    2920       0       0       0                        01010500D   2935
     126       0       0       2       0                               0D   2936
     110    2922       0       0       0                        01010000D   2937
     110       0       0       1       0                               0D   2938
     126    2923       0       0       0                        01010500D   2939
     126       0       0      11       0                               0D   2940
     100    2934       0       0       0                        01010000D   2941
     100       0       0       1       0                               0D   2942
     126    2935       0       0       0                        01010500D   2943
     126       0       0       2       0                               0D   2944
     110    2937       0       0       0                        01010000D   2945
     110       0       0       1       0                               0D   2946
     126    2938       0       0       0                        01010500D   2947
     126       0       0      11       0                               0D   2948
     100    2949       0       0       0                        01010000D   2949
     100       0       0       1       0                               0D   2950
     126    2950       0       0       0                        01010500D   2951
     126       0       0       2       0                               0D   2952
     110    2952       0       0       0                        01010000D   2953
     110       0       0       1       0                               0D   2954
     102    2953       0       0       0                        01010500D   2955
     102       0       0       1       0                               0D   2956
     102    2954       0       0       0                        01010000D   2957
     102       0       0       1       0                               0D   2958
     142    2955       0       0       0                        00010500D   2959
     142       0       0       1       0                               0D   2960
     126    2956       0       0       0                        01010500D   2961
     126       0       0      11       0                               0D   2962
     124    2967       0       0       0                        00000000D   2963
     124       0       0       4       0                               0D   2964
     100    2971       0       0       0            2963        01010000D   2965
     100       0       0       1       0                               0D   2966
     126    2972       0       0       0                        01010500D   2967
     126       0       0      11       0                               0D   2968
     124    2983       0       0       0                        00000000D   2969
     124       0       0       4       0                               0D   2970
     100    2987       0       0       0            2969        01010000D   2971
     100       0       0       1       0                               0D   2972
     102    2988       0       0       0                        01010500D   2973
     102       0       0       1       0                               0D   2974
     102    2989       0       0       0                        01010000D   2975
     102       0       0       1       0                               0D   2976
     142    2990       0       0       0                        00010500D   2977
     142       0       0       1       0                               0D   2978
     126    2991       0       0       0                        01010500D   2979
     126       0       0      12       0                               0D   2980
     124    3003       0       0       0                        00000000D   2981
     124       0       0       4       0                               0D   2982
     100    3007       0       0       0            2981        01010000D   2983
     100       0       0       1       0                               0D   2984
     126    3008       0       0       0                        01010500D   2985
     126       0       0      11       0                               0D   2986
     124    3019       0       0       0                        00000000D   2987
     124       0       0       4       0                               0D   2988
     100    3023       0       0       0            2987        01010000D   2989
     100       0       0       1       0                               0D   2990
     102    3024       0       0       0                        01010500D   2991
     102       0       0       1       0                               0D   2992
     102    3025       0       0       0                        01010000D   2993
     102       0       0       1       0                               0D   2994
     142    3026       0       0       0                        00010500D   2995
     142       0       0       1       0                               0D   2996
     126    3027       0       0       0                        01010500D   2997
     126       0       0      12       0                               0D   2998
     124    3039       0       0       0                        00000000D   2999
     124       0       0       4       0                               0D   3000
     100    3043       0       0       0            2999        01010000D   3001
     100       0       0       1       0                               0D   3002
     126    3044       0       0       0                        01010500D   3003
     126       0       0      11       0                               0D   3004
     124    3055       0       0       0                        00000000D   3005
     124       0       0       4       0                               0D   3006
     100    3059       0       0       0            3005        01010000D   3007
     100       0       0       1       0                               0D   3008
     102    3060       0       0       0                        01010500D   3009
     102       0       0       1       0                               0D   3010
     102    3061       0       0       0                        01010000D   3011
     102       0       0       1       0                               0D   3012
     142    3062       0       0       0                        00010500D   3013
     142       0       0       1       0                               0D   3014
     126    3063       0       0       0                        01010500D   3015
     126       0       0      11       0                               0D   3016
     124    3074       0       0       0                        00000000D   3017
     124       0       0       3       0                               0D   3018
     100    3077       0       0       0            3017        01010000D   3019
     100       0       0       1       0                               0D   3020
     126    3078       0       0       0                        01010500D   3021
     126       0       0      11       0                               0D   3022
     124    3089       0       0       0                        00000000D   3023
     124       0       0       5       0                               0D   3024
     100    3094       0       0       0            3023        01010000D   3025
     100       0       0       1       0                               0D   3026
     102    3095       0       0       0                        01010500D   3027
     102       0       0       1       0                               0D   3028
     102    3096       0       0       0                        01010000D   3029
     102       0       0       1       0                               0D   3030
     142    3097       0       0       0                        00010500D   3031
     142       0       0       1       0                               0D   3032
     126    3098       0       0       0                        01010500D   3033
     126       0       0      12       0                               0D   3034
     124    3110       0       0       0                        00000000D   3035
     124       0       0       4       0                               0D   3036
     100    3114       0       0       0            3035        01010000D   3037
     100       0       0       1       0                               0D   3038
     126    3115       0       0       0                        01010500D   3039
     126       0       0      11       0                               0D   3040
     124    3126       0       0       0                        00000000D   3041
     124       0       0       4       0                               0D   3042
     100    3130       0       0       0            3041        01010000D   3043
     100       0       0       1       0                               0D   3044
     102    3131       0       0       0                        01010500D   3045
     102       0       0       1       0                               0D   3046
     102    3132       0       0       0                        01010000D   3047
     102       0       0       1       0                               0D   3048
     142    3133       0       0       0                        00010500D   3049
     142       0       0       1       0                               0D   3050
     126    3134       0       0       0                        01010500D   3051
     126       0       0      11       0                               0D   3052
     124    3145       0       0       0                        00000000D   3053
     124       0       0       4       0                               0D   3054
     100    3149       0       0       0            3053        01010000D   3055
     100       0       0       1       0                               0D   3056
     126    3150       0       0       0                        01010500D   3057
     126       0       0      11       0                               0D   3058
     124    3161       0       0       0                        00000000D   3059
     124       0       0       4       0                               0D   3060
     100    3165       0       0       0            3059        01010000D   3061
     100       0       0       1       0                               0D   3062
     102    3166       0       0       0                        01010500D   3063
     102       0       0       1       0                               0D   3064
     102    3167       0       0       0                        01010000D   3065
     102       0       0       1       0                               0D   3066
     142    3168       0       0       0                        00010500D   3067
     142       0       0       1       0                               0D   3068
     126    3169       0       0       0                        01010500D   3069
     126       0       0      11       0                               0D   3070
     124    3180       0       0       0                        00000000D   3071
     124       0       0       4       0                               0D   3072
     100    3184       0       0       0            3071        01010000D   3073
     100       0       0       1       0                               0D   3074
     126    3185       0       0       0                        01010500D   3075
     126       0       0      12       0                               0D   3076
     124    3197       0       0       0                        00000000D   3077
     124       0       0       4       0                               0D   3078
     100    3201       0       0       0            3077        01010000D   3079
     100       0       0       1       0                               0D   3080
     102    3202       0       0       0                        01010500D   3081
     102       0       0       1       0                               0D   3082
     102    3203       0       0       0                        01010000D   3083
     102       0       0       1       0                               0D   3084
     142    3204       0       0       0                        00010500D   3085
     142       0       0       1       0                               0D   3086
     126    3205       0       0       0                        01010500D   3087
     126       0       0      11       0                               0D   3088
     124    3216       0       0       0                        00000000D   3089
     124       0       0       3       0                               0D   3090
     100    3219       0       0       0            3089        01010000D   3091
     100       0       0       1       0                               0D   3092
     126    3220       0       0       0                        01010500D   3093
     126       0       0      11       0                               0D   3094
     124    3231       0       0       0                        00000000D   3095
     124       0       0       5       0                               0D   3096
     100    3236       0       0       0            3095        01010000D   3097
     100       0       0       1       0                               0D   3098
     102    3237       0       0       0                        01010500D   3099
     102       0       0       1       0                               0D   3100
     102    3238       0       0       0                        01010000D   3101
     102       0       0       1       0                               0D   3102
     142    3239       0       0       0                        00010500D   3103
     142       0       0       1       0                               0D   3104
     126    3240       0       0       0                        01010500D   3105
     126       0       0      11       0                               0D   3106
     124    3251       0       0       0                        00000000D   3107
     124       0       0       4       0                               0D   3108
     100    3255       0       0       0            3107        01010000D   3109
     100       0       0       1       0                               0D   3110
     126    3256       0       0       0                        01010500D   3111
     126       0       0      12       0                               0D   3112
     124    3268       0       0       0                        00000000D   3113
     124       0       0       4       0                               0D   3114
     100    3272       0       0       0            3113        01010000D   3115
     100       0       0       1       0                               0D   3116
     102    3273       0       0       0                        01010500D   3117
     102       0       0       1       0                               0D   3118
     102    3274       0       0       0                        01010000D   3119
     102       0       0       1       0                               0D   3120
     142    3275       0       0       0                        00010500D   3121
     142       0       0       1       0                               0D   3122
     126    3276       0       0       0                        01010500D   3123
     126       0       0      11       0                               0D   3124
     124    3287       0       0       0                        00000000D   3125
     124       0       0       4       0                               0D   3126
     100    3291       0       0       0            3125        01010000D   3127
     100       0       0       1       0                               0D   3128
     126    3292       0       0       0                        01010500D   3129
     126       0       0      12       0                               0D   3130
     124    3304       0       0       0                        00000000D   3131
     124       0       0       4       0                               0D   3132
     100    3308       0       0       0            3131        01010000D   3133
     100       0       0       1       0                               0D   3134
     102    3309       0       0       0                        01010500D   3135
     102       0       0       1       0                               0D   3136
     102    3310       0       0       0                        01010000D   3137
     102       0       0       1       0                               0D   3138
     142    3311       0       0       0                        00010500D   3139
     142       0       0       1       0                               0D   3140
     126    3312       0       0       0                        01010500D   3141
     126       0       0      12       0                               0D   3142
     124    3324       0       0       0                        00000000D   3143
     124       0       0       4       0                               0D   3144
     100    3328       0       0       0            3143        01010000D   3145
     100       0       0       1       0                               0D   3146
     126    3329       0       0       0                        01010500D   3147
     126       0       0      11       0                               0D   3148
     124    3340       0       0       0                        00000000D   3149
     124       0       0       4       0                               0D   3150
     100    3344       0       0       0            3149        01010000D   3151
     100       0       0       1       0                               0D   3152
     102    3345       0       0       0                        01010500D   3153
     102       0       0       1       0                               0D   3154
     102    3346       0       0       0                        01010000D   3155
     102       0       0       1       0                               0D   3156
     142    3347       0       0       0                        00010500D   3157
     142       0       0       1       0                               0D   3158
     126    3348       0       0       0                        01010500D   3159
     126       0       0      12       0                               0D   3160
     124    3360       0       0       0                        00000000D   3161
     124       0       0       4       0                               0D   3162
     100    3364       0       0       0            3161        01010000D   3163
     100       0       0       1       0                               0D   3164
     126    3365       0       0       0                        01010500D   3165
     126       0       0      12       0                               0D   3166
     124    3377       0       0       0                        00000000D   3167
     124       0       0       4       0                               0D   3168
     100    3381       0       0       0            3167        01010000D   3169
     100       0       0       1       0                               0D   3170
     102    3382       0       0       0                        01010500D   3171
     102       0       0       1       0                               0D   3172
     102    3383       0       0       0                        01010000D   3173
     102       0       0       1       0                               0D   3174
     142    3384       0       0       0                        00010500D   3175
     142       0       0       1       0                               0D   3176
     126    3385       0       0       0                        01010500D   3177
     126       0       0      12       0                               0D   3178
     124    3397       0       0       0                        00000000D   3179
     124       0       0       4       0                               0D   3180
     100    3401       0       0       0            3179        01010000D   3181
     100       0       0       1       0                               0D   3182
     126    3402       0       0       0                        01010500D   3183
     126       0       0      12       0                               0D   3184
     124    3414       0       0       0                        00000000D   3185
     124       0       0       4       0                               0D   3186
     100    3418       0       0       0            3185        01010000D   3187
     100       0       0       1       0                               0D   3188
     102    3419       0       0       0                        01010500D   3189
     102       0       0       1       0                               0D   3190
     102    3420       0       0       0                        01010000D   3191
     102       0       0       1       0                               0D   3192
     142    3421       0       0       0                        00010500D   3193
     142       0       0       1       0                               0D   3194
     126    3422       0       0       0                        01010500D   3195
     126       0       0      11       0                               0D   3196
     124    3433       0       0       0                        00000000D   3197
     124       0       0       4       0                               0D   3198
     100    3437       0       0       0            3197        01010000D   3199
     100       0       0       1       0                               0D   3200
     126    3438       0       0       0                        01010500D   3201
     126       0       0      11       0                               0D   3202
     124    3449       0       0       0                        00000000D   3203
     124       0       0       4       0                               0D   3204
     100    3453       0       0       0            3203        01010000D   3205
     100       0       0       1       0                               0D   3206
     102    3454       0       0       0                        01010500D   3207
     102       0       0       1       0                               0D   3208
     102    3455       0       0       0                        01010000D   3209
     102       0       0       1       0                               0D   3210
     142    3456       0       0       0                        00010500D   3211
     142       0       0       1       0                               0D   3212
     126    3457       0       0       0                        01010500D   3213
     126       0       0      11       0                               0D   3214
     124    3468       0       0       0                        00000000D   3215
     124       0       0       4       0                               0D   3216
     100    3472       0       0       0            3215        01010000D   3217
     100       0       0       1       0                               0D   3218
     126    3473       0       0       0                        01010500D   3219
     126       0       0      11       0                               0D   3220
     124    3484       0       0       0                        00000000D   3221
     124       0       0       4       0                               0D   3222
     100    3488       0       0       0            3221        01010000D   3223
     100       0       0       1       0                               0D   3224
     102    3489       0       0       0                        01010500D   3225
     102       0       0       1       0                               0D   3226
     102    3490       0       0       0                        01010000D   3227
     102       0       0       1       0                               0D   3228
     142    3491       0       0       0                        00010500D   3229
     142       0       0       1       0                               0D   3230
     126    3492       0       0       0                        01010500D   3231
     126       0       0      12       0                               0D   3232
     124    3504       0       0       0                        00000000D   3233
     124       0       0       4       0                               0D   3234
     100    3508       0       0       0            3233        01010000D   3235
     100       0       0       1       0                               0D   3236
     126    3509       0       0       0                        01010500D   3237
     126       0       0      12       0                               0D   3238
     124    3521       0       0       0                        00000000D   3239
     124       0       0       4       0                               0D   3240
     100    3525       0       0       0            3239        01010000D   3241
     100       0       0       1       0                               0D   3242
     102    3526       0       0       0                        01010500D   3243
     102       0       0       1       0                               0D   3244
     102    3527       0       0       0                        01010000D   3245
     102       0       0       1       0                               0D   3246
     142    3528       0       0       0                        00010500D   3247
     142       0       0       1       0                               0D   3248
     126    3529       0       0       0                        01010500D   3249
     126       0       0      12       0                               0D   3250
     124    3541       0       0       0                        00000000D   3251
     124       0       0       4       0                               0D   3252
     100    3545       0       0       0            3251        01010000D   3253
     100       0       0       1       0                               0D   3254
     126    3546       0       0       0                        01010500D   3255
     126       0       0      12       0                               0D   3256
     124    3558       0       0       0                        00000000D   3257
     124       0       0       4       0                               0D   3258
     100    3562       0       0       0            3257        01010000D   3259
     100       0       0       1       0                               0D   3260
     102    3563       0       0       0                        01010500D   3261
     102       0       0       1       0                               0D   3262
     102    3564       0       0       0                        01010000D   3263
     102       0       0       1       0                               0D   3264
     142    3565       0       0       0                        00010500D   3265
     142       0       0       1       0                               0D   3266
     126    3566       0       0       0                        01010500D   3267
     126       0       0      11       0                               0D   3268
     124    3577       0       0       0                        00000000D   3269
     124       0       0       4       0                               0D   3270
     100    3581       0       0       0            3269        01010000D   3271
     100       0       0       1       0                               0D   3272
     126    3582       0       0       0                        01010500D   3273
     126       0       0      12       0                               0D   3274
     124    3594       0       0       0                        00000000D   3275
     124       0       0       4       0                               0D   3276
     100    3598       0       0       0            3275        01010000D   3277
     100       0       0       1       0                               0D   3278
     102    3599       0       0       0                        01010500D   3279
     102       0       0       1       0                               0D   3280
     102    3600       0       0       0                        01010000D   3281
     102       0       0       1       0                               0D   3282
     142    3601       0       0       0                        00010500D   3283
     142       0       0       1       0                               0D   3284
     126    3602       0       0       0                        01010500D   3285
     126       0       0       4       0                               0D   3286
     100    3606       0       0       0                        01010000D   3287
     100       0       0       2       0                               0D   3288
     126    3608       0       0       0                        01010500D   3289
     126       0       0       2       0                               0D   3290
     110    3610       0       0       0                        01010000D   3291
     110       0       0       1       0                               0D   3292
     126    3611       0       0       0                        01010500D   3293
     126       0       0       4       0                               0D   3294
     100    3615       0       0       0                        01010000D   3295
     100       0       0       2       0                               0D   3296
     126    3617       0       0       0                        01010500D   3297
     126       0       0      11       0                               0D   3298
     124    3628       0       0       0                        00000000D   3299
     124       0       0       4       0                               0D   3300
     100    3632       0       0       0            3299        01010000D   3301
     100       0       0       2       0                               0D   3302
     126    3634       0       0       0                        01010500D   3303
     126       0       0       4       0                               0D   3304
     100    3638       0       0       0                        01010000D   3305
     100       0       0       2       0                               0D   3306
     126    3640       0       0       0                        01010500D   3307
     126       0       0       2       0                               0D   3308
     110    3642       0       0       0                        01010000D   3309
     110       0       0       1       0                               0D   3310
     126    3643       0       0       0                        01010500D   3311
     126       0       0       4       0                               0D   3312
     100    3647       0       0       0                        01010000D   3313
     100       0       0       2       0                               0D   3314
     126    3649       0       0       0                        01010500D   3315
     126       0       0      12       0                               0D   3316
     124    3661       0       0       0                        00000000D   3317
     124       0       0       4       0                               0D   3318
     100    3665       0       0       0            3317        01010000D   3319
     100       0       0       2       0                               0D   3320
     126    3667       0       0       0                        01010500D   3321
     126       0       0       4       0                               0D   3322
     124    3671       0       0       0                        00000000D   3323
     124       0       0       4       0                               0D   3324
     100    3675       0       0       0            3323        01010000D   3325
     100       0       0       2       0                               0D   3326
     126    3677       0       0       0                        01010500D   3327
     126       0       0       4       0                               0D   3328
     100    3681       0       0       0                        01010000D   3329
     100       0       0       2       0                               0D   3330
     126    3683       0       0       0                        01010500D   3331
     126       0       0       2       0                               0D   3332
     110    3685       0       0       0                        01010000D   3333
     110       0       0       1       0                               0D   3334
     126    3686       0       0       0                        01010500D   3335
     126       0       0       4       0                               0D   3336
     100    3690       0       0       0                        01010000D   3337
     100       0       0       2       0                               0D   3338
     126    3692       0       0       0                        01010500D   3339
     126       0       0       4       0                               0D   3340
     124    3696       0       0       0                        00000000D   3341
     124       0       0       4       0                               0D   3342
     100    3700       0       0       0            3341        01010000D   3343
     100       0       0       2       0                               0D   3344
     126    3702       0       0       0                        01010500D   3345
     126       0       0      12       0                               0D   3346
     124    3714       0       0       0                        00000000D   3347
     124       0       0       4       0                               0D   3348
     100    3718       0       0       0            3347        01010000D   3349
     100       0       0       2       0                               0D   3350
     126    3720       0       0       0                        01010500D   3351
     126       0       0       4       0                               0D   3352
     100    3724       0       0       0                        01010000D   3353
     100       0       0       2       0                               0D   3354
     126    3726       0       0       0                        01010500D   3355
     126       0       0       2       0                               0D   3356
     110    3728       0       0       0                        01010000D   3357
     110       0       0       1       0                               0D   3358
     126    3729       0       0       0                        01010500D   3359
     126       0       0       4       0                               0D   3360
     100    3733       0       0       0                        01010000D   3361
     100       0       0       2       0                               0D   3362
     126    3735       0       0       0                        01010500D   3363
     126       0       0      11       0                               0D   3364
     124    3746       0       0       0                        00000000D   3365
     124       0       0       4       0                               0D   3366
     100    3750       0       0       0            3365        01010000D   3367
     100       0       0       1       0                               0D   3368
     102    3751       0       0       0                        01010500D   3369
     102       0       0       2       0                               0D   3370
     102    3753       0       0       0                        01010000D   3371
     102       0       0       2       0                               0D   3372
     142    3755       0       0       0                        00010500D   3373
     142       0       0       1       0                               0D   3374
     144    3756       0       0       0                        00000000D   3375
     144       0      -1       2       0                               0D   3376
     110    3758       0       0       0                        01010000D   3377
     110       0       0       1       0                               0D   3378
     110    3759       0       0       0                        01010000D   3379
     110       0       0       1       0                               0D   3380
     120    3760       0       0       0                        01010000D   3381
     120       0       0       1       0                               0D   3382
     126    3761       0       0       0                        01010500D   3383
     126       0       0       2       0                               0D   3384
     124    3763       0       0       0                        00000000D   3385
     124       0       0       2       0                               0D   3386
     100    3765       0       0       0            3385        01010000D   3387
     100       0       0       1       0                               0D   3388
     126    3766       0       0       0                        01010500D   3389
     126       0       0       2       0                               0D   3390
     110    3768       0       0       0                        01010000D   3391
     110       0       0       1       0                               0D   3392
     126    3769       0       0       0                        01010500D   3393
     126       0       0       2       0                               0D   3394
     100    3771       0       0       0                        01010000D   3395
     100       0       0       1       0                               0D   3396
     126    3772       0       0       0                        01010500D   3397
     126       0       0       2       0                               0D   3398
     110    3774       0       0       0                        01010000D   3399
     110       0       0       1       0                               0D   3400
     102    3775       0       0       0                        01010500D   3401
     102       0       0       1       0                               0D   3402
     102    3776       0       0       0                        01010000D   3403
     102       0       0       1       0                               0D   3404
     142    3777       0       0       0                        00010500D   3405
     142       0       0       1       0                               0D   3406
     144    3778       0       0       0                        00000000D   3407
     144       0      -1       1       0                               0D   3408
     110    3779       0       0       0                        01010000D   3409
     110       0       0       1       0                               0D   3410
     110    3780       0       0       0                        01010000D   3411
     110       0       0       1       0                               0D   3412
     120    3781       0       0       0                        01010000D   3413
     120       0       0       1       0                               0D   3414
     126    3782       0       0       0                        01010500D   3415
     126       0       0       2       0                               0D   3416
     124    3784       0       0       0                        00000000D   3417
     124       0       0       4       0                               0D   3418
     100    3788       0       0       0            3417        01010000D   3419
     100       0       0       1       0                               0D   3420
     126    3789       0       0       0                        01010500D   3421
     126       0       0       2       0                               0D   3422
     110    3791       0       0       0                        01010000D   3423
     110       0       0       1       0                               0D   3424
     126    3792       0       0       0                        01010500D   3425
     126       0       0       2       0                               0D   3426
     100    3794       0       0       0                        01010000D   3427
     100       0       0       1       0                               0D   3428
     126    3795       0       0       0                        01010500D   3429
     126       0       0       2       0                               0D   3430
     110    3797       0       0       0                        01010000D   3431
     110       0       0       1       0                               0D   3432
     102    3798       0       0       0                        01010500D   3433
     102       0       0       1       0                               0D   3434
     102    3799       0       0       0                        01010000D   3435
     102       0       0       1       0                               0D   3436
     142    3800       0       0       0                        00010500D   3437
     142       0       0       1       0                               0D   3438
     144    3801       0       0       0                        00000000D   3439
     144       0      -1       1       0                               0D   3440
     110    3802       0       0       0                        01010000D   3441
     110       0       0       1       0                               0D   3442
     110    3803       0       0       0                        01010000D   3443
     110       0       0       1       0                               0D   3444
     120    3804       0       0       0                        01010000D   3445
     120       0       0       1       0                               0D   3446
     126    3805       0       0       0                        01010500D   3447
     126       0       0       2       0                               0D   3448
     124    3807       0       0       0                        00000000D   3449
     124       0       0       4       0                               0D   3450
     100    3811       0       0       0            3449        01010000D   3451
     100       0       0       1       0                               0D   3452
     126    3812       0       0       0                        01010500D   3453
     126       0       0       2       0                               0D   3454
     110    3814       0       0       0                        01010000D   3455
     110       0       0       1       0                               0D   3456
     126    3815       0       0       0                        01010500D   3457
     126       0       0       2       0                               0D   3458
     100    3817       0       0       0                        01010000D   3459
     100       0       0       1       0                               0D   3460
     126    3818       0       0       0                        01010500D   3461
     126       0       0       2       0                               0D   3462
     110    3820       0       0       0                        01010000D   3463
     110       0       0       1       0                               0D   3464
     102    3821       0       0       0                        01010500D   3465
     102       0       0       1       0                               0D   3466
     102    3822       0       0       0                        01010000D   3467
     102       0       0       1       0                               0D   3468
     142    3823       0       0       0                        00010500D   3469
     142       0       0       1       0                               0D   3470
     144    3824       0       0       0                        00000000D   3471
     144       0      -1       1       0                               0D   3472
     110    3825       0       0       0                        01010000D   3473
     110       0       0       1       0                               0D   3474
     110    3826       0       0       0                        01010000D   3475
     110       0       0       1       0                               0D   3476
     120    3827       0       0       0                        01010000D   3477
     120       0       0       1       0                               0D   3478
     126    3828       0       0       0                        01010500D   3479
     126       0       0       2       0                               0D   3480
     124    3830       0       0       0                        00000000D   3481
     124       0       0       4       0                               0D   3482
     100    3834       0       0       0            3481        01010000D   3483
     100       0       0       1       0                               0D   3484
     126    3835       0       0       0                        01010500D   3485
     126       0       0       2       0                               0D   3486
     110    3837       0       0       0                        01010000D   3487
     110       0       0       1       0                               0D   3488
     126    3838       0       0       0                        01010500D   3489
     126       0       0       2       0                               0D   3490
     100    3840       0       0       0                        01010000D   3491
     100       0       0       1       0                               0D   3492
     126    3841       0       0       0                        01010500D   3493
     126       0       0       2       0                               0D   3494
     110    3843       0       0       0                        01010000D   3495
     110       0       0       1       0                               0D   3496
     102    3844       0       0       0                        01010500D   3497
     102       0       0       1       0                               0D   3498
     102    3845       0       0       0                        01010000D   3499
     102       0       0       1       0                               0D   3500
     142    3846       0       0       0                        00010500D   3501
     142       0       0       1       0                               0D   3502
     144    3847       0       0       0                        00000000D   3503
     144       0      -1       1       0                               0D   3504
     110    3848       0       0       0                        01010000D   3505
     110       0       0       1       0                               0D   3506
     110    3849       0       0       0                        01010000D   3507
     110       0       0       1       0                               0D   3508
     120    3850       0       0       0                        01010000D   3509
     120       0       0       1       0                               0D   3510
     126    3851       0       0       0                        01010500D   3511
     126       0       0       2       0                               0D   3512
     100    3853       0       0       0                        01010000D   3513
     100       0       0       2       0                               0D   3514
     126    3855       0       0       0                        01010500D   3515
     126       0       0       2       0                               0D   3516
     110    3857       0       0       0                        01010000D   3517
     110       0       0       2       0                               0D   3518
     126    3859       0       0       0                        01010500D   3519
     126       0       0       2       0                               0D   3520
     124    3861       0       0       0                        00000000D   3521
     124       0       0       4       0                               0D   3522
     100    3865       0       0       0            3521        01010000D   3523
     100       0       0       2       0                               0D   3524
     126    3867       0       0       0                        01010500D   3525
     126       0       0       2       0                               0D   3526
     110    3869       0       0       0                        01010000D   3527
     110       0       0       1       0                               0D   3528
     102    3870       0       0       0                        01010500D   3529
     102       0       0       1       0                               0D   3530
     102    3871       0       0       0                        01010000D   3531
     102       0       0       1       0                               0D   3532
     142    3872       0       0       0                        00010500D   3533
     142       0       0       1       0                               0D   3534
     144    3873       0       0       0                        00000000D   3535
     144       0      -1       1       0                               0D   3536
     128    3874       0       0       0                        01010000D   3537
     128       0       0       3       0                               0D   3538
     126    3877       0       0       0                        01010500D   3539
     126       0       0       2       0                               0D   3540
     110    3879       0       0       0                        01010000D   3541
     110       0       0       1       0                               0D   3542
     126    3880       0       0       0                        01010500D   3543
     126       0       0       2       0                               0D   3544
     110    3882       0       0       0                        01010000D   3545
     110       0       0       1       0                               0D   3546
     126    3883       0       0       0                        01010500D   3547
     126       0       0       2       0                               0D   3548
     110    3885       0       0       0                        01010000D   3549
     110       0       0       1       0                               0D   3550
     126    3886       0       0       0                        01010500D   3551
     126       0       0       2       0                               0D   3552
     110    3888       0       0       0                        01010000D   3553
     110       0       0       1       0                               0D   3554
     102    3889       0       0       0                        01010500D   3555
     102       0       0       1       0                               0D   3556
     102    3890       0       0       0                        01010000D   3557
     102       0       0       1       0                               0D   3558
     142    3891       0       0       0                        00010500D   3559
     142       0       0       1       0                               0D   3560
     144    3892       0       0       0                        00000000D   3561
     144       0      -1       1       0                               0D   3562
     110    3893       0       0       0                        01010000D   3563
     110       0       0       1       0                               0D   3564
     110    3894       0       0       0                        01010000D   3565
     110       0       0       1       0                               0D   3566
     120    3895       0       0       0                        01010000D   3567
     120       0       0       1       0                               0D   3568
     126    3896       0       0       0                        01010500D   3569
     126       0       0       2       0                               0D   3570
     110    3898       0       0       0                        01010000D   3571
     110       0       0       2       0                               0D   3572
     126    3900       0       0       0                        01010500D   3573
     126       0       0       2       0                               0D   3574
     100    3902       0       0       0                        01010000D   3575
     100       0       0       2       0                               0D   3576
     126    3904       0       0       0                        01010500D   3577
     126       0       0       2       0                               0D   3578
     110    3906       0       0       0                        01010000D   3579
     110       0       0       2       0                               0D   3580
     126    3908       0       0       0                        01010500D   3581
     126       0       0       2       0                               0D   3582
     124    3910       0       0       0                        00000000D   3583
     124       0       0       4       0                               0D   3584
     100    3914       0       0       0            3583        01010000D   3585
     100       0       0       2       0                               0D   3586
     102    3916       0       0       0                        01010500D   3587
     102       0       0       1       0                               0D   3588
     102    3917       0       0       0                        01010000D   3589
     102       0       0       1       0                               0D   3590
     142    3918       0       0       0                        00010500D   3591
     142       0       0       1       0                               0D   3592
     144    3919       0       0       0                        00000000D   3593
     144       0      -1       1       0                               0D   3594
     128    3920       0       0       0                        01010000D   3595
     128       0       0       3       0                               0D   3596
     126    3923       0       0       0                        01010500D   3597
     126       0       0       2       0                               0D   3598
     110    3925       0       0       0                        01010000D   3599
     110       0       0       1       0                               0D   3600
     126    3926       0       0       0                        01010500D   3601
     126       0       0       2       0                               0D   3602
     110    3928       0       0       0                        01010000D   3603
     110       0       0       1       0                               0D   3604
     126    3929       0       0       0                        01010500D   3605
     126       0       0       2       0                               0D   3606
     110    3931       0       0       0                        01010000D   3607
     110       0       0       1       0                               0D   3608
     126    3932       0       0       0                        01010500D   3609
     126       0       0       2       0                               0D   3610
     110    3934       0       0       0                        01010000D   3611
     110       0       0       1       0                               0D   3612
     102    3935       0       0       0                        01010500D   3613
     102       0       0       1       0                               0D   3614
     102    3936       0       0       0                        01010000D   3615
     102       0       0       1       0                               0D   3616
     142    3937       0       0       0                        00010500D   3617
     142       0       0       1       0                               0D   3618
     144    3938       0       0       0                        00000000D   3619
     144       0      -1       1       0                               0D   3620
     110    3939       0       0       0                        01010000D   3621
     110       0       0       1       0                               0D   3622
     110    3940       0       0       0                        01010000D   3623
     110       0       0       1       0                               0D   3624
     120    3941       0       0       0                        01010000D   3625
     120       0       0       1       0                               0D   3626
     126    3942       0       0       0                        01010500D   3627
     126       0       0       2       0                               0D   3628
     110    3944       0       0       0                        01010000D   3629
     110       0       0       2       0                               0D   3630
     126    3946       0       0       0                        01010500D   3631
     126       0       0       2       0                               0D   3632
     100    3948       0       0       0                        01010000D   3633
     100       0       0       2       0                               0D   3634
     126    3950       0       0       0                        01010500D   3635
     126       0       0       2       0                               0D   3636
     110    3952       0       0       0                        01010000D   3637
     110       0       0       2       0                               0D   3638
     126    3954       0       0       0                        01010500D   3639
     126       0       0       2       0                               0D   3640
     124    3956       0       0       0                        00000000D   3641
     124       0       0       4       0                               0D   3642
     100    3960       0       0       0            3641        01010000D   3643
     100       0       0       1       0                               0D   3644
     102    3961       0       0       0                        01010500D   3645
     102       0       0       1       0                               0D   3646
     102    3962       0       0       0                        01010000D   3647
     102       0       0       1       0                               0D   3648
     142    3963       0       0       0                        00010500D   3649
     142       0       0       1       0                               0D   3650
     144    3964       0       0       0                        00000000D   3651
     144       0      -1       1       0                               0D   3652
     128    3965       0       0       0                        01010000D   3653
     128       0       0       3       0                               0D   3654
     126    3968       0       0       0                        01010500D   3655
     126       0       0       2       0                               0D   3656
     110    3970       0       0       0                        01010000D   3657
     110       0       0       1       0                               0D   3658
     126    3971       0       0       0                        01010500D   3659
     126       0       0       2       0                               0D   3660
     110    3973       0       0       0                        01010000D   3661
     110       0       0       1       0                               0D   3662
     126    3974       0       0       0                        01010500D   3663
     126       0       0       2       0                               0D   3664
     110    3976       0       0       0                        01010000D   3665
     110       0       0       1       0                               0D   3666
     126    3977       0       0       0                        01010500D   3667
     126       0       0       2       0                               0D   3668
     110    3979       0       0       0                        01010000D   3669
     110       0       0       1       0                               0D   3670
     102    3980       0       0       0                        01010500D   3671
     102       0       0       1       0                               0D   3672
     102    3981       0       0       0                        01010000D   3673
     102       0       0       1       0                               0D   3674
     142    3982       0       0       0                        00010500D   3675
     142       0       0       1       0                               0D   3676
     144    3983       0       0       0                        00000000D   3677
     144       0      -1       1       0                               0D   3678
     110    3984       0       0       0                        01010000D   3679
     110       0       0       1       0                               0D   3680
     110    3985       0       0       0                        01010000D   3681
     110       0       0       1       0                               0D   3682
     120    3986       0       0       0                        01010000D   3683
     120       0       0       1       0                               0D   3684
     126    3987       0       0       0                        01010500D   3685
     126       0       0       2       0                               0D   3686
     100    3989       0       0       0                        01010000D   3687
     100       0       0       2       0                               0D   3688
     126    3991       0       0       0                        01010500D   3689
     126       0       0       2       0                               0D   3690
     110    3993       0       0       0                        01010000D   3691
     110       0       0       2       0                               0D   3692
     126    3995       0       0       0                        01010500D   3693
     126       0       0       2       0                               0D   3694
     124    3997       0       0       0                        00000000D   3695
     124       0       0       4       0                               0D   3696
     100    4001       0       0       0            3695        01010000D   3697
     100       0       0       2       0                               0D   3698
     126    4003       0       0       0                        01010500D   3699
     126       0       0       2       0                               0D   3700
     110    4005       0       0       0                        01010000D   3701
     110       0       0       1       0                               0D   3702
     102    4006       0       0       0                        01010500D   3703
     102       0       0       1       0                               0D   3704
     102    4007       0       0       0                        01010000D   3705
     102       0       0       1       0                               0D   3706
     142    4008       0       0       0                        00010500D   3707
     142       0       0       1       0                               0D   3708
     144    4009       0       0       0                        00000000D   3709
     144       0      -1       1       0                               0D   3710
     128    4010       0       0       0                        01010000D   3711
     128       0       0       3       0                               0D   3712
     126    4013       0       0       0                        01010500D   3713
     126       0       0       2       0                               0D   3714
     110    4015       0       0       0                        01010000D   3715
     110       0       0       1       0                               0D   3716
     126    4016       0       0       0                        01010500D   3717
     126       0       0       2       0                               0D   3718
     110    4018       0       0       0                        01010000D   3719
     110       0       0       1       0                               0D   3720
     126    4019       0       0       0                        01010500D   3721
     126       0       0       2       0                               0D   3722
     110    4021       0       0       0                        01010000D   3723
     110       0       0       1       0                               0D   3724
     126    4022       0       0       0                        01010500D   3725
     126       0       0       2       0                               0D   3726
     110    4024       0       0       0                        01010000D   3727
     110       0       0       1       0                               0D   3728
     102    4025       0       0       0                        01010500D   3729
     102       0       0       1       0                               0D   3730
     102    4026       0       0       0                        01010000D   3731
     102       0       0       1       0                               0D   3732
     142    4027       0       0       0                        00010500D   3733
     142       0       0       1       0                               0D   3734
     144    4028       0       0       0                        00000000D   3735
     144       0      -1       1       0                               0D   3736
     128    4029       0       0       0                        01010000D   3737
     128       0       0       3       0                               0D   3738
     126    4032       0       0       0                        01010500D   3739
     126       0       0       2       0                               0D   3740
     110    4034       0       0       0                        01010000D   3741
     110       0       0       1       0                               0D   3742
     126    4035       0       0       0                        01010500D   3743
     126       0       0       4       0                               0D   3744
     100    4039       0       0       0                        01010000D   3745
     100       0       0       2       0                               0D   3746
     126    4041       0       0       0                        01010500D   3747
     126       0       0      12       0                               0D   3748
     124    4053       0       0       0                        00000000D   3749
     124       0       0       4       0                               0D   3750
     100    4057       0       0       0            3749        01010000D   3751
     100       0       0       2       0                               0D   3752
     126    4059       0       0       0                        01010500D   3753
     126       0       0       4       0                               0D   3754
     124    4063       0       0       0                        00000000D   3755
     124       0       0       4       0                               0D   3756
     100    4067       0       0       0            3755        01010000D   3757
     100       0       0       2       0                               0D   3758
     126    4069       0       0       0                        01010500D   3759
     126       0       0       4       0                               0D   3760
     100    4073       0       0       0                        01010000D   3761
     100       0       0       2       0                               0D   3762
     126    4075       0       0       0                        01010500D   3763
     126       0       0       2       0                               0D   3764
     110    4077       0       0       0                        01010000D   3765
     110       0       0       1       0                               0D   3766
     126    4078       0       0       0                        01010500D   3767
     126       0       0       4       0                               0D   3768
     100    4082       0       0       0                        01010000D   3769
     100       0       0       2       0                               0D   3770
     126    4084       0       0       0                        01010500D   3771
     126       0       0       4       0                               0D   3772
     124    4088       0       0       0                        00000000D   3773
     124       0       0       4       0                               0D   3774
     100    4092       0       0       0            3773        01010000D   3775
     100       0       0       2       0                               0D   3776
     126    4094       0       0       0                        01010500D   3777
     126       0       0      12       0                               0D   3778
     124    4106       0       0       0                        00000000D   3779
     124       0       0       4       0                               0D   3780
     100    4110       0       0       0            3779        01010000D   3781
     100       0       0       2       0                               0D   3782
     126    4112       0       0       0                        01010500D   3783
     126       0       0       4       0                               0D   3784
     100    4116       0       0       0                        01010000D   3785
     100       0       0       2       0                               0D   3786
     126    4118       0       0       0                        01010500D   3787
     126       0       0       2       0                               0D   3788
     110    4120       0       0       0                        01010000D   3789
     110       0       0       1       0                               0D   3790
     126    4121       0       0       0                        01010500D   3791
     126       0       0       4       0                               0D   3792
     100    4125       0       0       0                        01010000D   3793
     100       0       0       2       0                               0D   3794
     126    4127       0       0       0                        01010500D   3795
     126       0       0      12       0                               0D   3796
     124    4139       0       0       0                        00000000D   3797
     124       0       0       4       0                               0D   3798
     100    4143       0       0       0            3797        01010000D   3799
     100       0       0       1       0                               0D   3800
     126    4144       0       0       0                        01010500D   3801
     126       0       0       4       0                               0D   3802
     100    4148       0       0       0                        01010000D   3803
     100       0       0       2       0                               0D   3804
     126    4150       0       0       0                        01010500D   3805
     126       0       0       2       0                               0D   3806
     110    4152       0       0       0                        01010000D   3807
     110       0       0       1       0                               0D   3808
     126    4153       0       0       0                        01010500D   3809
     126       0       0       4       0                               0D   3810
     100    4157       0       0       0                        01010000D   3811
     100       0       0       2       0                               0D   3812
     126    4159       0       0       0                        01010500D   3813
     126       0       0      11       0                               0D   3814
     124    4170       0       0       0                        00000000D   3815
     124       0       0       4       0                               0D   3816
     100    4174       0       0       0            3815        01010000D   3817
     100       0       0       2       0                               0D   3818
     126    4176       0       0       0                        01010500D   3819
     126       0       0       4       0                               0D   3820
     100    4180       0       0       0                        01010000D   3821
     100       0       0       2       0                               0D   3822
     102    4182       0       0       0                        01010500D   3823
     102       0       0       2       0                               0D   3824
     102    4184       0       0       0                        01010000D   3825
     102       0       0       2       0                               0D   3826
     142    4186       0       0       0                        00010500D   3827
     142       0       0       1       0                               0D   3828
     144    4187       0       0       0                        00000000D   3829
     144       0      -1       1       0                               0D   3830
     110    4188       0       0       0                        01010000D   3831
     110       0       0       1       0                               0D   3832
     110    4189       0       0       0                        01010000D   3833
     110       0       0       1       0                               0D   3834
     120    4190       0       0       0                        01010000D   3835
     120       0       0       1       0                               0D   3836
     126    4191       0       0       0                        01010500D   3837
     126       0       0       2       0                               0D   3838
     124    4193       0       0       0                        00000000D   3839
     124       0       0       4       0                               0D   3840
     100    4197       0       0       0            3839        01010000D   3841
     100       0       0       1       0                               0D   3842
     126    4198       0       0       0                        01010500D   3843
     126       0       0       2       0                               0D   3844
     110    4200       0       0       0                        01010000D   3845
     110       0       0       1       0                               0D   3846
     126    4201       0       0       0                        01010500D   3847
     126       0       0       2       0                               0D   3848
     100    4203       0       0       0                        01010000D   3849
     100       0       0       1       0                               0D   3850
     126    4204       0       0       0                        01010500D   3851
     126       0       0       2       0                               0D   3852
     110    4206       0       0       0                        01010000D   3853
     110       0       0       1       0                               0D   3854
     102    4207       0       0       0                        01010500D   3855
     102       0       0       1       0                               0D   3856
     102    4208       0       0       0                        01010000D   3857
     102       0       0       1       0                               0D   3858
     142    4209       0       0       0                        00010500D   3859
     142       0       0       1       0                               0D   3860
     144    4210       0       0       0                        00000000D   3861
     144       0      -1       1       0                               0D   3862
     110    4211       0       0       0                        01010000D   3863
     110       0       0       1       0                               0D   3864
     110    4212       0       0       0                        01010000D   3865
     110       0       0       1       0                               0D   3866
     120    4213       0       0       0                        01010000D   3867
     120       0       0       1       0                               0D   3868
     126    4214       0       0       0                        01010500D   3869
     126       0       0       2       0                               0D   3870
     100    4216       0       0       0                        01010000D   3871
     100       0       0       1       0                               0D   3872
     126    4217       0       0       0                        01010500D   3873
     126       0       0       2       0                               0D   3874
     110    4219       0       0       0                        01010000D   3875
     110       0       0       1       0                               0D   3876
     126    4220       0       0       0                        01010500D   3877
     126       0       0       2       0                               0D   3878
     124    4222       0       0       0                        00000000D   3879
     124       0       0       4       0                               0D   3880
     100    4226       0       0       0            3879        01010000D   3881
     100       0       0       1       0                               0D   3882
     126    4227       0       0       0                        01010500D   3883
     126       0       0       2       0                               0D   3884
     110    4229       0       0       0                        01010000D   3885
     110       0       0       1       0                               0D   3886
     102    4230       0       0       0                        01010500D   3887
     102       0       0       1       0                               0D   3888
     102    4231       0       0       0                        01010000D   3889
     102       0       0       1       0                               0D   3890
     142    4232       0       0       0                        00010500D   3891
     142       0       0       1       0                               0D   3892
     144    4233       0       0       0                        00000000D   3893
     144       0      -1       1       0                               0D   3894
     110    4234       0       0       0                        01010000D   3895
     110       0       0       1       0                               0D   3896
     110    4235       0       0       0                        01010000D   3897
     110       0       0       1       0                               0D   3898
     120    4236       0       0       0                        01010000D   3899
     120       0       0       1       0                               0D   3900
     126    4237       0       0       0                        01010500D   3901
     126       0       0       2       0                               0D   3902
     100    4239       0       0       0                        01010000D   3903
     100       0       0       1       0                               0D   3904
     126    4240       0       0       0                        01010500D   3905
     126       0       0       2       0                               0D   3906
     110    4242       0       0       0                        01010000D   3907
     110       0       0       1       0                               0D   3908
     126    4243       0       0       0                        01010500D   3909
     126       0       0       2       0                               0D   3910
     124    4245       0       0       0                        00000000D   3911
     124       0       0       4       0                               0D   3912
     100    4249       0       0       0            3911        01010000D   3913
     100       0       0       1       0                               0D   3914
     126    4250       0       0       0                        01010500D   3915
     126       0       0       2       0                               0D   3916
     110    4252       0       0       0                        01010000D   3917
     110       0       0       1       0                               0D   3918
     102    4253       0       0       0                        01010500D   3919
     102       0       0       1       0                               0D   3920
     102    4254       0       0       0                        01010000D   3921
     102       0       0       1       0                               0D   3922
     142    4255       0       0       0                        00010500D   3923
     142       0       0       1       0                               0D   3924
     144    4256       0       0       0                        00000000D   3925
     144       0      -1       1       0                               0D   3926
     110    4257       0       0       0                        01010000D   3927
     110       0       0       1       0                               0D   3928
     110    4258       0       0       0                        01010000D   3929
     110       0       0       1       0                               0D   3930
     120    4259       0       0       0                        01010000D   3931
     120       0       0       1       0                               0D   3932
     126    4260       0       0       0                        01010500D   3933
     126       0       0       2       0                               0D   3934
     124    4262       0       0       0                        00000000D   3935
     124       0       0       4       0                               0D   3936
     100    4266       0       0       0            3935        01010000D   3937
     100       0       0       1       0                               0D   3938
     126    4267       0       0       0                        01010500D   3939
     126       0       0       2       0                               0D   3940
     110    4269       0       0       0                        01010000D   3941
     110       0       0       1       0                               0D   3942
     126    4270       0       0       0                        01010500D   3943
     126       0       0       2       0                               0D   3944
     100    4272       0       0       0                        01010000D   3945
     100       0       0       1       0                               0D   3946
     126    4273       0       0       0                        01010500D   3947
     126       0       0       2       0                               0D   3948
     110    4275       0       0       0                        01010000D   3949
     110       0       0       1       0                               0D   3950
     102    4276       0       0       0                        01010500D   3951
     102       0       0       1       0                               0D   3952
     102    4277       0       0       0                        01010000D   3953
     102       0       0       1       0                               0D   3954
     142    4278       0       0       0                        00010500D   3955
     142       0       0       1       0                               0D   3956
     144    4279       0       0       0                        00000000D   3957
     144       0      -1       1       0                               0D   3958
     110    4280       0       0       0                        01010000D   3959
     110       0       0       1       0                               0D   3960
     110    4281       0       0       0                        01010000D   3961
     110       0       0       1       0                               0D   3962
     120    4282       0       0       0                        01010000D   3963
     120       0       0       1       0                               0D   3964
     126    4283       0       0       0                        01010500D   3965
     126       0       0       2       0                               0D   3966
     100    4285       0       0       0                        01010000D   3967
     100       0       0       1       0                               0D   3968
     126    4286       0       0       0                        01010500D   3969
     126       0       0       2       0                               0D   3970
     110    4288       0       0       0                        01010000D   3971
     110       0       0       1       0                               0D   3972
     126    4289       0       0       0                        01010500D   3973
     126       0       0       2       0                               0D   3974
     124    4291       0       0       0                        00000000D   3975
     124       0       0       4       0                               0D   3976
     100    4295       0       0       0            3975        01010000D   3977
     100       0       0       1       0                               0D   3978
     126    4296       0       0       0                        01010500D   3979
     126       0       0       2       0                               0D   3980
     110    4298       0       0       0                        01010000D   3981
     110       0       0       1       0                               0D   3982
     102    4299       0       0       0                        01010500D   3983
     102       0       0       1       0                               0D   3984
     102    4300       0       0       0                        01010000D   3985
     102       0       0       1       0                               0D   3986
     142    4301       0       0       0                        00010500D   3987
     142       0       0       1       0                               0D   3988
     144    4302       0       0       0                        00000000D   3989
     144       0      -1       1       0                               0D   3990
     110    4303       0       0       0                        01010000D   3991
     110       0       0       1       0                               0D   3992
     110    4304       0       0       0                        01010000D   3993
     110       0       0       1       0                               0D   3994
     120    4305       0       0       0                        01010000D   3995
     120       0       0       1       0                               0D   3996
     126    4306       0       0       0                        01010500D   3997
     126       0       0       2       0                               0D   3998
     100    4308       0       0       0                        01010000D   3999
     100       0       0       1       0                               0D   4000
     126    4309       0       0       0                        01010500D   4001
     126       0       0       2       0                               0D   4002
     110    4311       0       0       0                        01010000D   4003
     110       0       0       1       0                               0D   4004
     126    4312       0       0       0                        01010500D   4005
     126       0       0       2       0                               0D   4006
     124    4314       0       0       0                        00000000D   4007
     124       0       0       4       0                               0D   4008
     100    4318       0       0       0            4007        01010000D   4009
     100       0       0       1       0                               0D   4010
     126    4319       0       0       0                        01010500D   4011
     126       0       0       2       0                               0D   4012
     110    4321       0       0       0                        01010000D   4013
     110       0       0       1       0                               0D   4014
     102    4322       0       0       0                        01010500D   4015
     102       0       0       1       0                               0D   4016
     102    4323       0       0       0                        01010000D   4017
     102       0       0       1       0                               0D   4018
     142    4324       0       0       0                        00010500D   4019
     142       0       0       1       0                               0D   4020
     144    4325       0       0       0                        00000000D   4021
     144       0      -1       1       0                               0D   4022
     110    4326       0       0       0                        01010000D   4023
     110       0       0       1       0                               0D   4024
     110    4327       0       0       0                        01010000D   4025
     110       0       0       1       0                               0D   4026
     120    4328       0       0       0                        01010000D   4027
     120       0       0       1       0                               0D   4028
     126    4329       0       0       0                        01010500D   4029
     126       0       0       2       0                               0D   4030
     124    4331       0       0       0                        00000000D   4031
     124       0       0       4       0                               0D   4032
     100    4335       0       0       0            4031        01010000D   4033
     100       0       0       1       0                               0D   4034
     126    4336       0       0       0                        01010500D   4035
     126       0       0       2       0                               0D   4036
     110    4338       0       0       0                        01010000D   4037
     110       0       0       1       0                               0D   4038
     126    4339       0       0       0                        01010500D   4039
     126       0       0       2       0                               0D   4040
     100    4341       0       0       0                        01010000D   4041
     100       0       0       1       0                               0D   4042
     126    4342       0       0       0                        01010500D   4043
     126       0       0       2       0                               0D   4044
     110    4344       0       0       0                        01010000D   4045
     110       0       0       1       0                               0D   4046
     102    4345       0       0       0                        01010500D   4047
     102       0       0       1       0                               0D   4048
     102    4346       0       0       0                        01010000D   4049
     102       0       0       1       0                               0D   4050
     142    4347       0       0       0                        00010500D   4051
     142       0       0       1       0                               0D   4052
     144    4348       0       0       0                        00000000D   4053
     144       0      -1       1       0                               0D   4054
     110    4349       0       0       0                        01010000D   4055
     110       0       0       1       0                               0D   4056
     110    4350       0       0       0                        01010000D   4057
     110       0       0       1       0                               0D   4058
     120    4351       0       0       0                        01010000D   4059
     120       0       0       1       0                               0D   4060
     126    4352       0       0       0                        01010500D   4061
     126       0       0       2       0                               0D   4062
     100    4354       0       0       0                        01010000D   4063
     100       0       0       1       0                               0D   4064
     126    4355       0       0       0                        01010500D   4065
     126       0       0       2       0                               0D   4066
     110    4357       0       0       0                        01010000D   4067
     110       0       0       1       0                               0D   4068
     126    4358       0       0       0                        01010500D   4069
     126       0       0       2       0                               0D   4070
     124    4360       0       0       0                        00000000D   4071
     124       0       0       4       0                               0D   4072
     100    4364       0       0       0            4071        01010000D   4073
     100       0       0       1       0                               0D   4074
     126    4365       0       0       0                        01010500D   4075
     126       0       0       2       0                               0D   4076
     110    4367       0       0       0                        01010000D   4077
     110       0       0       1       0                               0D   4078
     102    4368       0       0       0                        01010500D   4079
     102       0       0       1       0                               0D   4080
     102    4369       0       0       0                        01010000D   4081
     102       0       0       1       0                               0D   4082
     142    4370       0       0       0                        00010500D   4083
     142       0       0       1       0                               0D   4084
     144    4371       0       0       0                        00000000D   4085
     144       0      -1       1       0                               0D   4086
     110    4372       0       0       0                        01010000D   4087
     110       0       0       1       0                               0D   4088
     110    4373       0       0       0                        01010000D   4089
     110       0       0       1       0                               0D   4090
     120    4374       0       0       0                        01010000D   4091
     120       0       0       1       0                               0D   4092
     126    4375       0       0       0                        01010500D   4093
     126       0       0       2       0                               0D   4094
     100    4377       0       0       0                        01010000D   4095
     100       0       0       1       0                               0D   4096
     126    4378       0       0       0                        01010500D   4097
     126       0       0       2       0                               0D   4098
     110    4380       0       0       0                        01010000D   4099
     110       0       0       1       0                               0D   4100
     126    4381       0       0       0                        01010500D   4101
     126       0       0       2       0                               0D   4102
     124    4383       0       0       0                        00000000D   4103
     124       0       0       4       0                               0D   4104
     100    4387       0       0       0            4103        01010000D   4105
     100       0       0       1       0                               0D   4106
     126    4388       0       0       0                        01010500D   4107
     126       0       0       2       0                               0D   4108
     110    4390       0       0       0                        01010000D   4109
     110       0       0       1       0                               0D   4110
     102    4391       0       0       0                        01010500D   4111
     102       0       0       1       0                               0D   4112
     102    4392       0       0       0                        01010000D   4113
     102       0       0       1       0                               0D   4114
     142    4393       0       0       0                        00010500D   4115
     142       0       0       1       0                               0D   4116
     144    4394       0       0       0                        00000000D   4117
     144       0      -1       1       0                               0D   4118
     110    4395       0       0       0                        01010000D   4119
     110       0       0       1       0                               0D   4120
     110    4396       0       0       0                        01010000D   4121
     110       0       0       1       0                               0D   4122
     120    4397       0       0       0                        01010000D   4123
     120       0       0       1       0                               0D   4124
     126    4398       0       0       0                        01010500D   4125
     126       0       0       2       0                               0D   4126
     124    4400       0       0       0                        00000000D   4127
     124       0       0       4       0                               0D   4128
     100    4404       0       0       0            4127        01010000D   4129
     100       0       0       1       0                               0D   4130
     126    4405       0       0       0                        01010500D   4131
     126       0       0       2       0                               0D   4132
     110    4407       0       0       0                        01010000D   4133
     110       0       0       1       0                               0D   4134
     126    4408       0       0       0                        01010500D   4135
     126       0       0       2       0                               0D   4136
     100    4410       0       0       0                        01010000D   4137
     100       0       0       1       0                               0D   4138
     126    4411       0       0       0                        01010500D   4139
     126       0       0       2       0                               0D   4140
     110    4413       0       0       0                        01010000D   4141
     110       0       0       1       0                               0D   4142
     102    4414       0       0       0                        01010500D   4143
     102       0       0       1       0                               0D   4144
     102    4415       0       0       0                        01010000D   4145
     102       0       0       1       0                               0D   4146
     142    4416       0       0       0                        00010500D   4147
     142       0       0       1       0                               0D   4148
     144    4417       0       0       0                        00000000D   4149
     144       0      -1       1       0                               0D   4150
     110    4418       0       0       0                        01010000D   4151
     110       0       0       1       0                               0D   4152
     110    4419       0       0       0                        01010000D   4153
     110       0       0       1       0                               0D   4154
     120    4420       0       0       0                        01010000D   4155
     120       0       0       1       0                               0D   4156
     126    4421       0       0       0                        01010500D   4157
     126       0       0       2       0                               0D   4158
     100    4423       0       0       0                        01010000D   4159
     100       0       0       1       0                               0D   4160
     126    4424       0       0       0                        01010500D   4161
     126       0       0       2       0                               0D   4162
     110    4426       0       0       0                        01010000D   4163
     110       0       0       1       0                               0D   4164
     126    4427       0       0       0                        01010500D   4165
     126       0       0       2       0                               0D   4166
     124    4429       0       0       0                        00000000D   4167
     124       0       0       4       0                               0D   4168
     100    4433       0       0       0            4167        01010000D   4169
     100       0       0       1       0                               0D   4170
     126    4434       0       0       0                        01010500D   4171
     126       0       0       2       0                               0D   4172
     110    4436       0       0       0                        01010000D   4173
     110       0       0       1       0                               0D   4174
     102    4437       0       0       0                        01010500D   4175
     102       0       0       1       0                               0D   4176
     102    4438       0       0       0                        01010000D   4177
     102       0       0       1       0                               0D   4178
     142    4439       0       0       0                        00010500D   4179
     142       0       0       1       0                               0D   4180
     144    4440       0       0       0                        00000000D   4181
     144       0      -1       1       0                               0D   4182
     110    4441       0       0       0                        01010000D   4183
     110       0       0       1       0                               0D   4184
     110    4442       0       0       0                        01010000D   4185
     110       0       0       1       0                               0D   4186
     120    4443       0       0       0                        01010000D   4187
     120       0       0       1       0                               0D   4188
     126    4444       0       0       0                        01010500D   4189
     126       0       0       2       0                               0D   4190
     100    4446       0       0       0                        01010000D   4191
     100       0       0       1       0                               0D   4192
     126    4447       0       0       0                        01010500D   4193
     126       0       0       2       0                               0D   4194
     110    4449       0       0       0                        01010000D   4195
     110       0       0       1       0                               0D   4196
     126    4450       0       0       0                        01010500D   4197
     126       0       0       2       0                               0D   4198
     124    4452       0       0       0                        00000000D   4199
     124       0       0       4       0                               0D   4200
     100    4456       0       0       0            4199        01010000D   4201
     100       0       0       1       0                               0D   4202
     126    4457       0       0       0                        01010500D   4203
     126       0       0       2       0                               0D   4204
     110    4459       0       0       0                        01010000D   4205
     110       0       0       1       0                               0D   4206
     102    4460       0       0       0                        01010500D   4207
     102       0       0       1       0                               0D   4208
     102    4461       0       0       0                        01010000D   4209
     102       0       0       1       0                               0D   4210
     142    4462       0       0       0                        00010500D   4211
     142       0       0       1       0                               0D   4212
     144    4463       0       0       0                        00000000D   4213
     144       0      -1       1       0                               0D   4214
     110    4464       0       0       0                        01010000D   4215
     110       0       0       1       0                               0D   4216
     110    4465       0       0       0                        01010000D   4217
     110       0       0       1       0                               0D   4218
     120    4466       0       0       0                        01010000D   4219
     120       0       0       1       0                               0D   4220
     126    4467       0       0       0                        01010500D   4221
     126       0       0       2       0                               0D   4222
     124    4469       0       0       0                        00000000D   4223
     124       0       0       4       0                               0D   4224
     100    4473       0       0       0            4223        01010000D   4225
     100       0       0       1       0                               0D   4226
     126    4474       0       0       0                        01010500D   4227
     126       0       0       2       0                               0D   4228
     110    4476       0       0       0                        01010000D   4229
     110       0       0       1       0                               0D   4230
     126    4477       0       0       0                        01010500D   4231
     126       0       0       2       0                               0D   4232
     100    4479       0       0       0                        01010000D   4233
     100       0       0       1       0                               0D   4234
     126    4480       0       0       0                        01010500D   4235
     126       0       0       2       0                               0D   4236
     110    4482       0       0       0                        01010000D   4237
     110       0       0       1       0                               0D   4238
     102    4483       0       0       0                        01010500D   4239
     102       0       0       1       0                               0D   4240
     102    4484       0       0       0                        01010000D   4241
     102       0       0       1       0                               0D   4242
     142    4485       0       0       0                        00010500D   4243
     142       0       0       1       0                               0D   4244
     144    4486       0       0       0                        00000000D   4245
     144       0      -1       1       0                               0D   4246
     110    4487       0       0       0                        01010000D   4247
     110       0       0       1       0                               0D   4248
     110    4488       0       0       0                        01010000D   4249
     110       0       0       1       0                               0D   4250
     120    4489       0       0       0                        01010000D   4251
     120       0       0       1       0                               0D   4252
     126    4490       0       0       0                        01010500D   4253
     126       0       0       2       0                               0D   4254
     100    4492       0       0       0                        01010000D   4255
     100       0       0       1       0                               0D   4256
     126    4493       0       0       0                        01010500D   4257
     126       0       0       2       0                               0D   4258
     110    4495       0       0       0                        01010000D   4259
     110       0       0       1       0                               0D   4260
     126    4496       0       0       0                        01010500D   4261
     126       0       0       2       0                               0D   4262
     124    4498       0       0       0                        00000000D   4263
     124       0       0       4       0                               0D   4264
     100    4502       0       0       0            4263        01010000D   4265
     100       0       0       1       0                               0D   4266
     126    4503       0       0       0                        01010500D   4267
     126       0       0       2       0                               0D   4268
     110    4505       0       0       0                        01010000D   4269
     110       0       0       1       0                               0D   4270
     102    4506       0       0       0                        01010500D   4271
     102       0       0       1       0                               0D   4272
     102    4507       0       0       0                        01010000D   4273
     102       0       0       1       0                               0D   4274
     142    4508       0       0       0                        00010500D   4275
     142       0       0       1       0                               0D   4276
     144    4509       0       0       0                        00000000D   4277
     144       0      -1       1       0                               0D   4278
     110    4510       0       0       0                        01010000D   4279
     110       0       0       1       0                               0D   4280
     110    4511       0       0       0                        01010000D   4281
     110       0       0       1       0                               0D   4282
     120    4512       0       0       0                        01010000D   4283
     120       0       0       1       0                               0D   4284
     126    4513       0       0       0                        01010500D   4285
     126       0       0       2       0                               0D   4286
     100    4515       0       0       0                        01010000D   4287
     100       0       0       1       0                               0D   4288
     126    4516       0       0       0                        01010500D   4289
     126       0       0       2       0                               0D   4290
     110    4518       0       0       0                        01010000D   4291
     110       0       0       1       0                               0D   4292
     126    4519       0       0       0                        01010500D   4293
     126       0       0       2       0                               0D   4294
     124    4521       0       0       0                        00000000D   4295
     124       0       0       4       0                               0D   4296
     100    4525       0       0       0            4295        01010000D   4297
     100       0       0       1       0                               0D   4298
     126    4526       0       0       0                        01010500D   4299
     126       0       0       2       0                               0D   4300
     110    4528       0       0       0                        01010000D   4301
     110       0       0       1       0                               0D   4302
     102    4529       0       0       0                        01010500D   4303
     102       0       0       1       0                               0D   4304
     102    4530       0       0       0                        01010000D   4305
     102       0       0       1       0                               0D   4306
     142    4531       0       0       0                        00010500D   4307
     142       0       0       1       0                               0D   4308
     144    4532       0       0       0                        00000000D   4309
     144       0      -1       1       0                               0D   4310
     110    4533       0       0       0                        01010000D   4311
     110       0       0       1       0                               0D   4312
     110    4534       0       0       0                        01010000D   4313
     110       0       0       1       0                               0D   4314
     120    4535       0       0       0                        01010000D   4315
     120       0       0       1       0                               0D   4316
     126    4536       0       0       0                        01010500D   4317
     126       0       0       2       0                               0D   4318
     124    4538       0       0       0                        00000000D   4319
     124       0       0       4       0                               0D   4320
     100    4542       0       0       0            4319        01010000D   4321
     100       0       0       1       0                               0D   4322
     126    4543       0       0       0                        01010500D   4323
     126       0       0       2       0                               0D   4324
     110    4545       0       0       0                        01010000D   4325
     110       0       0       1       0                               0D   4326
     126    4546       0       0       0                        01010500D   4327
     126       0       0       2       0                               0D   4328
     100    4548       0       0       0                        01010000D   4329
     100       0       0       1       0                               0D   4330
     126    4549       0       0       0                        01010500D   4331
     126       0       0       2       0                               0D   4332
     110    4551       0       0       0                        01010000D   4333
     110       0       0       1       0                               0D   4334
     102    4552       0       0       0                        01010500D   4335
     102       0       0       1       0                               0D   4336
     102    4553       0       0       0                        01010000D   4337
     102       0       0       1       0                               0D   4338
     142    4554       0       0       0                        00010500D   4339
     142       0       0       1       0                               0D   4340
     144    4555       0       0       0                        00000000D   4341
     144       0      -1       1       0                               0D   4342
     110    4556       0       0       0                        01010000D   4343
     110       0       0       1       0                               0D   4344
     110    4557       0       0       0                        01010000D   4345
     110       0       0       1       0                               0D   4346
     120    4558       0       0       0                        01010000D   4347
     120       0       0       1       0                               0D   4348
     126    4559       0       0       0                        01010500D   4349
     126       0       0       2       0                               0D   4350
     100    4561       0       0       0                        01010000D   4351
     100       0       0       1       0                               0D   4352
     126    4562       0       0       0                        01010500D   4353
     126       0       0       2       0                               0D   4354
     110    4564       0       0       0                        01010000D   4355
     110       0       0       1       0                               0D   4356
     126    4565       0       0       0                        01010500D   4357
     126       0       0       2       0                               0D   4358
     124    4567       0       0       0                        00000000D   4359
     124       0       0       4       0                               0D   4360
     100    4571       0       0       0            4359        01010000D   4361
     100       0       0       1       0                               0D   4362
     126    4572       0       0       0                        01010500D   4363
     126       0       0       2       0                               0D   4364
     110    4574       0       0       0                        01010000D   4365
     110       0       0       1       0                               0D   4366
     102    4575       0       0       0                        01010500D   4367
     102       0       0       1       0                               0D   4368
     102    4576       0       0       0                        01010000D   4369
     102       0       0       1       0                               0D   4370
     142    4577       0       0       0                        00010500D   4371
     142       0       0       1       0                               0D   4372
     144    4578       0       0       0                        00000000D   4373
     144       0      -1       1       0                               0D   4374
     110    4579       0       0       0                        01010000D   4375
     110       0       0       1       0                               0D   4376
     110    4580       0       0       0                        01010000D   4377
     110       0       0       1       0                               0D   4378
     120    4581       0       0       0                        01010000D   4379
     120       0       0       1       0                               0D   4380
     126    4582       0       0       0                        01010500D   4381
     126       0       0       2       0                               0D   4382
     100    4584       0       0       0                        01010000D   4383
     100       0       0       1       0                               0D   4384
     126    4585       0       0       0                        01010500D   4385
     126       0       0       2       0                               0D   4386
     110    4587       0       0       0                        01010000D   4387
     110       0       0       1       0                               0D   4388
     126    4588       0       0       0                        01010500D   4389
     126       0       0       2       0                               0D   4390
     124    4590       0       0       0                        00000000D   4391
     124       0       0       4       0                               0D   4392
     100    4594       0       0       0            4391        01010000D   4393
     100       0       0       1       0                               0D   4394
     126    4595       0       0       0                        01010500D   4395
     126       0       0       2       0                               0D   4396
     110    4597       0       0       0                        01010000D   4397
     110       0       0       1       0                               0D   4398
     102    4598       0       0       0                        01010500D   4399
     102       0       0       1       0                               0D   4400
     102    4599       0       0       0                        01010000D   4401
     102       0       0       1       0                               0D   4402
     142    4600       0       0       0                        00010500D   4403
     142       0       0       1       0                               0D   4404
     144    4601       0       0       0                        00000000D   4405
     144       0      -1       1       0                               0D   4406
     110    4602       0       0       0                        01010000D   4407
     110       0       0       1       0                               0D   4408
     110    4603       0       0       0                        01010000D   4409
     110       0       0       1       0                               0D   4410
     120    4604       0       0       0                        01010000D   4411
     120       0       0       1       0                               0D   4412
     126    4605       0       0       0                        01010500D   4413
     126       0       0       2       0                               0D   4414
     124    4607       0       0       0                        00000000D   4415
     124       0       0       4       0                               0D   4416
     100    4611       0       0       0            4415        01010000D   4417
     100       0       0       1       0                               0D   4418
     126    4612       0       0       0                        01010500D   4419
     126       0       0       2       0                               0D   4420
     110    4614       0       0       0                        01010000D   4421
     110       0       0       1       0                               0D   4422
     126    4615       0       0       0                        01010500D   4423
     126       0       0       2       0                               0D   4424
     100    4617       0       0       0                        01010000D   4425
     100       0       0       1       0                               0D   4426
     126    4618       0       0       0                        01010500D   4427
     126       0       0       2       0                               0D   4428
     110    4620       0       0       0                        01010000D   4429
     110       0       0       1       0                               0D   4430
     102    4621       0       0       0                        01010500D   4431
     102       0       0       1       0                               0D   4432
     102    4622       0       0       0                        01010000D   4433
     102       0       0       1       0                               0D   4434
     142    4623       0       0       0                        00010500D   4435
     142       0       0       1       0                               0D   4436
     144    4624       0       0       0                        00000000D   4437
     144       0      -1       1       0                               0D   4438
     110    4625       0       0       0                        01010000D   4439
     110       0       0       1       0                               0D   4440
     110    4626       0       0       0                        01010000D   4441
     110       0       0       1       0                               0D   4442
     120    4627       0       0       0                        01010000D   4443
     120       0       0       1       0                               0D   4444
     126    4628       0       0       0                        01010500D   4445
     126       0       0       2       0                               0D   4446
     100    4630       0       0       0                        01010000D   4447
     100       0       0       1       0                               0D   4448
     126    4631       0       0       0                        01010500D   4449
     126       0       0       2       0                               0D   4450
     110    4633       0       0       0                        01010000D   4451
     110       0       0       1       0                               0D   4452
     126    4634       0       0       0                        01010500D   4453
     126       0       0       2       0                               0D   4454
     124    4636       0       0       0                        00000000D   4455
     124       0       0       4       0                               0D   4456
     100    4640       0       0       0            4455        01010000D   4457
     100       0       0       1       0                               0D   4458
     126    4641       0       0       0                        01010500D   4459
     126       0       0       2       0                               0D   4460
     110    4643       0       0       0                        01010000D   4461
     110       0       0       1       0                               0D   4462
     102    4644       0       0       0                        01010500D   4463
     102       0       0       1       0                               0D   4464
     102    4645       0       0       0                        01010000D   4465
     102       0       0       1       0                               0D   4466
     142    4646       0       0       0                        00010500D   4467
     142       0       0       1       0                               0D   4468
     144    4647       0       0       0                        00000000D   4469
     144       0      -1       1       0                               0D   4470
     110    4648       0       0       0                        01010000D   4471
     110       0       0       1       0                               0D   4472
     110    4649       0       0       0                        01010000D   4473
     110       0       0       1       0                               0D   4474
     120    4650       0       0       0                        01010000D   4475
     120       0       0       1       0                               0D   4476
     126    4651       0       0       0                        01010500D   4477
     126       0       0       2       0                               0D   4478
     100    4653       0       0       0                        01010000D   4479
     100       0       0       1       0                               0D   4480
     126    4654       0       0       0                        01010500D   4481
     126       0       0       2       0                               0D   4482
     110    4656       0       0       0                        01010000D   4483
     110       0       0       1       0                               0D   4484
     126    4657       0       0       0                        01010500D   4485
     126       0       0       2       0                               0D   4486
     124    4659       0       0       0                        00000000D   4487
     124       0       0       4       0                               0D   4488
     100    4663       0       0       0            4487        01010000D   4489
     100       0       0       1       0                               0D   4490
     126    4664       0       0       0                        01010500D   4491
     126       0       0       2       0                               0D   4492
     110    4666       0       0       0                        01010000D   4493
     110       0       0       1       0                               0D   4494
     102    4667       0       0       0                        01010500D   4495
     102       0       0       1       0                               0D   4496
     102    4668       0       0       0                        01010000D   4497
     102       0       0       1       0                               0D   4498
     142    4669       0       0       0                        00010500D   4499
     142       0       0       1       0                               0D   4500
     144    4670       0       0       0                        00000000D   4501
     144       0      -1       1       0                               0D   4502
     110    4671       0       0       0                        01010000D   4503
     110       0       0       1       0                               0D   4504
     110    4672       0       0       0                        01010000D   4505
     110       0       0       1       0                               0D   4506
     120    4673       0       0       0                        01010000D   4507
     120       0       0       1       0                               0D   4508
     126    4674       0       0       0                        01010500D   4509
     126       0       0       2       0                               0D   4510
     124    4676       0       0       0                        00000000D   4511
     124       0       0       4       0                               0D   4512
     100    4680       0       0       0            4511        01010000D   4513
     100       0       0       1       0                               0D   4514
     126    4681       0       0       0                        01010500D   4515
     126       0       0       2       0                               0D   4516
     110    4683       0       0       0                        01010000D   4517
     110       0       0       1       0                               0D   4518
     126    4684       0       0       0                        01010500D   4519
     126       0       0       2       0                               0D   4520
     100    4686       0       0       0                        01010000D   4521
     100       0       0       1       0                               0D   4522
     126    4687       0       0       0                        01010500D   4523
     126       0       0       2       0                               0D   4524
     110    4689       0       0       0                        01010000D   4525
     110       0       0       1       0                               0D   4526
     102    4690       0       0       0                        01010500D   4527
     102       0       0       1       0                               0D   4528
     102    4691       0       0       0                        01010000D   4529
     102       0       0       1       0                               0D   4530
     142    4692       0       0       0                        00010500D   4531
     142       0       0       1       0                               0D   4532
     144    4693       0       0       0                        00000000D   4533
     144       0      -1       1       0                               0D   4534
     110    4694       0       0       0                        01010000D   4535
     110       0       0       1       0                               0D   4536
     110    4695       0       0       0                        01010000D   4537
     110       0       0       1       0                               0D   4538
     120    4696       0       0       0                        01010000D   4539
     120       0       0       1       0                               0D   4540
     126    4697       0       0       0                        01010500D   4541
     126       0       0       2       0                               0D   4542
     100    4699       0       0       0                        01010000D   4543
     100       0       0       1       0                               0D   4544
     126    4700       0       0       0                        01010500D   4545
     126       0       0       2       0                               0D   4546
     110    4702       0       0       0                        01010000D   4547
     110       0       0       1       0                               0D   4548
     126    4703       0       0       0                        01010500D   4549
     126       0       0       2       0                               0D   4550
     124    4705       0       0       0                        00000000D   4551
     124       0       0       4       0                               0D   4552
     100    4709       0       0       0            4551        01010000D   4553
     100       0       0       1       0                               0D   4554
     126    4710       0       0       0                        01010500D   4555
     126       0       0       2       0                               0D   4556
     110    4712       0       0       0                        01010000D   4557
     110       0       0       1       0                               0D   4558
     102    4713       0       0       0                        01010500D   4559
     102       0       0       1       0                               0D   4560
     102    4714       0       0       0                        01010000D   4561
     102       0       0       1       0                               0D   4562
     142    4715       0       0       0                        00010500D   4563
     142       0       0       1       0                               0D   4564
     144    4716       0       0       0                        00000000D   4565
     144       0      -1       1       0                               0D   4566
     110    4717       0       0       0                        01010000D   4567
     110       0       0       1       0                               0D   4568
     110    4718       0       0       0                        01010000D   4569
     110       0       0       1       0                               0D   4570
     120    4719       0       0       0                        01010000D   4571
     120       0       0       1       0                               0D   4572
     126    4720       0       0       0                        01010500D   4573
     126       0       0       2       0                               0D   4574
     100    4722       0       0       0                        01010000D   4575
     100       0       0       1       0                               0D   4576
     126    4723       0       0       0                        01010500D   4577
     126       0       0       2       0                               0D   4578
     110    4725       0       0       0                        01010000D   4579
     110       0       0       1       0                               0D   4580
     126    4726       0       0       0                        01010500D   4581
     126       0       0       2       0                               0D   4582
     124    4728       0       0       0                        00000000D   4583
     124       0       0       4       0                               0D   4584
     100    4732       0       0       0            4583        01010000D   4585
     100       0       0       1       0                               0D   4586
     126    4733       0       0       0                        01010500D   4587
     126       0       0       2       0                               0D   4588
     110    4735       0       0       0                        01010000D   4589
     110       0       0       1       0                               0D   4590
     102    4736       0       0       0                        01010500D   4591
     102       0       0       1       0                               0D   4592
     102    4737       0       0       0                        01010000D   4593
     102       0       0       1       0                               0D   4594
     142    4738       0       0       0                        00010500D   4595
     142       0       0       1       0                               0D   4596
     144    4739       0       0       0                        00000000D   4597
     144       0      -1       1       0                               0D   4598
     110    4740       0       0       0                        01010000D   4599
     110       0       0       1       0                               0D   4600
     110    4741       0       0       0                        01010000D   4601
     110       0       0       1       0                               0D   4602
     120    4742       0       0       0                        01010000D   4603
     120       0       0       1       0                               0D   4604
     126    4743       0       0       0                        01010500D   4605
     126       0       0       2       0                               0D   4606
     124    4745       0       0       0                        00000000D   4607
     124       0       0       4       0                               0D   4608
     100    4749       0       0       0            4607        01010000D   4609
     100       0       0       1       0                               0D   4610
     126    4750       0       0       0                        01010500D   4611
     126       0       0       2       0                               0D   4612
     110    4752       0       0       0                        01010000D   4613
     110       0       0       1       0                               0D   4614
     126    4753       0       0       0                        01010500D   4615
     126       0       0       2       0                               0D   4616
     100    4755       0       0       0                        01010000D   4617
     100       0       0       1       0                               0D   4618
     126    4756       0       0       0                        01010500D   4619
     126       0       0       2       0                               0D   4620
     110    4758       0       0       0                        01010000D   4621
     110       0       0       1       0                               0D   4622
     102    4759       0       0       0                        01010500D   4623
     102       0       0       1       0                               0D   4624
     102    4760       0       0       0                        01010000D   4625
     102       0       0       1       0                               0D   4626
     142    4761       0       0       0                        00010500D   4627
     142       0       0       1       0                               0D   4628
     144    4762       0       0       0                        00000000D   4629
     144       0      -1       1       0                               0D   4630
     110    4763       0       0       0                        01010000D   4631
     110       0       0       1       0                               0D   4632
     110    4764       0       0       0                        01010000D   4633
     110       0       0       1       0                               0D   4634
     120    4765       0       0       0                        01010000D   4635
     120       0       0       1       0                               0D   4636
     126    4766       0       0       0                        01010500D   4637
     126       0       0       2       0                               0D   4638
     100    4768       0       0       0                        01010000D   4639
     100       0       0       1       0                               0D   4640
     126    4769       0       0       0                        01010500D   4641
     126       0       0       2       0                               0D   4642
     110    4771       0       0       0                        01010000D   4643
     110       0       0       1       0                               0D   4644
     126    4772       0       0       0                        01010500D   4645
     126       0       0       2       0                               0D   4646
     124    4774       0       0       0                        00000000D   4647
     124       0       0       4       0                               0D   4648
     100    4778       0       0       0            4647        01010000D   4649
     100       0       0       1       0                               0D   4650
     126    4779       0       0       0                        01010500D   4651
     126       0       0       2       0                               0D   4652
     110    4781       0       0       0                        01010000D   4653
     110       0       0       1       0                               0D   4654
     102    4782       0       0       0                        01010500D   4655
     102       0       0       1       0                               0D   4656
     102    4783       0       0       0                        01010000D   4657
     102       0       0       1       0                               0D   4658
     142    4784       0       0       0                        00010500D   4659
     142       0       0       1       0                               0D   4660
     144    4785       0       0       0                        00000000D   4661
     144       0      -1       1       0                               0D   4662
     110    4786       0       0       0                        01010000D   4663
     110       0       0       1       0                               0D   4664
     110    4787       0       0       0                        01010000D   4665
     110       0       0       1       0                               0D   4666
     120    4788       0       0       0                        01010000D   4667
     120       0       0       1       0                               0D   4668
     126    4789       0       0       0                        01010500D   4669
     126       0       0       2       0                               0D   4670
     100    4791       0       0       0                        01010000D   4671
     100       0       0       1       0                               0D   4672
     126    4792       0       0       0                        01010500D   4673
     126       0       0       2       0                               0D   4674
     110    4794       0       0       0                        01010000D   4675
     110       0       0       1       0                               0D   4676
     126    4795       0       0       0                        01010500D   4677
     126       0       0       2       0                               0D   4678
     124    4797       0       0       0                        00000000D   4679
     124       0       0       4       0                               0D   4680
     100    4801       0       0       0            4679        01010000D   4681
     100       0       0       1       0                               0D   4682
     126    4802       0       0       0                        01010500D   4683
     126       0       0       2       0                               0D   4684
     110    4804       0       0       0                        01010000D   4685
     110       0       0       1       0                               0D   4686
     102    4805       0       0       0                        01010500D   4687
     102       0       0       1       0                               0D   4688
     102    4806       0       0       0                        01010000D   4689
     102       0       0       1       0                               0D   4690
     142    4807       0       0       0                        00010500D   4691
     142       0       0       1       0                               0D   4692
     144    4808       0       0       0                        00000000D   4693
     144       0      -1       1       0                               0D   4694
     110    4809       0       0       0                        01010000D   4695
     110       0       0       1       0                               0D   4696
     110    4810       0       0       0                        01010000D   4697
     110       0       0       1       0                               0D   4698
     120    4811       0       0       0                        01010000D   4699
     120       0       0       1       0                               0D   4700
     126    4812       0       0       0                        01010500D   4701
     126       0       0       2       0                               0D   4702
     124    4814       0       0       0                        00000000D   4703
     124       0       0       4       0                               0D   4704
     100    4818       0       0       0            4703        01010000D   4705
     100       0       0       1       0                               0D   4706
     126    4819       0       0       0                        01010500D   4707
     126       0       0       2       0                               0D   4708
     110    4821       0       0       0                        01010000D   4709
     110       0       0       1       0                               0D   4710
     126    4822       0       0       0                        01010500D   4711
     126       0       0       2       0                               0D   4712
     100    4824       0       0       0                        01010000D   4713
     100       0       0       1       0                               0D   4714
     126    4825       0       0       0                        01010500D   4715
     126       0       0       2       0                               0D   4716
     110    4827       0       0       0                        01010000D   4717
     110       0       0       1       0                               0D   4718
     102    4828       0       0       0                        01010500D   4719
     102       0       0       1       0                               0D   4720
     102    4829       0       0       0                        01010000D   4721
     102       0       0       1       0                               0D   4722
     142    4830       0       0       0                        00010500D   4723
     142       0       0       1       0                               0D   4724
     144    4831       0       0       0                        00000000D   4725
     144       0      -1       1       0                               0D   4726
     110    4832       0       0       0                        01010000D   4727
     110       0       0       1       0                               0D   4728
     110    4833       0       0       0                        01010000D   4729
     110       0       0       1       0                               0D   4730
     120    4834       0       0       0                        01010000D   4731
     120       0       0       1       0                               0D   4732
     126    4835       0       0       0                        01010500D   4733
     126       0       0       2       0                               0D   4734
     100    4837       0       0       0                        01010000D   4735
     100       0       0       1       0                               0D   4736
     126    4838       0       0       0                        01010500D   4737
     126       0       0       2       0                               0D   4738
     110    4840       0       0       0                        01010000D   4739
     110       0       0       1       0                               0D   4740
     126    4841       0       0       0                        01010500D   4741
     126       0       0       2       0                               0D   4742
     124    4843       0       0       0                        00000000D   4743
     124       0       0       4       0                               0D   4744
     100    4847       0       0       0            4743        01010000D   4745
     100       0       0       1       0                               0D   4746
     126    4848       0       0       0                        01010500D   4747
     126       0       0       2       0                               0D   4748
     110    4850       0       0       0                        01010000D   4749
     110       0       0       1       0                               0D   4750
     102    4851       0       0       0                        01010500D   4751
     102       0       0       1       0                               0D   4752
     102    4852       0       0       0                        01010000D   4753
     102       0       0       1       0                               0D   4754
     142    4853       0       0       0                        00010500D   4755
     142       0       0       1       0                               0D   4756
     144    4854       0       0       0                        00000000D   4757
     144       0      -1       1       0                               0D   4758
     110    4855       0       0       0                        01010000D   4759
     110       0       0       1       0                               0D   4760
     110    4856       0       0       0                        01010000D   4761
     110       0       0       1       0                               0D   4762
     120    4857       0       0       0                        01010000D   4763
     120       0       0       1       0                               0D   4764
     126    4858       0       0       0                        01010500D   4765
     126       0       0       2       0                               0D   4766
     100    4860       0       0       0                        01010000D   4767
     100       0       0       1       0                               0D   4768
     126    4861       0       0       0                        01010500D   4769
     126       0       0       2       0                               0D   4770
     110    4863       0       0       0                        01010000D   4771
     110       0       0       1       0                               0D   4772
     126    4864       0       0       0                        01010500D   4773
     126       0       0       2       0                               0D   4774
     124    4866       0       0       0                        00000000D   4775
     124       0       0       4       0                               0D   4776
     100    4870       0       0       0            4775        01010000D   4777
     100       0       0       1       0                               0D   4778
     126    4871       0       0       0                        01010500D   4779
     126       0       0       2       0                               0D   4780
     110    4873       0       0       0                        01010000D   4781
     110       0       0       1       0                               0D   4782
     102    4874       0       0       0                        01010500D   4783
     102       0       0       1       0                               0D   4784
     102    4875       0       0       0                        01010000D   4785
     102       0       0       1       0                               0D   4786
     142    4876       0       0       0                        00010500D   4787
     142       0       0       1       0                               0D   4788
     144    4877       0       0       0                        00000000D   4789
     144       0      -1       1       0                               0D   4790
     110    4878       0       0       0                        01010000D   4791
     110       0       0       1       0                               0D   4792
     110    4879       0       0       0                        01010000D   4793
     110       0       0       1       0                               0D   4794
     120    4880       0       0       0                        01010000D   4795
     120       0       0       1       0                               0D   4796
     126    4881       0       0       0                        01010500D   4797
     126       0       0       2       0                               0D   4798
     124    4883       0       0       0                        00000000D   4799
     124       0       0       4       0                               0D   4800
     100    4887       0       0       0            4799        01010000D   4801
     100       0       0       1       0                               0D   4802
     126    4888       0       0       0                        01010500D   4803
     126       0       0       2       0                               0D   4804
     110    4890       0       0       0                        01010000D   4805
     110       0       0       1       0                               0D   4806
     126    4891       0       0       0                        01010500D   4807
     126       0       0       2       0                               0D   4808
     100    4893       0       0       0                        01010000D   4809
     100       0       0       1       0                               0D   4810
     126    4894       0       0       0                        01010500D   4811
     126       0       0       2       0                               0D   4812
     110    4896       0       0       0                        01010000D   4813
     110       0       0       1       0                               0D   4814
     102    4897       0       0       0                        01010500D   4815
     102       0       0       1       0                               0D   4816
     102    4898       0       0       0                        01010000D   4817
     102       0       0       1       0                               0D   4818
     142    4899       0       0       0                        00010500D   4819
     142       0       0       1       0                               0D   4820
     144    4900       0       0       0                        00000000D   4821
     144       0      -1       1       0                               0D   4822
     110    4901       0       0       0                        01010000D   4823
     110       0       0       1       0                               0D   4824
     110    4902       0       0       0                        01010000D   4825
     110       0       0       1       0                               0D   4826
     120    4903       0       0       0                        01010000D   4827
     120       0       0       1       0                               0D   4828
     126    4904       0       0       0                        01010500D   4829
     126       0       0       2       0                               0D   4830
     100    4906       0       0       0                        01010000D   4831
     100       0       0       1       0                               0D   4832
     126    4907       0       0       0                        01010500D   4833
     126       0       0       2       0                               0D   4834
     110    4909       0       0       0                        01010000D   4835
     110       0       0       1       0                               0D   4836
     126    4910       0       0       0                        01010500D   4837
     126       0       0       2       0                               0D   4838
     124    4912       0       0       0                        00000000D   4839
     124       0       0       4       0                               0D   4840
     100    4916       0       0       0            4839        01010000D   4841
     100       0       0       1       0                               0D   4842
     126    4917       0       0       0                        01010500D   4843
     126       0       0       2       0                               0D   4844
     110    4919       0       0       0                        01010000D   4845
     110       0       0       1       0                               0D   4846
     102    4920       0       0       0                        01010500D   4847
     102       0       0       1       0                               0D   4848
     102    4921       0       0       0                        01010000D   4849
     102       0       0       1       0                               0D   4850
     142    4922       0       0       0                        00010500D   4851
     142       0       0       1       0                               0D   4852
     144    4923       0       0       0                        00000000D   4853
     144       0      -1       1       0                               0D   4854
     110    4924       0       0       0                        01010000D   4855
     110       0       0       1       0                               0D   4856
     110    4925       0       0       0                        01010000D   4857
     110       0       0       1       0                               0D   4858
     120    4926       0       0       0                        01010000D   4859
     120       0       0       1       0                               0D   4860
     126    4927       0       0       0                        01010500D   4861
     126       0       0       2       0                               0D   4862
     100    4929       0       0       0                        01010000D   4863
     100       0       0       1       0                               0D   4864
     126    4930       0       0       0                        01010500D   4865
     126       0       0       2       0                               0D   4866
     110    4932       0       0       0                        01010000D   4867
     110       0       0       1       0                               0D   4868
     126    4933       0       0       0                        01010500D   4869
     126       0       0       2       0                               0D   4870
     124    4935       0       0       0                        00000000D   4871
     124       0       0       5       0                               0D   4872
     100    4940       0       0       0            4871        01010000D   4873
     100       0       0       1       0                               0D   4874
     126    4941       0       0       0                        01010500D   4875
     126       0       0       2       0                               0D   4876
     110    4943       0       0       0                        01010000D   4877
     110       0       0       1       0                               0D   4878
     102    4944       0       0       0                        01010500D   4879
     102       0       0       1       0                               0D   4880
     102    4945       0       0       0                        01010000D   4881
     102       0       0       1       0                               0D   4882
     142    4946       0       0       0                        00010500D   4883
     142       0       0       1       0                               0D   4884
     144    4947       0       0       0                        00000000D   4885
     144       0      -1       1       0                               0D   4886
     110    4948       0       0       0                        01010000D   4887
     110       0       0       1       0                               0D   4888
     110    4949       0       0       0                        01010000D   4889
     110       0       0       1       0                               0D   4890
     120    4950       0       0       0                        01010000D   4891
     120       0       0       1       0                               0D   4892
     126    4951       0       0       0                        01010500D   4893
     126       0       0       2       0                               0D   4894
     124    4953       0       0       0                        00000000D   4895
     124       0       0       4       0                               0D   4896
     100    4957       0       0       0            4895        01010000D   4897
     100       0       0       1       0                               0D   4898
     126    4958       0       0       0                        01010500D   4899
     126       0       0       2       0                               0D   4900
     110    4960       0       0       0                        01010000D   4901
     110       0       0       1       0                               0D   4902
     126    4961       0       0       0                        01010500D   4903
     126       0       0       2       0                               0D   4904
     100    4963       0       0       0                        01010000D   4905
     100       0       0       1       0                               0D   4906
     126    4964       0       0       0                        01010500D   4907
     126       0       0       2       0                               0D   4908
     110    4966       0       0       0                        01010000D   4909
     110       0       0       1       0                               0D   4910
     102    4967       0       0       0                        01010500D   4911
     102       0       0       1       0                               0D   4912
     102    4968       0       0       0                        01010000D   4913
     102       0       0       1       0                               0D   4914
     142    4969       0       0       0                        00010500D   4915
     142       0       0       1       0                               0D   4916
     144    4970       0       0       0                        00000000D   4917
     144       0      -1       1       0                               0D   4918
     110    4971       0       0       0                        01010000D   4919
     110       0       0       1       0                               0D   4920
     110    4972       0       0       0                        01010000D   4921
     110       0       0       1       0                               0D   4922
     120    4973       0       0       0                        01010000D   4923
     120       0       0       1       0                               0D   4924
     126    4974       0       0       0                        01010500D   4925
     126       0       0       2       0                               0D   4926
     100    4976       0       0       0                        01010000D   4927
     100       0       0       1       0                               0D   4928
     126    4977       0       0       0                        01010500D   4929
     126       0       0       2       0                               0D   4930
     110    4979       0       0       0                        01010000D   4931
     110       0       0       1       0                               0D   4932
     126    4980       0       0       0                        01010500D   4933
     126       0       0       2       0                               0D   4934
     124    4982       0       0       0                        00000000D   4935
     124       0       0       4       0                               0D   4936
     100    4986       0       0       0            4935        01010000D   4937
     100       0       0       1       0                               0D   4938
     126    4987       0       0       0                        01010500D   4939
     126       0       0       2       0                               0D   4940
     110    4989       0       0       0                        01010000D   4941
     110       0       0       1       0                               0D   4942
     102    4990       0       0       0                        01010500D   4943
     102       0       0       1       0                               0D   4944
     102    4991       0       0       0                        01010000D   4945
     102       0       0       1       0                               0D   4946
     142    4992       0       0       0                        00010500D   4947
     142       0       0       1       0                               0D   4948
     144    4993       0       0       0                        00000000D   4949
     144       0      -1       1       0                               0D   4950
     110    4994       0       0       0                        01010000D   4951
     110       0       0       1       0                               0D   4952
     110    4995       0       0       0                        01010000D   4953
     110       0       0       1       0                               0D   4954
     120    4996       0       0       0                        01010000D   4955
     120       0       0       1       0                               0D   4956
     126    4997       0       0       0                        01010500D   4957
     126       0       0       2       0                               0D   4958
     100    4999       0       0       0                        01010000D   4959
     100       0       0       1       0                               0D   4960
     126    5000       0       0       0                        01010500D   4961
     126       0       0       2       0                               0D   4962
     110    5002       0       0       0                        01010000D   4963
     110       0       0       1       0                               0D   4964
     126    5003       0       0       0                        01010500D   4965
     126       0       0       2       0                               0D   4966
     124    5005       0       0       0                        00000000D   4967
     124       0       0       4       0                               0D   4968
     100    5009       0       0       0            4967        01010000D   4969
     100       0       0       1       0                               0D   4970
     126    5010       0       0       0                        01010500D   4971
     126       0       0       2       0                               0D   4972
     110    5012       0       0       0                        01010000D   4973
     110       0       0       1       0                               0D   4974
     102    5013       0       0       0                        01010500D   4975
     102       0       0       1       0                               0D   4976
     102    5014       0       0       0                        01010000D   4977
     102       0       0       1       0                               0D   4978
     142    5015       0       0       0                        00010500D   4979
     142       0       0       1       0                               0D   4980
     144    5016       0       0       0                        00000000D   4981
     144       0      -1       1       0                               0D   4982
     110    5017       0       0       0                        01010000D   4983
     110       0       0       1       0                               0D   4984
     110    5018       0       0       0                        01010000D   4985
     110       0       0       1       0                               0D   4986
     120    5019       0       0       0                        01010000D   4987
     120       0       0       1       0                               0D   4988
     126    5020       0       0       0                        01010500D   4989
     126       0       0       2       0                               0D   4990
     124    5022       0       0       0                        00000000D   4991
     124       0       0       4       0                               0D   4992
     100    5026       0       0       0            4991        01010000D   4993
     100       0       0       1       0                               0D   4994
     126    5027       0       0       0                        01010500D   4995
     126       0       0       2       0                               0D   4996
     110    5029       0       0       0                        01010000D   4997
     110       0       0       1       0                               0D   4998
     126    5030       0       0       0                        01010500D   4999
     126       0       0       2       0                               0D   5000
     100    5032       0       0       0                        01010000D   5001
     100       0       0       1       0                               0D   5002
     126    5033       0       0       0                        01010500D   5003
     126       0       0       2       0                               0D   5004
     110    5035       0       0       0                        01010000D   5005
     110       0       0       1       0                               0D   5006
     102    5036       0       0       0                        01010500D   5007
     102       0       0       1       0                               0D   5008
     102    5037       0       0       0                        01010000D   5009
     102       0       0       1       0                               0D   5010
     142    5038       0       0       0                        00010500D   5011
     142       0       0       1       0                               0D   5012
     144    5039       0       0       0                        00000000D   5013
     144       0      -1       1       0                               0D   5014
     110    5040       0       0       0                        01010000D   5015
     110       0       0       1       0                               0D   5016
     110    5041       0       0       0                        01010000D   5017
     110       0       0       1       0                               0D   5018
     120    5042       0       0       0                        01010000D   5019
     120       0       0       1       0                               0D   5020
     126    5043       0       0       0                        01010500D   5021
     126       0       0       2       0                               0D   5022
     100    5045       0       0       0                        01010000D   5023
     100       0       0       1       0                               0D   5024
     126    5046       0       0       0                        01010500D   5025
     126       0       0       2       0                               0D   5026
     110    5048       0       0       0                        01010000D   5027
     110       0       0       1       0                               0D   5028
     126    5049       0       0       0                        01010500D   5029
     126       0       0       2       0                               0D   5030
     124    5051       0       0       0                        00000000D   5031
     124       0       0       4       0                               0D   5032
     100    5055       0       0       0            5031        01010000D   5033
     100       0       0       1       0                               0D   5034
     126    5056       0       0       0                        01010500D   5035
     126       0       0       2       0                               0D   5036
     110    5058       0       0       0                        01010000D   5037
     110       0       0       1       0                               0D   5038
     102    5059       0       0       0                        01010500D   5039
     102       0       0       1       0                               0D   5040
     102    5060       0       0       0                        01010000D   5041
     102       0       0       1       0                               0D   5042
     142    5061       0       0       0                        00010500D   5043
     142       0       0       1       0                               0D   5044
     144    5062       0       0       0                        00000000D   5045
     144       0      -1       1       0                               0D   5046
     110    5063       0       0       0                        01010000D   5047
     110       0       0       1       0                               0D   5048
     110    5064       0       0       0                        01010000D   5049
     110       0       0       1       0                               0D   5050
     120    5065       0       0       0                        01010000D   5051
     120       0       0       1       0                               0D   5052
     126    5066       0       0       0                        01010500D   5053
     126       0       0       2       0                               0D   5054
     100    5068       0       0       0                        01010000D   5055
     100       0       0       1       0                               0D   5056
     126    5069       0       0       0                        01010500D   5057
     126       0       0       2       0                               0D   5058
     110    5071       0       0       0                        01010000D   5059
     110       0       0       1       0                               0D   5060
     126    5072       0       0       0                        01010500D   5061
     126       0       0       2       0                               0D   5062
     124    5074       0       0       0                        00000000D   5063
     124       0       0       4       0                               0D   5064
     100    5078       0       0       0            5063        01010000D   5065
     100       0       0       1       0                               0D   5066
     126    5079       0       0       0                        01010500D   5067
     126       0       0       2       0                               0D   5068
     110    5081       0       0       0                        01010000D   5069
     110       0       0       1       0                               0D   5070
     102    5082       0       0       0                        01010500D   5071
     102       0       0       1       0                               0D   5072
     102    5083       0       0       0                        01010000D   5073
     102       0       0       1       0                               0D   5074
     142    5084       0       0       0                        00010500D   5075
     142       0       0       1       0                               0D   5076
     144    5085       0       0       0                        00000000D   5077
     144       0      -1       1       0                               0D   5078
     110    5086       0       0       0                        01010000D   5079
     110       0       0       1       0                               0D   5080
     110    5087       0       0       0                        01010000D   5081
     110       0       0       1       0                               0D   5082
     120    5088       0       0       0                        01010000D   5083
     120       0       0       1       0                               0D   5084
     126    5089       0       0       0                        01010500D   5085
     126       0       0       2       0                               0D   5086
     124    5091       0       0       0                        00000000D   5087
     124       0       0       4       0                               0D   5088
     100    5095       0       0       0            5087        01010000D   5089
     100       0       0       1       0                               0D   5090
     126    5096       0       0       0                        01010500D   5091
     126       0       0       2       0                               0D   5092
     110    5098       0       0       0                        01010000D   5093
     110       0       0       1       0                               0D   5094
     126    5099       0       0       0                        01010500D   5095
     126       0       0       2       0                               0D   5096
     100    5101       0       0       0                        01010000D   5097
     100       0       0       1       0                               0D   5098
     126    5102       0       0       0                        01010500D   5099
     126       0       0       2       0                               0D   5100
     110    5104       0       0       0                        01010000D   5101
     110       0       0       1       0                               0D   5102
     102    5105       0       0       0                        01010500D   5103
     102       0       0       1       0                               0D   5104
     102    5106       0       0       0                        01010000D   5105
     102       0       0       1       0                               0D   5106
     142    5107       0       0       0                        00010500D   5107
     142       0       0       1       0                               0D   5108
     144    5108       0       0       0                        00000000D   5109
     144       0      -1       1       0                               0D   5110
     110    5109       0       0       0                        01010000D   5111
     110       0       0       1       0                               0D   5112
     110    5110       0       0       0                        01010000D   5113
     110       0       0       1       0                               0D   5114
     120    5111       0       0       0                        01010000D   5115
     120       0       0       1       0                               0D   5116
     126    5112       0       0       0                        01010500D   5117
     126       0       0       2       0                               0D   5118
     100    5114       0       0       0                        01010000D   5119
     100       0       0       1       0                               0D   5120
     126    5115       0       0       0                        01010500D   5121
     126       0       0       2       0                               0D   5122
     110    5117       0       0       0                        01010000D   5123
     110       0       0       1       0                               0D   5124
     126    5118       0       0       0                        01010500D   5125
     126       0       0       2       0                               0D   5126
     124    5120       0       0       0                        00000000D   5127
     124       0       0       4       0                               0D   5128
     100    5124       0       0       0            5127        01010000D   5129
     100       0       0       1       0                               0D   5130
     126    5125       0       0       0                        01010500D   5131
     126       0       0       2       0                               0D   5132
     110    5127       0       0       0                        01010000D   5133
     110       0       0       1       0                               0D   5134
     102    5128       0       0       0                        01010500D   5135
     102       0       0       1       0                               0D   5136
     102    5129       0       0       0                        01010000D   5137
     102       0       0       1       0                               0D   5138
     142    5130       0       0       0                        00010500D   5139
     142       0       0       1       0                               0D   5140
     144    5131       0       0       0                        00000000D   5141
     144       0      -1       1       0                               0D   5142
     110    5132       0       0       0                        01010000D   5143
     110       0       0       1       0                               0D   5144
     110    5133       0       0       0                        01010000D   5145
     110       0       0       1       0                               0D   5146
     120    5134       0       0       0                        01010000D   5147
     120       0       0       1       0                               0D   5148
     126    5135       0       0       0                        01010500D   5149
     126       0       0       2       0                               0D   5150
     100    5137       0       0       0                        01010000D   5151
     100       0       0       1       0                               0D   5152
     126    5138       0       0       0                        01010500D   5153
     126       0       0       2       0                               0D   5154
     110    5140       0       0       0                        01010000D   5155
     110       0       0       1       0                               0D   5156
     126    5141       0       0       0                        01010500D   5157
     126       0       0       2       0                               0D   5158
     124    5143       0       0       0                        00000000D   5159
     124       0       0       4       0                               0D   5160
     100    5147       0       0       0            5159        01010000D   5161
     100       0       0       1       0                               0D   5162
     126    5148       0       0       0                        01010500D   5163
     126       0       0       2       0                               0D   5164
     110    5150       0       0       0                        01010000D   5165
     110       0       0       1       0                               0D   5166
     102    5151       0       0       0                        01010500D   5167
     102       0       0       1       0                               0D   5168
     102    5152       0       0       0                        01010000D   5169
     102       0       0       1       0                               0D   5170
     142    5153       0       0       0                        00010500D   5171
     142       0       0       1       0                               0D   5172
     144    5154       0       0       0                        00000000D   5173
     144       0      -1       1       0                               0D   5174
     110    5155       0       0       0                        01010000D   5175
     110       0       0       1       0                               0D   5176
     110    5156       0       0       0                        01010000D   5177
     110       0       0       1       0                               0D   5178
     120    5157       0       0       0                        01010000D   5179
     120       0       0       1       0                               0D   5180
     126    5158       0       0       0                        01010500D   5181
     126       0       0       2       0                               0D   5182
     124    5160       0       0       0                        00000000D   5183
     124       0       0       4       0                               0D   5184
     100    5164       0       0       0            5183        01010000D   5185
     100       0       0       1       0                               0D   5186
     126    5165       0       0       0                        01010500D   5187
     126       0       0       2       0                               0D   5188
     110    5167       0       0       0                        01010000D   5189
     110       0       0       1       0                               0D   5190
     126    5168       0       0       0                        01010500D   5191
     126       0       0       2       0                               0D   5192
     100    5170       0       0       0                        01010000D   5193
     100       0       0       1       0                               0D   5194
     126    5171       0       0       0                        01010500D   5195
     126       0       0       2       0                               0D   5196
     110    5173       0       0       0                        01010000D   5197
     110       0       0       1       0                               0D   5198
     102    5174       0       0       0                        01010500D   5199
     102       0       0       1       0                               0D   5200
     102    5175       0       0       0                        01010000D   5201
     102       0       0       1       0                               0D   5202
     142    5176       0       0       0                        00010500D   5203
     142       0       0       1       0                               0D   5204
     144    5177       0       0       0                        00000000D   5205
     144       0      -1       1       0                               0D   5206
     110    5178       0       0       0                        01010000D   5207
     110       0       0       1       0                               0D   5208
     110    5179       0       0       0                        01010000D   5209
     110       0       0       1       0                               0D   5210
     120    5180       0       0       0                        01010000D   5211
     120       0       0       1       0                               0D   5212
     126    5181       0       0       0                        01010500D   5213
     126       0       0       2       0                               0D   5214
     100    5183       0       0       0                        01010000D   5215
     100       0       0       1       0                               0D   5216
     126    5184       0       0       0                        01010500D   5217
     126       0       0       2       0                               0D   5218
     110    5186       0       0       0                        01010000D   5219
     110       0       0       1       0                               0D   5220
     126    5187       0       0       0                        01010500D   5221
     126       0       0       2       0                               0D   5222
     124    5189       0       0       0                        00000000D   5223
     124       0       0       4       0                               0D   5224
     100    5193       0       0       0            5223        01010000D   5225
     100       0       0       1       0                               0D   5226
     126    5194       0       0       0                        01010500D   5227
     126       0       0       2       0                               0D   5228
     110    5196       0       0       0                        01010000D   5229
     110       0       0       1       0                               0D   5230
     102    5197       0       0       0                        01010500D   5231
     102       0       0       1       0                               0D   5232
     102    5198       0       0       0                        01010000D   5233
     102       0       0       1       0                               0D   5234
     142    5199       0       0       0                        00010500D   5235
     142       0       0       1       0                               0D   5236
     144    5200       0       0       0                        00000000D   5237
     144       0      -1       1       0                               0D   5238
     110    5201       0       0       0                        01010000D   5239
     110       0       0       1       0                               0D   5240
     110    5202       0       0       0                        01010000D   5241
     110       0       0       1       0                               0D   5242
     120    5203       0       0       0                        01010000D   5243
     120       0       0       1       0                               0D   5244
     126    5204       0       0       0                        01010500D   5245
     126       0       0       2       0                               0D   5246
     100    5206       0       0       0                        01010000D   5247
     100       0       0       1       0                               0D   5248
     126    5207       0       0       0                        01010500D   5249
     126       0       0       2       0                               0D   5250
     110    5209       0       0       0                        01010000D   5251
     110       0       0       1       0                               0D   5252
     126    5210       0       0       0                        01010500D   5253
     126       0       0       2       0                               0D   5254
     124    5212       0       0       0                        00000000D   5255
     124       0       0       5       0                               0D   5256
     100    5217       0       0       0            5255        01010000D   5257
     100       0       0       1       0                               0D   5258
     126    5218       0       0       0                        01010500D   5259
     126       0       0       2       0                               0D   5260
     110    5220       0       0       0                        01010000D   5261
     110       0       0       1       0                               0D   5262
     102    5221       0       0       0                        01010500D   5263
     102       0       0       1       0                               0D   5264
     102    5222       0       0       0                        01010000D   5265
     102       0       0       1       0                               0D   5266
     142    5223       0       0       0                        00010500D   5267
     142       0       0       1       0                               0D   5268
     144    5224       0       0       0                        00000000D   5269
     144       0      -1       1       0                               0D   5270
     110    5225       0       0       0                        01010000D   5271
     110       0       0       1       0                               0D   5272
     110    5226       0       0       0                        01010000D   5273
     110       0       0       1       0                               0D   5274
     120    5227       0       0       0                        01010000D   5275
     120       0       0       1       0                               0D   5276
     126    5228       0       0       0                        01010500D   5277
     126       0       0       2       0                               0D   5278
     124    5230       0       0       0                        00000000D   5279
     124       0       0       4       0                               0D   5280
     100    5234       0       0       0            5279        01010000D   5281
     100       0       0       1       0                               0D   5282
     126    5235       0       0       0                        01010500D   5283
     126       0       0       2       0                               0D   5284
     110    5237       0       0       0                        01010000D   5285
     110       0       0       1       0                               0D   5286
     126    5238       0       0       0                        01010500D   5287
     126       0       0       2       0                               0D   5288
     100    5240       0       0       0                        01010000D   5289
     100       0       0       1       0                               0D   5290
     126    5241       0       0       0                        01010500D   5291
     126       0       0       2       0                               0D   5292
     110    5243       0       0       0                        01010000D   5293
     110       0       0       1       0                               0D   5294
     102    5244       0       0       0                        01010500D   5295
     102       0       0       1       0                               0D   5296
     102    5245       0       0       0                        01010000D   5297
     102       0       0       1       0                               0D   5298
     142    5246       0       0       0                        00010500D   5299
     142       0       0       1       0                               0D   5300
     144    5247       0       0       0                        00000000D   5301
     144       0      -1       1       0                               0D   5302
     110    5248       0       0       0                        01010000D   5303
     110       0       0       1       0                               0D   5304
     110    5249       0       0       0                        01010000D   5305
     110       0       0       1       0                               0D   5306
     120    5250       0       0       0                        01010000D   5307
     120       0       0       1       0                               0D   5308
     126    5251       0       0       0                        01010500D   5309
     126       0       0       2       0                               0D   5310
     100    5253       0       0       0                        01010000D   5311
     100       0       0       1       0                               0D   5312
     126    5254       0       0       0                        01010500D   5313
     126       0       0       2       0                               0D   5314
     110    5256       0       0       0                        01010000D   5315
     110       0       0       1       0                               0D   5316
     126    5257       0       0       0                        01010500D   5317
     126       0       0       2       0                               0D   5318
     124    5259       0       0       0                        00000000D   5319
     124       0       0       4       0                               0D   5320
     100    5263       0       0       0            5319        01010000D   5321
     100       0       0       1       0                               0D   5322
     126    5264       0       0       0                        01010500D   5323
     126       0       0       2       0                               0D   5324
     110    5266       0       0       0                        01010000D   5325
     110       0       0       1       0                               0D   5326
     102    5267       0       0       0                        01010500D   5327
     102       0       0       1       0                               0D   5328
     102    5268       0       0       0                        01010000D   5329
     102       0       0       1       0                               0D   5330
     142    5269       0       0       0                        00010500D   5331
     142       0       0       1       0                               0D   5332
     144    5270       0       0       0                        00000000D   5333
     144       0      -1       1       0                               0D   5334
     110    5271       0       0       0                        01010000D   5335
     110       0       0       1       0                               0D   5336
     110    5272       0       0       0                        01010000D   5337
     110       0       0       1       0                               0D   5338
     120    5273       0       0       0                        01010000D   5339
     120       0       0       1       0                               0D   5340
     126    5274       0       0       0                        01010500D   5341
     126       0       0       2       0                               0D   5342
     100    5276       0       0       0                        01010000D   5343
     100       0       0       1       0                               0D   5344
     126    5277       0       0       0                        01010500D   5345
     126       0       0       2       0                               0D   5346
     110    5279       0       0       0                        01010000D   5347
     110       0       0       1       0                               0D   5348
     126    5280       0       0       0                        01010500D   5349
     126       0       0       2       0                               0D   5350
     124    5282       0       0       0                        00000000D   5351
     124       0       0       4       0                               0D   5352
     100    5286       0       0       0            5351        01010000D   5353
     100       0       0       1       0                               0D   5354
     126    5287       0       0       0                        01010500D   5355
     126       0       0       2       0                               0D   5356
     110    5289       0       0       0                        01010000D   5357
     110       0       0       1       0                               0D   5358
     102    5290       0       0       0                        01010500D   5359
     102       0       0       1       0                               0D   5360
     102    5291       0       0       0                        01010000D   5361
     102       0       0       1       0                               0D   5362
     142    5292       0       0       0                        00010500D   5363
     142       0       0       1       0                               0D   5364
     144    5293       0       0       0                        00000000D   5365
     144       0      -1       1       0                               0D   5366
     110    5294       0       0       0                        01010000D   5367
     110       0       0       1       0                               0D   5368
     110    5295       0       0       0                        01010000D   5369
     110       0       0       1       0                               0D   5370
     120    5296       0       0       0                        01010000D   5371
     120       0       0       1       0                               0D   5372
     126    5297       0       0       0                        01010500D   5373
     126       0       0       2       0                               0D   5374
     124    5299       0       0       0                        00000000D   5375
     124       0       0       4       0                               0D   5376
     100    5303       0       0       0            5375        01010000D   5377
     100       0       0       1       0                               0D   5378
     126    5304       0       0       0                        01010500D   5379
     126       0       0       2       0                               0D   5380
     110    5306       0       0       0                        01010000D   5381
     110       0       0       1       0                               0D   5382
     126    5307       0       0       0                        01010500D   5383
     126       0       0       2       0                               0D   5384
     100    5309       0       0       0                        01010000D   5385
     100       0       0       1       0                               0D   5386
     126    5310       0       0       0                        01010500D   5387
     126       0       0       2       0                               0D   5388
     110    5312       0       0       0                        01010000D   5389
     110       0       0       1       0                               0D   5390
     102    5313       0       0       0                        01010500D   5391
     102       0       0       1       0                               0D   5392
     102    5314       0       0       0                        01010000D   5393
     102       0       0       1       0                               0D   5394
     142    5315       0       0       0                        00010500D   5395
     142       0       0       1       0                               0D   5396
     144    5316       0       0       0                        00000000D   5397
     144       0      -1       1       0                               0D   5398
     110    5317       0       0       0                        01010000D   5399
     110       0       0       1       0                               0D   5400
     110    5318       0       0       0                        01010000D   5401
     110       0       0       1       0                               0D   5402
     120    5319       0       0       0                        01010000D   5403
     120       0       0       1       0                               0D   5404
     126    5320       0       0       0                        01010500D   5405
     126       0       0       2       0                               0D   5406
     100    5322       0       0       0                        01010000D   5407
     100       0       0       1       0                               0D   5408
     126    5323       0       0       0                        01010500D   5409
     126       0       0       2       0                               0D   5410
     110    5325       0       0       0                        01010000D   5411
     110       0       0       1       0                               0D   5412
     126    5326       0       0       0                        01010500D   5413
     126       0       0       2       0                               0D   5414
     124    5328       0       0       0                        00000000D   5415
     124       0       0       4       0                               0D   5416
     100    5332       0       0       0            5415        01010000D   5417
     100       0       0       1       0                               0D   5418
     126    5333       0       0       0                        01010500D   5419
     126       0       0       2       0                               0D   5420
     110    5335       0       0       0                        01010000D   5421
     110       0       0       1       0                               0D   5422
     102    5336       0       0       0                        01010500D   5423
     102       0       0       1       0                               0D   5424
     102    5337       0       0       0                        01010000D   5425
     102       0       0       1       0                               0D   5426
     142    5338       0       0       0                        00010500D   5427
     142       0       0       1       0                               0D   5428
     144    5339       0       0       0                        00000000D   5429
     144       0      -1       1       0                               0D   5430
     110    5340       0       0       0                        01010000D   5431
     110       0       0       1       0                               0D   5432
     110    5341       0       0       0                        01010000D   5433
     110       0       0       1       0                               0D   5434
     120    5342       0       0       0                        01010000D   5435
     120       0       0       1       0                               0D   5436
     126    5343       0       0       0                        01010500D   5437
     126       0       0       2       0                               0D   5438
     100    5345       0       0       0                        01010000D   5439
     100       0       0       1       0                               0D   5440
     126    5346       0       0       0                        01010500D   5441
     126       0       0       2       0                               0D   5442
     110    5348       0       0       0                        01010000D   5443
     110       0       0       1       0                               0D   5444
     126    5349       0       0       0                        01010500D   5445
     126       0       0       2       0                               0D   5446
     124    5351       0       0       0                        00000000D   5447
     124       0       0       4       0                               0D   5448
     100    5355       0       0       0            5447        01010000D   5449
     100       0       0       1       0                               0D   5450
     126    5356       0       0       0                        01010500D   5451
     126       0       0       2       0                               0D   5452
     110    5358       0       0       0                        01010000D   5453
     110       0       0       1       0                               0D   5454
     102    5359       0       0       0                        01010500D   5455
     102       0       0       1       0                               0D   5456
     102    5360       0       0       0                        01010000D   5457
     102       0       0       1       0                               0D   5458
     142    5361       0       0       0                        00010500D   5459
     142       0       0       1       0                               0D   5460
     144    5362       0       0       0                        00000000D   5461
     144       0      -1       1       0                               0D   5462
     110    5363       0       0       0                        01010000D   5463
     110       0       0       1       0                               0D   5464
     110    5364       0       0       0                        01010000D   5465
     110       0       0       1       0                               0D   5466
     120    5365       0       0       0                        01010000D   5467
     120       0       0       1       0                               0D   5468
     126    5366       0       0       0                        01010500D   5469
     126       0       0       2       0                               0D   5470
     124    5368       0       0       0                        00000000D   5471
     124       0       0       4       0                               0D   5472
     100    5372       0       0       0            5471        01010000D   5473
     100       0       0       1       0                               0D   5474
     126    5373       0       0       0                        01010500D   5475
     126       0       0       2       0                               0D   5476
     110    5375       0       0       0                        01010000D   5477
     110       0       0       1       0                               0D   5478
     126    5376       0       0       0                        01010500D   5479
     126       0       0       2       0                               0D   5480
     100    5378       0       0       0                        01010000D   5481
     100       0       0       1       0                               0D   5482
     126    5379       0       0       0                        01010500D   5483
     126       0       0       2       0                               0D   5484
     110    5381       0       0       0                        01010000D   5485
     110       0       0       1       0                               0D   5486
     102    5382       0       0       0                        01010500D   5487
     102       0       0       1       0                               0D   5488
     102    5383       0       0       0                        01010000D   5489
     102       0       0       1       0                               0D   5490
     142    5384       0       0       0                        00010500D   5491
     142       0       0       1       0                               0D   5492
     144    5385       0       0       0                        00000000D   5493
     144       0      -1       1       0                               0D   5494
     110    5386       0       0       0                        01010000D   5495
     110       0       0       1       0                               0D   5496
     110    5387       0       0       0                        01010000D   5497
     110       0       0       1       0                               0D   5498
     120    5388       0       0       0                        01010000D   5499
     120       0       0       1       0                               0D   5500
     126    5389       0       0       0                        01010500D   5501
     126       0       0       2       0                               0D   5502
     100    5391       0       0       0                        01010000D   5503
     100       0       0       1       0                               0D   5504
     126    5392       0       0       0                        01010500D   5505
     126       0       0       2       0                               0D   5506
     110    5394       0       0       0                        01010000D   5507
     110       0       0       1       0                               0D   5508
     126    5395       0       0       0                        01010500D   5509
     126       0       0       2       0                               0D   5510
     124    5397       0       0       0                        00000000D   5511
     124       0       0       4       0                               0D   5512
     100    5401       0       0       0            5511        01010000D   5513
     100       0       0       1       0                               0D   5514
     126    5402       0       0       0                        01010500D   5515
     126       0       0       2       0                               0D   5516
     110    5404       0       0       0                        01010000D   5517
     110       0       0       1       0                               0D   5518
     102    5405       0       0       0                        01010500D   5519
     102       0       0       1       0                               0D   5520
     102    5406       0       0       0                        01010000D   5521
     102       0       0       1       0                               0D   5522
     142    5407       0       0       0                        00010500D   5523
     142       0       0       1       0                               0D   5524
     144    5408       0       0       0                        00000000D   5525
     144       0      -1       1       0                               0D   5526
     110    5409       0       0       0                        01010000D   5527
     110       0       0       1       0                               0D   5528
     110    5410       0       0       0                        01010000D   5529
     110       0       0       1       0                               0D   5530
     120    5411       0       0       0                        01010000D   5531
     120       0       0       1       0                               0D   5532
     126    5412       0       0       0                        01010500D   5533
     126       0       0       2       0                               0D   5534
     100    5414       0       0       0                        01010000D   5535
     100       0       0       1       0                               0D   5536
     126    5415       0       0       0                        01010500D   5537
     126       0       0       2       0                               0D   5538
     110    5417       0       0       0                        01010000D   5539
     110       0       0       1       0                               0D   5540
     126    5418       0       0       0                        01010500D   5541
     126       0       0       2       0                               0D   5542
     124    5420       0       0       0                        00000000D   5543
     124       0       0       4       0                               0D   5544
     100    5424       0       0       0            5543        01010000D   5545
     100       0       0       1       0                               0D   5546
     126    5425       0       0       0                        01010500D   5547
     126       0       0       2       0                               0D   5548
     110    5427       0       0       0                        01010000D   5549
     110       0       0       1       0                               0D   5550
     102    5428       0       0       0                        01010500D   5551
     102       0       0       1       0                               0D   5552
     102    5429       0       0       0                        01010000D   5553
     102       0       0       1       0                               0D   5554
     142    5430       0       0       0                        00010500D   5555
     142       0       0       1       0                               0D   5556
     144    5431       0       0       0                        00000000D   5557
     144       0      -1       1       0                               0D   5558
     110    5432       0       0       0                        01010000D   5559
     110       0       0       1       0                               0D   5560
     110    5433       0       0       0                        01010000D   5561
     110       0       0       1       0                               0D   5562
     120    5434       0       0       0                        01010000D   5563
     120       0       0       1       0                               0D   5564
     126    5435       0       0       0                        01010500D   5565
     126       0       0       2       0                               0D   5566
     124    5437       0       0       0                        00000000D   5567
     124       0       0       3       0                               0D   5568
     100    5440       0       0       0            5567        01010000D   5569
     100       0       0       1       0                               0D   5570
     126    5441       0       0       0                        01010500D   5571
     126       0       0       2       0                               0D   5572
     110    5443       0       0       0                        01010000D   5573
     110       0       0       1       0                               0D   5574
     126    5444       0       0       0                        01010500D   5575
     126       0       0       2       0                               0D   5576
     126    5446       0       0       0                        01010500D   5577
     126       0       0       2       0                               0D   5578
     110    5448       0       0       0                        01010000D   5579
     110       0       0       1       0                               0D   5580
     102    5449       0       0       0                        01010500D   5581
     102       0       0       1       0                               0D   5582
     102    5450       0       0       0                        01010000D   5583
     102       0       0       1       0                               0D   5584
     142    5451       0       0       0                        00010500D   5585
     142       0       0       1       0                               0D   5586
     144    5452       0       0       0                        00000000D   5587
     144       0      -1       1       0                               0D   5588
     110    5453       0       0       0                        01010000D   5589
     110       0       0       1       0                               0D   5590
     110    5454       0       0       0                        01010000D   5591
     110       0       0       1       0                               0D   5592
     120    5455       0       0       0                        01010000D   5593
     120       0       0       1       0                               0D   5594
     126    5456       0       0       0                        01010500D   5595
     126       0       0       2       0                               0D   5596
     124    5458       0       0       0                        00000000D   5597
     124       0       0       3       0                               0D   5598
     100    5461       0       0       0            5597        01010000D   5599
     100       0       0       1       0                               0D   5600
     126    5462       0       0       0                        01010500D   5601
     126       0       0       2       0                               0D   5602
     110    5464       0       0       0                        01010000D   5603
     110       0       0       1       0                               0D   5604
     126    5465       0       0       0                        01010500D   5605
     126       0       0       2       0                               0D   5606
     124    5467       0       0       0                        00000000D   5607
     124       0       0       3       0                               0D   5608
     100    5470       0       0       0            5607        01010000D   5609
     100       0       0       1       0                               0D   5610
     126    5471       0       0       0                        01010500D   5611
     126       0       0       2       0                               0D   5612
     110    5473       0       0       0                        01010000D   5613
     110       0       0       1       0                               0D   5614
     102    5474       0       0       0                        01010500D   5615
     102       0       0       1       0                               0D   5616
     102    5475       0       0       0                        01010000D   5617
     102       0       0       1       0                               0D   5618
     142    5476       0       0       0                        00010500D   5619
     142       0       0       1       0                               0D   5620
     144    5477       0       0       0                        00000000D   5621
     144       0      -1       1       0                               0D   5622
     110    5478       0       0       0                        01010000D   5623
     110       0       0       1       0                               0D   5624
     110    5479       0       0       0                        01010000D   5625
     110       0       0       1       0                               0D   5626
     120    5480       0       0       0                        01010000D   5627
     120       0       0       1       0                               0D   5628
     126    5481       0       0       0                        01010500D   5629
     126       0       0       2       0                               0D   5630
     124    5483       0       0       0                        00000000D   5631
     124       0       0       3       0                               0D   5632
     100    5486       0       0       0            5631        01010000D   5633
     100       0       0       1       0                               0D   5634
     126    5487       0       0       0                        01010500D   5635
     126       0       0       2       0                               0D   5636
     110    5489       0       0       0                        01010000D   5637
     110       0       0       1       0                               0D   5638
     126    5490       0       0       0                        01010500D   5639
     126       0       0       2       0                               0D   5640
     126    5492       0       0       0                        01010500D   5641
     126       0       0       2       0                               0D   5642
     110    5494       0       0       0                        01010000D   5643
     110       0       0       1       0                               0D   5644
     102    5495       0       0       0                        01010500D   5645
     102       0       0       1       0                               0D   5646
     102    5496       0       0       0                        01010000D   5647
     102       0       0       1       0                               0D   5648
     142    5497       0       0       0                        00010500D   5649
     142       0       0       1       0                               0D   5650
     144    5498       0       0       0                        00000000D   5651
     144       0      -1       1       0                               0D   5652
     110    5499       0       0       0                        01010000D   5653
     110       0       0       1       0                               0D   5654
     110    5500       0       0       0                        01010000D   5655
     110       0       0       1       0                               0D   5656
     120    5501       0       0       0                        01010000D   5657
     120       0       0       1       0                               0D   5658
     126    5502       0       0       0                        01010500D   5659
     126       0       0       2       0                               0D   5660
     124    5504       0       0       0                        00000000D   5661
     124       0       0       3       0                               0D   5662
     100    5507       0       0       0            5661        01010000D   5663
     100       0       0       1       0                               0D   5664
     126    5508       0       0       0                        01010500D   5665
     126       0       0       2       0                               0D   5666
     110    5510       0       0       0                        01010000D   5667
     110       0       0       1       0                               0D   5668
     126    5511       0       0       0                        01010500D   5669
     126       0       0       2       0                               0D   5670
     124    5513       0       0       0                        00000000D   5671
     124       0       0       3       0                               0D   5672
     100    5516       0       0       0            5671        01010000D   5673
     100       0       0       1       0                               0D   5674
     126    5517       0       0       0                        01010500D   5675
     126       0       0       2       0                               0D   5676
     110    5519       0       0       0                        01010000D   5677
     110       0       0       1       0                               0D   5678
     102    5520       0       0       0                        01010500D   5679
     102       0       0       1       0                               0D   5680
     102    5521       0       0       0                        01010000D   5681
     102       0       0       1       0                               0D   5682
     142    5522       0       0       0                        00010500D   5683
     142       0       0       1       0                               0D   5684
     144    5523       0       0       0                        00000000D   5685
     144       0      -1       1       0                               0D   5686
     110    5524       0       0       0                        01010000D   5687
     110       0       0       1       0                               0D   5688
     110    5525       0       0       0                        01010000D   5689
     110       0       0       1       0                               0D   5690
     120    5526       0       0       0                        01010000D   5691
     120       0       0       1       0                               0D   5692
     126    5527       0       0       0                        01010500D   5693
     126       0       0       2       0                               0D   5694
     124    5529       0       0       0                        00000000D   5695
     124       0       0       3       0                               0D   5696
     100    5532       0       0       0            5695        01010000D   5697
     100       0       0       1       0                               0D   5698
     126    5533       0       0       0                        01010500D   5699
     126       0       0       2       0                               0D   5700
     110    5535       0       0       0                        01010000D   5701
     110       0       0       1       0                               0D   5702
     126    5536       0       0       0                        01010500D   5703
     126       0       0       2       0                               0D   5704
     126    5538       0       0       0                        01010500D   5705
     126       0       0       2       0                               0D   5706
     110    5540       0       0       0                        01010000D   5707
     110       0       0       1       0                               0D   5708
     102    5541       0       0       0                        01010500D   5709
     102       0       0       1       0                               0D   5710
     102    5542       0       0       0                        01010000D   5711
     102       0       0       1       0                               0D   5712
     142    5543       0       0       0                        00010500D   5713
     142       0       0       1       0                               0D   5714
     144    5544       0       0       0                        00000000D   5715
     144       0      -1       1       0                               0D   5716
     110    5545       0       0       0                        01010000D   5717
     110       0       0       1       0                               0D   5718
     110    5546       0       0       0                        01010000D   5719
     110       0       0       1       0                               0D   5720
     120    5547       0       0       0                        01010000D   5721
     120       0       0       1       0                               0D   5722
     126    5548       0       0       0                        01010500D   5723
     126       0       0       2       0                               0D   5724
     124    5550       0       0       0                        00000000D   5725
     124       0       0       3       0                               0D   5726
     100    5553       0       0       0            5725        01010000D   5727
     100       0       0       1       0                               0D   5728
     126    5554       0       0       0                        01010500D   5729
     126       0       0       2       0                               0D   5730
     110    5556       0       0       0                        01010000D   5731
     110       0       0       1       0                               0D   5732
     126    5557       0       0       0                        01010500D   5733
     126       0       0       2       0                               0D   5734
     124    5559       0       0       0                        00000000D   5735
     124       0       0       3       0                               0D   5736
     100    5562       0       0       0            5735        01010000D   5737
     100       0       0       1       0                               0D   5738
     126    5563       0       0       0                        01010500D   5739
     126       0       0       2       0                               0D   5740
     110    5565       0       0       0                        01010000D   5741
     110       0       0       1       0                               0D   5742
     102    5566       0       0       0                        01010500D   5743
     102       0       0       1       0                               0D   5744
     102    5567       0       0       0                        01010000D   5745
     102       0       0       1       0                               0D   5746
     142    5568       0       0       0                        00010500D   5747
     142       0       0       1       0                               0D   5748
     144    5569       0       0       0                        00000000D   5749
     144       0      -1       1       0                               0D   5750
     110    5570       0       0       0                        01010000D   5751
     110       0       0       1       0                               0D   5752
     110    5571       0       0       0                        01010000D   5753
     110       0       0       1       0                               0D   5754
     120    5572       0       0       0                        01010000D   5755
     120       0       0       1       0                               0D   5756
     126    5573       0       0       0                        01010500D   5757
     126       0       0       2       0                               0D   5758
     124    5575       0       0       0                        00000000D   5759
     124       0       0       3       0                               0D   5760
     100    5578       0       0       0            5759        01010000D   5761
     100       0       0       1       0                               0D   5762
     126    5579       0       0       0                        01010500D   5763
     126       0       0       2       0                               0D   5764
     110    5581       0       0       0                        01010000D   5765
     110       0       0       1       0                               0D   5766
     126    5582       0       0       0                        01010500D   5767
     126       0       0       2       0                               0D   5768
     126    5584       0       0       0                        01010500D   5769
     126       0       0       2       0                               0D   5770
     110    5586       0       0       0                        01010000D   5771
     110       0       0       1       0                               0D   5772
     102    5587       0       0       0                        01010500D   5773
     102       0       0       1       0                               0D   5774
     102    5588       0       0       0                        01010000D   5775
     102       0       0       1       0                               0D   5776
     142    5589       0       0       0                        00010500D   5777
     142       0       0       1       0                               0D   5778
     144    5590       0       0       0                        00000000D   5779
     144       0      -1       1       0                               0D   5780
     110    5591       0       0       0                        01010000D   5781
     110       0       0       1       0                               0D   5782
     110    5592       0       0       0                        01010000D   5783
     110       0       0       1       0                               0D   5784
     120    5593       0       0       0                        01010000D   5785
     120       0       0       1       0                               0D   5786
     126    5594       0       0       0                        01010500D   5787
     126       0       0       2       0                               0D   5788
     124    5596       0       0       0                        00000000D   5789
     124       0       0       3       0                               0D   5790
     100    5599       0       0       0            5789        01010000D   5791
     100       0       0       1       0                               0D   5792
     126    5600       0       0       0                        01010500D   5793
     126       0       0       2       0                               0D   5794
     110    5602       0       0       0                        01010000D   5795
     110       0       0       1       0                               0D   5796
     126    5603       0       0       0                        01010500D   5797
     126       0       0       2       0                               0D   5798
     124    5605       0       0       0                        00000000D   5799
     124       0       0       3       0                               0D   5800
     100    5608       0       0       0            5799        01010000D   5801
     100       0       0       1       0                               0D   5802
     126    5609       0       0       0                        01010500D   5803
     126       0       0       2       0                               0D   5804
     110    5611       0       0       0                        01010000D   5805
     110       0       0       1       0                               0D   5806
     102    5612       0       0       0                        01010500D   5807
     102       0       0       1       0                               0D   5808
     102    5613       0       0       0                        01010000D   5809
     102       0       0       1       0                               0D   5810
     142    5614       0       0       0                        00010500D   5811
     142       0       0       1       0                               0D   5812
     144    5615       0       0       0                        00000000D   5813
     144       0      -1       1       0                               0D   5814
     110    5616       0       0       0                        01010000D   5815
     110       0       0       1       0                               0D   5816
     110    5617       0       0       0                        01010000D   5817
     110       0       0       1       0                               0D   5818
     120    5618       0       0       0                        01010000D   5819
     120       0       0       1       0                               0D   5820
     126    5619       0       0       0                        01010500D   5821
     126       0       0       2       0                               0D   5822
     124    5621       0       0       0                        00000000D   5823
     124       0       0       2       0                               0D   5824
     100    5623       0       0       0            5823        01010000D   5825
     100       0       0       1       0                               0D   5826
     126    5624       0       0       0                        01010500D   5827
     126       0       0       2       0                               0D   5828
     110    5626       0       0       0                        01010000D   5829
     110       0       0       1       0                               0D   5830
     126    5627       0       0       0                        01010500D   5831
     126       0       0       2       0                               0D   5832
     126    5629       0       0       0                        01010500D   5833
     126       0       0       2       0                               0D   5834
     110    5631       0       0       0                        01010000D   5835
     110       0       0       1       0                               0D   5836
     102    5632       0       0       0                        01010500D   5837
     102       0       0       1       0                               0D   5838
     102    5633       0       0       0                        01010000D   5839
     102       0       0       1       0                               0D   5840
     142    5634       0       0       0                        00010500D   5841
     142       0       0       1       0                               0D   5842
     144    5635       0       0       0                        00000000D   5843
     144       0      -1       1       0                               0D   5844
     110    5636       0       0       0                        01010000D   5845
     110       0       0       1       0                               0D   5846
     110    5637       0       0       0                        01010000D   5847
     110       0       0       1       0                               0D   5848
     120    5638       0       0       0                        01010000D   5849
     120       0       0       1       0                               0D   5850
     126    5639       0       0       0                        01010500D   5851
     126       0       0       2       0                               0D   5852
     124    5641       0       0       0                        00000000D   5853
     124       0       0       2       0                               0D   5854
     100    5643       0       0       0            5853        01010000D   5855
     100       0       0       1       0                               0D   5856
     126    5644       0       0       0                        01010500D   5857
     126       0       0       2       0                               0D   5858
     110    5646       0       0       0                        01010000D   5859
     110       0       0       1       0                               0D   5860
     126    5647       0       0       0                        01010500D   5861
     126       0       0       2       0                               0D   5862
     124    5649       0       0       0                        00000000D   5863
     124       0       0       2       0                               0D   5864
     100    5651       0       0       0            5863        01010000D   5865
     100       0       0       1       0                               0D   5866
     126    5652       0       0       0                        01010500D   5867
     126       0       0       2       0                               0D   5868
     110    5654       0       0       0                        01010000D   5869
     110       0       0       1       0                               0D   5870
     102    5655       0       0       0                        01010500D   5871
     102       0       0       1       0                               0D   5872
     102    5656       0       0       0                        01010000D   5873
     102       0       0       1       0                               0D   5874
     142    5657       0       0       0                        00010500D   5875
     142       0       0       1       0                               0D   5876
     144    5658       0       0       0                        00000000D   5877
     144       0      -1       1       0                               0D   5878
     110    5659       0       0       0                        01010000D   5879
     110       0       0       1       0                               0D   5880
     110    5660       0       0       0                        01010000D   5881
     110       0       0       1       0                               0D   5882
     120    5661       0       0       0                        01010000D   5883
     120       0       0       1       0                               0D   5884
     126    5662       0       0       0                        01010500D   5885
     126       0       0       2       0                               0D   5886
     124    5664       0       0       0                        00000000D   5887
     124       0       0       2       0                               0D   5888
     100    5666       0       0       0            5887        01010000D   5889
     100       0       0       1       0                               0D   5890
     126    5667       0       0       0                        01010500D   5891
     126       0       0       2       0                               0D   5892
     110    5669       0       0       0                        01010000D   5893
     110       0       0       1       0                               0D   5894
     126    5670       0       0       0                        01010500D   5895
     126       0       0       2       0                               0D   5896
     126    5672       0       0       0                        01010500D   5897
     126       0       0       2       0                               0D   5898
     110    5674       0       0       0                        01010000D   5899
     110       0       0       1       0                               0D   5900
     102    5675       0       0       0                        01010500D   5901
     102       0       0       1       0                               0D   5902
     102    5676       0       0       0                        01010000D   5903
     102       0       0       1       0                               0D   5904
     142    5677       0       0       0                        00010500D   5905
     142       0       0       1       0                               0D   5906
     144    5678       0       0       0                        00000000D   5907
     144       0      -1       1       0                               0D   5908
     110    5679       0       0       0                        01010000D   5909
     110       0       0       1       0                               0D   5910
     110    5680       0       0       0                        01010000D   5911
     110       0       0       1       0                               0D   5912
     120    5681       0       0       0                        01010000D   5913
     120       0       0       1       0                               0D   5914
     126    5682       0       0       0                        01010500D   5915
     126       0       0       2       0                               0D   5916
     124    5684       0       0       0                        00000000D   5917
     124       0       0       2       0                               0D   5918
     100    5686       0       0       0            5917        01010000D   5919
     100       0       0       1       0                               0D   5920
     126    5687       0       0       0                        01010500D   5921
     126       0       0       2       0                               0D   5922
     110    5689       0       0       0                        01010000D   5923
     110       0       0       1       0                               0D   5924
     126    5690       0       0       0                        01010500D   5925
     126       0       0       2       0                               0D   5926
     124    5692       0       0       0                        00000000D   5927
     124       0       0       2       0                               0D   5928
     100    5694       0       0       0            5927        01010000D   5929
     100       0       0       1       0                               0D   5930
     126    5695       0       0       0                        01010500D   5931
     126       0       0       2       0                               0D   5932
     110    5697       0       0       0                        01010000D   5933
     110       0       0       1       0                               0D   5934
     102    5698       0       0       0                        01010500D   5935
     102       0       0       1       0                               0D   5936
     102    5699       0       0       0                        01010000D   5937
     102       0       0       1       0                               0D   5938
     142    5700       0       0       0                        00010500D   5939
     142       0       0       1       0                               0D   5940
     144    5701       0       0       0                        00000000D   5941
     144       0      -1       1       0                               0D   5942
     110    5702       0       0       0                        01010000D   5943
     110       0       0       1       0                               0D   5944
     110    5703       0       0       0                        01010000D   5945
     110       0       0       1       0                               0D   5946
     120    5704       0       0       0                        01010000D   5947
     120       0       0       1       0                               0D   5948
     126    5705       0       0       0                        01010500D   5949
     126       0       0       2       0                               0D   5950
     124    5707       0       0       0                        00000000D   5951
     124       0       0       2       0                               0D   5952
     100    5709       0       0       0            5951        01010000D   5953
     100       0       0       1       0                               0D   5954
     126    5710       0       0       0                        01010500D   5955
     126       0       0       2       0                               0D   5956
     110    5712       0       0       0                        01010000D   5957
     110       0       0       1       0                               0D   5958
     126    5713       0       0       0                        01010500D   5959
     126       0       0       2       0                               0D   5960
     126    5715       0       0       0                        01010500D   5961
     126       0       0       2       0                               0D   5962
     110    5717       0       0       0                        01010000D   5963
     110       0       0       1       0                               0D   5964
     102    5718       0       0       0                        01010500D   5965
     102       0       0       1       0                               0D   5966
     102    5719       0       0       0                        01010000D   5967
     102       0       0       1       0                               0D   5968
     142    5720       0       0       0                        00010500D   5969
     142       0       0       1       0                               0D   5970
     144    5721       0       0       0                        00000000D   5971
     144       0      -1       1       0                               0D   5972
     110    5722       0       0       0                        01010000D   5973
     110       0       0       1       0                               0D   5974
     110    5723       0       0       0                        01010000D   5975
     110       0       0       1       0                               0D   5976
     120    5724       0       0       0                        01010000D   5977
     120       0       0       1       0                               0D   5978
     126    5725       0       0       0                        01010500D   5979
     126       0       0       2       0                               0D   5980
     124    5727       0       0       0                        00000000D   5981
     124       0       0       2       0                               0D   5982
     100    5729       0       0       0            5981        01010000D   5983
     100       0       0       1       0                               0D   5984
     126    5730       0       0       0                        01010500D   5985
     126       0       0       2       0                               0D   5986
     110    5732       0       0       0                        01010000D   5987
     110       0       0       1       0                               0D   5988
     126    5733       0       0       0                        01010500D   5989
     126       0       0       2       0                               0D   5990
     124    5735       0       0       0                        00000000D   5991
     124       0       0       2       0                               0D   5992
     100    5737       0       0       0            5991        01010000D   5993
     100       0       0       1       0                               0D   5994
     126    5738       0       0       0                        01010500D   5995
     126       0       0       2       0                               0D   5996
     110    5740       0       0       0                        01010000D   5997
     110       0       0       1       0                               0D   5998
     102    5741       0       0       0                        01010500D   5999
     102       0       0       1       0                               0D   6000
     102    5742       0       0       0                        01010000D   6001
     102       0       0       1       0                               0D   6002
     142    5743       0       0       0                        00010500D   6003
     142       0       0       1       0                               0D   6004
     144    5744       0       0       0                        00000000D   6005
     144       0      -1       1       0                               0D   6006
     110    5745       0       0       0                        01010000D   6007
     110       0       0       1       0                               0D   6008
     110    5746       0       0       0                        01010000D   6009
     110       0       0       1       0                               0D   6010
     120    5747       0       0       0                        01010000D   6011
     120       0       0       1       0                               0D   6012
     126    5748       0       0       0                        01010500D   6013
     126       0       0       2       0                               0D   6014
     124    5750       0       0       0                        00000000D   6015
     124       0       0       2       0                               0D   6016
     100    5752       0       0       0            6015        01010000D   6017
     100       0       0       1       0                               0D   6018
     126    5753       0       0       0                        01010500D   6019
     126       0       0       2       0                               0D   6020
     110    5755       0       0       0                        01010000D   6021
     110       0       0       1       0                               0D   6022
     126    5756       0       0       0                        01010500D   6023
     126       0       0       2       0                               0D   6024
     126    5758       0       0       0                        01010500D   6025
     126       0       0       2       0                               0D   6026
     110    5760       0       0       0                        01010000D   6027
     110       0       0       1       0                               0D   6028
     102    5761       0       0       0                        01010500D   6029
     102       0       0       1       0                               0D   6030
     102    5762       0       0       0                        01010000D   6031
     102       0       0       1       0                               0D   6032
     142    5763       0       0       0                        00010500D   6033
     142       0       0       1       0                               0D   6034
     144    5764       0       0       0                        00000000D   6035
     144       0      -1       1       0                               0D   6036
     110    5765       0       0       0                        01010000D   6037
     110       0       0       1       0                               0D   6038
     110    5766       0       0       0                        01010000D   6039
     110       0       0       1       0                               0D   6040
     120    5767       0       0       0                        01010000D   6041
     120       0       0       1       0                               0D   6042
     126    5768       0       0       0                        01010500D   6043
     126       0       0       2       0                               0D   6044
     124    5770       0       0       0                        00000000D   6045
     124       0       0       2       0                               0D   6046
     100    5772       0       0       0            6045        01010000D   6047
     100       0       0       1       0                               0D   6048
     126    5773       0       0       0                        01010500D   6049
     126       0       0       2       0                               0D   6050
     110    5775       0       0       0                        01010000D   6051
     110       0       0       1       0                               0D   6052
     126    5776       0       0       0                        01010500D   6053
     126       0       0       2       0                               0D   6054
     124    5778       0       0       0                        00000000D   6055
     124       0       0       2       0                               0D   6056
     100    5780       0       0       0            6055        01010000D   6057
     100       0       0       1       0                               0D   6058
     126    5781       0       0       0                        01010500D   6059
     126       0       0       2       0                               0D   6060
     110    5783       0       0       0                        01010000D   6061
     110       0       0       1       0                               0D   6062
     102    5784       0       0       0                        01010500D   6063
     102       0       0       1       0                               0D   6064
     102    5785       0       0       0                        01010000D   6065
     102       0       0       1       0                               0D   6066
     142    5786       0       0       0                        00010500D   6067
     142       0       0       1       0                               0D   6068
     144    5787       0       0       0                        00000000D   6069
     144       0      -1       1       0                               0D   6070
     110    5788       0       0       0                        01010000D   6071
     110       0       0       1       0                               0D   6072
     110    5789       0       0       0                        01010000D   6073
     110       0       0       1       0                               0D   6074
     120    5790       0       0       0                        01010000D   6075
     120       0       0       1       0                               0D   6076
     126    5791       0       0       0                        01010500D   6077
     126       0       0       2       0                               0D   6078
     124    5793       0       0       0                        00000000D   6079
     124       0       0       4       0                               0D   6080
     100    5797       0       0       0            6079        01010000D   6081
     100       0       0       2       0                               0D   6082
     126    5799       0       0       0                        01010500D   6083
     126       0       0       2       0                               0D   6084
     110    5801       0       0       0                        01010000D   6085
     110       0       0       1       0                               0D   6086
     126    5802       0       0       0                        01010500D   6087
     126       0       0       2       0                               0D   6088
     100    5804       0       0       0                        01010000D   6089
     100       0       0       2       0                               0D   6090
     126    5806       0       0       0                        01010500D   6091
     126       0       0       2       0                               0D   6092
     110    5808       0       0       0                        01010000D   6093
     110       0       0       2       0                               0D   6094
     102    5810       0       0       0                        01010500D   6095
     102       0       0       1       0                               0D   6096
     102    5811       0       0       0                        01010000D   6097
     102       0       0       1       0                               0D   6098
     142    5812       0       0       0                        00010500D   6099
     142       0       0       1       0                               0D   6100
     144    5813       0       0       0                        00000000D   6101
     144       0      -1       1       0                               0D   6102
     110    5814       0       0       0                        01010000D   6103
     110       0       0       1       0                               0D   6104
     110    5815       0       0       0                        01010000D   6105
     110       0       0       1       0                               0D   6106
     120    5816       0       0       0                        01010000D   6107
     120       0       0       1       0                               0D   6108
     126    5817       0       0       0                        01010500D   6109
     126       0       0       2       0                               0D   6110
     124    5819       0       0       0                        00000000D   6111
     124       0       0       4       0                               0D   6112
     100    5823       0       0       0            6111        01010000D   6113
     100       0       0       2       0                               0D   6114
     126    5825       0       0       0                        01010500D   6115
     126       0       0       2       0                               0D   6116
     110    5827       0       0       0                        01010000D   6117
     110       0       0       2       0                               0D   6118
     126    5829       0       0       0                        01010500D   6119
     126       0       0       2       0                               0D   6120
     100    5831       0       0       0                        01010000D   6121
     100       0       0       2       0                               0D   6122
     126    5833       0       0       0                        01010500D   6123
     126       0       0       2       0                               0D   6124
     110    5835       0       0       0                        01010000D   6125
     110       0       0       1       0                               0D   6126
     102    5836       0       0       0                        01010500D   6127
     102       0       0       1       0                               0D   6128
     102    5837       0       0       0                        01010000D   6129
     102       0       0       1       0                               0D   6130
     142    5838       0       0       0                        00010500D   6131
     142       0       0       1       0                               0D   6132
     144    5839       0       0       0                        00000000D   6133
     144       0      -1       1       0                               0D   6134
     110    5840       0       0       0                        01010000D   6135
     110       0       0       1       0                               0D   6136
     110    5841       0       0       0                        01010000D   6137
     110       0       0       1       0                               0D   6138
     120    5842       0       0       0                        01010000D   6139
     120       0       0       1       0                               0D   6140
     126    5843       0       0       0                        01010500D   6141
     126       0       0       2       0                               0D   6142
     124    5845       0       0       0                        00000000D   6143
     124       0       0       4       0                               0D   6144
     100    5849       0       0       0            6143        01010000D   6145
     100       0       0       2       0                               0D   6146
     126    5851       0       0       0                        01010500D   6147
     126       0       0       2       0                               0D   6148
     110    5853       0       0       0                        01010000D   6149
     110       0       0       2       0                               0D   6150
     126    5855       0       0       0                        01010500D   6151
     126       0       0       2       0                               0D   6152
     100    5857       0       0       0                        01010000D   6153
     100       0       0       2       0                               0D   6154
     126    5859       0       0       0                        01010500D   6155
     126       0       0       2       0                               0D   6156
     110    5861       0       0       0                        01010000D   6157
     110       0       0       1       0                               0D   6158
     102    5862       0       0       0                        01010500D   6159
     102       0       0       1       0                               0D   6160
     102    5863       0       0       0                        01010000D   6161
     102       0       0       1       0                               0D   6162
     142    5864       0       0       0                        00010500D   6163
     142       0       0       1       0                               0D   6164
     144    5865       0       0       0                        00000000D   6165
     144       0      -1       1       0                               0D   6166
     110    5866       0       0       0                        01010000D   6167
     110       0       0       1       0                               0D   6168
     110    5867       0       0       0                        01010000D   6169
     110       0       0       1       0                               0D   6170
     120    5868       0       0       0                        01010000D   6171
     120       0       0       1       0                               0D   6172
     126    5869       0       0       0                        01010500D   6173
     126       0       0       2       0                               0D   6174
     124    5871       0       0       0                        00000000D   6175
     124       0       0       4       0                               0D   6176
     100    5875       0       0       0            6175        01010000D   6177
     100       0       0       2       0                               0D   6178
     126    5877       0       0       0                        01010500D   6179
     126       0       0       2       0                               0D   6180
     110    5879       0       0       0                        01010000D   6181
     110       0       0       1       0                               0D   6182
     126    5880       0       0       0                        01010500D   6183
     126       0       0       2       0                               0D   6184
     100    5882       0       0       0                        01010000D   6185
     100       0       0       2       0                               0D   6186
     126    5884       0       0       0                        01010500D   6187
     126       0       0       2       0                               0D   6188
     110    5886       0       0       0                        01010000D   6189
     110       0       0       2       0                               0D   6190
     102    5888       0       0       0                        01010500D   6191
     102       0       0       1       0                               0D   6192
     102    5889       0       0       0                        01010000D   6193
     102       0       0       1       0                               0D   6194
     142    5890       0       0       0                        00010500D   6195
     142       0       0       1       0                               0D   6196
     144    5891       0       0       0                        00000000D   6197
     144       0      -1       1       0                               0D   6198
     110    5892       0       0       0                        01010000D   6199
     110       0       0       1       0                               0D   6200
     110    5893       0       0       0                        01010000D   6201
     110       0       0       1       0                               0D   6202
     120    5894       0       0       0                        01010000D   6203
     120       0       0       1       0                               0D   6204
     126    5895       0       0       0                        01010500D   6205
     126       0       0       2       0                               0D   6206
     124    5897       0       0       0                        00000000D   6207
     124       0       0       4       0                               0D   6208
     100    5901       0       0       0            6207        01010000D   6209
     100       0       0       2       0                               0D   6210
     126    5903       0       0       0                        01010500D   6211
     126       0       0       2       0                               0D   6212
     110    5905       0       0       0                        01010000D   6213
     110       0       0       2       0                               0D   6214
     126    5907       0       0       0                        01010500D   6215
     126       0       0       2       0                               0D   6216
     100    5909       0       0       0                        01010000D   6217
     100       0       0       2       0                               0D   6218
     126    5911       0       0       0                        01010500D   6219
     126       0       0       2       0                               0D   6220
     110    5913       0       0       0                        01010000D   6221
     110       0       0       1       0                               0D   6222
     102    5914       0       0       0                        01010500D   6223
     102       0       0       1       0                               0D   6224
     102    5915       0       0       0                        01010000D   6225
     102       0       0       1       0                               0D   6226
     142    5916       0       0       0                        00010500D   6227
     142       0       0       1       0                               0D   6228
     144    5917       0       0       0                        00000000D   6229
     144       0      -1       1       0                               0D   6230
     110    5918       0       0       0                        01010000D   6231
     110       0       0       1       0                               0D   6232
     110    5919       0       0       0                        01010000D   6233
     110       0       0       1       0                               0D   6234
     120    5920       0       0       0                        01010000D   6235
     120       0       0       1       0                               0D   6236
     126    5921       0       0       0                        01010500D   6237
     126       0       0       2       0                               0D   6238
     124    5923       0       0       0                        00000000D   6239
     124       0       0       4       0                               0D   6240
     100    5927       0       0       0            6239        01010000D   6241
     100       0       0       2       0                               0D   6242
     126    5929       0       0       0                        01010500D   6243
     126       0       0       2       0                               0D   6244
     110    5931       0       0       0                        01010000D   6245
     110       0       0       1       0                               0D   6246
     126    5932       0       0       0                        01010500D   6247
     126       0       0       2       0                               0D   6248
     100    5934       0       0       0                        01010000D   6249
     100       0       0       2       0                               0D   6250
     126    5936       0       0       0                        01010500D   6251
     126       0       0       2       0                               0D   6252
     110    5938       0       0       0                        01010000D   6253
     110       0       0       2       0                               0D   6254
     102    5940       0       0       0                        01010500D   6255
     102       0       0       1       0                               0D   6256
     102    5941       0       0       0                        01010000D   6257
     102       0       0       1       0                               0D   6258
     142    5942       0       0       0                        00010500D   6259
     142       0       0       1       0                               0D   6260
     144    5943       0       0       0                        00000000D   6261
     144       0      -1       1       0                               0D   6262
     110    5944       0       0       0                        01010000D   6263
     110       0       0       1       0                               0D   6264
     110    5945       0       0       0                        01010000D   6265
     110       0       0       1       0                               0D   6266
     120    5946       0       0       0                        01010000D   6267
     120       0       0       1       0                               0D   6268
     126    5947       0       0       0                        01010500D   6269
     126       0       0       2       0                               0D   6270
     124    5949       0       0       0                        00000000D   6271
     124       0       0       4       0                               0D   6272
     100    5953       0       0       0            6271        01010000D   6273
     100       0       0       2       0                               0D   6274
     126    5955       0       0       0                        01010500D   6275
     126       0       0       2       0                               0D   6276
     110    5957       0       0       0                        01010000D   6277
     110       0       0       1       0                               0D   6278
     126    5958       0       0       0                        01010500D   6279
     126       0       0       2       0                               0D   6280
     100    5960       0       0       0                        01010000D   6281
     100       0       0       2       0                               0D   6282
     126    5962       0       0       0                        01010500D   6283
     126       0       0       2       0                               0D   6284
     110    5964       0       0       0                        01010000D   6285
     110       0       0       2       0                               0D   6286
     102    5966       0       0       0                        01010500D   6287
     102       0       0       1       0                               0D   6288
     102    5967       0       0       0                        01010000D   6289
     102       0       0       1       0                               0D   6290
     142    5968       0       0       0                        00010500D   6291
     142       0       0       1       0                               0D   6292
     144    5969       0       0       0                        00000000D   6293
     144       0      -1       1       0                               0D   6294
     110    5970       0       0       0                        01010000D   6295
     110       0       0       1       0                               0D   6296
     110    5971       0       0       0                        01010000D   6297
     110       0       0       1       0                               0D   6298
     120    5972       0       0       0                        01010000D   6299
     120       0       0       1       0                               0D   6300
     126    5973       0       0       0                        01010500D   6301
     126       0       0       2       0                               0D   6302
     124    5975       0       0       0                        00000000D   6303
     124       0       0       4       0                               0D   6304
     100    5979       0       0       0            6303        01010000D   6305
     100       0       0       2       0                               0D   6306
     126    5981       0       0       0                        01010500D   6307
     126       0       0       2       0                               0D   6308
     110    5983       0       0       0                        01010000D   6309
     110       0       0       2       0                               0D   6310
     126    5985       0       0       0                        01010500D   6311
     126       0       0       2       0                               0D   6312
     100    5987       0       0       0                        01010000D   6313
     100       0       0       2       0                               0D   6314
     126    5989       0       0       0                        01010500D   6315
     126       0       0       2       0                               0D   6316
     110    5991       0       0       0                        01010000D   6317
     110       0       0       1       0                               0D   6318
     102    5992       0       0       0                        01010500D   6319
     102       0       0       1       0                               0D   6320
     102    5993       0       0       0                        01010000D   6321
     102       0       0       1       0                               0D   6322
     142    5994       0       0       0                        00010500D   6323
     142       0       0       1       0                               0D   6324
     144    5995       0       0       0                        00000000D   6325
     144       0      -1       1       0                               0D   6326
314,77.6470588235294,75.6862745098039,73.7254901960784,;               1P      1
110,271.5,176.,8.,1271.5,176.,8.;                                      3P      2
110,251.5,176.,3.6,271.5,176.,3.6;                                     5P      3
120,3,5,0.,6.28318530717959;                                           7P      4
126,1,1,1,0,1,0,0.,0.,1.,1.,1.,1.,0.,6.283185307,0.,1.,                9P      5
6.283185307,0.,0.,1.,0.,0.,1.;                                         9P      6
110,251.5,176.,3.6,271.5,176.,3.6;                                    11P      7
126,1,1,1,0,1,0,0.,0.,1.,1.,1.,1.,1.,6.283185307,0.,1.,               13P      8
3.141592654,0.,0.,1.,0.,0.,1.;                                        13P      9
124,-6.12323399573677E-17,4.27583144589696E-31,-1.,279.5,             15P     10
-6.98296267768627E-15,-1.,0.,352.000000000002,-1.,                    15P     11
6.98296267768627E-15,6.12323399573677E-17,279.499999999999;           15P     12
100,8.,271.5,176.,275.9,176.,267.1,176.;                              17P     13
126,1,1,1,0,1,0,0.,0.,1.,1.,1.,1.,1.,3.141592654,0.,0.,               19P     14
3.141592654,0.,0.,1.,0.,0.,1.;                                        19P     15
110,271.5,176.,12.4,251.5,176.,12.4;                                  21P     16
126,1,1,1,0,1,0,0.,0.,1.,1.,1.,1.,0.,3.141592654,0.,0.,               23P     17
6.283185307,0.,0.,1.,0.,0.,1.;                                        23P     18
124,-6.12323399573677E-17,4.27583144589696E-31,1.,243.5,              25P     19
-6.98296267768627E-15,-1.,0.,352.000000000002,1.,                     25P     20
-6.98296267768627E-15,6.12323399573677E-17,-243.499999999999;         25P     21
100,8.,251.5,176.,255.9,176.,247.1,176.;                              27P     22
102,4,9,13,19,23;                                                     29P     23
102,4,11,17,21,27;                                                    31P     24
142,1,7,29,31,1;                                                      33P     25
144,7,1,0,33;                                                         35P     26
110,-748.5,176.,8.,251.5,176.,8.;                                     37P     27
110,248.856213276,176.,8.,251.5,176.,3.6;                             39P     28
120,37,39,0.,6.28318530717959;                                        41P     29
126,1,1,1,0,1,0,0.,0.,1.,1.,1.,1.,1.,6.283185307,0.,1.,               43P     30
3.141592654,0.,0.,1.,0.,0.,1.;                                        43P     31
124,-6.12323399573677E-17,4.27583144589696E-31,-1.,259.5,             45P     32
-6.98296267768627E-15,-1.,0.,352.000000000002,-1.,                    45P     33
6.98296267768627E-15,6.12323399573677E-17,259.499999999999;           45P     34
100,8.,251.5,176.,255.9,176.,247.1,176.;                              47P     35
126,1,1,1,0,1,0,0.,0.,1.,1.,1.,1.,1.,3.141592654,0.,0.,               49P     36
3.141592654,0.,0.,1.,0.,0.,1.;                                        49P     37
110,251.5,176.,12.4,248.856213276,176.,8.;                            51P     38
126,1,1,1,0,1,0,0.,0.,1.,1.,1.,1.,0.,3.141592654,0.,0.,               53P     39
6.283185307,0.,0.,1.,0.,0.,1.;                                        53P     40
126,1,1,1,0,1,0,0.,0.,1.,1.,1.,1.,0.,6.283185307,0.,1.,               55P     41
6.283185307,0.,0.,1.,0.,0.,1.;                                        55P     42
110,248.856213276,176.,8.,251.5,176.,3.6;                             57P     43
102,4,43,49,53,55;                                                    59P     44
102,3,47,51,57;                                                       61P     45
142,1,41,59,61,1;                                                     63P     46
144,41,1,0,63;                                                        65P     47
110,271.5,-176.,8.,1271.5,-176.,8.;                                   67P     48
110,251.5,-176.,3.6,271.5,-176.,3.6;                                  69P     49
120,67,69,0.,6.28318530717959;                                        71P     50
126,1,1,1,0,1,0,0.,0.,1.,1.,1.,1.,0.,6.283185307,0.,1.,               73P     51
6.283185307,0.,0.,1.,0.,0.,1.;                                        73P     52
110,251.5,-176.,3.6,271.5,-176.,3.6;                                  75P     53
126,1,1,1,0,1,0,0.,0.,1.,1.,1.,1.,1.,6.283185307,0.,1.,               77P     54
3.141592654,0.,0.,1.,0.,0.,1.;                                        77P     55
124,-6.12323399573677E-17,4.27583144589696E-31,-1.,279.5,             79P     56
-6.98296267768627E-15,-1.,0.,-351.999999999998,-1.,                   79P     57
6.98296267768627E-15,6.12323399573677E-17,279.500000000001;           79P     58
100,8.,271.5,-176.,275.9,-176.,267.1,-176.;                           81P     59
126,1,1,1,0,1,0,0.,0.,1.,1.,1.,1.,1.,3.141592654,0.,0.,               83P     60
3.141592654,0.,0.,1.,0.,0.,1.;                                        83P     61
110,271.5,-176.,12.4,251.5,-176.,12.4;                                85P     62
126,1,1,1,0,1,0,0.,0.,1.,1.,1.,1.,0.,3.141592654,0.,0.,               87P     63
6.283185307,0.,0.,1.,0.,0.,1.;                                        87P     64
124,-6.12323399573677E-17,4.27583144589696E-31,1.,243.5,              89P     65
-6.98296267768627E-15,-1.,0.,-351.999999999998,1.,                    89P     66
-6.98296267768627E-15,6.12323399573677E-17,-243.500000000001;         89P     67
100,8.,251.5,-176.,255.9,-176.,247.1,-176.;                           91P     68
102,4,73,77,83,87;                                                    93P     69
102,4,75,81,85,91;                                                    95P     70
142,1,71,93,95,1;                                                     97P     71
144,71,1,0,97;                                                        99P     72
110,-748.5,-176.,8.,251.5,-176.,8.;                                  101P     73
110,248.856213276,-176.,8.,251.5,-176.,3.6;                          103P     74
120,101,103,0.,6.28318530717959;                                     105P     75
126,1,1,1,0,1,0,0.,0.,1.,1.,1.,1.,1.,6.283185307,0.,1.,              107P     76
3.141592654,0.,0.,1.,0.,0.,1.;                                       107P     77
124,-6.12323399573677E-17,4.27583144589696E-31,-1.,259.5,            109P     78
-6.98296267768627E-15,-1.,0.,-351.999999999998,-1.,                  109P     79
6.98296267768627E-15,6.12323399573677E-17,259.500000000001;          109P     80
100,8.,251.5,-176.,255.9,-176.,247.1,-176.;                          111P     81
126,1,1,1,0,1,0,0.,0.,1.,1.,1.,1.,1.,3.141592654,0.,0.,              113P     82
3.141592654,0.,0.,1.,0.,0.,1.;                                       113P     83
110,251.5,-176.,12.4,248.856213276,-176.,8.;                         115P     84
126,1,1,1,0,1,0,0.,0.,1.,1.,1.,1.,0.,3.141592654,0.,0.,              117P     85
6.283185307,0.,0.,1.,0.,0.,1.;                                       117P     86
126,1,1,1,0,1,0,0.,0.,1.,1.,1.,1.,0.,6.283185307,0.,1.,              119P     87
6.283185307,0.,0.,1.,0.,0.,1.;                                       119P     88
110,248.856213276,-176.,8.,251.5,-176.,3.6;                          121P     89
102,4,107,113,117,119;                                               123P     90
102,3,111,115,121;                                                   125P     91
142,1,105,123,125,1;                                                 127P     92
144,105,1,0,127;                                                     129P     93
110,-271.5,-176.,8.,-1271.5,-176.,8.;                                131P     94
110,-251.5,-176.,12.4,-271.5,-176.,12.4;                             133P     95
120,131,133,0.,6.28318530717959;                                     135P     96
126,1,1,1,0,1,0,0.,0.,1.,1.,1.,1.,0.,6.283185307,0.,1.,              137P     97
6.283185307,0.,0.,1.,0.,0.,1.;                                       137P     98
110,-251.5,-176.,12.4,-271.5,-176.,12.4;                             139P     99
126,1,1,1,0,1,0,0.,0.,1.,1.,1.,1.,1.,6.283185307,0.,1.,              141P    100
3.141592654,0.,0.,1.,0.,0.,1.;                                       141P    101
124,-6.12323399573677E-17,4.27583144589696E-31,1.,-279.5,            143P    102
-6.98296267768627E-15,-1.,0.,-352.000000000002,1.,                   143P    103
-6.98296267768627E-15,6.12323399573677E-17,279.499999999999;         143P    104
100,8.,-271.5,-176.,-267.1,-176.,-275.9,-176.;                       145P    105
126,1,1,1,0,1,0,0.,0.,1.,1.,1.,1.,1.,3.141592654,0.,0.,              147P    106
3.141592654,0.,0.,1.,0.,0.,1.;                                       147P    107
110,-271.5,-176.,3.6,-251.5,-176.,3.6;                               149P    108
126,1,1,1,0,1,0,0.,0.,1.,1.,1.,1.,0.,3.141592654,0.,0.,              151P    109
6.283185307,0.,0.,1.,0.,0.,1.;                                       151P    110
124,-6.12323399573677E-17,4.27583144589696E-31,-1.,-243.5,           153P    111
-6.98296267768627E-15,-1.,0.,-352.000000000002,-1.,                  153P    112
6.98296267768627E-15,6.12323399573677E-17,-243.499999999999;         153P    113
100,8.,-251.5,-176.,-247.1,-176.,-255.9,-176.;                       155P    114
102,4,137,141,147,151;                                               157P    115
102,4,139,145,149,155;                                               159P    116
142,1,135,157,159,1;                                                 161P    117
144,135,1,0,161;                                                     163P    118
110,748.5,-176.,8.,-251.5,-176.,8.;                                  165P    119
110,-248.856213276,-176.,8.,-251.5,-176.,12.4;                       167P    120
120,165,167,0.,6.28318530717959;                                     169P    121
126,1,1,1,0,1,0,0.,0.,1.,1.,1.,1.,1.,6.283185307,0.,1.,              171P    122
3.141592654,0.,0.,1.,0.,0.,1.;                                       171P    123
124,-6.12323399573677E-17,4.27583144589696E-31,1.,-259.5,            173P    124
-6.98296267768627E-15,-1.,0.,-352.000000000002,1.,                   173P    125
-6.98296267768627E-15,6.12323399573677E-17,259.499999999999;         173P    126
100,8.,-251.5,-176.,-247.1,-176.,-255.9,-176.;                       175P    127
126,1,1,1,0,1,0,0.,0.,1.,1.,1.,1.,1.,3.141592654,0.,0.,              177P    128
3.141592654,0.,0.,1.,0.,0.,1.;                                       177P    129
110,-251.5,-176.,3.6,-248.856213276,-176.,8.;                        179P    130
126,1,1,1,0,1,0,0.,0.,1.,1.,1.,1.,0.,3.141592654,0.,0.,              181P    131
6.283185307,0.,0.,1.,0.,0.,1.;                                       181P    132
126,1,1,1,0,1,0,0.,0.,1.,1.,1.,1.,0.,6.283185307,0.,1.,              183P    133
6.283185307,0.,0.,1.,0.,0.,1.;                                       183P    134
110,-248.856213276,-176.,8.,-251.5,-176.,12.4;                       185P    135
102,4,171,177,181,183;                                               187P    136
102,3,175,179,185;                                                   189P    137
142,1,169,187,189,1;                                                 191P    138
144,169,1,0,191;                                                     193P    139
110,-271.5,176.,8.,-1271.5,176.,8.;                                  195P    140
110,-251.5,176.,12.4,-271.5,176.,12.4;                               197P    141
120,195,197,0.,6.28318530717959;                                     199P    142
126,1,1,1,0,1,0,0.,0.,1.,1.,1.,1.,0.,6.283185307,0.,1.,              201P    143
6.283185307,0.,0.,1.,0.,0.,1.;                                       201P    144
110,-251.5,176.,12.4,-271.5,176.,12.4;                               203P    145
126,1,1,1,0,1,0,0.,0.,1.,1.,1.,1.,1.,6.283185307,0.,1.,              205P    146
3.141592654,0.,0.,1.,0.,0.,1.;                                       205P    147
124,-6.12323399573677E-17,4.27583144589696E-31,1.,-279.5,            207P    148
-6.98296267768627E-15,-1.,0.,351.999999999998,1.,                    207P    149
-6.98296267768627E-15,6.12323399573677E-17,279.500000000001;         207P    150
100,8.,-271.5,176.,-267.1,176.,-275.9,176.;                          209P    151
126,1,1,1,0,1,0,0.,0.,1.,1.,1.,1.,1.,3.141592654,0.,0.,              211P    152
3.141592654,0.,0.,1.,0.,0.,1.;                                       211P    153
110,-271.5,176.,3.6,-251.5,176.,3.6;                                 213P    154
126,1,1,1,0,1,0,0.,0.,1.,1.,1.,1.,0.,3.141592654,0.,0.,              215P    155
6.283185307,0.,0.,1.,0.,0.,1.;                                       215P    156
124,-6.12323399573677E-17,4.27583144589696E-31,-1.,-243.5,           217P    157
-6.98296267768627E-15,-1.,0.,351.999999999998,-1.,                   217P    158
6.98296267768627E-15,6.12323399573677E-17,-243.500000000001;         217P    159
100,8.,-251.5,176.,-247.1,176.,-255.9,176.;                          219P    160
102,4,201,205,211,215;                                               221P    161
102,4,203,209,213,219;                                               223P    162
142,1,199,221,223,1;                                                 225P    163
144,199,1,0,225;                                                     227P    164
110,748.5,176.,8.,-251.5,176.,8.;                                    229P    165
110,-248.856213276,176.,8.,-251.5,176.,12.4;                         231P    166
120,229,231,0.,6.28318530717959;                                     233P    167
126,1,1,1,0,1,0,0.,0.,1.,1.,1.,1.,1.,6.283185307,0.,1.,              235P    168
3.141592654,0.,0.,1.,0.,0.,1.;                                       235P    169
124,-6.12323399573677E-17,4.27583144589696E-31,1.,-259.5,            237P    170
-6.98296267768627E-15,-1.,0.,351.999999999998,1.,                    237P    171
-6.98296267768627E-15,6.12323399573677E-17,259.500000000001;         237P    172
100,8.,-251.5,176.,-247.1,176.,-255.9,176.;                          239P    173
126,1,1,1,0,1,0,0.,0.,1.,1.,1.,1.,1.,3.141592654,0.,0.,              241P    174
3.141592654,0.,0.,1.,0.,0.,1.;                                       241P    175
110,-251.5,176.,3.6,-248.856213276,176.,8.;                          243P    176
126,1,1,1,0,1,0,0.,0.,1.,1.,1.,1.,0.,3.141592654,0.,0.,              245P    177
6.283185307,0.,0.,1.,0.,0.,1.;                                       245P    178
126,1,1,1,0,1,0,0.,0.,1.,1.,1.,1.,0.,6.283185307,0.,1.,              247P    179
6.283185307,0.,0.,1.,0.,0.,1.;                                       247P    180
110,-248.856213276,176.,8.,-251.5,176.,12.4;                         249P    181
102,4,235,241,245,247;                                               251P    182
102,3,239,243,249;                                                   253P    183
142,1,233,251,253,1;                                                 255P    184
144,233,1,0,255;                                                     257P    185
110,191.5,-236.,8.,191.5,-1236.,8.;                                  259P    186
110,191.5,-216.,3.6,191.5,-236.,3.6;                                 261P    187
120,259,261,0.,6.28318530717959;                                     263P    188
126,1,1,1,0,1,0,0.,0.,1.,1.,1.,1.,0.,6.283185307,0.,1.,              265P    189
6.283185307,0.,0.,1.,0.,0.,1.;                                       265P    190
110,191.5,-216.,3.6,191.5,-236.,3.6;                                 267P    191
126,1,1,1,0,1,0,0.,0.,1.,1.,1.,1.,1.,6.283185307,0.,1.,              269P    192
3.141592654,0.,0.,1.,0.,0.,1.;                                       269P    193
124,6.12323399573677E-17,-1.,0.,-44.4999999999999,                   271P    194
6.12323399573677E-17,3.74939945665464E-33,1.,-244.,-1.,              271P    195
-6.12323399573677E-17,6.12323399573677E-17,199.5;                    271P    196
100,8.,191.5,-236.,195.9,-236.,187.1,-236.;                          273P    197
126,1,1,1,0,1,0,0.,0.,1.,1.,1.,1.,1.,3.141592654,0.,0.,              275P    198
3.141592654,0.,0.,1.,0.,0.,1.;                                       275P    199
110,191.5,-236.,12.4,191.5,-216.,12.4;                               277P    200
126,1,1,1,0,1,0,0.,0.,1.,1.,1.,1.,0.,3.141592654,0.,0.,              279P    201
6.283185307,0.,0.,1.,0.,0.,1.;                                       279P    202
124,6.12323399573677E-17,-1.,0.,-24.4999999999999,                   281P    203
6.12323399573677E-17,3.74939945665464E-33,-1.,-208.,1.,              281P    204
6.12323399573677E-17,6.12323399573677E-17,-183.5;                    281P    205
100,8.,191.5,-216.,195.9,-216.,187.1,-216.;                          283P    206
102,4,265,269,275,279;                                               285P    207
102,4,267,273,277,283;                                               287P    208
142,1,263,285,287,1;                                                 289P    209
144,263,1,0,289;                                                     291P    210
110,191.5,784.,8.,191.5,-216.,8.;                                    293P    211
110,191.5,-213.356213276,8.,191.5,-216.,3.6;                         295P    212
120,293,295,0.,6.28318530717959;                                     297P    213
126,1,1,1,0,1,0,0.,0.,1.,1.,1.,1.,1.,6.283185307,0.,1.,              299P    214
3.141592654,0.,0.,1.,0.,0.,1.;                                       299P    215
124,6.12323399573677E-17,-1.,0.,-24.4999999999999,                   301P    216
6.12323399573677E-17,3.74939945665464E-33,1.,-224.,-1.,              301P    217
-6.12323399573677E-17,6.12323399573677E-17,199.5;                    301P    218
100,8.,191.5,-216.,195.9,-216.,187.1,-216.;                          303P    219
126,1,1,1,0,1,0,0.,0.,1.,1.,1.,1.,1.,3.141592654,0.,0.,              305P    220
3.141592654,0.,0.,1.,0.,0.,1.;                                       305P    221
110,191.5,-216.,12.4,191.5,-213.356213276,8.;                        307P    222
126,1,1,1,0,1,0,0.,0.,1.,1.,1.,1.,0.,3.141592654,0.,0.,              309P    223
6.283185307,0.,0.,1.,0.,0.,1.;                                       309P    224
126,1,1,1,0,1,0,0.,0.,1.,1.,1.,1.,0.,6.283185307,0.,1.,              311P    225
6.283185307,0.,0.,1.,0.,0.,1.;                                       311P    226
110,191.5,-213.356213276,8.,191.5,-216.,3.6;                         313P    227
102,4,299,305,309,311;                                               315P    228
102,3,303,307,313;                                                   317P    229
142,1,297,315,317,1;                                                 319P    230
144,297,1,0,319;                                                     321P    231
110,-191.5,-236.,8.,-191.5,-1236.,8.;                                323P    232
110,-191.5,-216.,3.6,-191.5,-236.,3.6;                               325P    233
120,323,325,0.,6.28318530717959;                                     327P    234
126,1,1,1,0,1,0,0.,0.,1.,1.,1.,1.,0.,6.283185307,0.,1.,              329P    235
6.283185307,0.,0.,1.,0.,0.,1.;                                       329P    236
110,-191.5,-216.,3.6,-191.5,-236.,3.6;                               331P    237
126,1,1,1,0,1,0,0.,0.,1.,1.,1.,1.,1.,6.283185307,0.,1.,              333P    238
3.141592654,0.,0.,1.,0.,0.,1.;                                       333P    239
124,6.12323399573677E-17,-1.,0.,-427.5,6.12323399573677E-17,         335P    240
3.74939945665464E-33,1.,-244.,-1.,-6.12323399573677E-17,             335P    241
6.12323399573677E-17,-183.5;                                         335P    242
100,8.,-191.5,-236.,-187.1,-236.,-195.9,-236.;                       337P    243
126,1,1,1,0,1,0,0.,0.,1.,1.,1.,1.,1.,3.141592654,0.,0.,              339P    244
3.141592654,0.,0.,1.,0.,0.,1.;                                       339P    245
110,-191.5,-236.,12.4,-191.5,-216.,12.4;                             341P    246
126,1,1,1,0,1,0,0.,0.,1.,1.,1.,1.,0.,3.141592654,0.,0.,              343P    247
6.283185307,0.,0.,1.,0.,0.,1.;                                       343P    248
124,6.12323399573677E-17,-1.,0.,-407.5,6.12323399573677E-17,         345P    249
3.74939945665464E-33,-1.,-208.,1.,6.12323399573677E-17,              345P    250
6.12323399573677E-17,199.5;                                          345P    251
100,8.,-191.5,-216.,-187.1,-216.,-195.9,-216.;                       347P    252
102,4,329,333,339,343;                                               349P    253
102,4,331,337,341,347;                                               351P    254
142,1,327,349,351,1;                                                 353P    255
144,327,1,0,353;                                                     355P    256
110,-191.5,784.,8.,-191.5,-216.,8.;                                  357P    257
110,-191.5,-213.356213276,8.,-191.5,-216.,3.6;                       359P    258
120,357,359,0.,6.28318530717959;                                     361P    259
126,1,1,1,0,1,0,0.,0.,1.,1.,1.,1.,1.,6.283185307,0.,1.,              363P    260
3.141592654,0.,0.,1.,0.,0.,1.;                                       363P    261
124,6.12323399573677E-17,-1.,0.,-407.5,6.12323399573677E-17,         365P    262
3.74939945665464E-33,1.,-224.,-1.,-6.12323399573677E-17,             365P    263
6.12323399573677E-17,-183.5;                                         365P    264
100,8.,-191.5,-216.,-187.1,-216.,-195.9,-216.;                       367P    265
126,1,1,1,0,1,0,0.,0.,1.,1.,1.,1.,1.,3.141592654,0.,0.,              369P    266
3.141592654,0.,0.,1.,0.,0.,1.;                                       369P    267
110,-191.5,-216.,12.4,-191.5,-213.356213276,8.;                      371P    268
126,1,1,1,0,1,0,0.,0.,1.,1.,1.,1.,0.,3.141592654,0.,0.,              373P    269
6.283185307,0.,0.,1.,0.,0.,1.;                                       373P    270
126,1,1,1,0,1,0,0.,0.,1.,1.,1.,1.,0.,6.283185307,0.,1.,              375P    271
6.283185307,0.,0.,1.,0.,0.,1.;                                       375P    272
110,-191.5,-213.356213276,8.,-191.5,-216.,3.6;                       377P    273
102,4,363,369,373,375;                                               379P    274
102,3,367,371,377;                                                   381P    275
142,1,361,379,381,1;                                                 383P    276
144,361,1,0,383;                                                     385P    277
110,-191.5,236.,8.,-191.5,1236.,8.;                                  387P    278
110,-191.5,216.,12.4,-191.5,236.,12.4;                               389P    279
120,387,389,0.,6.28318530717959;                                     391P    280
126,1,1,1,0,1,0,0.,0.,1.,1.,1.,1.,0.,6.283185307,0.,1.,              393P    281
6.283185307,0.,0.,1.,0.,0.,1.;                                       393P    282
110,-191.5,216.,12.4,-191.5,236.,12.4;                               395P    283
126,1,1,1,0,1,0,0.,0.,1.,1.,1.,1.,1.,6.283185307,0.,1.,              397P    284
3.141592654,0.,0.,1.,0.,0.,1.;                                       397P    285
124,6.12323399573677E-17,-1.,0.,44.5000000000001,                    399P    286
6.12323399573677E-17,3.74939945665464E-33,-1.,244.,1.,               399P    287
6.12323399573677E-17,6.12323399573677E-17,199.5;                     399P    288
100,8.,-191.5,236.,-187.1,236.,-195.9,236.;                          401P    289
126,1,1,1,0,1,0,0.,0.,1.,1.,1.,1.,1.,3.141592654,0.,0.,              403P    290
3.141592654,0.,0.,1.,0.,0.,1.;                                       403P    291
110,-191.5,236.,3.6,-191.5,216.,3.6;                                 405P    292
126,1,1,1,0,1,0,0.,0.,1.,1.,1.,1.,0.,3.141592654,0.,0.,              407P    293
6.283185307,0.,0.,1.,0.,0.,1.;                                       407P    294
124,6.12323399573677E-17,-1.,0.,24.5000000000001,                    409P    295
6.12323399573677E-17,3.74939945665464E-33,1.,208.,-1.,               409P    296
-6.12323399573677E-17,6.12323399573677E-17,-183.5;                   409P    297
100,8.,-191.5,216.,-187.1,216.,-195.9,216.;                          411P    298
102,4,393,397,403,407;                                               413P    299
102,4,395,401,405,411;                                               415P    300
142,1,391,413,415,1;                                                 417P    301
144,391,1,0,417;                                                     419P    302
110,-191.5,-784.,8.,-191.5,216.,8.;                                  421P    303
110,-191.5,213.356213276,8.,-191.5,216.,12.4;                        423P    304
120,421,423,0.,6.28318530717959;                                     425P    305
126,1,1,1,0,1,0,0.,0.,1.,1.,1.,1.,1.,6.283185307,0.,1.,              427P    306
3.141592654,0.,0.,1.,0.,0.,1.;                                       427P    307
124,6.12323399573677E-17,-1.,0.,24.5000000000001,                    429P    308
6.12323399573677E-17,3.74939945665464E-33,-1.,224.,1.,               429P    309
6.12323399573677E-17,6.12323399573677E-17,199.5;                     429P    310
100,8.,-191.5,216.,-187.1,216.,-195.9,216.;                          431P    311
126,1,1,1,0,1,0,0.,0.,1.,1.,1.,1.,1.,3.141592654,0.,0.,              433P    312
3.141592654,0.,0.,1.,0.,0.,1.;                                       433P    313
110,-191.5,216.,3.6,-191.5,213.356213276,8.;                         435P    314
126,1,1,1,0,1,0,0.,0.,1.,1.,1.,1.,0.,3.141592654,0.,0.,              437P    315
6.283185307,0.,0.,1.,0.,0.,1.;                                       437P    316
126,1,1,1,0,1,0,0.,0.,1.,1.,1.,1.,0.,6.283185307,0.,1.,              439P    317
6.283185307,0.,0.,1.,0.,0.,1.;                                       439P    318
110,-191.5,213.356213276,8.,-191.5,216.,12.4;                        441P    319
102,4,427,433,437,439;                                               443P    320
102,3,431,435,441;                                                   445P    321
142,1,425,443,445,1;                                                 447P    322
144,425,1,0,447;                                                     449P    323
110,191.5,236.,8.,191.5,1236.,8.;                                    451P    324
110,191.5,216.,12.4,191.5,236.,12.4;                                 453P    325
120,451,453,0.,6.28318530717959;                                     455P    326
126,1,1,1,0,1,0,0.,0.,1.,1.,1.,1.,0.,6.283185307,0.,1.,              457P    327
6.283185307,0.,0.,1.,0.,0.,1.;                                       457P    328
110,191.5,216.,12.4,191.5,236.,12.4;                                 459P    329
126,1,1,1,0,1,0,0.,0.,1.,1.,1.,1.,1.,6.283185307,0.,1.,              461P    330
3.141592654,0.,0.,1.,0.,0.,1.;                                       461P    331
124,6.12323399573677E-17,-1.,0.,427.5,6.12323399573677E-17,          463P    332
3.74939945665464E-33,-1.,244.,1.,6.12323399573677E-17,               463P    333
6.12323399573677E-17,-183.5;                                         463P    334
100,8.,191.5,236.,195.9,236.,187.1,236.;                             465P    335
126,1,1,1,0,1,0,0.,0.,1.,1.,1.,1.,1.,3.141592654,0.,0.,              467P    336
3.141592654,0.,0.,1.,0.,0.,1.;                                       467P    337
110,191.5,236.,3.6,191.5,216.,3.6;                                   469P    338
126,1,1,1,0,1,0,0.,0.,1.,1.,1.,1.,0.,3.141592654,0.,0.,              471P    339
6.283185307,0.,0.,1.,0.,0.,1.;                                       471P    340
124,6.12323399573677E-17,-1.,0.,407.5,6.12323399573677E-17,          473P    341
3.74939945665464E-33,1.,208.,-1.,-6.12323399573677E-17,              473P    342
6.12323399573677E-17,199.5;                                          473P    343
100,8.,191.5,216.,195.9,216.,187.1,216.;                             475P    344
102,4,457,461,467,471;                                               477P    345
102,4,459,465,469,475;                                               479P    346
142,1,455,477,479,1;                                                 481P    347
144,455,1,0,481;                                                     483P    348
110,191.5,-784.,8.,191.5,216.,8.;                                    485P    349
110,191.5,213.356213276,8.,191.5,216.,12.4;                          487P    350
120,485,487,0.,6.28318530717959;                                     489P    351
126,1,1,1,0,1,0,0.,0.,1.,1.,1.,1.,1.,6.283185307,0.,1.,              491P    352
3.141592654,0.,0.,1.,0.,0.,1.;                                       491P    353
124,6.12323399573677E-17,-1.,0.,407.5,6.12323399573677E-17,          493P    354
3.74939945665464E-33,-1.,224.,1.,6.12323399573677E-17,               493P    355
6.12323399573677E-17,-183.5;                                         493P    356
100,8.,191.5,216.,195.9,216.,187.1,216.;                             495P    357
126,1,1,1,0,1,0,0.,0.,1.,1.,1.,1.,1.,3.141592654,0.,0.,              497P    358
3.141592654,0.,0.,1.,0.,0.,1.;                                       497P    359
110,191.5,216.,3.6,191.5,213.356213276,8.;                           499P    360
126,1,1,1,0,1,0,0.,0.,1.,1.,1.,1.,0.,3.141592654,0.,0.,              501P    361
6.283185307,0.,0.,1.,0.,0.,1.;                                       501P    362
126,1,1,1,0,1,0,0.,0.,1.,1.,1.,1.,0.,6.283185307,0.,1.,              503P    363
6.283185307,0.,0.,1.,0.,0.,1.;                                       503P    364
110,191.5,213.356213276,8.,191.5,216.,12.4;                          505P    365
102,4,491,497,501,503;                                               507P    366
102,3,495,499,505;                                                   509P    367
142,1,489,507,509,1;                                                 511P    368
144,489,1,0,511;                                                     513P    369
110,-250.,216.,1000.,-250.,216.,0.;                                  515P    370
110,-255.5,216.,0.5,-256.,216.,0.;                                   517P    371
120,515,517,0.,6.28318530717959;                                     519P    372
126,1,1,1,0,1,0,0.,0.,1.,1.,1.,1.,0.,6.283185307,0.,1.,              521P    373
6.283185307,0.,0.,1.,0.,0.,1.;                                       521P    374
110,-255.5,216.,0.5,-256.,216.,0.;                                   523P    375
126,1,1,1,0,1,0,0.,0.,1.,1.,1.,1.,1.,6.283185307,0.,1.,              525P    376
3.141592654,0.,0.,1.,0.,0.,1.;                                       525P    377
100,0.,-250.,216.,-256.,216.,-244.,216.;                             527P    378
126,1,1,1,0,1,0,0.,0.,1.,1.,1.,1.,1.,3.141592654,0.,0.,              529P    379
3.141592654,0.,0.,1.,0.,0.,1.;                                       529P    380
110,-244.,216.,0.,-244.5,216.,0.5;                                   531P    381
126,1,1,1,0,1,0,0.,0.,1.,1.,1.,1.,0.,3.141592654,0.,0.,              533P    382
6.283185307,0.,0.,1.,0.,0.,1.;                                       533P    383
124,1.,-7.105427357601E-15,0.,1.5152323840084E-12,                   535P    384
-7.105427357601E-15,-1.,6.98296267768627E-15,431.999999999998,       535P    385
-4.96169340471387E-29,-6.98296267768627E-15,-1.,                     535P    386
1.00000000000151;                                                    535P    387
100,0.5,-250.,216.,-244.5,216.,-255.5,216.;                          537P    388
102,4,521,525,529,533;                                               539P    389
102,4,523,527,531,537;                                               541P    390
142,1,519,539,541,1;                                                 543P    391
144,519,1,0,543;                                                     545P    392
110,-250.,216.,0.,-250.,216.,-1000.;                                 547P    393
110,-255.5,216.,15.5,-255.5,216.,0.5;                                549P    394
120,547,549,0.,6.28318530717959;                                     551P    395
126,1,1,1,0,1,0,0.,0.,1.,1.,1.,1.,0.,6.283185307,0.,1.,              553P    396
6.283185307,0.,0.,1.,0.,0.,1.;                                       553P    397
110,-255.5,216.,15.5,-255.5,216.,0.5;                                555P    398
126,1,1,1,0,1,0,0.,0.,1.,1.,1.,1.,1.,6.283185307,0.,1.,              557P    399
3.141592654,0.,0.,1.,0.,0.,1.;                                       557P    400
100,0.5,-250.,216.,-255.5,216.,-244.5,216.;                          559P    401
126,1,1,1,0,1,0,0.,0.,1.,1.,1.,1.,1.,3.141592654,0.,0.,              561P    402
3.141592654,0.,0.,1.,0.,0.,1.;                                       561P    403
110,-244.5,216.,0.5,-244.5,216.,15.5;                                563P    404
126,1,1,1,0,1,0,0.,0.,1.,1.,1.,1.,0.,3.141592654,0.,0.,              565P    405
6.283185307,0.,0.,1.,0.,0.,1.;                                       565P    406
124,1.,-7.105427357601E-15,0.,1.5152323840084E-12,                   567P    407
-7.105427357601E-15,-1.,6.98296267768627E-15,431.999999999998,       567P    408
-4.96169340471387E-29,-6.98296267768627E-15,-1.,                     567P    409
31.0000000000015;                                                    567P    410
100,15.5,-250.,216.,-244.5,216.,-255.5,216.;                         569P    411
102,4,553,557,561,565;                                               571P    412
102,4,555,559,563,569;                                               573P    413
142,1,551,571,573,1;                                                 575P    414
144,551,1,0,575;                                                     577P    415
110,-250.,216.,-984.5,-250.,216.,15.5;                               579P    416
110,-244.5,216.,15.5,-244.,216.,16.;                                 581P    417
120,579,581,0.,6.28318530717959;                                     583P    418
126,1,1,1,0,1,0,0.,0.,1.,1.,1.,1.,0.,6.283185307,0.,1.,              585P    419
6.283185307,0.,0.,1.,0.,0.,1.;                                       585P    420
110,-244.5,216.,15.5,-244.,216.,16.;                                 587P    421
126,1,1,1,0,1,0,0.,0.,1.,1.,1.,1.,1.,6.283185307,0.,1.,              589P    422
3.141592654,0.,0.,1.,0.,0.,1.;                                       589P    423
124,1.,-7.105427357601E-15,0.,1.5152323840084E-12,                   591P    424
-7.105427357601E-15,-1.,6.98296267768627E-15,431.999999999998,       591P    425
-4.96169340471387E-29,-6.98296267768627E-15,-1.,                     591P    426
32.0000000000015;                                                    591P    427
100,16.,-250.,216.,-244.,216.,-256.,216.;                            593P    428
126,1,1,1,0,1,0,0.,0.,1.,1.,1.,1.,1.,3.141592654,0.,0.,              595P    429
3.141592654,0.,0.,1.,0.,0.,1.;                                       595P    430
110,-256.,216.,16.,-255.5,216.,15.5;                                 597P    431
126,1,1,1,0,1,0,0.,0.,1.,1.,1.,1.,0.,3.141592654,0.,0.,              599P    432
6.283185307,0.,0.,1.,0.,0.,1.;                                       599P    433
100,15.5,-250.,216.,-255.5,216.,-244.5,216.;                         601P    434
102,4,585,589,595,599;                                               603P    435
102,4,587,593,597,601;                                               605P    436
142,1,583,603,605,1;                                                 607P    437
144,583,1,0,607;                                                     609P    438
110,250.,216.,1000.,250.,216.,0.;                                    611P    439
110,244.5,216.,0.5,244.,216.,0.;                                     613P    440
120,611,613,0.,6.28318530717959;                                     615P    441
126,1,1,1,0,1,0,0.,0.,1.,1.,1.,1.,0.,6.283185307,0.,1.,              617P    442
6.283185307,0.,0.,1.,0.,0.,1.;                                       617P    443
110,244.5,216.,0.5,244.,216.,0.;                                     619P    444
126,1,1,1,0,1,0,0.,0.,1.,1.,1.,1.,1.,6.283185307,0.,1.,              621P    445
3.141592654,0.,0.,1.,0.,0.,1.;                                       621P    446
100,0.,250.,216.,244.,216.,256.,216.;                                623P    447
126,1,1,1,0,1,0,0.,0.,1.,1.,1.,1.,1.,3.141592654,0.,0.,              625P    448
3.141592654,0.,0.,1.,0.,0.,1.;                                       625P    449
110,256.,216.,0.,255.5,216.,0.5;                                     627P    450
126,1,1,1,0,1,0,0.,0.,1.,1.,1.,1.,0.,3.141592654,0.,0.,              629P    451
6.283185307,0.,0.,1.,0.,0.,1.;                                       629P    452
124,1.,-7.105427357601E-15,0.,1.54298795962401E-12,                  631P    453
-7.105427357601E-15,-1.,6.98296267768627E-15,431.999999999995,       631P    454
-4.96169340471387E-29,-6.98296267768627E-15,-1.,                     631P    455
1.00000000000151;                                                    631P    456
100,0.5,250.,216.,255.5,216.,244.5,216.;                             633P    457
102,4,617,621,625,629;                                               635P    458
102,4,619,623,627,633;                                               637P    459
142,1,615,635,637,1;                                                 639P    460
144,615,1,0,639;                                                     641P    461
110,250.,216.,0.,250.,216.,-1000.;                                   643P    462
110,244.5,216.,15.5,244.5,216.,0.5;                                  645P    463
120,643,645,0.,6.28318530717959;                                     647P    464
126,1,1,1,0,1,0,0.,0.,1.,1.,1.,1.,0.,6.283185307,0.,1.,              649P    465
6.283185307,0.,0.,1.,0.,0.,1.;                                       649P    466
110,244.5,216.,15.5,244.5,216.,0.5;                                  651P    467
126,1,1,1,0,1,0,0.,0.,1.,1.,1.,1.,1.,6.283185307,0.,1.,              653P    468
3.141592654,0.,0.,1.,0.,0.,1.;                                       653P    469
100,0.5,250.,216.,244.5,216.,255.5,216.;                             655P    470
126,1,1,1,0,1,0,0.,0.,1.,1.,1.,1.,1.,3.141592654,0.,0.,              657P    471
3.141592654,0.,0.,1.,0.,0.,1.;                                       657P    472
110,255.5,216.,0.5,255.5,216.,15.5;                                  659P    473
126,1,1,1,0,1,0,0.,0.,1.,1.,1.,1.,0.,3.141592654,0.,0.,              661P    474
6.283185307,0.,0.,1.,0.,0.,1.;                                       661P    475
124,1.,-7.105427357601E-15,0.,1.54298795962401E-12,                  663P    476
-7.105427357601E-15,-1.,6.98296267768627E-15,431.999999999995,       663P    477
-4.96169340471387E-29,-6.98296267768627E-15,-1.,                     663P    478
31.0000000000015;                                                    663P    479
100,15.5,250.,216.,255.5,216.,244.5,216.;                            665P    480
102,4,649,653,657,661;                                               667P    481
102,4,651,655,659,665;                                               669P    482
142,1,647,667,669,1;                                                 671P    483
144,647,1,0,671;                                                     673P    484
110,250.,216.,-984.5,250.,216.,15.5;                                 675P    485
110,255.5,216.,15.5,256.,216.,16.;                                   677P    486
120,675,677,0.,6.28318530717959;                                     679P    487
126,1,1,1,0,1,0,0.,0.,1.,1.,1.,1.,0.,6.283185307,0.,1.,              681P    488
6.283185307,0.,0.,1.,0.,0.,1.;                                       681P    489
110,255.5,216.,15.5,256.,216.,16.;                                   683P    490
126,1,1,1,0,1,0,0.,0.,1.,1.,1.,1.,1.,6.283185307,0.,1.,              685P    491
3.141592654,0.,0.,1.,0.,0.,1.;                                       685P    492
124,1.,-7.105427357601E-15,0.,1.54298795962401E-12,                  687P    493
-7.105427357601E-15,-1.,6.98296267768627E-15,431.999999999995,       687P    494
-4.96169340471387E-29,-6.98296267768627E-15,-1.,                     687P    495
32.0000000000015;                                                    687P    496
100,16.,250.,216.,256.,216.,244.,216.;                               689P    497
126,1,1,1,0,1,0,0.,0.,1.,1.,1.,1.,1.,3.141592654,0.,0.,              691P    498
3.141592654,0.,0.,1.,0.,0.,1.;                                       691P    499
110,244.,216.,16.,244.5,216.,15.5;                                   693P    500
126,1,1,1,0,1,0,0.,0.,1.,1.,1.,1.,0.,3.141592654,0.,0.,              695P    501
6.283185307,0.,0.,1.,0.,0.,1.;                                       695P    502
100,15.5,250.,216.,244.5,216.,255.5,216.;                            697P    503
102,4,681,685,691,695;                                               699P    504
102,4,683,689,693,697;                                               701P    505
142,1,679,699,701,1;                                                 703P    506
144,679,1,0,703;                                                     705P    507
110,250.,108.,1000.,250.,108.,0.;                                    707P    508
110,244.5,108.,0.5,244.,108.,0.;                                     709P    509
120,707,709,0.,6.28318530717959;                                     711P    510
126,1,1,1,0,1,0,0.,0.,1.,1.,1.,1.,0.,6.283185307,0.,1.,              713P    511
6.283185307,0.,0.,1.,0.,0.,1.;                                       713P    512
110,244.5,108.,0.5,244.,108.,0.;                                     715P    513
126,1,1,1,0,1,0,0.,0.,1.,1.,1.,1.,1.,6.283185307,0.,1.,              717P    514
3.141592654,0.,0.,1.,0.,0.,1.;                                       717P    515
100,0.,250.,108.,244.,108.,256.,108.;                                719P    516
126,1,1,1,0,1,0,0.,0.,1.,1.,1.,1.,1.,3.141592654,0.,0.,              721P    517
3.141592654,0.,0.,1.,0.,0.,1.;                                       721P    518
110,256.,108.,0.,255.5,108.,0.5;                                     723P    519
126,1,1,1,0,1,0,0.,0.,1.,1.,1.,1.,0.,3.141592654,0.,0.,              725P    520
6.283185307,0.,0.,1.,0.,0.,1.;                                       725P    521
124,1.,-7.105427357601E-15,0.,7.5761619200417E-13,                   727P    522
-7.105427357601E-15,-1.,6.98296267768627E-15,215.999999999995,       727P    523
-4.96169340471387E-29,-6.98296267768627E-15,-1.,                     727P    524
1.00000000000075;                                                    727P    525
100,0.5,250.,108.,255.5,108.,244.5,108.;                             729P    526
102,4,713,717,721,725;                                               731P    527
102,4,715,719,723,729;                                               733P    528
142,1,711,731,733,1;                                                 735P    529
144,711,1,0,735;                                                     737P    530
110,250.,108.,0.,250.,108.,-1000.;                                   739P    531
110,244.5,108.,15.5,244.5,108.,0.5;                                  741P    532
120,739,741,0.,6.28318530717959;                                     743P    533
126,1,1,1,0,1,0,0.,0.,1.,1.,1.,1.,0.,6.283185307,0.,1.,              745P    534
6.283185307,0.,0.,1.,0.,0.,1.;                                       745P    535
110,244.5,108.,15.5,244.5,108.,0.5;                                  747P    536
126,1,1,1,0,1,0,0.,0.,1.,1.,1.,1.,1.,6.283185307,0.,1.,              749P    537
3.141592654,0.,0.,1.,0.,0.,1.;                                       749P    538
100,0.5,250.,108.,244.5,108.,255.5,108.;                             751P    539
126,1,1,1,0,1,0,0.,0.,1.,1.,1.,1.,1.,3.141592654,0.,0.,              753P    540
3.141592654,0.,0.,1.,0.,0.,1.;                                       753P    541
110,255.5,108.,0.5,255.5,108.,15.5;                                  755P    542
126,1,1,1,0,1,0,0.,0.,1.,1.,1.,1.,0.,3.141592654,0.,0.,              757P    543
6.283185307,0.,0.,1.,0.,0.,1.;                                       757P    544
124,1.,-7.105427357601E-15,0.,7.5761619200417E-13,                   759P    545
-7.105427357601E-15,-1.,6.98296267768627E-15,215.999999999995,       759P    546
-4.96169340471387E-29,-6.98296267768627E-15,-1.,                     759P    547
31.0000000000008;                                                    759P    548
100,15.5,250.,108.,255.5,108.,244.5,108.;                            761P    549
102,4,745,749,753,757;                                               763P    550
102,4,747,751,755,761;                                               765P    551
142,1,743,763,765,1;                                                 767P    552
144,743,1,0,767;                                                     769P    553
110,250.,108.,-984.5,250.,108.,15.5;                                 771P    554
110,255.5,108.,15.5,256.,108.,16.;                                   773P    555
120,771,773,0.,6.28318530717959;                                     775P    556
126,1,1,1,0,1,0,0.,0.,1.,1.,1.,1.,0.,6.283185307,0.,1.,              777P    557
6.283185307,0.,0.,1.,0.,0.,1.;                                       777P    558
110,255.5,108.,15.5,256.,108.,16.;                                   779P    559
126,1,1,1,0,1,0,0.,0.,1.,1.,1.,1.,1.,6.283185307,0.,1.,              781P    560
3.141592654,0.,0.,1.,0.,0.,1.;                                       781P    561
124,1.,-7.105427357601E-15,0.,7.5761619200417E-13,                   783P    562
-7.105427357601E-15,-1.,6.98296267768627E-15,215.999999999995,       783P    563
-4.96169340471387E-29,-6.98296267768627E-15,-1.,                     783P    564
32.0000000000008;                                                    783P    565
100,16.,250.,108.,256.,108.,244.,108.;                               785P    566
126,1,1,1,0,1,0,0.,0.,1.,1.,1.,1.,1.,3.141592654,0.,0.,              787P    567
3.141592654,0.,0.,1.,0.,0.,1.;                                       787P    568
110,244.,108.,16.,244.5,108.,15.5;                                   789P    569
126,1,1,1,0,1,0,0.,0.,1.,1.,1.,1.,0.,3.141592654,0.,0.,              791P    570
6.283185307,0.,0.,1.,0.,0.,1.;                                       791P    571
100,15.5,250.,108.,244.5,108.,255.5,108.;                            793P    572
102,4,777,781,787,791;                                               795P    573
102,4,779,785,789,793;                                               797P    574
142,1,775,795,797,1;                                                 799P    575
144,775,1,0,799;                                                     801P    576
110,250.,0.,1000.,250.,0.,0.;                                        803P    577
110,244.5,0.,0.5,244.,0.,0.;                                         805P    578
120,803,805,0.,6.28318530717959;                                     807P    579
126,1,1,1,0,1,0,0.,0.,1.,1.,1.,1.,0.,6.283185307,0.,1.,              809P    580
6.283185307,0.,0.,1.,0.,0.,1.;                                       809P    581
110,244.5,0.,0.5,244.,0.,0.;                                         811P    582
126,1,1,1,0,1,0,0.,0.,1.,1.,1.,1.,1.,6.283185307,0.,1.,              813P    583
3.141592654,0.,0.,1.,0.,0.,1.;                                       813P    584
100,0.,250.,0.,244.,0.,256.,0.;                                      815P    585
126,1,1,1,0,1,0,0.,0.,1.,1.,1.,1.,1.,3.141592654,0.,0.,              817P    586
3.141592654,0.,0.,1.,0.,0.,1.;                                       817P    587
110,256.,0.,0.,255.5,0.,0.5;                                         819P    588
126,1,1,1,0,1,0,0.,0.,1.,1.,1.,1.,0.,3.141592654,0.,0.,              821P    589
6.283185307,0.,0.,1.,0.,0.,1.;                                       821P    590
124,1.,-7.105427357601E-15,0.,-3.70516540783641E-26,                 823P    591
-7.105427357601E-15,-1.,6.98296267768627E-15,                        823P    592
-5.22153969707709E-12,-4.96169340471387E-29,                         823P    593
-6.98296267768627E-15,-1.,0.999999999999997;                         823P    594
100,0.5,250.,0.,255.5,0.,244.5,0.;                                   825P    595
102,4,809,813,817,821;                                               827P    596
102,4,811,815,819,825;                                               829P    597
142,1,807,827,829,1;                                                 831P    598
144,807,1,0,831;                                                     833P    599
110,250.,0.,0.,250.,0.,-1000.;                                       835P    600
110,244.5,0.,15.5,244.5,0.,0.5;                                      837P    601
120,835,837,0.,6.28318530717959;                                     839P    602
126,1,1,1,0,1,0,0.,0.,1.,1.,1.,1.,0.,6.283185307,0.,1.,              841P    603
6.283185307,0.,0.,1.,0.,0.,1.;                                       841P    604
110,244.5,0.,15.5,244.5,0.,0.5;                                      843P    605
126,1,1,1,0,1,0,0.,0.,1.,1.,1.,1.,1.,6.283185307,0.,1.,              845P    606
3.141592654,0.,0.,1.,0.,0.,1.;                                       845P    607
100,0.5,250.,0.,244.5,0.,255.5,0.;                                   847P    608
126,1,1,1,0,1,0,0.,0.,1.,1.,1.,1.,1.,3.141592654,0.,0.,              849P    609
3.141592654,0.,0.,1.,0.,0.,1.;                                       849P    610
110,255.5,0.,0.5,255.5,0.,15.5;                                      851P    611
126,1,1,1,0,1,0,0.,0.,1.,1.,1.,1.,0.,3.141592654,0.,0.,              853P    612
6.283185307,0.,0.,1.,0.,0.,1.;                                       853P    613
124,1.,-7.36148987015003E-15,8.94037484142225E-31,                   855P    614
-3.71722962063172E-26,-7.36148987015003E-15,-1.,                     855P    615
6.98296267768627E-15,-5.26226850910513E-12,                          855P    616
-5.0510971531281E-29,-6.98296267768627E-15,-1.,31.;                  855P    617
100,15.5,250.,0.,255.5,0.,244.5,0.;                                  857P    618
102,4,841,845,849,853;                                               859P    619
102,4,843,847,851,857;                                               861P    620
142,1,839,859,861,1;                                                 863P    621
144,839,1,0,863;                                                     865P    622
110,250.,0.,-984.5,250.,0.,15.5;                                     867P    623
110,255.5,0.,15.5,256.,0.,16.;                                       869P    624
120,867,869,0.,6.28318530717959;                                     871P    625
126,1,1,1,0,1,0,0.,0.,1.,1.,1.,1.,0.,6.283185307,0.,1.,              873P    626
6.283185307,0.,0.,1.,0.,0.,1.;                                       873P    627
110,255.5,0.,15.5,256.,0.,16.;                                       875P    628
126,1,1,1,0,1,0,0.,0.,1.,1.,1.,1.,1.,6.283185307,0.,1.,              877P    629
3.141592654,0.,0.,1.,0.,0.,1.;                                       877P    630
124,1.,-7.35035671743046E-15,8.5516628917936E-31,                    879P    631
-3.71105652683439E-26,-7.35035671743046E-15,-1.,                     879P    632
6.98296267768627E-15,-5.26854327862387E-12,                          879P    633
-5.04721003363181E-29,-6.98296267768627E-15,-1.,32.;                 879P    634
100,16.,250.,0.,256.,0.,244.,0.;                                     881P    635
126,1,1,1,0,1,0,0.,0.,1.,1.,1.,1.,1.,3.141592654,0.,0.,              883P    636
3.141592654,0.,0.,1.,0.,0.,1.;                                       883P    637
110,244.,0.,16.,244.5,0.,15.5;                                       885P    638
126,1,1,1,0,1,0,0.,0.,1.,1.,1.,1.,0.,3.141592654,0.,0.,              887P    639
6.283185307,0.,0.,1.,0.,0.,1.;                                       887P    640
100,15.5,250.,0.,244.5,0.,255.5,0.;                                  889P    641
102,4,873,877,883,887;                                               891P    642
102,4,875,881,885,889;                                               893P    643
142,1,871,891,893,1;                                                 895P    644
144,871,1,0,895;                                                     897P    645
110,250.,-108.,1000.,250.,-108.,0.;                                  899P    646
110,244.5,-108.,0.5,244.,-108.,0.;                                   901P    647
120,899,901,0.,6.28318530717959;                                     903P    648
126,1,1,1,0,1,0,0.,0.,1.,1.,1.,1.,0.,6.283185307,0.,1.,              905P    649
6.283185307,0.,0.,1.,0.,0.,1.;                                       905P    650
110,244.5,-108.,0.5,244.,-108.,0.;                                   907P    651
126,1,1,1,0,1,0,0.,0.,1.,1.,1.,1.,1.,6.283185307,0.,1.,              909P    652
3.141592654,0.,0.,1.,0.,0.,1.;                                       909P    653
100,0.,250.,-108.,244.,-108.,256.,-108.;                             911P    654
126,1,1,1,0,1,0,0.,0.,1.,1.,1.,1.,1.,3.141592654,0.,0.,              913P    655
3.141592654,0.,0.,1.,0.,0.,1.;                                       913P    656
110,256.,-108.,0.,255.5,-108.,0.5;                                   915P    657
126,1,1,1,0,1,0,0.,0.,1.,1.,1.,1.,0.,3.141592654,0.,0.,              917P    658
6.283185307,0.,0.,1.,0.,0.,1.;                                       917P    659
124,1.,-7.105427357601E-15,0.,-7.57616192004244E-13,                 919P    660
-7.105427357601E-15,-1.,6.98296267768627E-15,-216.000000000005,      919P    661
-4.96169340471387E-29,-6.98296267768627E-15,-1.,                     919P    662
0.999999999999243;                                                   919P    663
100,0.5,250.,-108.,255.5,-108.,244.5,-108.;                          921P    664
102,4,905,909,913,917;                                               923P    665
102,4,907,911,915,921;                                               925P    666
142,1,903,923,925,1;                                                 927P    667
144,903,1,0,927;                                                     929P    668
110,250.,-108.,0.,250.,-108.,-1000.;                                 931P    669
110,244.5,-108.,15.5,244.5,-108.,0.5;                                933P    670
120,931,933,0.,6.28318530717959;                                     935P    671
126,1,1,1,0,1,0,0.,0.,1.,1.,1.,1.,0.,6.283185307,0.,1.,              937P    672
6.283185307,0.,0.,1.,0.,0.,1.;                                       937P    673
110,244.5,-108.,15.5,244.5,-108.,0.5;                                939P    674
126,1,1,1,0,1,0,0.,0.,1.,1.,1.,1.,1.,6.283185307,0.,1.,              941P    675
3.141592654,0.,0.,1.,0.,0.,1.;                                       941P    676
100,0.5,250.,-108.,244.5,-108.,255.5,-108.;                          943P    677
126,1,1,1,0,1,0,0.,0.,1.,1.,1.,1.,1.,3.141592654,0.,0.,              945P    678
3.141592654,0.,0.,1.,0.,0.,1.;                                       945P    679
110,255.5,-108.,0.5,255.5,-108.,15.5;                                947P    680
126,1,1,1,0,1,0,0.,0.,1.,1.,1.,1.,0.,3.141592654,0.,0.,              949P    681
6.283185307,0.,0.,1.,0.,0.,1.;                                       949P    682
124,1.,-7.105427357601E-15,0.,-7.57616192004243E-13,                 951P    683
-7.105427357601E-15,-1.,6.98296267768627E-15,-216.000000000005,      951P    684
-4.96169340471387E-29,-6.98296267768627E-15,-1.,                     951P    685
30.9999999999992;                                                    951P    686
100,15.5,250.,-108.,255.5,-108.,244.5,-108.;                         953P    687
102,4,937,941,945,949;                                               955P    688
102,4,939,943,947,953;                                               957P    689
142,1,935,955,957,1;                                                 959P    690
144,935,1,0,959;                                                     961P    691
110,250.,-108.,-984.5,250.,-108.,15.5;                               963P    692
110,255.5,-108.,15.5,256.,-108.,16.;                                 965P    693
120,963,965,0.,6.28318530717959;                                     967P    694
126,1,1,1,0,1,0,0.,0.,1.,1.,1.,1.,0.,6.283185307,0.,1.,              969P    695
6.283185307,0.,0.,1.,0.,0.,1.;                                       969P    696
110,255.5,-108.,15.5,256.,-108.,16.;                                 971P    697
126,1,1,1,0,1,0,0.,0.,1.,1.,1.,1.,1.,6.283185307,0.,1.,              973P    698
3.141592654,0.,0.,1.,0.,0.,1.;                                       973P    699
124,1.,-7.105427357601E-15,0.,-7.57616192004243E-13,                 975P    700
-7.105427357601E-15,-1.,6.98296267768627E-15,-216.000000000005,      975P    701
-4.96169340471387E-29,-6.98296267768627E-15,-1.,                     975P    702
31.9999999999992;                                                    975P    703
100,16.,250.,-108.,256.,-108.,244.,-108.;                            977P    704
126,1,1,1,0,1,0,0.,0.,1.,1.,1.,1.,1.,3.141592654,0.,0.,              979P    705
3.141592654,0.,0.,1.,0.,0.,1.;                                       979P    706
110,244.,-108.,16.,244.5,-108.,15.5;                                 981P    707
126,1,1,1,0,1,0,0.,0.,1.,1.,1.,1.,0.,3.141592654,0.,0.,              983P    708
6.283185307,0.,0.,1.,0.,0.,1.;                                       983P    709
100,15.5,250.,-108.,244.5,-108.,255.5,-108.;                         985P    710
102,4,969,973,979,983;                                               987P    711
102,4,971,977,981,985;                                               989P    712
142,1,967,987,989,1;                                                 991P    713
144,967,1,0,991;                                                     993P    714
110,250.,-216.,1000.,250.,-216.,0.;                                  995P    715
110,244.5,-216.,0.5,244.,-216.,0.;                                   997P    716
120,995,997,0.,6.28318530717959;                                     999P    717
126,1,1,1,0,1,0,0.,0.,1.,1.,1.,1.,0.,6.283185307,0.,1.,             1001P    718
6.283185307,0.,0.,1.,0.,0.,1.;                                      1001P    719
110,244.5,-216.,0.5,244.,-216.,0.;                                  1003P    720
126,1,1,1,0,1,0,0.,0.,1.,1.,1.,1.,1.,6.283185307,0.,1.,             1005P    721
3.141592654,0.,0.,1.,0.,0.,1.;                                      1005P    722
100,0.,250.,-216.,244.,-216.,256.,-216.;                            1007P    723
126,1,1,1,0,1,0,0.,0.,1.,1.,1.,1.,1.,3.141592654,0.,0.,             1009P    724
3.141592654,0.,0.,1.,0.,0.,1.;                                      1009P    725
110,256.,-216.,0.,255.5,-216.,0.5;                                  1011P    726
126,1,1,1,0,1,0,0.,0.,1.,1.,1.,1.,0.,3.141592654,0.,0.,             1013P    727
6.283185307,0.,0.,1.,0.,0.,1.;                                      1013P    728
124,1.,-7.105427357601E-15,0.,-1.54298795962408E-12,                1015P    729
-7.105427357601E-15,-1.,6.98296267768627E-15,-432.000000000005,     1015P    730
-4.96169340471387E-29,-6.98296267768627E-15,-1.,                    1015P    731
0.999999999998489;                                                  1015P    732
100,0.5,250.,-216.,255.5,-216.,244.5,-216.;                         1017P    733
102,4,1001,1005,1009,1013;                                          1019P    734
102,4,1003,1007,1011,1017;                                          1021P    735
142,1,999,1019,1021,1;                                              1023P    736
144,999,1,0,1023;                                                   1025P    737
110,250.,-216.,0.,250.,-216.,-1000.;                                1027P    738
110,244.5,-216.,15.5,244.5,-216.,0.5;                               1029P    739
120,1027,1029,0.,6.28318530717959;                                  1031P    740
126,1,1,1,0,1,0,0.,0.,1.,1.,1.,1.,0.,6.283185307,0.,1.,             1033P    741
6.283185307,0.,0.,1.,0.,0.,1.;                                      1033P    742
110,244.5,-216.,15.5,244.5,-216.,0.5;                               1035P    743
126,1,1,1,0,1,0,0.,0.,1.,1.,1.,1.,1.,6.283185307,0.,1.,             1037P    744
3.141592654,0.,0.,1.,0.,0.,1.;                                      1037P    745
100,0.5,250.,-216.,244.5,-216.,255.5,-216.;                         1039P    746
126,1,1,1,0,1,0,0.,0.,1.,1.,1.,1.,1.,3.141592654,0.,0.,             1041P    747
3.141592654,0.,0.,1.,0.,0.,1.;                                      1041P    748
110,255.5,-216.,0.5,255.5,-216.,15.5;                               1043P    749
126,1,1,1,0,1,0,0.,0.,1.,1.,1.,1.,0.,3.141592654,0.,0.,             1045P    750
6.283185307,0.,0.,1.,0.,0.,1.;                                      1045P    751
124,1.,-7.105427357601E-15,0.,-1.54298795962408E-12,                1047P    752
-7.105427357601E-15,-1.,6.98296267768627E-15,-432.000000000005,     1047P    753
-4.96169340471387E-29,-6.98296267768627E-15,-1.,                    1047P    754
30.9999999999985;                                                   1047P    755
100,15.5,250.,-216.,255.5,-216.,244.5,-216.;                        1049P    756
102,4,1033,1037,1041,1045;                                          1051P    757
102,4,1035,1039,1043,1049;                                          1053P    758
142,1,1031,1051,1053,1;                                             1055P    759
144,1031,1,0,1055;                                                  1057P    760
110,250.,-216.,-984.5,250.,-216.,15.5;                              1059P    761
110,255.5,-216.,15.5,256.,-216.,16.;                                1061P    762
120,1059,1061,0.,6.28318530717959;                                  1063P    763
126,1,1,1,0,1,0,0.,0.,1.,1.,1.,1.,0.,6.283185307,0.,1.,             1065P    764
6.283185307,0.,0.,1.,0.,0.,1.;                                      1065P    765
110,255.5,-216.,15.5,256.,-216.,16.;                                1067P    766
126,1,1,1,0,1,0,0.,0.,1.,1.,1.,1.,1.,6.283185307,0.,1.,             1069P    767
3.141592654,0.,0.,1.,0.,0.,1.;                                      1069P    768
124,1.,-7.105427357601E-15,0.,-1.54298795962408E-12,                1071P    769
-7.105427357601E-15,-1.,6.98296267768627E-15,-432.000000000005,     1071P    770
-4.96169340471387E-29,-6.98296267768627E-15,-1.,                    1071P    771
31.9999999999985;                                                   1071P    772
100,16.,250.,-216.,256.,-216.,244.,-216.;                           1073P    773
126,1,1,1,0,1,0,0.,0.,1.,1.,1.,1.,1.,3.141592654,0.,0.,             1075P    774
3.141592654,0.,0.,1.,0.,0.,1.;                                      1075P    775
110,244.,-216.,16.,244.5,-216.,15.5;                                1077P    776
126,1,1,1,0,1,0,0.,0.,1.,1.,1.,1.,0.,3.141592654,0.,0.,             1079P    777
6.283185307,0.,0.,1.,0.,0.,1.;                                      1079P    778
100,15.5,250.,-216.,244.5,-216.,255.5,-216.;                        1081P    779
102,4,1065,1069,1075,1079;                                          1083P    780
102,4,1067,1073,1077,1081;                                          1085P    781
142,1,1063,1083,1085,1;                                             1087P    782
144,1063,1,0,1087;                                                  1089P    783
110,-250.,108.,1000.,-250.,108.,0.;                                 1091P    784
110,-255.5,108.,0.5,-256.,108.,0.;                                  1093P    785
120,1091,1093,0.,6.28318530717959;                                  1095P    786
126,1,1,1,0,1,0,0.,0.,1.,1.,1.,1.,0.,6.283185307,0.,1.,             1097P    787
6.283185307,0.,0.,1.,0.,0.,1.;                                      1097P    788
110,-255.5,108.,0.5,-256.,108.,0.;                                  1099P    789
126,1,1,1,0,1,0,0.,0.,1.,1.,1.,1.,1.,6.283185307,0.,1.,             1101P    790
3.141592654,0.,0.,1.,0.,0.,1.;                                      1101P    791
100,0.,-250.,108.,-256.,108.,-244.,108.;                            1103P    792
126,1,1,1,0,1,0,0.,0.,1.,1.,1.,1.,1.,3.141592654,0.,0.,             1105P    793
3.141592654,0.,0.,1.,0.,0.,1.;                                      1105P    794
110,-244.,108.,0.,-244.5,108.,0.5;                                  1107P    795
126,1,1,1,0,1,0,0.,0.,1.,1.,1.,1.,0.,3.141592654,0.,0.,             1109P    796
6.283185307,0.,0.,1.,0.,0.,1.;                                      1109P    797
124,1.,-7.105427357601E-15,0.,7.57616192004194E-13,                 1111P    798
-7.105427357601E-15,-1.,6.98296267768627E-15,215.999999999998,      1111P    799
-4.96169340471387E-29,-6.98296267768627E-15,-1.,                    1111P    800
1.00000000000075;                                                   1111P    801
100,0.5,-250.,108.,-244.5,108.,-255.5,108.;                         1113P    802
102,4,1097,1101,1105,1109;                                          1115P    803
102,4,1099,1103,1107,1113;                                          1117P    804
142,1,1095,1115,1117,1;                                             1119P    805
144,1095,1,0,1119;                                                  1121P    806
110,-250.,108.,0.,-250.,108.,-1000.;                                1123P    807
110,-255.5,108.,15.5,-255.5,108.,0.5;                               1125P    808
120,1123,1125,0.,6.28318530717959;                                  1127P    809
126,1,1,1,0,1,0,0.,0.,1.,1.,1.,1.,0.,6.283185307,0.,1.,             1129P    810
6.283185307,0.,0.,1.,0.,0.,1.;                                      1129P    811
110,-255.5,108.,15.5,-255.5,108.,0.5;                               1131P    812
126,1,1,1,0,1,0,0.,0.,1.,1.,1.,1.,1.,6.283185307,0.,1.,             1133P    813
3.141592654,0.,0.,1.,0.,0.,1.;                                      1133P    814
100,0.5,-250.,108.,-255.5,108.,-244.5,108.;                         1135P    815
126,1,1,1,0,1,0,0.,0.,1.,1.,1.,1.,1.,3.141592654,0.,0.,             1137P    816
3.141592654,0.,0.,1.,0.,0.,1.;                                      1137P    817
110,-244.5,108.,0.5,-244.5,108.,15.5;                               1139P    818
126,1,1,1,0,1,0,0.,0.,1.,1.,1.,1.,0.,3.141592654,0.,0.,             1141P    819
6.283185307,0.,0.,1.,0.,0.,1.;                                      1141P    820
124,1.,-7.105427357601E-15,0.,7.57616192004195E-13,                 1143P    821
-7.105427357601E-15,-1.,6.98296267768627E-15,215.999999999998,      1143P    822
-4.96169340471387E-29,-6.98296267768627E-15,-1.,                    1143P    823
31.0000000000008;                                                   1143P    824
100,15.5,-250.,108.,-244.5,108.,-255.5,108.;                        1145P    825
102,4,1129,1133,1137,1141;                                          1147P    826
102,4,1131,1135,1139,1145;                                          1149P    827
142,1,1127,1147,1149,1;                                             1151P    828
144,1127,1,0,1151;                                                  1153P    829
110,-250.,108.,-984.5,-250.,108.,15.5;                              1155P    830
110,-244.5,108.,15.5,-244.,108.,16.;                                1157P    831
120,1155,1157,0.,6.28318530717959;                                  1159P    832
126,1,1,1,0,1,0,0.,0.,1.,1.,1.,1.,0.,6.283185307,0.,1.,             1161P    833
6.283185307,0.,0.,1.,0.,0.,1.;                                      1161P    834
110,-244.5,108.,15.5,-244.,108.,16.;                                1163P    835
126,1,1,1,0,1,0,0.,0.,1.,1.,1.,1.,1.,6.283185307,0.,1.,             1165P    836
3.141592654,0.,0.,1.,0.,0.,1.;                                      1165P    837
124,1.,-7.105427357601E-15,0.,7.57616192004195E-13,                 1167P    838
-7.105427357601E-15,-1.,6.98296267768627E-15,215.999999999998,      1167P    839
-4.96169340471387E-29,-6.98296267768627E-15,-1.,                    1167P    840
32.0000000000008;                                                   1167P    841
100,16.,-250.,108.,-244.,108.,-256.,108.;                           1169P    842
126,1,1,1,0,1,0,0.,0.,1.,1.,1.,1.,1.,3.141592654,0.,0.,             1171P    843
3.141592654,0.,0.,1.,0.,0.,1.;                                      1171P    844
110,-256.,108.,16.,-255.5,108.,15.5;                                1173P    845
126,1,1,1,0,1,0,0.,0.,1.,1.,1.,1.,0.,3.141592654,0.,0.,             1175P    846
6.283185307,0.,0.,1.,0.,0.,1.;                                      1175P    847
100,15.5,-250.,108.,-255.5,108.,-244.5,108.;                        1177P    848
102,4,1161,1165,1171,1175;                                          1179P    849
102,4,1163,1169,1173,1177;                                          1181P    850
142,1,1159,1179,1181,1;                                             1183P    851
144,1159,1,0,1183;                                                  1185P    852
110,-250.,0.,1000.,-250.,0.,0.;                                     1187P    853
110,-255.5,0.,0.5,-256.,0.,0.;                                      1189P    854
120,1187,1189,0.,6.28318530717959;                                  1191P    855
126,1,1,1,0,1,0,0.,0.,1.,1.,1.,1.,0.,6.283185307,0.,1.,             1193P    856
6.283185307,0.,0.,1.,0.,0.,1.;                                      1193P    857
110,-255.5,0.,0.5,-256.,0.,0.;                                      1195P    858
126,1,1,1,0,1,0,0.,0.,1.,1.,1.,1.,1.,6.283185307,0.,1.,             1197P    859
3.141592654,0.,0.,1.,0.,0.,1.;                                      1197P    860
100,0.,-250.,0.,-256.,0.,-244.,0.;                                  1199P    861
126,1,1,1,0,1,0,0.,0.,1.,1.,1.,1.,1.,3.141592654,0.,0.,             1201P    862
3.141592654,0.,0.,1.,0.,0.,1.;                                      1201P    863
110,-244.,0.,0.,-244.5,0.,0.5;                                      1203P    864
126,1,1,1,0,1,0,0.,0.,1.,1.,1.,1.,0.,3.141592654,0.,0.,             1205P    865
6.283185307,0.,0.,1.,0.,0.,1.;                                      1205P    866
124,1.,-7.105427357601E-15,0.,-1.25969660165127E-26,                1207P    867
-7.105427357601E-15,-1.,6.98296267768627E-15,                       1207P    868
-1.77984832073911E-12,-4.96169340471387E-29,                        1207P    869
-6.98296267768627E-15,-1.,0.999999999999997;                        1207P    870
100,0.5,-250.,0.,-244.5,0.,-255.5,0.;                               1209P    871
102,4,1193,1197,1201,1205;                                          1211P    872
102,4,1195,1199,1203,1209;                                          1213P    873
142,1,1191,1211,1213,1;                                             1215P    874
144,1191,1,0,1215;                                                  1217P    875
110,-250.,0.,0.,-250.,0.,-1000.;                                    1219P    876
110,-255.5,0.,15.5,-255.5,0.,0.5;                                   1221P    877
120,1219,1221,0.,6.28318530717959;                                  1223P    878
126,1,1,1,0,1,0,0.,0.,1.,1.,1.,1.,0.,6.283185307,0.,1.,             1225P    879
6.283185307,0.,0.,1.,0.,0.,1.;                                      1225P    880
110,-255.5,0.,15.5,-255.5,0.,0.5;                                   1227P    881
126,1,1,1,0,1,0,0.,0.,1.,1.,1.,1.,1.,6.283185307,0.,1.,             1229P    882
3.141592654,0.,0.,1.,0.,0.,1.;                                      1229P    883
100,0.5,-250.,0.,-255.5,0.,-244.5,0.;                               1231P    884
126,1,1,1,0,1,0,0.,0.,1.,1.,1.,1.,1.,3.141592654,0.,0.,             1233P    885
3.141592654,0.,0.,1.,0.,0.,1.;                                      1233P    886
110,-244.5,0.,0.5,-244.5,0.,15.5;                                   1235P    887
126,1,1,1,0,1,0,0.,0.,1.,1.,1.,1.,0.,3.141592654,0.,0.,             1237P    888
6.283185307,0.,0.,1.,0.,0.,1.;                                      1237P    889
124,1.,-7.36148987014999E-15,8.94037484142091E-31,                  1239P    890
-1.27788207993497E-26,-7.36148987014999E-15,-1.,                    1239P    891
6.98296267768627E-15,-1.94860838904165E-12,                         1239P    892
-5.05109715312808E-29,-6.98296267768627E-15,-1.,31.;                1239P    893
100,15.5,-250.,0.,-244.5,0.,-255.5,0.;                              1241P    894
102,4,1225,1229,1233,1237;                                          1243P    895
102,4,1227,1231,1235,1241;                                          1245P    896
142,1,1223,1243,1245,1;                                             1247P    897
144,1223,1,0,1247;                                                  1249P    898
110,-250.,0.,-984.5,-250.,0.,15.5;                                  1251P    899
110,-244.5,0.,15.5,-244.,0.,16.;                                    1253P    900
120,1251,1253,0.,6.28318530717959;                                  1255P    901
126,1,1,1,0,1,0,0.,0.,1.,1.,1.,1.,0.,6.283185307,0.,1.,             1257P    902
6.283185307,0.,0.,1.,0.,0.,1.;                                      1257P    903
110,-244.5,0.,15.5,-244.,0.,16.;                                    1259P    904
126,1,1,1,0,1,0,0.,0.,1.,1.,1.,1.,1.,6.283185307,0.,1.,             1261P    905
3.141592654,0.,0.,1.,0.,0.,1.;                                      1261P    906
124,1.,-7.35035671743047E-15,8.55166289179392E-31,                  1263P    907
-1.27130650236147E-26,-7.35035671743047E-15,-1.,                    1263P    908
6.98296267768627E-15,-1.94931658220061E-12,                         1263P    909
-5.04721003363181E-29,-6.98296267768627E-15,-1.,32.;                1263P    910
100,16.,-250.,0.,-244.,0.,-256.,0.;                                 1265P    911
126,1,1,1,0,1,0,0.,0.,1.,1.,1.,1.,1.,3.141592654,0.,0.,             1267P    912
3.141592654,0.,0.,1.,0.,0.,1.;                                      1267P    913
110,-256.,0.,16.,-255.5,0.,15.5;                                    1269P    914
126,1,1,1,0,1,0,0.,0.,1.,1.,1.,1.,0.,3.141592654,0.,0.,             1271P    915
6.283185307,0.,0.,1.,0.,0.,1.;                                      1271P    916
100,15.5,-250.,0.,-255.5,0.,-244.5,0.;                              1273P    917
102,4,1257,1261,1267,1271;                                          1275P    918
102,4,1259,1265,1269,1273;                                          1277P    919
142,1,1255,1275,1277,1;                                             1279P    920
144,1255,1,0,1279;                                                  1281P    921
110,-250.,-108.,1000.,-250.,-108.,0.;                               1283P    922
110,-255.5,-108.,0.5,-256.,-108.,0.;                                1285P    923
120,1283,1285,0.,6.28318530717959;                                  1287P    924
126,1,1,1,0,1,0,0.,0.,1.,1.,1.,1.,0.,6.283185307,0.,1.,             1289P    925
6.283185307,0.,0.,1.,0.,0.,1.;                                      1289P    926
110,-255.5,-108.,0.5,-256.,-108.,0.;                                1291P    927
126,1,1,1,0,1,0,0.,0.,1.,1.,1.,1.,1.,6.283185307,0.,1.,             1293P    928
3.141592654,0.,0.,1.,0.,0.,1.;                                      1293P    929
100,0.,-250.,-108.,-256.,-108.,-244.,-108.;                         1295P    930
126,1,1,1,0,1,0,0.,0.,1.,1.,1.,1.,1.,3.141592654,0.,0.,             1297P    931
3.141592654,0.,0.,1.,0.,0.,1.;                                      1297P    932
110,-244.,-108.,0.,-244.5,-108.,0.5;                                1299P    933
126,1,1,1,0,1,0,0.,0.,1.,1.,1.,1.,0.,3.141592654,0.,0.,             1301P    934
6.283185307,0.,0.,1.,0.,0.,1.;                                      1301P    935
124,1.,-7.105427357601E-15,0.,-7.5761619200422E-13,                 1303P    936
-7.105427357601E-15,-1.,6.98296267768627E-15,-216.000000000002,     1303P    937
-4.96169340471387E-29,-6.98296267768627E-15,-1.,                    1303P    938
0.999999999999243;                                                  1303P    939
100,0.5,-250.,-108.,-244.5,-108.,-255.5,-108.;                      1305P    940
102,4,1289,1293,1297,1301;                                          1307P    941
102,4,1291,1295,1299,1305;                                          1309P    942
142,1,1287,1307,1309,1;                                             1311P    943
144,1287,1,0,1311;                                                  1313P    944
110,-250.,-108.,0.,-250.,-108.,-1000.;                              1315P    945
110,-255.5,-108.,15.5,-255.5,-108.,0.5;                             1317P    946
120,1315,1317,0.,6.28318530717959;                                  1319P    947
126,1,1,1,0,1,0,0.,0.,1.,1.,1.,1.,0.,6.283185307,0.,1.,             1321P    948
6.283185307,0.,0.,1.,0.,0.,1.;                                      1321P    949
110,-255.5,-108.,15.5,-255.5,-108.,0.5;                             1323P    950
126,1,1,1,0,1,0,0.,0.,1.,1.,1.,1.,1.,6.283185307,0.,1.,             1325P    951
3.141592654,0.,0.,1.,0.,0.,1.;                                      1325P    952
100,0.5,-250.,-108.,-255.5,-108.,-244.5,-108.;                      1327P    953
126,1,1,1,0,1,0,0.,0.,1.,1.,1.,1.,1.,3.141592654,0.,0.,             1329P    954
3.141592654,0.,0.,1.,0.,0.,1.;                                      1329P    955
110,-244.5,-108.,0.5,-244.5,-108.,15.5;                             1331P    956
126,1,1,1,0,1,0,0.,0.,1.,1.,1.,1.,0.,3.141592654,0.,0.,             1333P    957
6.283185307,0.,0.,1.,0.,0.,1.;                                      1333P    958
124,1.,-7.105427357601E-15,0.,-7.57616192004219E-13,                1335P    959
-7.105427357601E-15,-1.,6.98296267768627E-15,-216.000000000002,     1335P    960
-4.96169340471387E-29,-6.98296267768627E-15,-1.,                    1335P    961
30.9999999999992;                                                   1335P    962
100,15.5,-250.,-108.,-244.5,-108.,-255.5,-108.;                     1337P    963
102,4,1321,1325,1329,1333;                                          1339P    964
102,4,1323,1327,1331,1337;                                          1341P    965
142,1,1319,1339,1341,1;                                             1343P    966
144,1319,1,0,1343;                                                  1345P    967
110,-250.,-108.,-984.5,-250.,-108.,15.5;                            1347P    968
110,-244.5,-108.,15.5,-244.,-108.,16.;                              1349P    969
120,1347,1349,0.,6.28318530717959;                                  1351P    970
126,1,1,1,0,1,0,0.,0.,1.,1.,1.,1.,0.,6.283185307,0.,1.,             1353P    971
6.283185307,0.,0.,1.,0.,0.,1.;                                      1353P    972
110,-244.5,-108.,15.5,-244.,-108.,16.;                              1355P    973
126,1,1,1,0,1,0,0.,0.,1.,1.,1.,1.,1.,6.283185307,0.,1.,             1357P    974
3.141592654,0.,0.,1.,0.,0.,1.;                                      1357P    975
124,1.,-7.105427357601E-15,0.,-7.57616192004219E-13,                1359P    976
-7.105427357601E-15,-1.,6.98296267768627E-15,-216.000000000002,     1359P    977
-4.96169340471387E-29,-6.98296267768627E-15,-1.,                    1359P    978
31.9999999999992;                                                   1359P    979
100,16.,-250.,-108.,-244.,-108.,-256.,-108.;                        1361P    980
126,1,1,1,0,1,0,0.,0.,1.,1.,1.,1.,1.,3.141592654,0.,0.,             1363P    981
3.141592654,0.,0.,1.,0.,0.,1.;                                      1363P    982
110,-256.,-108.,16.,-255.5,-108.,15.5;                              1365P    983
126,1,1,1,0,1,0,0.,0.,1.,1.,1.,1.,0.,3.141592654,0.,0.,             1367P    984
6.283185307,0.,0.,1.,0.,0.,1.;                                      1367P    985
100,15.5,-250.,-108.,-255.5,-108.,-244.5,-108.;                     1369P    986
102,4,1353,1357,1363,1367;                                          1371P    987
102,4,1355,1361,1365,1369;                                          1373P    988
142,1,1351,1371,1373,1;                                             1375P    989
144,1351,1,0,1375;                                                  1377P    990
110,-250.,-216.,1000.,-250.,-216.,0.;                               1379P    991
110,-255.5,-216.,0.5,-256.,-216.,0.;                                1381P    992
120,1379,1381,0.,6.28318530717959;                                  1383P    993
126,1,1,1,0,1,0,0.,0.,1.,1.,1.,1.,0.,6.283185307,0.,1.,             1385P    994
6.283185307,0.,0.,1.,0.,0.,1.;                                      1385P    995
110,-255.5,-216.,0.5,-256.,-216.,0.;                                1387P    996
126,1,1,1,0,1,0,0.,0.,1.,1.,1.,1.,1.,6.283185307,0.,1.,             1389P    997
3.141592654,0.,0.,1.,0.,0.,1.;                                      1389P    998
100,0.,-250.,-216.,-256.,-216.,-244.,-216.;                         1391P    999
126,1,1,1,0,1,0,0.,0.,1.,1.,1.,1.,1.,3.141592654,0.,0.,             1393P   1000
3.141592654,0.,0.,1.,0.,0.,1.;                                      1393P   1001
110,-244.,-216.,0.,-244.5,-216.,0.5;                                1395P   1002
126,1,1,1,0,1,0,0.,0.,1.,1.,1.,1.,0.,3.141592654,0.,0.,             1397P   1003
6.283185307,0.,0.,1.,0.,0.,1.;                                      1397P   1004
124,1.,-7.105427357601E-15,0.,-1.51523238400843E-12,                1399P   1005
-7.105427357601E-15,-1.,6.98296267768627E-15,-432.000000000002,     1399P   1006
-4.96169340471387E-29,-6.98296267768627E-15,-1.,                    1399P   1007
0.999999999998489;                                                  1399P   1008
100,0.5,-250.,-216.,-244.5,-216.,-255.5,-216.;                      1401P   1009
102,4,1385,1389,1393,1397;                                          1403P   1010
102,4,1387,1391,1395,1401;                                          1405P   1011
142,1,1383,1403,1405,1;                                             1407P   1012
144,1383,1,0,1407;                                                  1409P   1013
110,-250.,-216.,0.,-250.,-216.,-1000.;                              1411P   1014
110,-255.5,-216.,15.5,-255.5,-216.,0.5;                             1413P   1015
120,1411,1413,0.,6.28318530717959;                                  1415P   1016
126,1,1,1,0,1,0,0.,0.,1.,1.,1.,1.,0.,6.283185307,0.,1.,             1417P   1017
6.283185307,0.,0.,1.,0.,0.,1.;                                      1417P   1018
110,-255.5,-216.,15.5,-255.5,-216.,0.5;                             1419P   1019
126,1,1,1,0,1,0,0.,0.,1.,1.,1.,1.,1.,6.283185307,0.,1.,             1421P   1020
3.141592654,0.,0.,1.,0.,0.,1.;                                      1421P   1021
100,0.5,-250.,-216.,-255.5,-216.,-244.5,-216.;                      1423P   1022
126,1,1,1,0,1,0,0.,0.,1.,1.,1.,1.,1.,3.141592654,0.,0.,             1425P   1023
3.141592654,0.,0.,1.,0.,0.,1.;                                      1425P   1024
110,-244.5,-216.,0.5,-244.5,-216.,15.5;                             1427P   1025
126,1,1,1,0,1,0,0.,0.,1.,1.,1.,1.,0.,3.141592654,0.,0.,             1429P   1026
6.283185307,0.,0.,1.,0.,0.,1.;                                      1429P   1027
124,1.,-7.105427357601E-15,0.,-1.51523238400843E-12,                1431P   1028
-7.105427357601E-15,-1.,6.98296267768627E-15,-432.000000000002,     1431P   1029
-4.96169340471387E-29,-6.98296267768627E-15,-1.,                    1431P   1030
30.9999999999985;                                                   1431P   1031
100,15.5,-250.,-216.,-244.5,-216.,-255.5,-216.;                     1433P   1032
102,4,1417,1421,1425,1429;                                          1435P   1033
102,4,1419,1423,1427,1433;                                          1437P   1034
142,1,1415,1435,1437,1;                                             1439P   1035
144,1415,1,0,1439;                                                  1441P   1036
110,-250.,-216.,-984.5,-250.,-216.,15.5;                            1443P   1037
110,-244.5,-216.,15.5,-244.,-216.,16.;                              1445P   1038
120,1443,1445,0.,6.28318530717959;                                  1447P   1039
126,1,1,1,0,1,0,0.,0.,1.,1.,1.,1.,0.,6.283185307,0.,1.,             1449P   1040
6.283185307,0.,0.,1.,0.,0.,1.;                                      1449P   1041
110,-244.5,-216.,15.5,-244.,-216.,16.;                              1451P   1042
126,1,1,1,0,1,0,0.,0.,1.,1.,1.,1.,1.,6.283185307,0.,1.,             1453P   1043
3.141592654,0.,0.,1.,0.,0.,1.;                                      1453P   1044
124,1.,-7.105427357601E-15,0.,-1.51523238400843E-12,                1455P   1045
-7.105427357601E-15,-1.,6.98296267768627E-15,-432.000000000002,     1455P   1046
-4.96169340471387E-29,-6.98296267768627E-15,-1.,                    1455P   1047
31.9999999999985;                                                   1455P   1048
100,16.,-250.,-216.,-244.,-216.,-256.,-216.;                        1457P   1049
126,1,1,1,0,1,0,0.,0.,1.,1.,1.,1.,1.,3.141592654,0.,0.,             1459P   1050
3.141592654,0.,0.,1.,0.,0.,1.;                                      1459P   1051
110,-256.,-216.,16.,-255.5,-216.,15.5;                              1461P   1052
126,1,1,1,0,1,0,0.,0.,1.,1.,1.,1.,0.,3.141592654,0.,0.,             1463P   1053
6.283185307,0.,0.,1.,0.,0.,1.;                                      1463P   1054
100,15.5,-250.,-216.,-255.5,-216.,-244.5,-216.;                     1465P   1055
102,4,1449,1453,1459,1463;                                          1467P   1056
102,4,1451,1457,1461,1465;                                          1469P   1057
142,1,1447,1467,1469,1;                                             1471P   1058
144,1447,1,0,1471;                                                  1473P   1059
110,-150.,216.,1000.,-150.,216.,0.;                                 1475P   1060
110,-155.5,216.,0.5,-156.,216.,0.;                                  1477P   1061
120,1475,1477,0.,6.28318530717959;                                  1479P   1062
126,1,1,1,0,1,0,0.,0.,1.,1.,1.,1.,0.,6.283185307,0.,1.,             1481P   1063
6.283185307,0.,0.,1.,0.,0.,1.;                                      1481P   1064
110,-155.5,216.,0.5,-156.,216.,0.;                                  1483P   1065
126,1,1,1,0,1,0,0.,0.,1.,1.,1.,1.,1.,6.283185307,0.,1.,             1485P   1066
3.141592654,0.,0.,1.,0.,0.,1.;                                      1485P   1067
100,0.,-150.,216.,-156.,216.,-144.,216.;                            1487P   1068
126,1,1,1,0,1,0,0.,0.,1.,1.,1.,1.,1.,3.141592654,0.,0.,             1489P   1069
3.141592654,0.,0.,1.,0.,0.,1.;                                      1489P   1070
110,-144.,216.,0.,-144.5,216.,0.5;                                  1491P   1071
126,1,1,1,0,1,0,0.,0.,1.,1.,1.,1.,0.,3.141592654,0.,0.,             1493P   1072
6.283185307,0.,0.,1.,0.,0.,1.;                                      1493P   1073
124,1.,-7.105427357601E-15,0.,1.54298795962403E-12,                 1495P   1074
-7.105427357601E-15,-1.,6.98296267768627E-15,431.999999999998,      1495P   1075
-4.96169340471387E-29,-6.98296267768627E-15,-1.,                    1495P   1076
1.00000000000151;                                                   1495P   1077
100,0.5,-150.,216.,-144.5,216.,-155.5,216.;                         1497P   1078
102,4,1481,1485,1489,1493;                                          1499P   1079
102,4,1483,1487,1491,1497;                                          1501P   1080
142,1,1479,1499,1501,1;                                             1503P   1081
144,1479,1,0,1503;                                                  1505P   1082
110,-150.,216.,0.,-150.,216.,-1000.;                                1507P   1083
110,-155.5,216.,15.5,-155.5,216.,0.5;                               1509P   1084
120,1507,1509,0.,6.28318530717959;                                  1511P   1085
126,1,1,1,0,1,0,0.,0.,1.,1.,1.,1.,0.,6.283185307,0.,1.,             1513P   1086
6.283185307,0.,0.,1.,0.,0.,1.;                                      1513P   1087
110,-155.5,216.,15.5,-155.5,216.,0.5;                               1515P   1088
126,1,1,1,0,1,0,0.,0.,1.,1.,1.,1.,1.,6.283185307,0.,1.,             1517P   1089
3.141592654,0.,0.,1.,0.,0.,1.;                                      1517P   1090
100,0.5,-150.,216.,-155.5,216.,-144.5,216.;                         1519P   1091
126,1,1,1,0,1,0,0.,0.,1.,1.,1.,1.,1.,3.141592654,0.,0.,             1521P   1092
3.141592654,0.,0.,1.,0.,0.,1.;                                      1521P   1093
110,-144.5,216.,0.5,-144.5,216.,15.5;                               1523P   1094
126,1,1,1,0,1,0,0.,0.,1.,1.,1.,1.,0.,3.141592654,0.,0.,             1525P   1095
6.283185307,0.,0.,1.,0.,0.,1.;                                      1525P   1096
124,1.,-7.105427357601E-15,0.,1.54298795962403E-12,                 1527P   1097
-7.105427357601E-15,-1.,6.98296267768627E-15,431.999999999997,      1527P   1098
-4.96169340471387E-29,-6.98296267768627E-15,-1.,                    1527P   1099
31.0000000000015;                                                   1527P   1100
100,15.5,-150.,216.,-144.5,216.,-155.5,216.;                        1529P   1101
102,4,1513,1517,1521,1525;                                          1531P   1102
102,4,1515,1519,1523,1529;                                          1533P   1103
142,1,1511,1531,1533,1;                                             1535P   1104
144,1511,1,0,1535;                                                  1537P   1105
110,-150.,216.,-984.5,-150.,216.,15.5;                              1539P   1106
110,-144.5,216.,15.5,-144.,216.,16.;                                1541P   1107
120,1539,1541,0.,6.28318530717959;                                  1543P   1108
126,1,1,1,0,1,0,0.,0.,1.,1.,1.,1.,0.,6.283185307,0.,1.,             1545P   1109
6.283185307,0.,0.,1.,0.,0.,1.;                                      1545P   1110
110,-144.5,216.,15.5,-144.,216.,16.;                                1547P   1111
126,1,1,1,0,1,0,0.,0.,1.,1.,1.,1.,1.,6.283185307,0.,1.,             1549P   1112
3.141592654,0.,0.,1.,0.,0.,1.;                                      1549P   1113
124,1.,-7.105427357601E-15,0.,1.54298795962403E-12,                 1551P   1114
-7.105427357601E-15,-1.,6.98296267768627E-15,431.999999999997,      1551P   1115
-4.96169340471387E-29,-6.98296267768627E-15,-1.,                    1551P   1116
32.0000000000015;                                                   1551P   1117
100,16.,-150.,216.,-144.,216.,-156.,216.;                           1553P   1118
126,1,1,1,0,1,0,0.,0.,1.,1.,1.,1.,1.,3.141592654,0.,0.,             1555P   1119
3.141592654,0.,0.,1.,0.,0.,1.;                                      1555P   1120
110,-156.,216.,16.,-155.5,216.,15.5;                                1557P   1121
126,1,1,1,0,1,0,0.,0.,1.,1.,1.,1.,0.,3.141592654,0.,0.,             1559P   1122
6.283185307,0.,0.,1.,0.,0.,1.;                                      1559P   1123
100,15.5,-150.,216.,-155.5,216.,-144.5,216.;                        1561P   1124
102,4,1545,1549,1555,1559;                                          1563P   1125
102,4,1547,1553,1557,1561;                                          1565P   1126
142,1,1543,1563,1565,1;                                             1567P   1127
144,1543,1,0,1567;                                                  1569P   1128
110,-50.,216.,1000.,-50.,216.,0.;                                   1571P   1129
110,-55.5,216.,0.5,-56.,216.,0.;                                    1573P   1130
120,1571,1573,0.,6.28318530717959;                                  1575P   1131
126,1,1,1,0,1,0,0.,0.,1.,1.,1.,1.,0.,6.283185307,0.,1.,             1577P   1132
6.283185307,0.,0.,1.,0.,0.,1.;                                      1577P   1133
110,-55.5,216.,0.5,-56.,216.,0.;                                    1579P   1134
126,1,1,1,0,1,0,0.,0.,1.,1.,1.,1.,1.,6.283185307,0.,1.,             1581P   1135
3.141592654,0.,0.,1.,0.,0.,1.;                                      1581P   1136
100,0.,-50.,216.,-56.,216.,-44.,216.;                               1583P   1137
126,1,1,1,0,1,0,0.,0.,1.,1.,1.,1.,1.,3.141592654,0.,0.,             1585P   1138
3.141592654,0.,0.,1.,0.,0.,1.;                                      1585P   1139
110,-44.,216.,0.,-44.5,216.,0.5;                                    1587P   1140
126,1,1,1,0,1,0,0.,0.,1.,1.,1.,1.,0.,3.141592654,0.,0.,             1589P   1141
6.283185307,0.,0.,1.,0.,0.,1.;                                      1589P   1142
124,1.,-7.105427357601E-15,0.,1.53604906572011E-12,                 1591P   1143
-7.105427357601E-15,-1.,6.98296267768627E-15,431.999999999997,      1591P   1144
-4.96169340471387E-29,-6.98296267768627E-15,-1.,                    1591P   1145
1.00000000000151;                                                   1591P   1146
100,0.5,-50.,216.,-44.5,216.,-55.5,216.;                            1593P   1147
102,4,1577,1581,1585,1589;                                          1595P   1148
102,4,1579,1583,1587,1593;                                          1597P   1149
142,1,1575,1595,1597,1;                                             1599P   1150
144,1575,1,0,1599;                                                  1601P   1151
110,-50.,216.,0.,-50.,216.,-1000.;                                  1603P   1152
110,-55.5,216.,15.5,-55.5,216.,0.5;                                 1605P   1153
120,1603,1605,0.,6.28318530717959;                                  1607P   1154
126,1,1,1,0,1,0,0.,0.,1.,1.,1.,1.,0.,6.283185307,0.,1.,             1609P   1155
6.283185307,0.,0.,1.,0.,0.,1.;                                      1609P   1156
110,-55.5,216.,15.5,-55.5,216.,0.5;                                 1611P   1157
126,1,1,1,0,1,0,0.,0.,1.,1.,1.,1.,1.,6.283185307,0.,1.,             1613P   1158
3.141592654,0.,0.,1.,0.,0.,1.;                                      1613P   1159
100,0.5,-50.,216.,-55.5,216.,-44.5,216.;                            1615P   1160
126,1,1,1,0,1,0,0.,0.,1.,1.,1.,1.,1.,3.141592654,0.,0.,             1617P   1161
3.141592654,0.,0.,1.,0.,0.,1.;                                      1617P   1162
110,-44.5,216.,0.5,-44.5,216.,15.5;                                 1619P   1163
126,1,1,1,0,1,0,0.,0.,1.,1.,1.,1.,0.,3.141592654,0.,0.,             1621P   1164
6.283185307,0.,0.,1.,0.,0.,1.;                                      1621P   1165
124,1.,-7.105427357601E-15,0.,1.53604906572011E-12,                 1623P   1166
-7.105427357601E-15,-1.,6.98296267768627E-15,431.999999999997,      1623P   1167
-4.96169340471387E-29,-6.98296267768627E-15,-1.,                    1623P   1168
31.0000000000015;                                                   1623P   1169
100,15.5,-50.,216.,-44.5,216.,-55.5,216.;                           1625P   1170
102,4,1609,1613,1617,1621;                                          1627P   1171
102,4,1611,1615,1619,1625;                                          1629P   1172
142,1,1607,1627,1629,1;                                             1631P   1173
144,1607,1,0,1631;                                                  1633P   1174
110,-50.,216.,-984.5,-50.,216.,15.5;                                1635P   1175
110,-44.5,216.,15.5,-44.,216.,16.;                                  1637P   1176
120,1635,1637,0.,6.28318530717959;                                  1639P   1177
126,1,1,1,0,1,0,0.,0.,1.,1.,1.,1.,0.,6.283185307,0.,1.,             1641P   1178
6.283185307,0.,0.,1.,0.,0.,1.;                                      1641P   1179
110,-44.5,216.,15.5,-44.,216.,16.;                                  1643P   1180
126,1,1,1,0,1,0,0.,0.,1.,1.,1.,1.,1.,6.283185307,0.,1.,             1645P   1181
3.141592654,0.,0.,1.,0.,0.,1.;                                      1645P   1182
124,1.,-7.105427357601E-15,0.,1.53604906572011E-12,                 1647P   1183
-7.105427357601E-15,-1.,6.98296267768627E-15,431.999999999997,      1647P   1184
-4.96169340471387E-29,-6.98296267768627E-15,-1.,                    1647P   1185
32.0000000000015;                                                   1647P   1186
100,16.,-50.,216.,-44.,216.,-56.,216.;                              1649P   1187
126,1,1,1,0,1,0,0.,0.,1.,1.,1.,1.,1.,3.141592654,0.,0.,             1651P   1188
3.141592654,0.,0.,1.,0.,0.,1.;                                      1651P   1189
110,-56.,216.,16.,-55.5,216.,15.5;                                  1653P   1190
126,1,1,1,0,1,0,0.,0.,1.,1.,1.,1.,0.,3.141592654,0.,0.,             1655P   1191
6.283185307,0.,0.,1.,0.,0.,1.;                                      1655P   1192
100,15.5,-50.,216.,-55.5,216.,-44.5,216.;                           1657P   1193
102,4,1641,1645,1651,1655;                                          1659P   1194
102,4,1643,1649,1653,1657;                                          1661P   1195
142,1,1639,1659,1661,1;                                             1663P   1196
144,1639,1,0,1663;                                                  1665P   1197
110,50.,216.,1000.,50.,216.,0.;                                     1667P   1198
110,44.5,216.,0.5,44.,216.,0.;                                      1669P   1199
120,1667,1669,0.,6.28318530717959;                                  1671P   1200
126,1,1,1,0,1,0,0.,0.,1.,1.,1.,1.,0.,6.283185307,0.,1.,             1673P   1201
6.283185307,0.,0.,1.,0.,0.,1.;                                      1673P   1202
110,44.5,216.,0.5,44.,216.,0.;                                      1675P   1203
126,1,1,1,0,1,0,0.,0.,1.,1.,1.,1.,1.,6.283185307,0.,1.,             1677P   1204
3.141592654,0.,0.,1.,0.,0.,1.;                                      1677P   1205
100,0.,50.,216.,44.,216.,56.,216.;                                  1679P   1206
126,1,1,1,0,1,0,0.,0.,1.,1.,1.,1.,1.,3.141592654,0.,0.,             1681P   1207
3.141592654,0.,0.,1.,0.,0.,1.;                                      1681P   1208
110,56.,216.,0.,55.5,216.,0.5;                                      1683P   1209
126,1,1,1,0,1,0,0.,0.,1.,1.,1.,1.,0.,3.141592654,0.,0.,             1685P   1210
6.283185307,0.,0.,1.,0.,0.,1.;                                      1685P   1211
124,1.,-7.105427357601E-15,0.,1.53604906572011E-12,                 1687P   1212
-7.105427357601E-15,-1.,6.98296267768627E-15,431.999999999996,      1687P   1213
-4.96169340471387E-29,-6.98296267768627E-15,-1.,                    1687P   1214
1.00000000000151;                                                   1687P   1215
100,0.5,50.,216.,55.5,216.,44.5,216.;                               1689P   1216
102,4,1673,1677,1681,1685;                                          1691P   1217
102,4,1675,1679,1683,1689;                                          1693P   1218
142,1,1671,1691,1693,1;                                             1695P   1219
144,1671,1,0,1695;                                                  1697P   1220
110,50.,216.,0.,50.,216.,-1000.;                                    1699P   1221
110,44.5,216.,15.5,44.5,216.,0.5;                                   1701P   1222
120,1699,1701,0.,6.28318530717959;                                  1703P   1223
126,1,1,1,0,1,0,0.,0.,1.,1.,1.,1.,0.,6.283185307,0.,1.,             1705P   1224
6.283185307,0.,0.,1.,0.,0.,1.;                                      1705P   1225
110,44.5,216.,15.5,44.5,216.,0.5;                                   1707P   1226
126,1,1,1,0,1,0,0.,0.,1.,1.,1.,1.,1.,6.283185307,0.,1.,             1709P   1227
3.141592654,0.,0.,1.,0.,0.,1.;                                      1709P   1228
100,0.5,50.,216.,44.5,216.,55.5,216.;                               1711P   1229
126,1,1,1,0,1,0,0.,0.,1.,1.,1.,1.,1.,3.141592654,0.,0.,             1713P   1230
3.141592654,0.,0.,1.,0.,0.,1.;                                      1713P   1231
110,55.5,216.,0.5,55.5,216.,15.5;                                   1715P   1232
126,1,1,1,0,1,0,0.,0.,1.,1.,1.,1.,0.,3.141592654,0.,0.,             1717P   1233
6.283185307,0.,0.,1.,0.,0.,1.;                                      1717P   1234
124,1.,-7.105427357601E-15,0.,1.53604906572011E-12,                 1719P   1235
-7.105427357601E-15,-1.,6.98296267768627E-15,431.999999999996,      1719P   1236
-4.96169340471387E-29,-6.98296267768627E-15,-1.,                    1719P   1237
31.0000000000015;                                                   1719P   1238
100,15.5,50.,216.,55.5,216.,44.5,216.;                              1721P   1239
102,4,1705,1709,1713,1717;                                          1723P   1240
102,4,1707,1711,1715,1721;                                          1725P   1241
142,1,1703,1723,1725,1;                                             1727P   1242
144,1703,1,0,1727;                                                  1729P   1243
110,50.,216.,-984.5,50.,216.,15.5;                                  1731P   1244
110,55.5,216.,15.5,56.,216.,16.;                                    1733P   1245
120,1731,1733,0.,6.28318530717959;                                  1735P   1246
126,1,1,1,0,1,0,0.,0.,1.,1.,1.,1.,0.,6.283185307,0.,1.,             1737P   1247
6.283185307,0.,0.,1.,0.,0.,1.;                                      1737P   1248
110,55.5,216.,15.5,56.,216.,16.;                                    1739P   1249
126,1,1,1,0,1,0,0.,0.,1.,1.,1.,1.,1.,6.283185307,0.,1.,             1741P   1250
3.141592654,0.,0.,1.,0.,0.,1.;                                      1741P   1251
124,1.,-7.105427357601E-15,0.,1.53604906572011E-12,                 1743P   1252
-7.105427357601E-15,-1.,6.98296267768627E-15,431.999999999996,      1743P   1253
-4.96169340471387E-29,-6.98296267768627E-15,-1.,                    1743P   1254
32.0000000000015;                                                   1743P   1255
100,16.,50.,216.,56.,216.,44.,216.;                                 1745P   1256
126,1,1,1,0,1,0,0.,0.,1.,1.,1.,1.,1.,3.141592654,0.,0.,             1747P   1257
3.141592654,0.,0.,1.,0.,0.,1.;                                      1747P   1258
110,44.,216.,16.,44.5,216.,15.5;                                    1749P   1259
126,1,1,1,0,1,0,0.,0.,1.,1.,1.,1.,0.,3.141592654,0.,0.,             1751P   1260
6.283185307,0.,0.,1.,0.,0.,1.;                                      1751P   1261
100,15.5,50.,216.,44.5,216.,55.5,216.;                              1753P   1262
102,4,1737,1741,1747,1751;                                          1755P   1263
102,4,1739,1745,1749,1753;                                          1757P   1264
142,1,1735,1755,1757,1;                                             1759P   1265
144,1735,1,0,1759;                                                  1761P   1266
110,150.,216.,1000.,150.,216.,0.;                                   1763P   1267
110,144.5,216.,0.5,144.,216.,0.;                                    1765P   1268
120,1763,1765,0.,6.28318530717959;                                  1767P   1269
126,1,1,1,0,1,0,0.,0.,1.,1.,1.,1.,0.,6.283185307,0.,1.,             1769P   1270
6.283185307,0.,0.,1.,0.,0.,1.;                                      1769P   1271
110,144.5,216.,0.5,144.,216.,0.;                                    1771P   1272
126,1,1,1,0,1,0,0.,0.,1.,1.,1.,1.,1.,6.283185307,0.,1.,             1773P   1273
3.141592654,0.,0.,1.,0.,0.,1.;                                      1773P   1274
100,0.,150.,216.,144.,216.,156.,216.;                               1775P   1275
126,1,1,1,0,1,0,0.,0.,1.,1.,1.,1.,1.,3.141592654,0.,0.,             1777P   1276
3.141592654,0.,0.,1.,0.,0.,1.;                                      1777P   1277
110,156.,216.,0.,155.5,216.,0.5;                                    1779P   1278
126,1,1,1,0,1,0,0.,0.,1.,1.,1.,1.,0.,3.141592654,0.,0.,             1781P   1279
6.283185307,0.,0.,1.,0.,0.,1.;                                      1781P   1280
124,1.,-7.105427357601E-15,0.,1.54298795962401E-12,                 1783P   1281
-7.105427357601E-15,-1.,6.98296267768627E-15,431.999999999995,      1783P   1282
-4.96169340471387E-29,-6.98296267768627E-15,-1.,                    1783P   1283
1.00000000000151;                                                   1783P   1284
100,0.5,150.,216.,155.5,216.,144.5,216.;                            1785P   1285
102,4,1769,1773,1777,1781;                                          1787P   1286
102,4,1771,1775,1779,1785;                                          1789P   1287
142,1,1767,1787,1789,1;                                             1791P   1288
144,1767,1,0,1791;                                                  1793P   1289
110,150.,216.,0.,150.,216.,-1000.;                                  1795P   1290
110,144.5,216.,15.5,144.5,216.,0.5;                                 1797P   1291
120,1795,1797,0.,6.28318530717959;                                  1799P   1292
126,1,1,1,0,1,0,0.,0.,1.,1.,1.,1.,0.,6.283185307,0.,1.,             1801P   1293
6.283185307,0.,0.,1.,0.,0.,1.;                                      1801P   1294
110,144.5,216.,15.5,144.5,216.,0.5;                                 1803P   1295
126,1,1,1,0,1,0,0.,0.,1.,1.,1.,1.,1.,6.283185307,0.,1.,             1805P   1296
3.141592654,0.,0.,1.,0.,0.,1.;                                      1805P   1297
100,0.5,150.,216.,144.5,216.,155.5,216.;                            1807P   1298
126,1,1,1,0,1,0,0.,0.,1.,1.,1.,1.,1.,3.141592654,0.,0.,             1809P   1299
3.141592654,0.,0.,1.,0.,0.,1.;                                      1809P   1300
110,155.5,216.,0.5,155.5,216.,15.5;                                 1811P   1301
126,1,1,1,0,1,0,0.,0.,1.,1.,1.,1.,0.,3.141592654,0.,0.,             1813P   1302
6.283185307,0.,0.,1.,0.,0.,1.;                                      1813P   1303
124,1.,-7.105427357601E-15,0.,1.54298795962401E-12,                 1815P   1304
-7.105427357601E-15,-1.,6.98296267768627E-15,431.999999999995,      1815P   1305
-4.96169340471387E-29,-6.98296267768627E-15,-1.,                    1815P   1306
31.0000000000015;                                                   1815P   1307
100,15.5,150.,216.,155.5,216.,144.5,216.;                           1817P   1308
102,4,1801,1805,1809,1813;                                          1819P   1309
102,4,1803,1807,1811,1817;                                          1821P   1310
142,1,1799,1819,1821,1;                                             1823P   1311
144,1799,1,0,1823;                                                  1825P   1312
110,150.,216.,-984.5,150.,216.,15.5;                                1827P   1313
110,155.5,216.,15.5,156.,216.,16.;                                  1829P   1314
120,1827,1829,0.,6.28318530717959;                                  1831P   1315
126,1,1,1,0,1,0,0.,0.,1.,1.,1.,1.,0.,6.283185307,0.,1.,             1833P   1316
6.283185307,0.,0.,1.,0.,0.,1.;                                      1833P   1317
110,155.5,216.,15.5,156.,216.,16.;                                  1835P   1318
126,1,1,1,0,1,0,0.,0.,1.,1.,1.,1.,1.,6.283185307,0.,1.,             1837P   1319
3.141592654,0.,0.,1.,0.,0.,1.;                                      1837P   1320
124,1.,-7.105427357601E-15,0.,1.54298795962401E-12,                 1839P   1321
-7.105427357601E-15,-1.,6.98296267768627E-15,431.999999999995,      1839P   1322
-4.96169340471387E-29,-6.98296267768627E-15,-1.,                    1839P   1323
32.0000000000015;                                                   1839P   1324
100,16.,150.,216.,156.,216.,144.,216.;                              1841P   1325
126,1,1,1,0,1,0,0.,0.,1.,1.,1.,1.,1.,3.141592654,0.,0.,             1843P   1326
3.141592654,0.,0.,1.,0.,0.,1.;                                      1843P   1327
110,144.,216.,16.,144.5,216.,15.5;                                  1845P   1328
126,1,1,1,0,1,0,0.,0.,1.,1.,1.,1.,0.,3.141592654,0.,0.,             1847P   1329
6.283185307,0.,0.,1.,0.,0.,1.;                                      1847P   1330
100,15.5,150.,216.,144.5,216.,155.5,216.;                           1849P   1331
102,4,1833,1837,1843,1847;                                          1851P   1332
102,4,1835,1841,1845,1849;                                          1853P   1333
142,1,1831,1851,1853,1;                                             1855P   1334
144,1831,1,0,1855;                                                  1857P   1335
110,-150.,-216.,1000.,-150.,-216.,0.;                               1859P   1336
110,-155.5,-216.,0.5,-156.,-216.,0.;                                1861P   1337
120,1859,1861,0.,6.28318530717959;                                  1863P   1338
126,1,1,1,0,1,0,0.,0.,1.,1.,1.,1.,0.,6.283185307,0.,1.,             1865P   1339
6.283185307,0.,0.,1.,0.,0.,1.;                                      1865P   1340
110,-155.5,-216.,0.5,-156.,-216.,0.;                                1867P   1341
126,1,1,1,0,1,0,0.,0.,1.,1.,1.,1.,1.,6.283185307,0.,1.,             1869P   1342
3.141592654,0.,0.,1.,0.,0.,1.;                                      1869P   1343
100,0.,-150.,-216.,-156.,-216.,-144.,-216.;                         1871P   1344
126,1,1,1,0,1,0,0.,0.,1.,1.,1.,1.,1.,3.141592654,0.,0.,             1873P   1345
3.141592654,0.,0.,1.,0.,0.,1.;                                      1873P   1346
110,-144.,-216.,0.,-144.5,-216.,0.5;                                1875P   1347
126,1,1,1,0,1,0,0.,0.,1.,1.,1.,1.,0.,3.141592654,0.,0.,             1877P   1348
6.283185307,0.,0.,1.,0.,0.,1.;                                      1877P   1349
124,1.,-7.105427357601E-15,0.,-1.54298795962406E-12,                1879P   1350
-7.105427357601E-15,-1.,6.98296267768627E-15,-432.000000000002,     1879P   1351
-4.96169340471387E-29,-6.98296267768627E-15,-1.,                    1879P   1352
0.999999999998489;                                                  1879P   1353
100,0.5,-150.,-216.,-144.5,-216.,-155.5,-216.;                      1881P   1354
102,4,1865,1869,1873,1877;                                          1883P   1355
102,4,1867,1871,1875,1881;                                          1885P   1356
142,1,1863,1883,1885,1;                                             1887P   1357
144,1863,1,0,1887;                                                  1889P   1358
110,-150.,-216.,0.,-150.,-216.,-1000.;                              1891P   1359
110,-155.5,-216.,15.5,-155.5,-216.,0.5;                             1893P   1360
120,1891,1893,0.,6.28318530717959;                                  1895P   1361
126,1,1,1,0,1,0,0.,0.,1.,1.,1.,1.,0.,6.283185307,0.,1.,             1897P   1362
6.283185307,0.,0.,1.,0.,0.,1.;                                      1897P   1363
110,-155.5,-216.,15.5,-155.5,-216.,0.5;                             1899P   1364
126,1,1,1,0,1,0,0.,0.,1.,1.,1.,1.,1.,6.283185307,0.,1.,             1901P   1365
3.141592654,0.,0.,1.,0.,0.,1.;                                      1901P   1366
100,0.5,-150.,-216.,-155.5,-216.,-144.5,-216.;                      1903P   1367
126,1,1,1,0,1,0,0.,0.,1.,1.,1.,1.,1.,3.141592654,0.,0.,             1905P   1368
3.141592654,0.,0.,1.,0.,0.,1.;                                      1905P   1369
110,-144.5,-216.,0.5,-144.5,-216.,15.5;                             1907P   1370
126,1,1,1,0,1,0,0.,0.,1.,1.,1.,1.,0.,3.141592654,0.,0.,             1909P   1371
6.283185307,0.,0.,1.,0.,0.,1.;                                      1909P   1372
124,1.,-7.105427357601E-15,0.,-1.54298795962406E-12,                1911P   1373
-7.105427357601E-15,-1.,6.98296267768627E-15,-432.000000000003,     1911P   1374
-4.96169340471387E-29,-6.98296267768627E-15,-1.,                    1911P   1375
30.9999999999985;                                                   1911P   1376
100,15.5,-150.,-216.,-144.5,-216.,-155.5,-216.;                     1913P   1377
102,4,1897,1901,1905,1909;                                          1915P   1378
102,4,1899,1903,1907,1913;                                          1917P   1379
142,1,1895,1915,1917,1;                                             1919P   1380
144,1895,1,0,1919;                                                  1921P   1381
110,-150.,-216.,-984.5,-150.,-216.,15.5;                            1923P   1382
110,-144.5,-216.,15.5,-144.,-216.,16.;                              1925P   1383
120,1923,1925,0.,6.28318530717959;                                  1927P   1384
126,1,1,1,0,1,0,0.,0.,1.,1.,1.,1.,0.,6.283185307,0.,1.,             1929P   1385
6.283185307,0.,0.,1.,0.,0.,1.;                                      1929P   1386
110,-144.5,-216.,15.5,-144.,-216.,16.;                              1931P   1387
126,1,1,1,0,1,0,0.,0.,1.,1.,1.,1.,1.,6.283185307,0.,1.,             1933P   1388
3.141592654,0.,0.,1.,0.,0.,1.;                                      1933P   1389
124,1.,-7.105427357601E-15,0.,-1.54298795962406E-12,                1935P   1390
-7.105427357601E-15,-1.,6.98296267768627E-15,-432.000000000003,     1935P   1391
-4.96169340471387E-29,-6.98296267768627E-15,-1.,                    1935P   1392
31.9999999999985;                                                   1935P   1393
100,16.,-150.,-216.,-144.,-216.,-156.,-216.;                        1937P   1394
126,1,1,1,0,1,0,0.,0.,1.,1.,1.,1.,1.,3.141592654,0.,0.,             1939P   1395
3.141592654,0.,0.,1.,0.,0.,1.;                                      1939P   1396
110,-156.,-216.,16.,-155.5,-216.,15.5;                              1941P   1397
126,1,1,1,0,1,0,0.,0.,1.,1.,1.,1.,0.,3.141592654,0.,0.,             1943P   1398
6.283185307,0.,0.,1.,0.,0.,1.;                                      1943P   1399
100,15.5,-150.,-216.,-155.5,-216.,-144.5,-216.;                     1945P   1400
102,4,1929,1933,1939,1943;                                          1947P   1401
102,4,1931,1937,1941,1945;                                          1949P   1402
142,1,1927,1947,1949,1;                                             1951P   1403
144,1927,1,0,1951;                                                  1953P   1404
110,-50.,-216.,1000.,-50.,-216.,0.;                                 1955P   1405
110,-55.5,-216.,0.5,-56.,-216.,0.;                                  1957P   1406
120,1955,1957,0.,6.28318530717959;                                  1959P   1407
126,1,1,1,0,1,0,0.,0.,1.,1.,1.,1.,0.,6.283185307,0.,1.,             1961P   1408
6.283185307,0.,0.,1.,0.,0.,1.;                                      1961P   1409
110,-55.5,-216.,0.5,-56.,-216.,0.;                                  1963P   1410
126,1,1,1,0,1,0,0.,0.,1.,1.,1.,1.,1.,6.283185307,0.,1.,             1965P   1411
3.141592654,0.,0.,1.,0.,0.,1.;                                      1965P   1412
100,0.,-50.,-216.,-56.,-216.,-44.,-216.;                            1967P   1413
126,1,1,1,0,1,0,0.,0.,1.,1.,1.,1.,1.,3.141592654,0.,0.,             1969P   1414
3.141592654,0.,0.,1.,0.,0.,1.;                                      1969P   1415
110,-44.,-216.,0.,-44.5,-216.,0.5;                                  1971P   1416
126,1,1,1,0,1,0,0.,0.,1.,1.,1.,1.,0.,3.141592654,0.,0.,             1973P   1417
6.283185307,0.,0.,1.,0.,0.,1.;                                      1973P   1418
124,1.,-7.105427357601E-15,0.,-1.53604906572016E-12,                1975P   1419
-7.105427357601E-15,-1.,6.98296267768627E-15,-432.000000000003,     1975P   1420
-4.96169340471387E-29,-6.98296267768627E-15,-1.,                    1975P   1421
0.999999999998489;                                                  1975P   1422
100,0.5,-50.,-216.,-44.5,-216.,-55.5,-216.;                         1977P   1423
102,4,1961,1965,1969,1973;                                          1979P   1424
102,4,1963,1967,1971,1977;                                          1981P   1425
142,1,1959,1979,1981,1;                                             1983P   1426
144,1959,1,0,1983;                                                  1985P   1427
110,-50.,-216.,0.,-50.,-216.,-1000.;                                1987P   1428
110,-55.5,-216.,15.5,-55.5,-216.,0.5;                               1989P   1429
120,1987,1989,0.,6.28318530717959;                                  1991P   1430
126,1,1,1,0,1,0,0.,0.,1.,1.,1.,1.,0.,6.283185307,0.,1.,             1993P   1431
6.283185307,0.,0.,1.,0.,0.,1.;                                      1993P   1432
110,-55.5,-216.,15.5,-55.5,-216.,0.5;                               1995P   1433
126,1,1,1,0,1,0,0.,0.,1.,1.,1.,1.,1.,6.283185307,0.,1.,             1997P   1434
3.141592654,0.,0.,1.,0.,0.,1.;                                      1997P   1435
100,0.5,-50.,-216.,-55.5,-216.,-44.5,-216.;                         1999P   1436
126,1,1,1,0,1,0,0.,0.,1.,1.,1.,1.,1.,3.141592654,0.,0.,             2001P   1437
3.141592654,0.,0.,1.,0.,0.,1.;                                      2001P   1438
110,-44.5,-216.,0.5,-44.5,-216.,15.5;                               2003P   1439
126,1,1,1,0,1,0,0.,0.,1.,1.,1.,1.,0.,3.141592654,0.,0.,             2005P   1440
6.283185307,0.,0.,1.,0.,0.,1.;                                      2005P   1441
124,1.,-7.105427357601E-15,0.,-1.53604906572016E-12,                2007P   1442
-7.105427357601E-15,-1.,6.98296267768627E-15,-432.000000000003,     2007P   1443
-4.96169340471387E-29,-6.98296267768627E-15,-1.,                    2007P   1444
30.9999999999985;                                                   2007P   1445
100,15.5,-50.,-216.,-44.5,-216.,-55.5,-216.;                        2009P   1446
102,4,1993,1997,2001,2005;                                          2011P   1447
102,4,1995,1999,2003,2009;                                          2013P   1448
142,1,1991,2011,2013,1;                                             2015P   1449
144,1991,1,0,2015;                                                  2017P   1450
110,-50.,-216.,-984.5,-50.,-216.,15.5;                              2019P   1451
110,-44.5,-216.,15.5,-44.,-216.,16.;                                2021P   1452
120,2019,2021,0.,6.28318530717959;                                  2023P   1453
126,1,1,1,0,1,0,0.,0.,1.,1.,1.,1.,0.,6.283185307,0.,1.,             2025P   1454
6.283185307,0.,0.,1.,0.,0.,1.;                                      2025P   1455
110,-44.5,-216.,15.5,-44.,-216.,16.;                                2027P   1456
126,1,1,1,0,1,0,0.,0.,1.,1.,1.,1.,1.,6.283185307,0.,1.,             2029P   1457
3.141592654,0.,0.,1.,0.,0.,1.;                                      2029P   1458
124,1.,-7.105427357601E-15,0.,-1.53604906572016E-12,                2031P   1459
-7.105427357601E-15,-1.,6.98296267768627E-15,-432.000000000003,     2031P   1460
-4.96169340471387E-29,-6.98296267768627E-15,-1.,                    2031P   1461
31.9999999999985;                                                   2031P   1462
100,16.,-50.,-216.,-44.,-216.,-56.,-216.;                           2033P   1463
126,1,1,1,0,1,0,0.,0.,1.,1.,1.,1.,1.,3.141592654,0.,0.,             2035P   1464
3.141592654,0.,0.,1.,0.,0.,1.;                                      2035P   1465
110,-56.,-216.,16.,-55.5,-216.,15.5;                                2037P   1466
126,1,1,1,0,1,0,0.,0.,1.,1.,1.,1.,0.,3.141592654,0.,0.,             2039P   1467
6.283185307,0.,0.,1.,0.,0.,1.;                                      2039P   1468
100,15.5,-50.,-216.,-55.5,-216.,-44.5,-216.;                        2041P   1469
102,4,2025,2029,2035,2039;                                          2043P   1470
102,4,2027,2033,2037,2041;                                          2045P   1471
142,1,2023,2043,2045,1;                                             2047P   1472
144,2023,1,0,2047;                                                  2049P   1473
110,50.,-216.,1000.,50.,-216.,0.;                                   2051P   1474
110,44.5,-216.,0.5,44.,-216.,0.;                                    2053P   1475
120,2051,2053,0.,6.28318530717959;                                  2055P   1476
126,1,1,1,0,1,0,0.,0.,1.,1.,1.,1.,0.,6.283185307,0.,1.,             2057P   1477
6.283185307,0.,0.,1.,0.,0.,1.;                                      2057P   1478
110,44.5,-216.,0.5,44.,-216.,0.;                                    2059P   1479
126,1,1,1,0,1,0,0.,0.,1.,1.,1.,1.,1.,6.283185307,0.,1.,             2061P   1480
3.141592654,0.,0.,1.,0.,0.,1.;                                      2061P   1481
100,0.,50.,-216.,44.,-216.,56.,-216.;                               2063P   1482
126,1,1,1,0,1,0,0.,0.,1.,1.,1.,1.,1.,3.141592654,0.,0.,             2065P   1483
3.141592654,0.,0.,1.,0.,0.,1.;                                      2065P   1484
110,56.,-216.,0.,55.5,-216.,0.5;                                    2067P   1485
126,1,1,1,0,1,0,0.,0.,1.,1.,1.,1.,0.,3.141592654,0.,0.,             2069P   1486
6.283185307,0.,0.,1.,0.,0.,1.;                                      2069P   1487
124,1.,-7.105427357601E-15,0.,-1.53604906572016E-12,                2071P   1488
-7.105427357601E-15,-1.,6.98296267768627E-15,-432.000000000004,     2071P   1489
-4.96169340471387E-29,-6.98296267768627E-15,-1.,                    2071P   1490
0.999999999998489;                                                  2071P   1491
100,0.5,50.,-216.,55.5,-216.,44.5,-216.;                            2073P   1492
102,4,2057,2061,2065,2069;                                          2075P   1493
102,4,2059,2063,2067,2073;                                          2077P   1494
142,1,2055,2075,2077,1;                                             2079P   1495
144,2055,1,0,2079;                                                  2081P   1496
110,50.,-216.,0.,50.,-216.,-1000.;                                  2083P   1497
110,44.5,-216.,15.5,44.5,-216.,0.5;                                 2085P   1498
120,2083,2085,0.,6.28318530717959;                                  2087P   1499
126,1,1,1,0,1,0,0.,0.,1.,1.,1.,1.,0.,6.283185307,0.,1.,             2089P   1500
6.283185307,0.,0.,1.,0.,0.,1.;                                      2089P   1501
110,44.5,-216.,15.5,44.5,-216.,0.5;                                 2091P   1502
126,1,1,1,0,1,0,0.,0.,1.,1.,1.,1.,1.,6.283185307,0.,1.,             2093P   1503
3.141592654,0.,0.,1.,0.,0.,1.;                                      2093P   1504
100,0.5,50.,-216.,44.5,-216.,55.5,-216.;                            2095P   1505
126,1,1,1,0,1,0,0.,0.,1.,1.,1.,1.,1.,3.141592654,0.,0.,             2097P   1506
3.141592654,0.,0.,1.,0.,0.,1.;                                      2097P   1507
110,55.5,-216.,0.5,55.5,-216.,15.5;                                 2099P   1508
126,1,1,1,0,1,0,0.,0.,1.,1.,1.,1.,0.,3.141592654,0.,0.,             2101P   1509
6.283185307,0.,0.,1.,0.,0.,1.;                                      2101P   1510
124,1.,-7.105427357601E-15,0.,-1.53604906572016E-12,                2103P   1511
-7.105427357601E-15,-1.,6.98296267768627E-15,-432.000000000004,     2103P   1512
-4.96169340471387E-29,-6.98296267768627E-15,-1.,                    2103P   1513
30.9999999999985;                                                   2103P   1514
100,15.5,50.,-216.,55.5,-216.,44.5,-216.;                           2105P   1515
102,4,2089,2093,2097,2101;                                          2107P   1516
102,4,2091,2095,2099,2105;                                          2109P   1517
142,1,2087,2107,2109,1;                                             2111P   1518
144,2087,1,0,2111;                                                  2113P   1519
110,50.,-216.,-984.5,50.,-216.,15.5;                                2115P   1520
110,55.5,-216.,15.5,56.,-216.,16.;                                  2117P   1521
120,2115,2117,0.,6.28318530717959;                                  2119P   1522
126,1,1,1,0,1,0,0.,0.,1.,1.,1.,1.,0.,6.283185307,0.,1.,             2121P   1523
6.283185307,0.,0.,1.,0.,0.,1.;                                      2121P   1524
110,55.5,-216.,15.5,56.,-216.,16.;                                  2123P   1525
126,1,1,1,0,1,0,0.,0.,1.,1.,1.,1.,1.,6.283185307,0.,1.,             2125P   1526
3.141592654,0.,0.,1.,0.,0.,1.;                                      2125P   1527
124,1.,-7.105427357601E-15,0.,-1.53604906572016E-12,                2127P   1528
-7.105427357601E-15,-1.,6.98296267768627E-15,-432.000000000004,     2127P   1529
-4.96169340471387E-29,-6.98296267768627E-15,-1.,                    2127P   1530
31.9999999999985;                                                   2127P   1531
100,16.,50.,-216.,56.,-216.,44.,-216.;                              2129P   1532
126,1,1,1,0,1,0,0.,0.,1.,1.,1.,1.,1.,3.141592654,0.,0.,             2131P   1533
3.141592654,0.,0.,1.,0.,0.,1.;                                      2131P   1534
110,44.,-216.,16.,44.5,-216.,15.5;                                  2133P   1535
126,1,1,1,0,1,0,0.,0.,1.,1.,1.,1.,0.,3.141592654,0.,0.,             2135P   1536
6.283185307,0.,0.,1.,0.,0.,1.;                                      2135P   1537
100,15.5,50.,-216.,44.5,-216.,55.5,-216.;                           2137P   1538
102,4,2121,2125,2131,2135;                                          2139P   1539
102,4,2123,2129,2133,2137;                                          2141P   1540
142,1,2119,2139,2141,1;                                             2143P   1541
144,2119,1,0,2143;                                                  2145P   1542
110,150.,-216.,1000.,150.,-216.,0.;                                 2147P   1543
110,144.5,-216.,0.5,144.,-216.,0.;                                  2149P   1544
120,2147,2149,0.,6.28318530717959;                                  2151P   1545
126,1,1,1,0,1,0,0.,0.,1.,1.,1.,1.,0.,6.283185307,0.,1.,             2153P   1546
6.283185307,0.,0.,1.,0.,0.,1.;                                      2153P   1547
110,144.5,-216.,0.5,144.,-216.,0.;                                  2155P   1548
126,1,1,1,0,1,0,0.,0.,1.,1.,1.,1.,1.,6.283185307,0.,1.,             2157P   1549
3.141592654,0.,0.,1.,0.,0.,1.;                                      2157P   1550
100,0.,150.,-216.,144.,-216.,156.,-216.;                            2159P   1551
126,1,1,1,0,1,0,0.,0.,1.,1.,1.,1.,1.,3.141592654,0.,0.,             2161P   1552
3.141592654,0.,0.,1.,0.,0.,1.;                                      2161P   1553
110,156.,-216.,0.,155.5,-216.,0.5;                                  2163P   1554
126,1,1,1,0,1,0,0.,0.,1.,1.,1.,1.,0.,3.141592654,0.,0.,             2165P   1555
6.283185307,0.,0.,1.,0.,0.,1.;                                      2165P   1556
124,1.,-7.105427357601E-15,0.,-1.54298795962407E-12,                2167P   1557
-7.105427357601E-15,-1.,6.98296267768627E-15,-432.000000000005,     2167P   1558
-4.96169340471387E-29,-6.98296267768627E-15,-1.,                    2167P   1559
0.999999999998489;                                                  2167P   1560
100,0.5,150.,-216.,155.5,-216.,144.5,-216.;                         2169P   1561
102,4,2153,2157,2161,2165;                                          2171P   1562
102,4,2155,2159,2163,2169;                                          2173P   1563
142,1,2151,2171,2173,1;                                             2175P   1564
144,2151,1,0,2175;                                                  2177P   1565
110,150.,-216.,0.,150.,-216.,-1000.;                                2179P   1566
110,144.5,-216.,15.5,144.5,-216.,0.5;                               2181P   1567
120,2179,2181,0.,6.28318530717959;                                  2183P   1568
126,1,1,1,0,1,0,0.,0.,1.,1.,1.,1.,0.,6.283185307,0.,1.,             2185P   1569
6.283185307,0.,0.,1.,0.,0.,1.;                                      2185P   1570
110,144.5,-216.,15.5,144.5,-216.,0.5;                               2187P   1571
126,1,1,1,0,1,0,0.,0.,1.,1.,1.,1.,1.,6.283185307,0.,1.,             2189P   1572
3.141592654,0.,0.,1.,0.,0.,1.;                                      2189P   1573
100,0.5,150.,-216.,144.5,-216.,155.5,-216.;                         2191P   1574
126,1,1,1,0,1,0,0.,0.,1.,1.,1.,1.,1.,3.141592654,0.,0.,             2193P   1575
3.141592654,0.,0.,1.,0.,0.,1.;                                      2193P   1576
110,155.5,-216.,0.5,155.5,-216.,15.5;                               2195P   1577
126,1,1,1,0,1,0,0.,0.,1.,1.,1.,1.,0.,3.141592654,0.,0.,             2197P   1578
6.283185307,0.,0.,1.,0.,0.,1.;                                      2197P   1579
124,1.,-7.105427357601E-15,0.,-1.54298795962407E-12,                2199P   1580
-7.105427357601E-15,-1.,6.98296267768627E-15,-432.000000000005,     2199P   1581
-4.96169340471387E-29,-6.98296267768627E-15,-1.,                    2199P   1582
30.9999999999985;                                                   2199P   1583
100,15.5,150.,-216.,155.5,-216.,144.5,-216.;                        2201P   1584
102,4,2185,2189,2193,2197;                                          2203P   1585
102,4,2187,2191,2195,2201;                                          2205P   1586
142,1,2183,2203,2205,1;                                             2207P   1587
144,2183,1,0,2207;                                                  2209P   1588
110,150.,-216.,-984.5,150.,-216.,15.5;                              2211P   1589
110,155.5,-216.,15.5,156.,-216.,16.;                                2213P   1590
120,2211,2213,0.,6.28318530717959;                                  2215P   1591
126,1,1,1,0,1,0,0.,0.,1.,1.,1.,1.,0.,6.283185307,0.,1.,             2217P   1592
6.283185307,0.,0.,1.,0.,0.,1.;                                      2217P   1593
110,155.5,-216.,15.5,156.,-216.,16.;                                2219P   1594
126,1,1,1,0,1,0,0.,0.,1.,1.,1.,1.,1.,6.283185307,0.,1.,             2221P   1595
3.141592654,0.,0.,1.,0.,0.,1.;                                      2221P   1596
124,1.,-7.105427357601E-15,0.,-1.54298795962407E-12,                2223P   1597
-7.105427357601E-15,-1.,6.98296267768627E-15,-432.000000000005,     2223P   1598
-4.96169340471387E-29,-6.98296267768627E-15,-1.,                    2223P   1599
31.9999999999985;                                                   2223P   1600
100,16.,150.,-216.,156.,-216.,144.,-216.;                           2225P   1601
126,1,1,1,0,1,0,0.,0.,1.,1.,1.,1.,1.,3.141592654,0.,0.,             2227P   1602
3.141592654,0.,0.,1.,0.,0.,1.;                                      2227P   1603
110,144.,-216.,16.,144.5,-216.,15.5;                                2229P   1604
126,1,1,1,0,1,0,0.,0.,1.,1.,1.,1.,0.,3.141592654,0.,0.,             2231P   1605
6.283185307,0.,0.,1.,0.,0.,1.;                                      2231P   1606
100,15.5,150.,-216.,144.5,-216.,155.5,-216.;                        2233P   1607
102,4,2217,2221,2227,2231;                                          2235P   1608
102,4,2219,2225,2229,2233;                                          2237P   1609
142,1,2215,2235,2237,1;                                             2239P   1610
144,2215,1,0,2239;                                                  2241P   1611
110,-236.815,201.5,1.,-236.815,201.5,-999.;                         2243P   1612
110,-238.065,201.5,1.,-238.065,201.5,0.;                            2245P   1613
120,2243,2245,0.,6.28318530717959;                                  2247P   1614
126,1,1,1,0,1,0,0.,0.,1.,1.,1.,1.,0.,2.47871883,0.,1.,              2249P   1615
2.47871883,0.,0.,1.,0.,0.,1.;                                       2249P   1616
110,-235.829716273,202.269230769,1.,-235.829716273,                 2251P   1617
202.269230769,0.;                                                   2251P   1618
126,1,1,1,0,1,0,0.,0.,1.,1.,1.,1.,1.,2.47871883,0.,1.,0.,0.,0.,     2253P   1619
1.,0.,0.,1.;                                                        2253P   1620
100,0.,-236.815,201.5,-235.829716273,202.269230769,-238.065,        2255P   1621
201.5;                                                              2255P   1622
126,1,1,1,0,1,0,0.,0.,1.,1.,1.,1.,1.,0.,0.,0.,0.,0.,0.,1.,0.,       2257P   1623
0.,1.;                                                              2257P   1624
110,-238.065,201.5,0.,-238.065,201.5,1.;                            2259P   1625
126,1,1,1,0,1,0,0.,0.,1.,1.,1.,1.,0.,0.,0.,0.,2.47871883,0.,0.,     2261P   1626
1.,0.,0.,1.;                                                        2261P   1627
124,-1.,-1.0325074129014E-14,4.29720780165332E-15,                  2263P   1628
-473.629999999998,-1.0325074129014E-14,1.,-5.5041595968294E-15,     2263P   1629
-2.38125473512459E-12,-4.29720780165326E-15,                        2263P   1630
-5.50415959682945E-15,-1.,2.00000000000009;                         2263P   1631
100,1.,-236.815,201.5,-235.565,201.5,-237.800283727,                2265P   1632
202.269230769;                                                      2265P   1633
102,4,2249,2253,2257,2261;                                          2267P   1634
102,4,2251,2255,2259,2265;                                          2269P   1635
142,1,2247,2267,2269,1;                                             2271P   1636
144,2247,1,0,2271;                                                  2273P   1637
110,-236.815,-201.5,1.,-236.815,-201.5,-999.;                       2275P   1638
110,-238.065,-201.5,1.,-238.065,-201.5,0.;                          2277P   1639
120,2275,2277,0.,6.28318530717959;                                  2279P   1640
126,1,1,1,0,1,0,0.,0.,1.,1.,1.,1.,0.,0.907922503,0.,1.,             2281P   1641
0.907922503,0.,0.,1.,0.,0.,1.;                                      2281P   1642
110,-237.584230769,-200.514716273,1.,-237.584230769,                2283P   1643
-200.514716273,0.;                                                  2283P   1644
126,1,1,1,0,1,0,0.,0.,1.,1.,1.,1.,1.,0.907922503,0.,1.,0.,0.,       2285P   1645
0.,1.,0.,0.,1.;                                                     2285P   1646
100,0.,-236.815,-201.5,-237.584230769,-200.514716273,-238.065,      2287P   1647
-201.5;                                                             2287P   1648
126,1,1,1,0,1,0,0.,0.,1.,1.,1.,1.,1.,0.,0.,0.,0.,0.,0.,1.,0.,       2289P   1649
0.,1.;                                                              2289P   1650
110,-238.065,-201.5,0.,-238.065,-201.5,1.;                          2291P   1651
126,1,1,1,0,1,0,0.,0.,1.,1.,1.,1.,0.,0.,0.,0.,0.907922503,0.,       2293P   1652
0.,1.,0.,0.,1.;                                                     2293P   1653
124,-1.,3.33066907387547E-16,5.50415959682959E-15,-473.63,          2295P   1654
5.55111512312578E-17,1.,4.29720780165308E-15,                       2295P   1655
-6.55693958925416E-14,-5.50415959682959E-15,                        2295P   1656
4.29720780165308E-15,-1.,1.99999999999956;                          2295P   1657
100,1.,-236.815,-201.5,-235.565,-201.5,-236.045769231,              2297P   1658
-200.514716273;                                                     2297P   1659
102,4,2281,2285,2289,2293;                                          2299P   1660
102,4,2283,2287,2291,2297;                                          2301P   1661
142,1,2279,2299,2301,1;                                             2303P   1662
144,2279,1,0,2303;                                                  2305P   1663
128,1,1,1,1,0,0,1,0,0,0.,0.,1.,1.,0.,0.,1.,1.,1.,1.,1.,1.,          2307P   1664
271.5,226.,0.,271.5,-226.,0.,271.5,226.,16.,271.5,-226.,16.,0.,     2307P   1665
1.,0.,1.;                                                           2307P   1666
126,1,1,1,0,1,0,0.,0.,1.,1.,1.,1.,1.,0.,0.,1.,1.,0.,0.,1.,0.,       2309P   1667
0.,1.;                                                              2309P   1668
110,271.5,-226.,0.,271.5,-226.,16.;                                 2311P   1669
126,1,1,1,0,1,0,0.,0.,1.,1.,1.,1.,1.,1.,0.,0.,1.,0.,0.,1.,0.,       2313P   1670
0.,1.;                                                              2313P   1671
110,271.5,-226.,16.,271.5,226.,16.;                                 2315P   1672
126,1,1,1,0,1,0,0.,0.,1.,1.,1.,1.,0.,1.,0.,0.,0.,0.,0.,1.,0.,       2317P   1673
0.,1.;                                                              2317P   1674
110,271.5,226.,16.,271.5,226.,0.;                                   2319P   1675
126,1,1,1,0,1,0,0.,0.,1.,1.,1.,1.,0.,0.,0.,1.,0.,0.,0.,1.,0.,       2321P   1676
0.,1.;                                                              2321P   1677
110,271.5,226.,0.,271.5,-226.,0.;                                   2323P   1678
102,4,2309,2313,2317,2321;                                          2325P   1679
102,4,2311,2315,2319,2323;                                          2327P   1680
142,1,2307,2325,2327,1;                                             2329P   1681
126,32,2,1,0,1,0,0.,0.,0.,0.0625,0.0625,0.125,0.125,0.1875,         2331P   1682
0.1875,0.25,0.25,0.3125,0.3125,0.375,0.375,0.4375,0.4375,0.5,       2331P   1683
0.5,0.5625,0.5625,0.625,0.625,0.6875,0.6875,0.75,0.75,0.8125,       2331P   1684
0.8125,0.875,0.875,0.9375,0.9375,1.,1.,1.,1.,1.,1.,1.,1.,1.,1.,     2331P   1685
1.,1.,1.,1.,1.,1.,1.,1.,1.,1.,1.,1.,1.,1.,1.,1.,1.,1.,1.,1.,1.,     2331P   1686
1.,1.,1.,1.,1.,0.110619469,0.775,0.,0.111578235,0.775,0.,           2331P   1687
0.112518578,0.769715952,0.,0.113458922,0.764431904,0.,              2331P   1688
0.114344706,0.754066871,0.,0.11523049,0.743701839,0.,               2331P   1689
0.116027675,0.728654143,0.,0.11682486,0.713606448,0.,               2331P   1690
0.117502809,0.694454365,0.,0.118180759,0.675302282,0.,              2331P   1691
0.118713421,0.652781814,0.,0.119246083,0.630261347,0.,              2331P   1692
0.119612987,0.605237944,0.,0.11997989,0.580214541,0.,               2331P   1693
0.120166936,0.553649839,0.,0.120353982,0.527085136,0.,              2331P   1694
0.120353982,0.5,0.,0.120353982,0.472914864,0.,0.120166936,          2331P   1695
0.446350161,0.,0.11997989,0.419785459,0.,0.119612987,               2331P   1696
0.394762056,0.,0.119246083,0.369738653,0.,0.118713421,              2331P   1697
0.347218186,0.,0.118180759,0.324697718,0.,0.117502809,              2331P   1698
0.305545635,0.,0.11682486,0.286393552,0.,0.116027675,               2331P   1699
0.271345857,0.,0.11523049,0.256298161,0.,0.114344706,               2331P   1700
0.245933129,0.,0.113458922,0.235568096,0.,0.112518578,              2331P   1701
0.230284048,0.,0.111578235,0.225,0.,0.110619469,0.225,0.,0.,1.,     2331P   1702
0.,0.,1.;                                                           2331P   1703
124,-6.12323399573677E-17,4.27583144589696E-31,1.,263.5,            2333P   1704
-6.98296267768627E-15,-1.,0.,352.000000000002,1.,                   2333P   1705
-6.98296267768627E-15,6.12323399573677E-17,-263.499999999999;       2333P   1706
100,8.,271.5,176.,275.9,176.,267.1,176.;                            2335P   1707
126,32,2,1,0,1,0,0.,0.,0.,0.0625,0.0625,0.125,0.125,0.1875,         2337P   1708
0.1875,0.25,0.25,0.3125,0.3125,0.375,0.375,0.4375,0.4375,0.5,       2337P   1709
0.5,0.5625,0.5625,0.625,0.625,0.6875,0.6875,0.75,0.75,0.8125,       2337P   1710
0.8125,0.875,0.875,0.9375,0.9375,1.,1.,1.,1.,1.,1.,1.,1.,1.,1.,     2337P   1711
1.,1.,1.,1.,1.,1.,1.,1.,1.,1.,1.,1.,1.,1.,1.,1.,1.,1.,1.,1.,1.,     2337P   1712
1.,1.,1.,1.,1.,0.110619469,0.225,0.,0.109660703,0.225,0.,           2337P   1713
0.10872036,0.230284048,0.,0.107780016,0.235568096,0.,               2337P   1714
0.106894232,0.245933129,0.,0.106008448,0.256298161,0.,              2337P   1715
0.105211263,0.271345857,0.,0.104414079,0.286393552,0.,              2337P   1716
0.103736129,0.305545635,0.,0.103058179,0.324697718,0.,              2337P   1717
0.102525517,0.347218186,0.,0.101992855,0.369738653,0.,              2337P   1718
0.101625951,0.394762056,0.,0.101259048,0.419785459,0.,              2337P   1719
0.101072002,0.446350161,0.,0.100884956,0.472914864,0.,              2337P   1720
0.100884956,0.5,0.,0.100884956,0.527085136,0.,0.101072002,          2337P   1721
0.553649839,0.,0.101259048,0.580214541,0.,0.101625951,              2337P   1722
0.605237944,0.,0.101992855,0.630261347,0.,0.102525517,              2337P   1723
0.652781814,0.,0.103058179,0.675302282,0.,0.103736129,              2337P   1724
0.694454365,0.,0.104414079,0.713606448,0.,0.105211263,              2337P   1725
0.728654143,0.,0.106008448,0.743701839,0.,0.106894232,              2337P   1726
0.754066871,0.,0.107780016,0.764431904,0.,0.10872036,               2337P   1727
0.769715952,0.,0.109660703,0.775,0.,0.110619469,0.775,0.,0.,1.,     2337P   1728
0.,0.,1.;                                                           2337P   1729
124,6.12323399573677E-17,0.,1.,263.5,0.,1.,0.,0.,-1.,0.,            2339P   1730
6.12323399573677E-17,279.5;                                         2339P   1731
100,8.,271.5,176.,275.9,176.,267.1,176.;                            2341P   1732
102,2,2331,2337;                                                    2343P   1733
102,2,2335,2341;                                                    2345P   1734
142,1,2307,2343,2345,1;                                             2347P   1735
126,32,2,1,0,1,0,0.,0.,0.,0.0625,0.0625,0.125,0.125,0.1875,         2349P   1736
0.1875,0.25,0.25,0.3125,0.3125,0.375,0.375,0.4375,0.4375,0.5,       2349P   1737
0.5,0.5625,0.5625,0.625,0.625,0.6875,0.6875,0.75,0.75,0.8125,       2349P   1738
0.8125,0.875,0.875,0.9375,0.9375,1.,1.,1.,1.,1.,1.,1.,1.,1.,1.,     2349P   1739
1.,1.,1.,1.,1.,1.,1.,1.,1.,1.,1.,1.,1.,1.,1.,1.,1.,1.,1.,1.,1.,     2349P   1740
1.,1.,1.,1.,1.,0.889380531,0.775,0.,0.890339297,0.775,0.,           2349P   1741
0.89127964,0.769715952,0.,0.892219984,0.764431904,0.,               2349P   1742
0.893105768,0.754066871,0.,0.893991552,0.743701839,0.,              2349P   1743
0.894788737,0.728654143,0.,0.895585921,0.713606448,0.,              2349P   1744
0.896263871,0.694454365,0.,0.896941821,0.675302282,0.,              2349P   1745
0.897474483,0.652781814,0.,0.898007145,0.630261347,0.,              2349P   1746
0.898374049,0.605237944,0.,0.898740952,0.580214541,0.,              2349P   1747
0.898927998,0.553649839,0.,0.899115044,0.527085136,0.,              2349P   1748
0.899115044,0.5,0.,0.899115044,0.472914864,0.,0.898927998,          2349P   1749
0.446350161,0.,0.898740952,0.419785459,0.,0.898374049,              2349P   1750
0.394762056,0.,0.898007145,0.369738653,0.,0.897474483,              2349P   1751
0.347218186,0.,0.896941821,0.324697718,0.,0.896263871,              2349P   1752
0.305545635,0.,0.895585921,0.286393552,0.,0.894788737,              2349P   1753
0.271345857,0.,0.893991552,0.256298161,0.,0.893105768,              2349P   1754
0.245933129,0.,0.892219984,0.235568096,0.,0.89127964,               2349P   1755
0.230284048,0.,0.890339297,0.225,0.,0.889380531,0.225,0.,0.,1.,     2349P   1756
0.,0.,1.;                                                           2349P   1757
124,-6.12323399573677E-17,4.27583144589696E-31,1.,263.5,            2351P   1758
-6.98296267768627E-15,-1.,0.,-351.999999999998,1.,                  2351P   1759
-6.98296267768627E-15,6.12323399573677E-17,-263.500000000001;       2351P   1760
100,8.,271.5,-176.,275.9,-176.,267.1,-176.;                         2353P   1761
126,32,2,1,0,1,0,0.,0.,0.,0.0625,0.0625,0.125,0.125,0.1875,         2355P   1762
0.1875,0.25,0.25,0.3125,0.3125,0.375,0.375,0.4375,0.4375,0.5,       2355P   1763
0.5,0.5625,0.5625,0.625,0.625,0.6875,0.6875,0.75,0.75,0.8125,       2355P   1764
0.8125,0.875,0.875,0.9375,0.9375,1.,1.,1.,1.,1.,1.,1.,1.,1.,1.,     2355P   1765
1.,1.,1.,1.,1.,1.,1.,1.,1.,1.,1.,1.,1.,1.,1.,1.,1.,1.,1.,1.,1.,     2355P   1766
1.,1.,1.,1.,1.,0.889380531,0.225,0.,0.888421765,0.225,0.,           2355P   1767
0.887481422,0.230284048,0.,0.886541078,0.235568096,0.,              2355P   1768
0.885655294,0.245933129,0.,0.88476951,0.256298161,0.,               2355P   1769
0.883972325,0.271345857,0.,0.88317514,0.286393552,0.,               2355P   1770
0.882497191,0.305545635,0.,0.881819241,0.324697718,0.,              2355P   1771
0.881286579,0.347218186,0.,0.880753917,0.369738653,0.,              2355P   1772
0.880387013,0.394762056,0.,0.88002011,0.419785459,0.,               2355P   1773
0.879833064,0.446350161,0.,0.879646018,0.472914864,0.,              2355P   1774
0.879646018,0.5,0.,0.879646018,0.527085136,0.,0.879833064,          2355P   1775
0.553649839,0.,0.88002011,0.580214541,0.,0.880387013,               2355P   1776
0.605237944,0.,0.880753917,0.630261347,0.,0.881286579,              2355P   1777
0.652781814,0.,0.881819241,0.675302282,0.,0.882497191,              2355P   1778
0.694454365,0.,0.88317514,0.713606448,0.,0.883972325,               2355P   1779
0.728654143,0.,0.88476951,0.743701839,0.,0.885655294,               2355P   1780
0.754066871,0.,0.886541078,0.764431904,0.,0.887481422,              2355P   1781
0.769715952,0.,0.888421765,0.775,0.,0.889380531,0.775,0.,0.,1.,     2355P   1782
0.,0.,1.;                                                           2355P   1783
124,6.12323399573677E-17,0.,1.,263.5,0.,1.,0.,0.,-1.,0.,            2357P   1784
6.12323399573677E-17,279.5;                                         2357P   1785
100,8.,271.5,-176.,275.9,-176.,267.1,-176.;                         2359P   1786
102,2,2349,2355;                                                    2361P   1787
102,2,2353,2359;                                                    2363P   1788
142,1,2307,2361,2363,1;                                             2365P   1789
144,2307,1,2,2329,2347,2365;                                        2367P   1790
128,1,1,1,1,0,0,1,0,0,0.,0.,1.,1.,0.,0.,1.,1.,1.,1.,1.,1.,          2369P   1791
-261.5,236.,16.,-261.5,236.,0.,261.5,236.,16.,261.5,236.,0.,0.,     2369P   1792
1.,0.,1.;                                                           2369P   1793
126,1,1,1,0,1,0,0.,0.,1.,1.,1.,1.,1.,1.,0.,0.,1.,0.,0.,1.,0.,       2371P   1794
0.,1.;                                                              2371P   1795
110,261.5,236.,0.,261.5,236.,16.;                                   2373P   1796
126,1,1,1,0,1,0,0.,0.,1.,1.,1.,1.,0.,1.,0.,0.,0.,0.,0.,1.,0.,       2375P   1797
0.,1.;                                                              2375P   1798
110,261.5,236.,16.,-261.5,236.,16.;                                 2377P   1799
126,1,1,1,0,1,0,0.,0.,1.,1.,1.,1.,0.,0.,0.,1.,0.,0.,0.,1.,0.,       2379P   1800
0.,1.;                                                              2379P   1801
110,-261.5,236.,16.,-261.5,236.,0.;                                 2381P   1802
126,1,1,1,0,1,0,0.,0.,1.,1.,1.,1.,1.,0.,0.,1.,1.,0.,0.,1.,0.,       2383P   1803
0.,1.;                                                              2383P   1804
110,-261.5,236.,0.,261.5,236.,0.;                                   2385P   1805
102,4,2371,2375,2379,2383;                                          2387P   1806
102,4,2373,2377,2381,2385;                                          2389P   1807
142,1,2369,2387,2389,1;                                             2391P   1808
126,32,2,1,0,1,0,0.,0.,0.,0.0625,0.0625,0.125,0.125,0.1875,         2393P   1809
0.1875,0.25,0.25,0.3125,0.3125,0.375,0.375,0.4375,0.4375,0.5,       2393P   1810
0.5,0.5625,0.5625,0.625,0.625,0.6875,0.6875,0.75,0.75,0.8125,       2393P   1811
0.8125,0.875,0.875,0.9375,0.9375,1.,1.,1.,1.,1.,1.,1.,1.,1.,1.,     2393P   1812
1.,1.,1.,1.,1.,1.,1.,1.,1.,1.,1.,1.,1.,1.,1.,1.,1.,1.,1.,1.,1.,     2393P   1813
1.,1.,1.,1.,1.,0.775,0.133843212,0.,0.775,0.133014604,0.,           2393P   1814
0.769715952,0.132201917,0.,0.764431904,0.13138923,0.,               2393P   1815
0.754066871,0.130623696,0.,0.743701839,0.129858161,0.,              2393P   1816
0.728654143,0.129169199,0.,0.713606448,0.128480236,0.,              2393P   1817
0.694454365,0.127894322,0.,0.675302282,0.127308407,0.,              2393P   1818
0.652781814,0.126848057,0.,0.630261347,0.126387707,0.,              2393P   1819
0.605237944,0.126070612,0.,0.580214541,0.125753517,0.,              2393P   1820
0.553649839,0.125591864,0.,0.527085136,0.12543021,0.,0.5,           2393P   1821
0.12543021,0.,0.472914864,0.12543021,0.,0.446350161,                2393P   1822
0.125591864,0.,0.419785459,0.125753517,0.,0.394762056,              2393P   1823
0.126070612,0.,0.369738653,0.126387707,0.,0.347218186,              2393P   1824
0.126848057,0.,0.324697718,0.127308407,0.,0.305545635,              2393P   1825
0.127894322,0.,0.286393552,0.128480236,0.,0.271345857,              2393P   1826
0.129169199,0.,0.256298161,0.129858161,0.,0.245933129,              2393P   1827
0.130623696,0.,0.235568096,0.13138923,0.,0.230284048,               2393P   1828
0.132201917,0.,0.225,0.133014604,0.,0.225,0.133843212,0.,0.,1.,     2393P   1829
0.,0.,1.;                                                           2393P   1830
124,6.12323399573677E-17,-1.,0.,44.5000000000001,                   2395P   1831
6.12323399573677E-17,3.74939945665464E-33,1.,228.,-1.,              2395P   1832
-6.12323399573677E-17,6.12323399573677E-17,-183.5;                  2395P   1833
100,8.,-191.5,236.,-187.1,236.,-195.9,236.;                         2397P   1834
126,32,2,1,0,1,0,0.,0.,0.,0.0625,0.0625,0.125,0.125,0.1875,         2399P   1835
0.1875,0.25,0.25,0.3125,0.3125,0.375,0.375,0.4375,0.4375,0.5,       2399P   1836
0.5,0.5625,0.5625,0.625,0.625,0.6875,0.6875,0.75,0.75,0.8125,       2399P   1837
0.8125,0.875,0.875,0.9375,0.9375,1.,1.,1.,1.,1.,1.,1.,1.,1.,1.,     2399P   1838
1.,1.,1.,1.,1.,1.,1.,1.,1.,1.,1.,1.,1.,1.,1.,1.,1.,1.,1.,1.,1.,     2399P   1839
1.,1.,1.,1.,1.,0.225,0.133843212,0.,0.225,0.134671821,0.,           2399P   1840
0.230284048,0.135484507,0.,0.235568096,0.136297194,0.,              2399P   1841
0.245933129,0.137062729,0.,0.256298161,0.137828263,0.,              2399P   1842
0.271345857,0.138517226,0.,0.286393552,0.139206188,0.,              2399P   1843
0.305545635,0.139792103,0.,0.324697718,0.140378018,0.,              2399P   1844
0.347218186,0.140838368,0.,0.369738653,0.141298718,0.,              2399P   1845
0.394762056,0.141615813,0.,0.419785459,0.141932907,0.,              2399P   1846
0.446350161,0.142094561,0.,0.472914864,0.142256214,0.,0.5,          2399P   1847
0.142256214,0.,0.527085136,0.142256214,0.,0.553649839,              2399P   1848
0.142094561,0.,0.580214541,0.141932907,0.,0.605237944,              2399P   1849
0.141615813,0.,0.630261347,0.141298718,0.,0.652781814,              2399P   1850
0.140838368,0.,0.675302282,0.140378018,0.,0.694454365,              2399P   1851
0.139792103,0.,0.713606448,0.139206188,0.,0.728654143,              2399P   1852
0.138517226,0.,0.743701839,0.137828263,0.,0.754066871,              2399P   1853
0.137062729,0.,0.764431904,0.136297194,0.,0.769715952,              2399P   1854
0.135484507,0.,0.775,0.134671821,0.,0.775,0.133843212,0.,0.,1.,     2399P   1855
0.,0.,1.;                                                           2399P   1856
124,1.40271576953299E-14,1.,0.,-427.499999999997,                   2401P   1857
-6.12323399573677E-17,8.58915688636046E-31,1.,228.,1.,              2401P   1858
-1.40271576953299E-14,6.12323399573677E-17,199.500000000003;        2401P   1859
100,8.,-191.5,236.,-187.1,236.,-195.9,236.;                         2403P   1860
102,2,2393,2399;                                                    2405P   1861
102,2,2397,2403;                                                    2407P   1862
142,1,2369,2405,2407,1;                                             2409P   1863
126,32,2,1,0,1,0,0.,0.,0.,0.0625,0.0625,0.125,0.125,0.1875,         2411P   1864
0.1875,0.25,0.25,0.3125,0.3125,0.375,0.375,0.4375,0.4375,0.5,       2411P   1865
0.5,0.5625,0.5625,0.625,0.625,0.6875,0.6875,0.75,0.75,0.8125,       2411P   1866
0.8125,0.875,0.875,0.9375,0.9375,1.,1.,1.,1.,1.,1.,1.,1.,1.,1.,     2411P   1867
1.,1.,1.,1.,1.,1.,1.,1.,1.,1.,1.,1.,1.,1.,1.,1.,1.,1.,1.,1.,1.,     2411P   1868
1.,1.,1.,1.,1.,0.775,0.866156788,0.,0.775,0.865328179,0.,           2411P   1869
0.769715952,0.864515493,0.,0.764431904,0.863702806,0.,              2411P   1870
0.754066871,0.862937271,0.,0.743701839,0.862171737,0.,              2411P   1871
0.728654143,0.861482774,0.,0.713606448,0.860793812,0.,              2411P   1872
0.694454365,0.860207897,0.,0.675302282,0.859621982,0.,              2411P   1873
0.652781814,0.859161632,0.,0.630261347,0.858701282,0.,              2411P   1874
0.605237944,0.858384187,0.,0.580214541,0.858067093,0.,              2411P   1875
0.553649839,0.857905439,0.,0.527085136,0.857743786,0.,0.5,          2411P   1876
0.857743786,0.,0.472914864,0.857743786,0.,0.446350161,              2411P   1877
0.857905439,0.,0.419785459,0.858067093,0.,0.394762056,              2411P   1878
0.858384187,0.,0.369738653,0.858701282,0.,0.347218186,              2411P   1879
0.859161632,0.,0.324697718,0.859621982,0.,0.305545635,              2411P   1880
0.860207897,0.,0.286393552,0.860793812,0.,0.271345857,              2411P   1881
0.861482774,0.,0.256298161,0.862171737,0.,0.245933129,              2411P   1882
0.862937271,0.,0.235568096,0.863702806,0.,0.230284048,              2411P   1883
0.864515493,0.,0.225,0.865328179,0.,0.225,0.866156788,0.,0.,1.,     2411P   1884
0.,0.,1.;                                                           2411P   1885
124,6.12323399573677E-17,-1.,0.,427.5,6.12323399573677E-17,         2413P   1886
3.74939945665464E-33,1.,228.,-1.,-6.12323399573677E-17,             2413P   1887
6.12323399573677E-17,199.5;                                         2413P   1888
100,8.,191.5,236.,195.9,236.,187.1,236.;                            2415P   1889
126,32,2,1,0,1,0,0.,0.,0.,0.0625,0.0625,0.125,0.125,0.1875,         2417P   1890
0.1875,0.25,0.25,0.3125,0.3125,0.375,0.375,0.4375,0.4375,0.5,       2417P   1891
0.5,0.5625,0.5625,0.625,0.625,0.6875,0.6875,0.75,0.75,0.8125,       2417P   1892
0.8125,0.875,0.875,0.9375,0.9375,1.,1.,1.,1.,1.,1.,1.,1.,1.,1.,     2417P   1893
1.,1.,1.,1.,1.,1.,1.,1.,1.,1.,1.,1.,1.,1.,1.,1.,1.,1.,1.,1.,1.,     2417P   1894
1.,1.,1.,1.,1.,0.225,0.866156788,0.,0.225,0.866985396,0.,           2417P   1895
0.230284048,0.867798083,0.,0.235568096,0.86861077,0.,               2417P   1896
0.245933129,0.869376304,0.,0.256298161,0.870141839,0.,              2417P   1897
0.271345857,0.870830801,0.,0.286393552,0.871519764,0.,              2417P   1898
0.305545635,0.872105678,0.,0.324697718,0.872691593,0.,              2417P   1899
0.347218186,0.873151943,0.,0.369738653,0.873612293,0.,              2417P   1900
0.394762056,0.873929388,0.,0.419785459,0.874246483,0.,              2417P   1901
0.446350161,0.874408136,0.,0.472914864,0.87456979,0.,0.5,           2417P   1902
0.87456979,0.,0.527085136,0.87456979,0.,0.553649839,                2417P   1903
0.874408136,0.,0.580214541,0.874246483,0.,0.605237944,              2417P   1904
0.873929388,0.,0.630261347,0.873612293,0.,0.652781814,              2417P   1905
0.873151943,0.,0.675302282,0.872691593,0.,0.694454365,              2417P   1906
0.872105678,0.,0.713606448,0.871519764,0.,0.728654143,              2417P   1907
0.870830801,0.,0.743701839,0.870141839,0.,0.754066871,              2417P   1908
0.869376304,0.,0.764431904,0.86861077,0.,0.769715952,               2417P   1909
0.867798083,0.,0.775,0.866985396,0.,0.775,0.866156788,0.,0.,1.,     2417P   1910
0.,0.,1.;                                                           2417P   1911
124,1.40271576953299E-14,1.,0.,-44.5000000000026,                   2419P   1912
-6.12323399573677E-17,8.58915688636046E-31,1.,228.,1.,              2419P   1913
-1.40271576953299E-14,6.12323399573677E-17,-183.499999999997;       2419P   1914
100,8.,191.5,236.,195.9,236.,187.1,236.;                            2421P   1915
102,2,2411,2417;                                                    2423P   1916
102,2,2415,2421;                                                    2425P   1917
142,1,2369,2423,2425,1;                                             2427P   1918
144,2369,1,2,2391,2409,2427;                                        2429P   1919
128,1,1,1,1,0,0,1,0,0,0.,0.,1.,1.,0.,0.,1.,1.,1.,1.,1.,1.,          2431P   1920
-271.5,-226.,16.,-271.5,-226.,0.,-271.5,226.,16.,-271.5,226.,       2431P   1921
0.,0.,1.,0.,1.;                                                     2431P   1922
126,1,1,1,0,1,0,0.,0.,1.,1.,1.,1.,0.,0.,0.,1.,0.,0.,0.,1.,0.,       2433P   1923
0.,1.;                                                              2433P   1924
110,-271.5,-226.,16.,-271.5,-226.,0.;                               2435P   1925
126,1,1,1,0,1,0,0.,0.,1.,1.,1.,1.,1.,0.,0.,1.,1.,0.,0.,1.,0.,       2437P   1926
0.,1.;                                                              2437P   1927
110,-271.5,-226.,0.,-271.5,226.,0.;                                 2439P   1928
126,1,1,1,0,1,0,0.,0.,1.,1.,1.,1.,1.,1.,0.,0.,1.,0.,0.,1.,0.,       2441P   1929
0.,1.;                                                              2441P   1930
110,-271.5,226.,0.,-271.5,226.,16.;                                 2443P   1931
126,1,1,1,0,1,0,0.,0.,1.,1.,1.,1.,0.,1.,0.,0.,0.,0.,0.,1.,0.,       2445P   1932
0.,1.;                                                              2445P   1933
110,-271.5,226.,16.,-271.5,-226.,16.;                               2447P   1934
102,4,2433,2437,2441,2445;                                          2449P   1935
102,4,2435,2439,2443,2447;                                          2451P   1936
142,1,2431,2449,2451,1;                                             2453P   1937
126,32,2,1,0,1,0,0.,0.,0.,0.0625,0.0625,0.125,0.125,0.1875,         2455P   1938
0.1875,0.25,0.25,0.3125,0.3125,0.375,0.375,0.4375,0.4375,0.5,       2455P   1939
0.5,0.5625,0.5625,0.625,0.625,0.6875,0.6875,0.75,0.75,0.8125,       2455P   1940
0.8125,0.875,0.875,0.9375,0.9375,1.,1.,1.,1.,1.,1.,1.,1.,1.,1.,     2455P   1941
1.,1.,1.,1.,1.,1.,1.,1.,1.,1.,1.,1.,1.,1.,1.,1.,1.,1.,1.,1.,1.,     2455P   1942
1.,1.,1.,1.,1.,0.775,0.110619469,0.,0.775,0.109660703,0.,           2455P   1943
0.769715952,0.10872036,0.,0.764431904,0.107780016,0.,               2455P   1944
0.754066871,0.106894232,0.,0.743701839,0.106008448,0.,              2455P   1945
0.728654143,0.105211263,0.,0.713606448,0.104414079,0.,              2455P   1946
0.694454365,0.103736129,0.,0.675302282,0.103058179,0.,              2455P   1947
0.652781814,0.102525517,0.,0.630261347,0.101992855,0.,              2455P   1948
0.605237944,0.101625951,0.,0.580214541,0.101259048,0.,              2455P   1949
0.553649839,0.101072002,0.,0.527085136,0.100884956,0.,0.5,          2455P   1950
0.100884956,0.,0.472914864,0.100884956,0.,0.446350161,              2455P   1951
0.101072002,0.,0.419785459,0.101259048,0.,0.394762056,              2455P   1952
0.101625951,0.,0.369738653,0.101992855,0.,0.347218186,              2455P   1953
0.102525517,0.,0.324697718,0.103058179,0.,0.305545635,              2455P   1954
0.103736129,0.,0.286393552,0.104414079,0.,0.271345857,              2455P   1955
0.105211263,0.,0.256298161,0.106008448,0.,0.245933129,              2455P   1956
0.106894232,0.,0.235568096,0.107780016,0.,0.230284048,              2455P   1957
0.10872036,0.,0.225,0.109660703,0.,0.225,0.110619469,0.,0.,1.,      2455P   1958
0.,0.,1.;                                                           2455P   1959
124,-6.12323399573677E-17,4.27583144589696E-31,-1.,-263.5,          2457P   1960
-6.98296267768627E-15,-1.,0.,-352.000000000002,-1.,                 2457P   1961
6.98296267768627E-15,6.12323399573677E-17,-263.499999999999;        2457P   1962
100,8.,-271.5,-176.,-267.1,-176.,-275.9,-176.;                      2459P   1963
126,32,2,1,0,1,0,0.,0.,0.,0.0625,0.0625,0.125,0.125,0.1875,         2461P   1964
0.1875,0.25,0.25,0.3125,0.3125,0.375,0.375,0.4375,0.4375,0.5,       2461P   1965
0.5,0.5625,0.5625,0.625,0.625,0.6875,0.6875,0.75,0.75,0.8125,       2461P   1966
0.8125,0.875,0.875,0.9375,0.9375,1.,1.,1.,1.,1.,1.,1.,1.,1.,1.,     2461P   1967
1.,1.,1.,1.,1.,1.,1.,1.,1.,1.,1.,1.,1.,1.,1.,1.,1.,1.,1.,1.,1.,     2461P   1968
1.,1.,1.,1.,1.,0.225,0.110619469,0.,0.225,0.111578235,0.,           2461P   1969
0.230284048,0.112518578,0.,0.235568096,0.113458922,0.,              2461P   1970
0.245933129,0.114344706,0.,0.256298161,0.11523049,0.,               2461P   1971
0.271345857,0.116027675,0.,0.286393552,0.11682486,0.,               2461P   1972
0.305545635,0.117502809,0.,0.324697718,0.118180759,0.,              2461P   1973
0.347218186,0.118713421,0.,0.369738653,0.119246083,0.,              2461P   1974
0.394762056,0.119612987,0.,0.419785459,0.11997989,0.,               2461P   1975
0.446350161,0.120166936,0.,0.472914864,0.120353982,0.,0.5,          2461P   1976
0.120353982,0.,0.527085136,0.120353982,0.,0.553649839,              2461P   1977
0.120166936,0.,0.580214541,0.11997989,0.,0.605237944,               2461P   1978
0.119612987,0.,0.630261347,0.119246083,0.,0.652781814,              2461P   1979
0.118713421,0.,0.675302282,0.118180759,0.,0.694454365,              2461P   1980
0.117502809,0.,0.713606448,0.11682486,0.,0.728654143,               2461P   1981
0.116027675,0.,0.743701839,0.11523049,0.,0.754066871,               2461P   1982
0.114344706,0.,0.764431904,0.113458922,0.,0.769715952,              2461P   1983
0.112518578,0.,0.775,0.111578235,0.,0.775,0.110619469,0.,0.,1.,     2461P   1984
0.,0.,1.;                                                           2461P   1985
124,6.12323399573677E-17,0.,-1.,-263.5,0.,1.,0.,0.,1.,0.,           2463P   1986
6.12323399573677E-17,279.5;                                         2463P   1987
100,8.,-271.5,-176.,-267.1,-176.,-275.9,-176.;                      2465P   1988
102,2,2455,2461;                                                    2467P   1989
102,2,2459,2465;                                                    2469P   1990
142,1,2431,2467,2469,1;                                             2471P   1991
126,32,2,1,0,1,0,0.,0.,0.,0.0625,0.0625,0.125,0.125,0.1875,         2473P   1992
0.1875,0.25,0.25,0.3125,0.3125,0.375,0.375,0.4375,0.4375,0.5,       2473P   1993
0.5,0.5625,0.5625,0.625,0.625,0.6875,0.6875,0.75,0.75,0.8125,       2473P   1994
0.8125,0.875,0.875,0.9375,0.9375,1.,1.,1.,1.,1.,1.,1.,1.,1.,1.,     2473P   1995
1.,1.,1.,1.,1.,1.,1.,1.,1.,1.,1.,1.,1.,1.,1.,1.,1.,1.,1.,1.,1.,     2473P   1996
1.,1.,1.,1.,1.,0.775,0.889380531,0.,0.775,0.888421765,0.,           2473P   1997
0.769715952,0.887481422,0.,0.764431904,0.886541078,0.,              2473P   1998
0.754066871,0.885655294,0.,0.743701839,0.88476951,0.,               2473P   1999
0.728654143,0.883972325,0.,0.713606448,0.88317514,0.,               2473P   2000
0.694454365,0.882497191,0.,0.675302282,0.881819241,0.,              2473P   2001
0.652781814,0.881286579,0.,0.630261347,0.880753917,0.,              2473P   2002
0.605237944,0.880387013,0.,0.580214541,0.88002011,0.,               2473P   2003
0.553649839,0.879833064,0.,0.527085136,0.879646018,0.,0.5,          2473P   2004
0.879646018,0.,0.472914864,0.879646018,0.,0.446350161,              2473P   2005
0.879833064,0.,0.419785459,0.88002011,0.,0.394762056,               2473P   2006
0.880387013,0.,0.369738653,0.880753917,0.,0.347218186,              2473P   2007
0.881286579,0.,0.324697718,0.881819241,0.,0.305545635,              2473P   2008
0.882497191,0.,0.286393552,0.88317514,0.,0.271345857,               2473P   2009
0.883972325,0.,0.256298161,0.88476951,0.,0.245933129,               2473P   2010
0.885655294,0.,0.235568096,0.886541078,0.,0.230284048,              2473P   2011
0.887481422,0.,0.225,0.888421765,0.,0.225,0.889380531,0.,0.,1.,     2473P   2012
0.,0.,1.;                                                           2473P   2013
124,-6.12323399573677E-17,4.27583144589696E-31,-1.,-263.5,          2475P   2014
-6.98296267768627E-15,-1.,0.,351.999999999998,-1.,                  2475P   2015
6.98296267768627E-15,6.12323399573677E-17,-263.500000000001;        2475P   2016
100,8.,-271.5,176.,-267.1,176.,-275.9,176.;                         2477P   2017
126,32,2,1,0,1,0,0.,0.,0.,0.0625,0.0625,0.125,0.125,0.1875,         2479P   2018
0.1875,0.25,0.25,0.3125,0.3125,0.375,0.375,0.4375,0.4375,0.5,       2479P   2019
0.5,0.5625,0.5625,0.625,0.625,0.6875,0.6875,0.75,0.75,0.8125,       2479P   2020
0.8125,0.875,0.875,0.9375,0.9375,1.,1.,1.,1.,1.,1.,1.,1.,1.,1.,     2479P   2021
1.,1.,1.,1.,1.,1.,1.,1.,1.,1.,1.,1.,1.,1.,1.,1.,1.,1.,1.,1.,1.,     2479P   2022
1.,1.,1.,1.,1.,0.225,0.889380531,0.,0.225,0.890339297,0.,           2479P   2023
0.230284048,0.89127964,0.,0.235568096,0.892219984,0.,               2479P   2024
0.245933129,0.893105768,0.,0.256298161,0.893991552,0.,              2479P   2025
0.271345857,0.894788737,0.,0.286393552,0.895585921,0.,              2479P   2026
0.305545635,0.896263871,0.,0.324697718,0.896941821,0.,              2479P   2027
0.347218186,0.897474483,0.,0.369738653,0.898007145,0.,              2479P   2028
0.394762056,0.898374049,0.,0.419785459,0.898740952,0.,              2479P   2029
0.446350161,0.898927998,0.,0.472914864,0.899115044,0.,0.5,          2479P   2030
0.899115044,0.,0.527085136,0.899115044,0.,0.553649839,              2479P   2031
0.898927998,0.,0.580214541,0.898740952,0.,0.605237944,              2479P   2032
0.898374049,0.,0.630261347,0.898007145,0.,0.652781814,              2479P   2033
0.897474483,0.,0.675302282,0.896941821,0.,0.694454365,              2479P   2034
0.896263871,0.,0.713606448,0.895585921,0.,0.728654143,              2479P   2035
0.894788737,0.,0.743701839,0.893991552,0.,0.754066871,              2479P   2036
0.893105768,0.,0.764431904,0.892219984,0.,0.769715952,              2479P   2037
0.89127964,0.,0.775,0.890339297,0.,0.775,0.889380531,0.,0.,1.,      2479P   2038
0.,0.,1.;                                                           2479P   2039
124,6.12323399573677E-17,0.,-1.,-263.5,0.,1.,0.,0.,1.,0.,           2481P   2040
6.12323399573677E-17,279.5;                                         2481P   2041
100,8.,-271.5,176.,-267.1,176.,-275.9,176.;                         2483P   2042
102,2,2473,2479;                                                    2485P   2043
102,2,2477,2483;                                                    2487P   2044
142,1,2431,2485,2487,1;                                             2489P   2045
144,2431,1,2,2453,2471,2489;                                        2491P   2046
128,1,1,1,1,0,0,1,0,0,0.,0.,1.,1.,0.,0.,1.,1.,1.,1.,1.,1.,          2493P   2047
-261.5,-236.,0.,-261.5,-236.,16.,261.5,-236.,0.,261.5,-236.,        2493P   2048
16.,0.,1.,0.,1.;                                                    2493P   2049
126,1,1,1,0,1,0,0.,0.,1.,1.,1.,1.,0.,0.,0.,1.,0.,0.,0.,1.,0.,       2495P   2050
0.,1.;                                                              2495P   2051
110,-261.5,-236.,0.,-261.5,-236.,16.;                               2497P   2052
126,1,1,1,0,1,0,0.,0.,1.,1.,1.,1.,1.,0.,0.,1.,1.,0.,0.,1.,0.,       2499P   2053
0.,1.;                                                              2499P   2054
110,-261.5,-236.,16.,261.5,-236.,16.;                               2501P   2055
126,1,1,1,0,1,0,0.,0.,1.,1.,1.,1.,1.,1.,0.,0.,1.,0.,0.,1.,0.,       2503P   2056
0.,1.;                                                              2503P   2057
110,261.5,-236.,16.,261.5,-236.,0.;                                 2505P   2058
126,1,1,1,0,1,0,0.,0.,1.,1.,1.,1.,0.,1.,0.,0.,0.,0.,0.,1.,0.,       2507P   2059
0.,1.;                                                              2507P   2060
110,261.5,-236.,0.,-261.5,-236.,0.;                                 2509P   2061
102,4,2495,2499,2503,2507;                                          2511P   2062
102,4,2497,2501,2505,2509;                                          2513P   2063
142,1,2493,2511,2513,1;                                             2515P   2064
126,32,2,1,0,1,0,0.,0.,0.,0.0625,0.0625,0.125,0.125,0.1875,         2517P   2065
0.1875,0.25,0.25,0.3125,0.3125,0.375,0.375,0.4375,0.4375,0.5,       2517P   2066
0.5,0.5625,0.5625,0.625,0.625,0.6875,0.6875,0.75,0.75,0.8125,       2517P   2067
0.8125,0.875,0.875,0.9375,0.9375,1.,1.,1.,1.,1.,1.,1.,1.,1.,1.,     2517P   2068
1.,1.,1.,1.,1.,1.,1.,1.,1.,1.,1.,1.,1.,1.,1.,1.,1.,1.,1.,1.,1.,     2517P   2069
1.,1.,1.,1.,1.,0.775,0.866156788,0.,0.775,0.865328179,0.,           2517P   2070
0.769715952,0.864515493,0.,0.764431904,0.863702806,0.,              2517P   2071
0.754066871,0.862937271,0.,0.743701839,0.862171737,0.,              2517P   2072
0.728654143,0.861482774,0.,0.713606448,0.860793812,0.,              2517P   2073
0.694454365,0.860207897,0.,0.675302282,0.859621982,0.,              2517P   2074
0.652781814,0.859161632,0.,0.630261347,0.858701282,0.,              2517P   2075
0.605237944,0.858384187,0.,0.580214541,0.858067093,0.,              2517P   2076
0.553649839,0.857905439,0.,0.527085136,0.857743786,0.,0.5,          2517P   2077
0.857743786,0.,0.472914864,0.857743786,0.,0.446350161,              2517P   2078
0.857905439,0.,0.419785459,0.858067093,0.,0.394762056,              2517P   2079
0.858384187,0.,0.369738653,0.858701282,0.,0.347218186,              2517P   2080
0.859161632,0.,0.324697718,0.859621982,0.,0.305545635,              2517P   2081
0.860207897,0.,0.286393552,0.860793812,0.,0.271345857,              2517P   2082
0.861482774,0.,0.256298161,0.862171737,0.,0.245933129,              2517P   2083
0.862937271,0.,0.235568096,0.863702806,0.,0.230284048,              2517P   2084
0.864515493,0.,0.225,0.865328179,0.,0.225,0.866156788,0.,0.,1.,     2517P   2085
0.,0.,1.;                                                           2517P   2086
124,6.12323399573677E-17,-1.,0.,-44.4999999999999,                  2519P   2087
6.12323399573677E-17,3.74939945665464E-33,-1.,-228.,1.,             2519P   2088
6.12323399573677E-17,6.12323399573677E-17,-183.5;                   2519P   2089
100,8.,191.5,-236.,195.9,-236.,187.1,-236.;                         2521P   2090
126,32,2,1,0,1,0,0.,0.,0.,0.0625,0.0625,0.125,0.125,0.1875,         2523P   2091
0.1875,0.25,0.25,0.3125,0.3125,0.375,0.375,0.4375,0.4375,0.5,       2523P   2092
0.5,0.5625,0.5625,0.625,0.625,0.6875,0.6875,0.75,0.75,0.8125,       2523P   2093
0.8125,0.875,0.875,0.9375,0.9375,1.,1.,1.,1.,1.,1.,1.,1.,1.,1.,     2523P   2094
1.,1.,1.,1.,1.,1.,1.,1.,1.,1.,1.,1.,1.,1.,1.,1.,1.,1.,1.,1.,1.,     2523P   2095
1.,1.,1.,1.,1.,0.225,0.866156788,0.,0.225,0.866985396,0.,           2523P   2096
0.230284048,0.867798083,0.,0.235568096,0.86861077,0.,               2523P   2097
0.245933129,0.869376304,0.,0.256298161,0.870141839,0.,              2523P   2098
0.271345857,0.870830801,0.,0.286393552,0.871519764,0.,              2523P   2099
0.305545635,0.872105678,0.,0.324697718,0.872691593,0.,              2523P   2100
0.347218186,0.873151943,0.,0.369738653,0.873612293,0.,              2523P   2101
0.394762056,0.873929388,0.,0.419785459,0.874246483,0.,              2523P   2102
0.446350161,0.874408136,0.,0.472914864,0.87456979,0.,0.5,           2523P   2103
0.87456979,0.,0.527085136,0.87456979,0.,0.553649839,                2523P   2104
0.874408136,0.,0.580214541,0.874246483,0.,0.605237944,              2523P   2105
0.873929388,0.,0.630261347,0.873612293,0.,0.652781814,              2523P   2106
0.873151943,0.,0.675302282,0.872691593,0.,0.694454365,              2523P   2107
0.872105678,0.,0.713606448,0.871519764,0.,0.728654143,              2523P   2108
0.870830801,0.,0.743701839,0.870141839,0.,0.754066871,              2523P   2109
0.869376304,0.,0.764431904,0.86861077,0.,0.769715952,               2523P   2110
0.867798083,0.,0.775,0.866985396,0.,0.775,0.866156788,0.,0.,1.,     2523P   2111
0.,0.,1.;                                                           2523P   2112
124,1.40271576953299E-14,1.,0.,427.499999999997,                    2525P   2113
-6.12323399573677E-17,8.58915688636046E-31,-1.,-228.,-1.,           2525P   2114
1.40271576953299E-14,6.12323399573677E-17,199.500000000003;         2525P   2115
100,8.,191.5,-236.,195.9,-236.,187.1,-236.;                         2527P   2116
102,2,2517,2523;                                                    2529P   2117
102,2,2521,2527;                                                    2531P   2118
142,1,2493,2529,2531,1;                                             2533P   2119
126,32,2,1,0,1,0,0.,0.,0.,0.0625,0.0625,0.125,0.125,0.1875,         2535P   2120
0.1875,0.25,0.25,0.3125,0.3125,0.375,0.375,0.4375,0.4375,0.5,       2535P   2121
0.5,0.5625,0.5625,0.625,0.625,0.6875,0.6875,0.75,0.75,0.8125,       2535P   2122
0.8125,0.875,0.875,0.9375,0.9375,1.,1.,1.,1.,1.,1.,1.,1.,1.,1.,     2535P   2123
1.,1.,1.,1.,1.,1.,1.,1.,1.,1.,1.,1.,1.,1.,1.,1.,1.,1.,1.,1.,1.,     2535P   2124
1.,1.,1.,1.,1.,0.775,0.133843212,0.,0.775,0.133014604,0.,           2535P   2125
0.769715952,0.132201917,0.,0.764431904,0.13138923,0.,               2535P   2126
0.754066871,0.130623696,0.,0.743701839,0.129858161,0.,              2535P   2127
0.728654143,0.129169199,0.,0.713606448,0.128480236,0.,              2535P   2128
0.694454365,0.127894322,0.,0.675302282,0.127308407,0.,              2535P   2129
0.652781814,0.126848057,0.,0.630261347,0.126387707,0.,              2535P   2130
0.605237944,0.126070612,0.,0.580214541,0.125753517,0.,              2535P   2131
0.553649839,0.125591864,0.,0.527085136,0.12543021,0.,0.5,           2535P   2132
0.12543021,0.,0.472914864,0.12543021,0.,0.446350161,                2535P   2133
0.125591864,0.,0.419785459,0.125753517,0.,0.394762056,              2535P   2134
0.126070612,0.,0.369738653,0.126387707,0.,0.347218186,              2535P   2135
0.126848057,0.,0.324697718,0.127308407,0.,0.305545635,              2535P   2136
0.127894322,0.,0.286393552,0.128480236,0.,0.271345857,              2535P   2137
0.129169199,0.,0.256298161,0.129858161,0.,0.245933129,              2535P   2138
0.130623696,0.,0.235568096,0.13138923,0.,0.230284048,               2535P   2139
0.132201917,0.,0.225,0.133014604,0.,0.225,0.133843212,0.,0.,1.,     2535P   2140
0.,0.,1.;                                                           2535P   2141
124,6.12323399573677E-17,-1.,0.,-427.5,6.12323399573677E-17,        2537P   2142
3.74939945665464E-33,-1.,-228.,1.,6.12323399573677E-17,             2537P   2143
6.12323399573677E-17,199.5;                                         2537P   2144
100,8.,-191.5,-236.,-187.1,-236.,-195.9,-236.;                      2539P   2145
126,32,2,1,0,1,0,0.,0.,0.,0.0625,0.0625,0.125,0.125,0.1875,         2541P   2146
0.1875,0.25,0.25,0.3125,0.3125,0.375,0.375,0.4375,0.4375,0.5,       2541P   2147
0.5,0.5625,0.5625,0.625,0.625,0.6875,0.6875,0.75,0.75,0.8125,       2541P   2148
0.8125,0.875,0.875,0.9375,0.9375,1.,1.,1.,1.,1.,1.,1.,1.,1.,1.,     2541P   2149
1.,1.,1.,1.,1.,1.,1.,1.,1.,1.,1.,1.,1.,1.,1.,1.,1.,1.,1.,1.,1.,     2541P   2150
1.,1.,1.,1.,1.,0.225,0.133843212,0.,0.225,0.134671821,0.,           2541P   2151
0.230284048,0.135484507,0.,0.235568096,0.136297194,0.,              2541P   2152
0.245933129,0.137062729,0.,0.256298161,0.137828263,0.,              2541P   2153
0.271345857,0.138517226,0.,0.286393552,0.139206188,0.,              2541P   2154
0.305545635,0.139792103,0.,0.324697718,0.140378018,0.,              2541P   2155
0.347218186,0.140838368,0.,0.369738653,0.141298718,0.,              2541P   2156
0.394762056,0.141615813,0.,0.419785459,0.141932907,0.,              2541P   2157
0.446350161,0.142094561,0.,0.472914864,0.142256214,0.,0.5,          2541P   2158
0.142256214,0.,0.527085136,0.142256214,0.,0.553649839,              2541P   2159
0.142094561,0.,0.580214541,0.141932907,0.,0.605237944,              2541P   2160
0.141615813,0.,0.630261347,0.141298718,0.,0.652781814,              2541P   2161
0.140838368,0.,0.675302282,0.140378018,0.,0.694454365,              2541P   2162
0.139792103,0.,0.713606448,0.139206188,0.,0.728654143,              2541P   2163
0.138517226,0.,0.743701839,0.137828263,0.,0.754066871,              2541P   2164
0.137062729,0.,0.764431904,0.136297194,0.,0.769715952,              2541P   2165
0.135484507,0.,0.775,0.134671821,0.,0.775,0.133843212,0.,0.,1.,     2541P   2166
0.,0.,1.;                                                           2541P   2167
124,1.40271576953299E-14,1.,0.,44.5000000000027,                    2543P   2168
-6.12323399573677E-17,8.58915688636046E-31,-1.,-228.,-1.,           2543P   2169
1.40271576953299E-14,6.12323399573677E-17,-183.499999999997;        2543P   2170
100,8.,-191.5,-236.,-187.1,-236.,-195.9,-236.;                      2545P   2171
102,2,2535,2541;                                                    2547P   2172
102,2,2539,2545;                                                    2549P   2173
142,1,2493,2547,2549,1;                                             2551P   2174
144,2493,1,2,2515,2533,2551;                                        2553P   2175
128,1,1,1,1,0,0,1,0,0,0.,0.,1.,1.,0.,0.,1.,1.,1.,1.,1.,1.,          2555P   2176
-271.5,-236.,16.,271.5,-236.,16.,-271.5,236.,16.,271.5,236.,        2555P   2177
16.,0.,1.,0.,1.;                                                    2555P   2178
126,1,1,1,0,1,0,0.,0.,1.,1.,1.,1.,0.981583794,1.,0.,                2557P   2179
0.018416206,1.,0.,0.,1.,0.,0.,1.;                                   2557P   2180
110,261.5,236.,16.,-261.5,236.,16.;                                 2559P   2181
126,16,2,1,0,1,0,0.,0.,0.,0.125,0.125,0.25,0.25,0.375,0.375,        2561P   2182
0.5,0.5,0.625,0.625,0.75,0.75,0.875,0.875,1.,1.,1.,1.,1.,1.,1.,     2561P   2183
1.,1.,1.,1.,1.,1.,1.,1.,1.,1.,1.,1.,1.,0.018416206,1.,0.,           2561P   2184
0.016602368,1.,0.,0.014823383,0.999592908,0.,0.013044397,           2561P   2185
0.999185817,0.,0.011368629,0.998387278,0.,0.009692861,              2561P   2186
0.997588739,0.,0.00818471,0.996429441,0.,0.006676559,               2561P   2187
0.995270142,0.,0.005393982,0.993794635,0.,0.004111405,              2561P   2188
0.992319128,0.,0.00310369,0.990584115,0.,0.002095976,               2561P   2189
0.988849102,0.,0.00140185,0.986921259,0.,0.000707724,               2561P   2190
0.984993416,0.,0.000353862,0.982946829,0.,0.,0.980900242,0.,0.,     2561P   2191
0.978813559,0.,0.,1.,0.,0.,-1.;                                     2561P   2192
100,16.,-261.5,226.,-261.5,236.,-271.5,226.;                        2563P   2193
126,1,1,1,0,1,0,0.,0.,1.,1.,1.,1.,0.,0.978813559,0.,0.,             2565P   2194
0.021186441,0.,0.,1.,0.,0.,1.;                                      2565P   2195
110,-271.5,226.,16.,-271.5,-226.,16.;                               2567P   2196
126,16,2,1,0,1,0,0.,0.,0.,0.125,0.125,0.25,0.25,0.375,0.375,        2569P   2197
0.5,0.5,0.625,0.625,0.75,0.75,0.875,0.875,1.,1.,1.,1.,1.,1.,1.,     2569P   2198
1.,1.,1.,1.,1.,1.,1.,1.,1.,1.,1.,1.,1.,0.,0.021186441,0.,0.,        2569P   2199
0.019099758,0.,0.000353862,0.017053171,0.,0.000707724,              2569P   2200
0.015006584,0.,0.00140185,0.013078741,0.,0.002095976,               2569P   2201
0.011150898,0.,0.00310369,0.009415885,0.,0.004111405,               2569P   2202
0.007680872,0.,0.005393982,0.006205365,0.,0.006676559,              2569P   2203
0.004729858,0.,0.00818471,0.003570559,0.,0.009692861,               2569P   2204
0.002411261,0.,0.011368629,0.001612722,0.,0.013044397,              2569P   2205
0.000814183,0.,0.014823383,0.000407092,0.,0.016602368,0.,0.,        2569P   2206
0.018416206,0.,0.,0.,1.,0.,0.,-1.;                                  2569P   2207
100,16.,-261.5,-226.,-271.5,-226.,-261.5,-236.;                     2571P   2208
126,1,1,1,0,1,0,0.,0.,1.,1.,1.,1.,0.018416206,0.,0.,                2573P   2209
0.981583794,0.,0.,0.,1.,0.,0.,1.;                                   2573P   2210
110,-261.5,-236.,16.,261.5,-236.,16.;                               2575P   2211
126,16,2,1,0,1,0,0.,0.,0.,0.125,0.125,0.25,0.25,0.375,0.375,        2577P   2212
0.5,0.5,0.625,0.625,0.75,0.75,0.875,0.875,1.,1.,1.,1.,1.,1.,1.,     2577P   2213
1.,1.,1.,1.,1.,1.,1.,1.,1.,1.,1.,1.,1.,0.981583794,0.,0.,           2577P   2214
0.983397632,0.,0.,0.985176617,0.000407092,0.,0.986955603,           2577P   2215
0.000814183,0.,0.988631371,0.001612722,0.,0.990307139,              2577P   2216
0.002411261,0.,0.99181529,0.003570559,0.,0.993323441,               2577P   2217
0.004729858,0.,0.994606018,0.006205365,0.,0.995888595,              2577P   2218
0.007680872,0.,0.99689631,0.009415885,0.,0.997904024,               2577P   2219
0.011150898,0.,0.99859815,0.013078741,0.,0.999292276,               2577P   2220
0.015006584,0.,0.999646138,0.017053171,0.,1.,0.019099758,0.,1.,     2577P   2221
0.021186441,0.,0.,1.,0.,0.,-1.;                                     2577P   2222
100,16.,261.5,-226.,261.5,-236.,271.5,-226.;                        2579P   2223
126,1,1,1,0,1,0,0.,0.,1.,1.,1.,1.,1.,0.021186441,0.,1.,             2581P   2224
0.978813559,0.,0.,1.,0.,0.,1.;                                      2581P   2225
110,271.5,-226.,16.,271.5,226.,16.;                                 2583P   2226
126,16,2,1,0,1,0,0.,0.,0.,0.125,0.125,0.25,0.25,0.375,0.375,        2585P   2227
0.5,0.5,0.625,0.625,0.75,0.75,0.875,0.875,1.,1.,1.,1.,1.,1.,1.,     2585P   2228
1.,1.,1.,1.,1.,1.,1.,1.,1.,1.,1.,1.,1.,1.,0.978813559,0.,1.,        2585P   2229
0.980900242,0.,0.999646138,0.982946829,0.,0.999292276,              2585P   2230
0.984993416,0.,0.99859815,0.986921259,0.,0.997904024,               2585P   2231
0.988849102,0.,0.99689631,0.990584115,0.,0.995888595,               2585P   2232
0.992319128,0.,0.994606018,0.993794635,0.,0.993323441,              2585P   2233
0.995270142,0.,0.99181529,0.996429441,0.,0.990307139,               2585P   2234
0.997588739,0.,0.988631371,0.998387278,0.,0.986955603,              2585P   2235
0.999185817,0.,0.985176617,0.999592908,0.,0.983397632,1.,0.,        2585P   2236
0.981583794,1.,0.,0.,1.,0.,0.,-1.;                                  2585P   2237
100,16.,261.5,226.,271.5,226.,261.5,236.;                           2587P   2238
102,8,2557,2561,2565,2569,2573,2577,2581,2585;                      2589P   2239
102,8,2559,2563,2567,2571,2575,2579,2583,2587;                      2591P   2240
142,1,2555,2589,2591,1;                                             2593P   2241
126,16,2,1,0,1,0,0.,0.,0.,0.125,0.125,0.25,0.25,0.375,0.375,        2595P   2242
0.5,0.5,0.625,0.625,0.75,0.75,0.875,0.875,1.,1.,1.,1.,1.,1.,1.,     2595P   2243
1.,1.,1.,1.,1.,1.,1.,1.,1.,1.,1.,1.,1.,0.050644567,0.957627119,     2595P   2244
0.,0.050644567,0.955098572,0.,0.049803457,0.952762499,0.,           2595P   2245
0.048962347,0.950426426,0.,0.047408178,0.948638473,0.,              2595P   2246
0.045854009,0.94685052,0.,0.04382339,0.945882887,0.,0.04179277,     2595P   2247
0.944915254,0.,0.039594843,0.944915254,0.,0.037396917,              2595P   2248
0.944915254,0.,0.035366297,0.945882887,0.,0.033335678,              2595P   2249
0.94685052,0.,0.031781509,0.948638473,0.,0.03022734,                2595P   2250
0.950426426,0.,0.02938623,0.952762499,0.,0.02854512,                2595P   2251
0.955098572,0.,0.02854512,0.957627119,0.,0.,1.,0.,0.,1.;            2595P   2252
124,1.,-7.105427357601E-15,0.,1.5152323840084E-12,                  2597P   2253
-7.105427357601E-15,-1.,6.98296267768627E-15,431.999999999998,      2597P   2254
-4.96169340471387E-29,-6.98296267768627E-15,-1.,                    2597P   2255
32.0000000000015;                                                   2597P   2256
100,16.,-250.,216.,-244.,216.,-256.,216.;                           2599P   2257
126,16,2,1,0,1,0,0.,0.,0.,0.125,0.125,0.25,0.25,0.375,0.375,        2601P   2258
0.5,0.5,0.625,0.625,0.75,0.75,0.875,0.875,1.,1.,1.,1.,1.,1.,1.,     2601P   2259
1.,1.,1.,1.,1.,1.,1.,1.,1.,1.,1.,1.,1.,0.02854512,0.957627119,      2601P   2260
0.,0.02854512,0.960155666,0.,0.02938623,0.962491739,0.,             2601P   2261
0.03022734,0.964827811,0.,0.031781509,0.966615764,0.,               2601P   2262
0.033335678,0.968403717,0.,0.035366297,0.96937135,0.,               2601P   2263
0.037396917,0.970338983,0.,0.039594843,0.970338983,0.,              2601P   2264
0.04179277,0.970338983,0.,0.04382339,0.96937135,0.,0.045854009,     2601P   2265
0.968403717,0.,0.047408178,0.966615764,0.,0.048962347,              2601P   2266
0.964827811,0.,0.049803457,0.962491739,0.,0.050644567,              2601P   2267
0.960155666,0.,0.050644567,0.957627119,0.,0.,1.,0.,0.,1.;           2601P   2268
124,-1.,-6.98296267768627E-15,0.,-499.999999999999,                 2603P   2269
-6.98296267768627E-15,1.,-6.98296267768627E-15,                     2603P   2270
-1.63044757183505E-12,4.87617677579594E-29,                         2603P   2271
-6.98296267768627E-15,-1.,32.0000000000015;                         2603P   2272
100,16.,-250.,216.,-244.,216.,-256.,216.;                           2605P   2273
102,2,2595,2601;                                                    2607P   2274
102,2,2599,2605;                                                    2609P   2275
142,1,2555,2607,2609,1;                                             2611P   2276
126,16,2,1,0,1,0,0.,0.,0.,0.125,0.125,0.25,0.25,0.375,0.375,        2613P   2277
0.5,0.5,0.625,0.625,0.75,0.75,0.875,0.875,1.,1.,1.,1.,1.,1.,1.,     2613P   2278
1.,1.,1.,1.,1.,1.,1.,1.,1.,1.,1.,1.,1.,0.97145488,0.957627119,      2613P   2279
0.,0.97145488,0.955098572,0.,0.97061377,0.952762499,0.,             2613P   2280
0.96977266,0.950426426,0.,0.968218491,0.948638473,0.,               2613P   2281
0.966664322,0.94685052,0.,0.964633703,0.945882887,0.,               2613P   2282
0.962603083,0.944915254,0.,0.960405157,0.944915254,0.,              2613P   2283
0.95820723,0.944915254,0.,0.95617661,0.945882887,0.,                2613P   2284
0.954145991,0.94685052,0.,0.952591822,0.948638473,0.,               2613P   2285
0.951037653,0.950426426,0.,0.950196543,0.952762499,0.,              2613P   2286
0.949355433,0.955098572,0.,0.949355433,0.957627119,0.,0.,1.,0.,     2613P   2287
0.,1.;                                                              2613P   2288
124,1.,-7.105427357601E-15,0.,1.54298795962401E-12,                 2615P   2289
-7.105427357601E-15,-1.,6.98296267768627E-15,431.999999999995,      2615P   2290
-4.96169340471387E-29,-6.98296267768627E-15,-1.,                    2615P   2291
32.0000000000015;                                                   2615P   2292
100,16.,250.,216.,256.,216.,244.,216.;                              2617P   2293
126,16,2,1,0,1,0,0.,0.,0.,0.125,0.125,0.25,0.25,0.375,0.375,        2619P   2294
0.5,0.5,0.625,0.625,0.75,0.75,0.875,0.875,1.,1.,1.,1.,1.,1.,1.,     2619P   2295
1.,1.,1.,1.,1.,1.,1.,1.,1.,1.,1.,1.,1.,0.949355433,0.957627119,     2619P   2296
0.,0.949355433,0.960155666,0.,0.950196543,0.962491739,0.,           2619P   2297
0.951037653,0.964827811,0.,0.952591822,0.966615764,0.,              2619P   2298
0.954145991,0.968403717,0.,0.95617661,0.96937135,0.,0.95820723,     2619P   2299
0.970338983,0.,0.960405157,0.970338983,0.,0.962603083,              2619P   2300
0.970338983,0.,0.964633703,0.96937135,0.,0.966664322,               2619P   2301
0.968403717,0.,0.968218491,0.966615764,0.,0.96977266,               2619P   2302
0.964827811,0.,0.97061377,0.962491739,0.,0.97145488,                2619P   2303
0.960155666,0.,0.97145488,0.957627119,0.,0.,1.,0.,0.,1.;            2619P   2304
124,-1.,-6.98296267768627E-15,0.,500.000000000002,                  2621P   2305
-6.98296267768627E-15,1.,-6.98296267768627E-15,                     2621P   2306
1.85531257828198E-12,4.87617677579594E-29,                          2621P   2307
-6.98296267768627E-15,-1.,32.0000000000015;                         2621P   2308
100,16.,250.,216.,256.,216.,244.,216.;                              2623P   2309
102,2,2613,2619;                                                    2625P   2310
102,2,2617,2623;                                                    2627P   2311
142,1,2555,2625,2627,1;                                             2629P   2312
126,16,2,1,0,1,0,0.,0.,0.,0.125,0.125,0.25,0.25,0.375,0.375,        2631P   2313
0.5,0.5,0.625,0.625,0.75,0.75,0.875,0.875,1.,1.,1.,1.,1.,1.,1.,     2631P   2314
1.,1.,1.,1.,1.,1.,1.,1.,1.,1.,1.,1.,1.,0.97145488,0.728813559,      2631P   2315
0.,0.97145488,0.726285012,0.,0.97061377,0.723948939,0.,             2631P   2316
0.96977266,0.721612867,0.,0.968218491,0.719824914,0.,               2631P   2317
0.966664322,0.718036961,0.,0.964633703,0.717069328,0.,              2631P   2318
0.962603083,0.716101695,0.,0.960405157,0.716101695,0.,              2631P   2319
0.95820723,0.716101695,0.,0.95617661,0.717069328,0.,                2631P   2320
0.954145991,0.718036961,0.,0.952591822,0.719824914,0.,              2631P   2321
0.951037653,0.721612867,0.,0.950196543,0.723948939,0.,              2631P   2322
0.949355433,0.726285012,0.,0.949355433,0.728813559,0.,0.,1.,0.,     2631P   2323
0.,1.;                                                              2631P   2324
124,1.,-7.105427357601E-15,0.,7.5761619200417E-13,                  2633P   2325
-7.105427357601E-15,-1.,6.98296267768627E-15,215.999999999995,      2633P   2326
-4.96169340471387E-29,-6.98296267768627E-15,-1.,                    2633P   2327
32.0000000000008;                                                   2633P   2328
100,16.,250.,108.,256.,108.,244.,108.;                              2635P   2329
126,16,2,1,0,1,0,0.,0.,0.,0.125,0.125,0.25,0.25,0.375,0.375,        2637P   2330
0.5,0.5,0.625,0.625,0.75,0.75,0.875,0.875,1.,1.,1.,1.,1.,1.,1.,     2637P   2331
1.,1.,1.,1.,1.,1.,1.,1.,1.,1.,1.,1.,1.,0.949355433,0.728813559,     2637P   2332
0.,0.949355433,0.731342106,0.,0.950196543,0.733678179,0.,           2637P   2333
0.951037653,0.736014252,0.,0.952591822,0.737802205,0.,              2637P   2334
0.954145991,0.739590158,0.,0.95617661,0.740557791,0.,               2637P   2335
0.95820723,0.741525424,0.,0.960405157,0.741525424,0.,               2637P   2336
0.962603083,0.741525424,0.,0.964633703,0.740557791,0.,              2637P   2337
0.966664322,0.739590158,0.,0.968218491,0.737802205,0.,              2637P   2338
0.96977266,0.736014252,0.,0.97061377,0.733678179,0.,0.97145488,     2637P   2339
0.731342106,0.,0.97145488,0.728813559,0.,0.,1.,0.,0.,1.;            2637P   2340
124,-1.,-6.98296267768627E-15,0.,499.999999999999,                  2639P   2341
-6.98296267768627E-15,1.,-6.98296267768627E-15,                     2639P   2342
1.85531257828195E-12,4.87617677579594E-29,                          2639P   2343
-6.98296267768627E-15,-1.,32.0000000000008;                         2639P   2344
100,16.,250.,108.,256.,108.,244.,108.;                              2641P   2345
102,2,2631,2637;                                                    2643P   2346
102,2,2635,2641;                                                    2645P   2347
142,1,2555,2643,2645,1;                                             2647P   2348
126,16,2,1,0,1,0,0.,0.,0.,0.125,0.125,0.25,0.25,0.375,0.375,        2649P   2349
0.5,0.5,0.625,0.625,0.75,0.75,0.875,0.875,1.,1.,1.,1.,1.,1.,1.,     2649P   2350
1.,1.,1.,1.,1.,1.,1.,1.,1.,1.,1.,1.,1.,0.97145488,0.5,0.,           2649P   2351
0.97145488,0.497471453,0.,0.97061377,0.49513538,0.,0.96977266,      2649P   2352
0.492799307,0.,0.968218491,0.491011354,0.,0.966664322,              2649P   2353
0.489223402,0.,0.964633703,0.488255769,0.,0.962603083,              2649P   2354
0.487288136,0.,0.960405157,0.487288136,0.,0.95820723,               2649P   2355
0.487288136,0.,0.95617661,0.488255769,0.,0.954145991,               2649P   2356
0.489223402,0.,0.952591822,0.491011354,0.,0.951037653,              2649P   2357
0.492799307,0.,0.950196543,0.49513538,0.,0.949355433,               2649P   2358
0.497471453,0.,0.949355433,0.5,0.,0.,1.,0.,0.,1.;                   2649P   2359
124,1.,-7.35035671743046E-15,8.5516628917936E-31,                   2651P   2360
-3.71105652683439E-26,-7.35035671743046E-15,-1.,                    2651P   2361
6.98296267768627E-15,-5.26854327862387E-12,                         2651P   2362
-5.04721003363181E-29,-6.98296267768627E-15,-1.,32.;                2651P   2363
100,16.,250.,0.,256.,0.,244.,0.;                                    2653P   2364
126,16,2,1,0,1,0,0.,0.,0.,0.125,0.125,0.25,0.25,0.375,0.375,        2655P   2365
0.5,0.5,0.625,0.625,0.75,0.75,0.875,0.875,1.,1.,1.,1.,1.,1.,1.,     2655P   2366
1.,1.,1.,1.,1.,1.,1.,1.,1.,1.,1.,1.,1.,0.949355433,0.5,0.,          2655P   2367
0.949355433,0.502528547,0.,0.950196543,0.50486462,0.,               2655P   2368
0.951037653,0.507200693,0.,0.952591822,0.508988646,0.,              2655P   2369
0.954145991,0.510776598,0.,0.95617661,0.511744231,0.,               2655P   2370
0.95820723,0.512711864,0.,0.960405157,0.512711864,0.,               2655P   2371
0.962603083,0.512711864,0.,0.964633703,0.511744231,0.,              2655P   2372
0.966664322,0.510776598,0.,0.968218491,0.508988646,0.,              2655P   2373
0.96977266,0.507200693,0.,0.97061377,0.50486462,0.,0.97145488,      2655P   2374
0.502528547,0.,0.97145488,0.5,0.,0.,1.,0.,0.,1.;                    2655P   2375
124,-1.,-6.98296267768627E-15,0.,499.999999999995,                  2657P   2376
-6.98296267768627E-15,1.,-6.98296267768627E-15,                     2657P   2377
1.85746807226453E-12,4.87617677579594E-29,                          2657P   2378
-6.98296267768627E-15,-1.,32.;                                      2657P   2379
100,16.,250.,0.,256.,0.,244.,0.;                                    2659P   2380
102,2,2649,2655;                                                    2661P   2381
102,2,2653,2659;                                                    2663P   2382
142,1,2555,2661,2663,1;                                             2665P   2383
126,16,2,1,0,1,0,0.,0.,0.,0.125,0.125,0.25,0.25,0.375,0.375,        2667P   2384
0.5,0.5,0.625,0.625,0.75,0.75,0.875,0.875,1.,1.,1.,1.,1.,1.,1.,     2667P   2385
1.,1.,1.,1.,1.,1.,1.,1.,1.,1.,1.,1.,1.,0.97145488,0.271186441,      2667P   2386
0.,0.97145488,0.268657894,0.,0.97061377,0.266321821,0.,             2667P   2387
0.96977266,0.263985748,0.,0.968218491,0.262197795,0.,               2667P   2388
0.966664322,0.260409842,0.,0.964633703,0.259442209,0.,              2667P   2389
0.962603083,0.258474576,0.,0.960405157,0.258474576,0.,              2667P   2390
0.95820723,0.258474576,0.,0.95617661,0.259442209,0.,                2667P   2391
0.954145991,0.260409842,0.,0.952591822,0.262197795,0.,              2667P   2392
0.951037653,0.263985748,0.,0.950196543,0.266321821,0.,              2667P   2393
0.949355433,0.268657894,0.,0.949355433,0.271186441,0.,0.,1.,0.,     2667P   2394
0.,1.;                                                              2667P   2395
124,1.,-7.105427357601E-15,0.,-7.57616192004243E-13,                2669P   2396
-7.105427357601E-15,-1.,6.98296267768627E-15,-216.000000000005,     2669P   2397
-4.96169340471387E-29,-6.98296267768627E-15,-1.,                    2669P   2398
31.9999999999992;                                                   2669P   2399
100,16.,250.,-108.,256.,-108.,244.,-108.;                           2671P   2400
126,16,2,1,0,1,0,0.,0.,0.,0.125,0.125,0.25,0.25,0.375,0.375,        2673P   2401
0.5,0.5,0.625,0.625,0.75,0.75,0.875,0.875,1.,1.,1.,1.,1.,1.,1.,     2673P   2402
1.,1.,1.,1.,1.,1.,1.,1.,1.,1.,1.,1.,1.,0.949355433,0.271186441,     2673P   2403
0.,0.949355433,0.273714988,0.,0.950196543,0.276051061,0.,           2673P   2404
0.951037653,0.278387133,0.,0.952591822,0.280175086,0.,              2673P   2405
0.954145991,0.281963039,0.,0.95617661,0.282930672,0.,               2673P   2406
0.95820723,0.283898305,0.,0.960405157,0.283898305,0.,               2673P   2407
0.962603083,0.283898305,0.,0.964633703,0.282930672,0.,              2673P   2408
0.966664322,0.281963039,0.,0.968218491,0.280175086,0.,              2673P   2409
0.96977266,0.278387133,0.,0.97061377,0.276051061,0.,0.97145488,     2673P   2410
0.273714988,0.,0.97145488,0.271186441,0.,0.,1.,0.,0.,1.;            2673P   2411
124,-1.,-6.98296267768627E-15,0.,499.999999999992,                  2675P   2412
-6.98296267768627E-15,1.,-6.98296267768627E-15,                     2675P   2413
1.8553125782819E-12,4.87617677579594E-29,-6.98296267768627E-15,     2675P   2414
-1.,31.9999999999993;                                               2675P   2415
100,16.,250.,-108.,256.,-108.,244.,-108.;                           2677P   2416
102,2,2667,2673;                                                    2679P   2417
102,2,2671,2677;                                                    2681P   2418
142,1,2555,2679,2681,1;                                             2683P   2419
126,16,2,1,0,1,0,0.,0.,0.,0.125,0.125,0.25,0.25,0.375,0.375,        2685P   2420
0.5,0.5,0.625,0.625,0.75,0.75,0.875,0.875,1.,1.,1.,1.,1.,1.,1.,     2685P   2421
1.,1.,1.,1.,1.,1.,1.,1.,1.,1.,1.,1.,1.,0.97145488,0.042372881,      2685P   2422
0.,0.97145488,0.039844334,0.,0.97061377,0.037508261,0.,             2685P   2423
0.96977266,0.035172189,0.,0.968218491,0.033384236,0.,               2685P   2424
0.966664322,0.031596283,0.,0.964633703,0.03062865,0.,               2685P   2425
0.962603083,0.029661017,0.,0.960405157,0.029661017,0.,              2685P   2426
0.95820723,0.029661017,0.,0.95617661,0.03062865,0.,0.954145991,     2685P   2427
0.031596283,0.,0.952591822,0.033384236,0.,0.951037653,              2685P   2428
0.035172189,0.,0.950196543,0.037508261,0.,0.949355433,              2685P   2429
0.039844334,0.,0.949355433,0.042372881,0.,0.,1.,0.,0.,1.;           2685P   2430
124,1.,-7.105427357601E-15,0.,-1.54298795962408E-12,                2687P   2431
-7.105427357601E-15,-1.,6.98296267768627E-15,-432.000000000005,     2687P   2432
-4.96169340471387E-29,-6.98296267768627E-15,-1.,                    2687P   2433
31.9999999999985;                                                   2687P   2434
100,16.,250.,-216.,256.,-216.,244.,-216.;                           2689P   2435
126,16,2,1,0,1,0,0.,0.,0.,0.125,0.125,0.25,0.25,0.375,0.375,        2691P   2436
0.5,0.5,0.625,0.625,0.75,0.75,0.875,0.875,1.,1.,1.,1.,1.,1.,1.,     2691P   2437
1.,1.,1.,1.,1.,1.,1.,1.,1.,1.,1.,1.,1.,0.949355433,0.042372881,     2691P   2438
0.,0.949355433,0.044901428,0.,0.950196543,0.047237501,0.,           2691P   2439
0.951037653,0.049573574,0.,0.952591822,0.051361527,0.,              2691P   2440
0.954145991,0.05314948,0.,0.95617661,0.054117113,0.,0.95820723,     2691P   2441
0.055084746,0.,0.960405157,0.055084746,0.,0.962603083,              2691P   2442
0.055084746,0.,0.964633703,0.054117113,0.,0.966664322,              2691P   2443
0.05314948,0.,0.968218491,0.051361527,0.,0.96977266,                2691P   2444
0.049573574,0.,0.97061377,0.047237501,0.,0.97145488,                2691P   2445
0.044901428,0.,0.97145488,0.042372881,0.,0.,1.,0.,0.,1.;            2691P   2446
124,-1.,-6.98296267768627E-15,0.,499.999999999989,                  2693P   2447
-6.98296267768627E-15,1.,-6.98296267768627E-15,                     2693P   2448
1.85531257828187E-12,4.87617677579594E-29,                          2693P   2449
-6.98296267768627E-15,-1.,31.9999999999985;                         2693P   2450
100,16.,250.,-216.,256.,-216.,244.,-216.;                           2695P   2451
102,2,2685,2691;                                                    2697P   2452
102,2,2689,2695;                                                    2699P   2453
142,1,2555,2697,2699,1;                                             2701P   2454
126,16,2,1,0,1,0,0.,0.,0.,0.125,0.125,0.25,0.25,0.375,0.375,        2703P   2455
0.5,0.5,0.625,0.625,0.75,0.75,0.875,0.875,1.,1.,1.,1.,1.,1.,1.,     2703P   2456
1.,1.,1.,1.,1.,1.,1.,1.,1.,1.,1.,1.,1.,0.050644567,0.728813559,     2703P   2457
0.,0.050644567,0.726285012,0.,0.049803457,0.723948939,0.,           2703P   2458
0.048962347,0.721612867,0.,0.047408178,0.719824914,0.,              2703P   2459
0.045854009,0.718036961,0.,0.04382339,0.717069328,0.,               2703P   2460
0.04179277,0.716101695,0.,0.039594843,0.716101695,0.,               2703P   2461
0.037396917,0.716101695,0.,0.035366297,0.717069328,0.,              2703P   2462
0.033335678,0.718036961,0.,0.031781509,0.719824914,0.,              2703P   2463
0.03022734,0.721612867,0.,0.02938623,0.723948939,0.,0.02854512,     2703P   2464
0.726285012,0.,0.02854512,0.728813559,0.,0.,1.,0.,0.,1.;            2703P   2465
124,1.,-7.105427357601E-15,0.,7.57616192004195E-13,                 2705P   2466
-7.105427357601E-15,-1.,6.98296267768627E-15,215.999999999998,      2705P   2467
-4.96169340471387E-29,-6.98296267768627E-15,-1.,                    2705P   2468
32.0000000000008;                                                   2705P   2469
100,16.,-250.,108.,-244.,108.,-256.,108.;                           2707P   2470
126,16,2,1,0,1,0,0.,0.,0.,0.125,0.125,0.25,0.25,0.375,0.375,        2709P   2471
0.5,0.5,0.625,0.625,0.75,0.75,0.875,0.875,1.,1.,1.,1.,1.,1.,1.,     2709P   2472
1.,1.,1.,1.,1.,1.,1.,1.,1.,1.,1.,1.,1.,0.02854512,0.728813559,      2709P   2473
0.,0.02854512,0.731342106,0.,0.02938623,0.733678179,0.,             2709P   2474
0.03022734,0.736014252,0.,0.031781509,0.737802205,0.,               2709P   2475
0.033335678,0.739590158,0.,0.035366297,0.740557791,0.,              2709P   2476
0.037396917,0.741525424,0.,0.039594843,0.741525424,0.,              2709P   2477
0.04179277,0.741525424,0.,0.04382339,0.740557791,0.,                2709P   2478
0.045854009,0.739590158,0.,0.047408178,0.737802205,0.,              2709P   2479
0.048962347,0.736014252,0.,0.049803457,0.733678179,0.,              2709P   2480
0.050644567,0.731342106,0.,0.050644567,0.728813559,0.,0.,1.,0.,     2709P   2481
0.,1.;                                                              2709P   2482
124,-1.,-6.98296267768627E-15,0.,-500.000000000001,                 2711P   2483
-6.98296267768627E-15,1.,-6.98296267768627E-15,                     2711P   2484
-1.63044757183507E-12,4.87617677579594E-29,                         2711P   2485
-6.98296267768627E-15,-1.,32.0000000000008;                         2711P   2486
100,16.,-250.,108.,-244.,108.,-256.,108.;                           2713P   2487
102,2,2703,2709;                                                    2715P   2488
102,2,2707,2713;                                                    2717P   2489
142,1,2555,2715,2717,1;                                             2719P   2490
126,16,2,1,0,1,0,0.,0.,0.,0.125,0.125,0.25,0.25,0.375,0.375,        2721P   2491
0.5,0.5,0.625,0.625,0.75,0.75,0.875,0.875,1.,1.,1.,1.,1.,1.,1.,     2721P   2492
1.,1.,1.,1.,1.,1.,1.,1.,1.,1.,1.,1.,1.,0.050644567,0.5,0.,          2721P   2493
0.050644567,0.497471453,0.,0.049803457,0.49513538,0.,               2721P   2494
0.048962347,0.492799307,0.,0.047408178,0.491011354,0.,              2721P   2495
0.045854009,0.489223402,0.,0.04382339,0.488255769,0.,               2721P   2496
0.04179277,0.487288136,0.,0.039594843,0.487288136,0.,               2721P   2497
0.037396917,0.487288136,0.,0.035366297,0.488255769,0.,              2721P   2498
0.033335678,0.489223402,0.,0.031781509,0.491011354,0.,              2721P   2499
0.03022734,0.492799307,0.,0.02938623,0.49513538,0.,0.02854512,      2721P   2500
0.497471453,0.,0.02854512,0.5,0.,0.,1.,0.,0.,1.;                    2721P   2501
124,1.,-7.35035671743047E-15,8.55166289179392E-31,                  2723P   2502
-1.27130650236147E-26,-7.35035671743047E-15,-1.,                    2723P   2503
6.98296267768627E-15,-1.94931658220061E-12,                         2723P   2504
-5.04721003363181E-29,-6.98296267768627E-15,-1.,32.;                2723P   2505
100,16.,-250.,0.,-244.,0.,-256.,0.;                                 2725P   2506
126,16,2,1,0,1,0,0.,0.,0.,0.125,0.125,0.25,0.25,0.375,0.375,        2727P   2507
0.5,0.5,0.625,0.625,0.75,0.75,0.875,0.875,1.,1.,1.,1.,1.,1.,1.,     2727P   2508
1.,1.,1.,1.,1.,1.,1.,1.,1.,1.,1.,1.,1.,0.02854512,0.5,0.,           2727P   2509
0.02854512,0.502528547,0.,0.02938623,0.50486462,0.,0.03022734,      2727P   2510
0.507200693,0.,0.031781509,0.508988646,0.,0.033335678,              2727P   2511
0.510776598,0.,0.035366297,0.511744231,0.,0.037396917,              2727P   2512
0.512711864,0.,0.039594843,0.512711864,0.,0.04179277,               2727P   2513
0.512711864,0.,0.04382339,0.511744231,0.,0.045854009,               2727P   2514
0.510776598,0.,0.047408178,0.508988646,0.,0.048962347,              2727P   2515
0.507200693,0.,0.049803457,0.50486462,0.,0.050644567,               2727P   2516
0.502528547,0.,0.050644567,0.5,0.,0.,1.,0.,0.,1.;                   2727P   2517
124,-1.,-6.98296267768627E-15,0.,-500.000000000005,                 2729P   2518
-6.98296267768627E-15,1.,-6.98296267768627E-15,                     2729P   2519
-1.6340132665786E-12,4.87617677579594E-29,                          2729P   2520
-6.98296267768627E-15,-1.,32.;                                      2729P   2521
100,16.,-250.,0.,-244.,0.,-256.,0.;                                 2731P   2522
102,2,2721,2727;                                                    2733P   2523
102,2,2725,2731;                                                    2735P   2524
142,1,2555,2733,2735,1;                                             2737P   2525
126,16,2,1,0,1,0,0.,0.,0.,0.125,0.125,0.25,0.25,0.375,0.375,        2739P   2526
0.5,0.5,0.625,0.625,0.75,0.75,0.875,0.875,1.,1.,1.,1.,1.,1.,1.,     2739P   2527
1.,1.,1.,1.,1.,1.,1.,1.,1.,1.,1.,1.,1.,0.050644567,0.271186441,     2739P   2528
0.,0.050644567,0.268657894,0.,0.049803457,0.266321821,0.,           2739P   2529
0.048962347,0.263985748,0.,0.047408178,0.262197795,0.,              2739P   2530
0.045854009,0.260409842,0.,0.04382339,0.259442209,0.,               2739P   2531
0.04179277,0.258474576,0.,0.039594843,0.258474576,0.,               2739P   2532
0.037396917,0.258474576,0.,0.035366297,0.259442209,0.,              2739P   2533
0.033335678,0.260409842,0.,0.031781509,0.262197795,0.,              2739P   2534
0.03022734,0.263985748,0.,0.02938623,0.266321821,0.,0.02854512,     2739P   2535
0.268657894,0.,0.02854512,0.271186441,0.,0.,1.,0.,0.,1.;            2739P   2536
124,1.,-7.105427357601E-15,0.,-7.57616192004219E-13,                2741P   2537
-7.105427357601E-15,-1.,6.98296267768627E-15,-216.000000000002,     2741P   2538
-4.96169340471387E-29,-6.98296267768627E-15,-1.,                    2741P   2539
31.9999999999992;                                                   2741P   2540
100,16.,-250.,-108.,-244.,-108.,-256.,-108.;                        2743P   2541
126,16,2,1,0,1,0,0.,0.,0.,0.125,0.125,0.25,0.25,0.375,0.375,        2745P   2542
0.5,0.5,0.625,0.625,0.75,0.75,0.875,0.875,1.,1.,1.,1.,1.,1.,1.,     2745P   2543
1.,1.,1.,1.,1.,1.,1.,1.,1.,1.,1.,1.,1.,0.02854512,0.271186441,      2745P   2544
0.,0.02854512,0.273714988,0.,0.02938623,0.276051061,0.,             2745P   2545
0.03022734,0.278387133,0.,0.031781509,0.280175086,0.,               2745P   2546
0.033335678,0.281963039,0.,0.035366297,0.282930672,0.,              2745P   2547
0.037396917,0.283898305,0.,0.039594843,0.283898305,0.,              2745P   2548
0.04179277,0.283898305,0.,0.04382339,0.282930672,0.,                2745P   2549
0.045854009,0.281963039,0.,0.047408178,0.280175086,0.,              2745P   2550
0.048962347,0.278387133,0.,0.049803457,0.276051061,0.,              2745P   2551
0.050644567,0.273714988,0.,0.050644567,0.271186441,0.,0.,1.,0.,     2745P   2552
0.,1.;                                                              2745P   2553
124,-1.,-6.98296267768627E-15,0.,-500.000000000008,                 2747P   2554
-6.98296267768627E-15,1.,-6.98296267768627E-15,                     2747P   2555
-1.63044757183513E-12,4.87617677579594E-29,                         2747P   2556
-6.98296267768627E-15,-1.,31.9999999999993;                         2747P   2557
100,16.,-250.,-108.,-244.,-108.,-256.,-108.;                        2749P   2558
102,2,2739,2745;                                                    2751P   2559
102,2,2743,2749;                                                    2753P   2560
142,1,2555,2751,2753,1;                                             2755P   2561
126,16,2,1,0,1,0,0.,0.,0.,0.125,0.125,0.25,0.25,0.375,0.375,        2757P   2562
0.5,0.5,0.625,0.625,0.75,0.75,0.875,0.875,1.,1.,1.,1.,1.,1.,1.,     2757P   2563
1.,1.,1.,1.,1.,1.,1.,1.,1.,1.,1.,1.,1.,0.050644567,0.042372881,     2757P   2564
0.,0.050644567,0.039844334,0.,0.049803457,0.037508261,0.,           2757P   2565
0.048962347,0.035172189,0.,0.047408178,0.033384236,0.,              2757P   2566
0.045854009,0.031596283,0.,0.04382339,0.03062865,0.,0.04179277,     2757P   2567
0.029661017,0.,0.039594843,0.029661017,0.,0.037396917,              2757P   2568
0.029661017,0.,0.035366297,0.03062865,0.,0.033335678,               2757P   2569
0.031596283,0.,0.031781509,0.033384236,0.,0.03022734,               2757P   2570
0.035172189,0.,0.02938623,0.037508261,0.,0.02854512,                2757P   2571
0.039844334,0.,0.02854512,0.042372881,0.,0.,1.,0.,0.,1.;            2757P   2572
124,1.,-7.105427357601E-15,0.,-1.51523238400843E-12,                2759P   2573
-7.105427357601E-15,-1.,6.98296267768627E-15,-432.000000000002,     2759P   2574
-4.96169340471387E-29,-6.98296267768627E-15,-1.,                    2759P   2575
31.9999999999985;                                                   2759P   2576
100,16.,-250.,-216.,-244.,-216.,-256.,-216.;                        2761P   2577
126,16,2,1,0,1,0,0.,0.,0.,0.125,0.125,0.25,0.25,0.375,0.375,        2763P   2578
0.5,0.5,0.625,0.625,0.75,0.75,0.875,0.875,1.,1.,1.,1.,1.,1.,1.,     2763P   2579
1.,1.,1.,1.,1.,1.,1.,1.,1.,1.,1.,1.,1.,0.02854512,0.042372881,      2763P   2580
0.,0.02854512,0.044901428,0.,0.02938623,0.047237501,0.,             2763P   2581
0.03022734,0.049573574,0.,0.031781509,0.051361527,0.,               2763P   2582
0.033335678,0.05314948,0.,0.035366297,0.054117113,0.,               2763P   2583
0.037396917,0.055084746,0.,0.039594843,0.055084746,0.,              2763P   2584
0.04179277,0.055084746,0.,0.04382339,0.054117113,0.,                2763P   2585
0.045854009,0.05314948,0.,0.047408178,0.051361527,0.,               2763P   2586
0.048962347,0.049573574,0.,0.049803457,0.047237501,0.,              2763P   2587
0.050644567,0.044901428,0.,0.050644567,0.042372881,0.,0.,1.,0.,     2763P   2588
0.,1.;                                                              2763P   2589
124,-1.,-6.98296267768627E-15,0.,-500.000000000011,                 2765P   2590
-6.98296267768627E-15,1.,-6.98296267768627E-15,                     2765P   2591
-1.63044757183515E-12,4.87617677579594E-29,                         2765P   2592
-6.98296267768627E-15,-1.,31.9999999999985;                         2765P   2593
100,16.,-250.,-216.,-244.,-216.,-256.,-216.;                        2767P   2594
102,2,2757,2763;                                                    2769P   2595
102,2,2761,2767;                                                    2771P   2596
142,1,2555,2769,2771,1;                                             2773P   2597
126,16,2,1,0,1,0,0.,0.,0.,0.125,0.125,0.25,0.25,0.375,0.375,        2775P   2598
0.5,0.5,0.625,0.625,0.75,0.75,0.875,0.875,1.,1.,1.,1.,1.,1.,1.,     2775P   2599
1.,1.,1.,1.,1.,1.,1.,1.,1.,1.,1.,1.,1.,0.23480663,0.957627119,      2775P   2600
0.,0.23480663,0.955098572,0.,0.23396552,0.952762499,0.,             2775P   2601
0.23312441,0.950426426,0.,0.231570241,0.948638473,0.,               2775P   2602
0.230016072,0.94685052,0.,0.227985452,0.945882887,0.,               2775P   2603
0.225954833,0.944915254,0.,0.223756906,0.944915254,0.,              2775P   2604
0.221558979,0.944915254,0.,0.21952836,0.945882887,0.,               2775P   2605
0.21749774,0.94685052,0.,0.215943571,0.948638473,0.,                2775P   2606
0.214389403,0.950426426,0.,0.213548292,0.952762499,0.,              2775P   2607
0.212707182,0.955098572,0.,0.212707182,0.957627119,0.,0.,1.,0.,     2775P   2608
0.,1.;                                                              2775P   2609
124,1.,-7.105427357601E-15,0.,1.54298795962403E-12,                 2777P   2610
-7.105427357601E-15,-1.,6.98296267768627E-15,431.999999999997,      2777P   2611
-4.96169340471387E-29,-6.98296267768627E-15,-1.,                    2777P   2612
32.0000000000015;                                                   2777P   2613
100,16.,-150.,216.,-144.,216.,-156.,216.;                           2779P   2614
126,16,2,1,0,1,0,0.,0.,0.,0.125,0.125,0.25,0.25,0.375,0.375,        2781P   2615
0.5,0.5,0.625,0.625,0.75,0.75,0.875,0.875,1.,1.,1.,1.,1.,1.,1.,     2781P   2616
1.,1.,1.,1.,1.,1.,1.,1.,1.,1.,1.,1.,1.,0.212707182,0.957627119,     2781P   2617
0.,0.212707182,0.960155666,0.,0.213548292,0.962491739,0.,           2781P   2618
0.214389403,0.964827811,0.,0.215943571,0.966615764,0.,              2781P   2619
0.21749774,0.968403717,0.,0.21952836,0.96937135,0.,0.221558979,     2781P   2620
0.970338983,0.,0.223756906,0.970338983,0.,0.225954833,              2781P   2621
0.970338983,0.,0.227985452,0.96937135,0.,0.230016072,               2781P   2622
0.968403717,0.,0.231570241,0.966615764,0.,0.23312441,               2781P   2623
0.964827811,0.,0.23396552,0.962491739,0.,0.23480663,                2781P   2624
0.960155666,0.,0.23480663,0.957627119,0.,0.,1.,0.,0.,1.;            2781P   2625
124,-1.,-6.98296267768627E-15,0.,-299.999999999998,                 2783P   2626
-6.98296267768627E-15,1.,-6.98296267768627E-15,                     2783P   2627
-9.27744426688515E-13,4.87617677579594E-29,                         2783P   2628
-6.98296267768627E-15,-1.,32.0000000000015;                         2783P   2629
100,16.,-150.,216.,-144.,216.,-156.,216.;                           2785P   2630
102,2,2775,2781;                                                    2787P   2631
102,2,2779,2785;                                                    2789P   2632
142,1,2555,2787,2789,1;                                             2791P   2633
126,16,2,1,0,1,0,0.,0.,0.,0.125,0.125,0.25,0.25,0.375,0.375,        2793P   2634
0.5,0.5,0.625,0.625,0.75,0.75,0.875,0.875,1.,1.,1.,1.,1.,1.,1.,     2793P   2635
1.,1.,1.,1.,1.,1.,1.,1.,1.,1.,1.,1.,1.,0.418968692,0.957627119,     2793P   2636
0.,0.418968692,0.955098572,0.,0.418127582,0.952762499,0.,           2793P   2637
0.417286472,0.950426426,0.,0.415732303,0.948638473,0.,              2793P   2638
0.414178134,0.94685052,0.,0.412147515,0.945882887,0.,               2793P   2639
0.410116895,0.944915254,0.,0.407918969,0.944915254,0.,              2793P   2640
0.405721042,0.944915254,0.,0.403690422,0.945882887,0.,              2793P   2641
0.401659803,0.94685052,0.,0.400105634,0.948638473,0.,               2793P   2642
0.398551465,0.950426426,0.,0.397710355,0.952762499,0.,              2793P   2643
0.396869245,0.955098572,0.,0.396869245,0.957627119,0.,0.,1.,0.,     2793P   2644
0.,1.;                                                              2793P   2645
124,1.,-7.105427357601E-15,0.,1.53604906572011E-12,                 2795P   2646
-7.105427357601E-15,-1.,6.98296267768627E-15,431.999999999997,      2795P   2647
-4.96169340471387E-29,-6.98296267768627E-15,-1.,                    2795P   2648
32.0000000000015;                                                   2795P   2649
100,16.,-50.,216.,-44.,216.,-56.,216.;                              2797P   2650
126,16,2,1,0,1,0,0.,0.,0.,0.125,0.125,0.25,0.25,0.375,0.375,        2799P   2651
0.5,0.5,0.625,0.625,0.75,0.75,0.875,0.875,1.,1.,1.,1.,1.,1.,1.,     2799P   2652
1.,1.,1.,1.,1.,1.,1.,1.,1.,1.,1.,1.,1.,0.396869245,0.957627119,     2799P   2653
0.,0.396869245,0.960155666,0.,0.397710355,0.962491739,0.,           2799P   2654
0.398551465,0.964827811,0.,0.400105634,0.966615764,0.,              2799P   2655
0.401659803,0.968403717,0.,0.403690422,0.96937135,0.,               2799P   2656
0.405721042,0.970338983,0.,0.407918969,0.970338983,0.,              2799P   2657
0.410116895,0.970338983,0.,0.412147515,0.96937135,0.,               2799P   2658
0.414178134,0.968403717,0.,0.415732303,0.966615764,0.,              2799P   2659
0.417286472,0.964827811,0.,0.418127582,0.962491739,0.,              2799P   2660
0.418968692,0.960155666,0.,0.418968692,0.957627119,0.,0.,1.,0.,     2799P   2661
0.,1.;                                                              2799P   2662
124,-1.,-6.98296267768627E-15,0.,-99.9999999999985,                 2801P   2663
-6.98296267768627E-15,1.,-6.98296267768627E-15,                     2801P   2664
-2.25041281541985E-13,4.87617677579594E-29,                         2801P   2665
-6.98296267768627E-15,-1.,32.0000000000015;                         2801P   2666
100,16.,-50.,216.,-44.,216.,-56.,216.;                              2803P   2667
102,2,2793,2799;                                                    2805P   2668
102,2,2797,2803;                                                    2807P   2669
142,1,2555,2805,2807,1;                                             2809P   2670
126,16,2,1,0,1,0,0.,0.,0.,0.125,0.125,0.25,0.25,0.375,0.375,        2811P   2671
0.5,0.5,0.625,0.625,0.75,0.75,0.875,0.875,1.,1.,1.,1.,1.,1.,1.,     2811P   2672
1.,1.,1.,1.,1.,1.,1.,1.,1.,1.,1.,1.,1.,0.603130755,0.957627119,     2811P   2673
0.,0.603130755,0.955098572,0.,0.602289645,0.952762499,0.,           2811P   2674
0.601448535,0.950426426,0.,0.599894366,0.948638473,0.,              2811P   2675
0.598340197,0.94685052,0.,0.596309578,0.945882887,0.,               2811P   2676
0.594278958,0.944915254,0.,0.592081031,0.944915254,0.,              2811P   2677
0.589883105,0.944915254,0.,0.587852485,0.945882887,0.,              2811P   2678
0.585821866,0.94685052,0.,0.584267697,0.948638473,0.,               2811P   2679
0.582713528,0.950426426,0.,0.581872418,0.952762499,0.,              2811P   2680
0.581031308,0.955098572,0.,0.581031308,0.957627119,0.,0.,1.,0.,     2811P   2681
0.,1.;                                                              2811P   2682
124,1.,-7.105427357601E-15,0.,1.53604906572011E-12,                 2813P   2683
-7.105427357601E-15,-1.,6.98296267768627E-15,431.999999999996,      2813P   2684
-4.96169340471387E-29,-6.98296267768627E-15,-1.,                    2813P   2685
32.0000000000015;                                                   2813P   2686
100,16.,50.,216.,56.,216.,44.,216.;                                 2815P   2687
126,16,2,1,0,1,0,0.,0.,0.,0.125,0.125,0.25,0.25,0.375,0.375,        2817P   2688
0.5,0.5,0.625,0.625,0.75,0.75,0.875,0.875,1.,1.,1.,1.,1.,1.,1.,     2817P   2689
1.,1.,1.,1.,1.,1.,1.,1.,1.,1.,1.,1.,1.,0.581031308,0.957627119,     2817P   2690
0.,0.581031308,0.960155666,0.,0.581872418,0.962491739,0.,           2817P   2691
0.582713528,0.964827811,0.,0.584267697,0.966615764,0.,              2817P   2692
0.585821866,0.968403717,0.,0.587852485,0.96937135,0.,               2817P   2693
0.589883105,0.970338983,0.,0.592081031,0.970338983,0.,              2817P   2694
0.594278958,0.970338983,0.,0.596309578,0.96937135,0.,               2817P   2695
0.598340197,0.968403717,0.,0.599894366,0.966615764,0.,              2817P   2696
0.601448535,0.964827811,0.,0.602289645,0.962491739,0.,              2817P   2697
0.603130755,0.960155666,0.,0.603130755,0.957627119,0.,0.,1.,0.,     2817P   2698
0.,1.;                                                              2817P   2699
124,-1.,-6.98296267768627E-15,0.,100.000000000002,                  2819P   2700
-6.98296267768627E-15,1.,-6.98296267768627E-15,                     2819P   2701
4.49906287988917E-13,4.87617677579594E-29,                          2819P   2702
-6.98296267768627E-15,-1.,32.0000000000015;                         2819P   2703
100,16.,50.,216.,56.,216.,44.,216.;                                 2821P   2704
102,2,2811,2817;                                                    2823P   2705
102,2,2815,2821;                                                    2825P   2706
142,1,2555,2823,2825,1;                                             2827P   2707
126,16,2,1,0,1,0,0.,0.,0.,0.125,0.125,0.25,0.25,0.375,0.375,        2829P   2708
0.5,0.5,0.625,0.625,0.75,0.75,0.875,0.875,1.,1.,1.,1.,1.,1.,1.,     2829P   2709
1.,1.,1.,1.,1.,1.,1.,1.,1.,1.,1.,1.,1.,0.787292818,0.957627119,     2829P   2710
0.,0.787292818,0.955098572,0.,0.786451708,0.952762499,0.,           2829P   2711
0.785610597,0.950426426,0.,0.784056429,0.948638473,0.,              2829P   2712
0.78250226,0.94685052,0.,0.78047164,0.945882887,0.,0.778441021,     2829P   2713
0.944915254,0.,0.776243094,0.944915254,0.,0.774045167,              2829P   2714
0.944915254,0.,0.772014548,0.945882887,0.,0.769983928,              2829P   2715
0.94685052,0.,0.768429759,0.948638473,0.,0.76687559,                2829P   2716
0.950426426,0.,0.76603448,0.952762499,0.,0.76519337,                2829P   2717
0.955098572,0.,0.76519337,0.957627119,0.,0.,1.,0.,0.,1.;            2829P   2718
124,1.,-7.105427357601E-15,0.,1.54298795962401E-12,                 2831P   2719
-7.105427357601E-15,-1.,6.98296267768627E-15,431.999999999995,      2831P   2720
-4.96169340471387E-29,-6.98296267768627E-15,-1.,                    2831P   2721
32.0000000000015;                                                   2831P   2722
100,16.,150.,216.,156.,216.,144.,216.;                              2833P   2723
126,16,2,1,0,1,0,0.,0.,0.,0.125,0.125,0.25,0.25,0.375,0.375,        2835P   2724
0.5,0.5,0.625,0.625,0.75,0.75,0.875,0.875,1.,1.,1.,1.,1.,1.,1.,     2835P   2725
1.,1.,1.,1.,1.,1.,1.,1.,1.,1.,1.,1.,1.,0.76519337,0.957627119,      2835P   2726
0.,0.76519337,0.960155666,0.,0.76603448,0.962491739,0.,             2835P   2727
0.76687559,0.964827811,0.,0.768429759,0.966615764,0.,               2835P   2728
0.769983928,0.968403717,0.,0.772014548,0.96937135,0.,               2835P   2729
0.774045167,0.970338983,0.,0.776243094,0.970338983,0.,              2835P   2730
0.778441021,0.970338983,0.,0.78047164,0.96937135,0.,0.78250226,     2835P   2731
0.968403717,0.,0.784056429,0.966615764,0.,0.785610597,              2835P   2732
0.964827811,0.,0.786451708,0.962491739,0.,0.787292818,              2835P   2733
0.960155666,0.,0.787292818,0.957627119,0.,0.,1.,0.,0.,1.;           2835P   2734
124,-1.,-6.98296267768627E-15,0.,300.000000000002,                  2837P   2735
-6.98296267768627E-15,1.,-6.98296267768627E-15,                     2837P   2736
1.15260943313545E-12,4.87617677579594E-29,                          2837P   2737
-6.98296267768627E-15,-1.,32.0000000000015;                         2837P   2738
100,16.,150.,216.,156.,216.,144.,216.;                              2839P   2739
102,2,2829,2835;                                                    2841P   2740
102,2,2833,2839;                                                    2843P   2741
142,1,2555,2841,2843,1;                                             2845P   2742
126,16,2,1,0,1,0,0.,0.,0.,0.125,0.125,0.25,0.25,0.375,0.375,        2847P   2743
0.5,0.5,0.625,0.625,0.75,0.75,0.875,0.875,1.,1.,1.,1.,1.,1.,1.,     2847P   2744
1.,1.,1.,1.,1.,1.,1.,1.,1.,1.,1.,1.,1.,0.23480663,0.042372881,      2847P   2745
0.,0.23480663,0.039844334,0.,0.23396552,0.037508261,0.,             2847P   2746
0.23312441,0.035172189,0.,0.231570241,0.033384236,0.,               2847P   2747
0.230016072,0.031596283,0.,0.227985452,0.03062865,0.,               2847P   2748
0.225954833,0.029661017,0.,0.223756906,0.029661017,0.,              2847P   2749
0.221558979,0.029661017,0.,0.21952836,0.03062865,0.,0.21749774,     2847P   2750
0.031596283,0.,0.215943571,0.033384236,0.,0.214389403,              2847P   2751
0.035172189,0.,0.213548292,0.037508261,0.,0.212707182,              2847P   2752
0.039844334,0.,0.212707182,0.042372881,0.,0.,1.,0.,0.,1.;           2847P   2753
124,1.,-7.105427357601E-15,0.,-1.54298795962406E-12,                2849P   2754
-7.105427357601E-15,-1.,6.98296267768627E-15,-432.000000000003,     2849P   2755
-4.96169340471387E-29,-6.98296267768627E-15,-1.,                    2849P   2756
31.9999999999985;                                                   2849P   2757
100,16.,-150.,-216.,-144.,-216.,-156.,-216.;                        2851P   2758
126,16,2,1,0,1,0,0.,0.,0.,0.125,0.125,0.25,0.25,0.375,0.375,        2853P   2759
0.5,0.5,0.625,0.625,0.75,0.75,0.875,0.875,1.,1.,1.,1.,1.,1.,1.,     2853P   2760
1.,1.,1.,1.,1.,1.,1.,1.,1.,1.,1.,1.,1.,0.212707182,0.042372881,     2853P   2761
0.,0.212707182,0.044901428,0.,0.213548292,0.047237501,0.,           2853P   2762
0.214389403,0.049573574,0.,0.215943571,0.051361527,0.,              2853P   2763
0.21749774,0.05314948,0.,0.21952836,0.054117113,0.,0.221558979,     2853P   2764
0.055084746,0.,0.223756906,0.055084746,0.,0.225954833,              2853P   2765
0.055084746,0.,0.227985452,0.054117113,0.,0.230016072,              2853P   2766
0.05314948,0.,0.231570241,0.051361527,0.,0.23312441,                2853P   2767
0.049573574,0.,0.23396552,0.047237501,0.,0.23480663,                2853P   2768
0.044901428,0.,0.23480663,0.042372881,0.,0.,1.,0.,0.,1.;            2853P   2769
124,-1.,-6.98296267768627E-15,0.,-300.000000000011,                 2855P   2770
-6.98296267768627E-15,1.,-6.98296267768627E-15,                     2855P   2771
-9.27744426688621E-13,4.87617677579594E-29,                         2855P   2772
-6.98296267768627E-15,-1.,31.9999999999985;                         2855P   2773
100,16.,-150.,-216.,-144.,-216.,-156.,-216.;                        2857P   2774
102,2,2847,2853;                                                    2859P   2775
102,2,2851,2857;                                                    2861P   2776
142,1,2555,2859,2861,1;                                             2863P   2777
126,16,2,1,0,1,0,0.,0.,0.,0.125,0.125,0.25,0.25,0.375,0.375,        2865P   2778
0.5,0.5,0.625,0.625,0.75,0.75,0.875,0.875,1.,1.,1.,1.,1.,1.,1.,     2865P   2779
1.,1.,1.,1.,1.,1.,1.,1.,1.,1.,1.,1.,1.,0.418968692,0.042372881,     2865P   2780
0.,0.418968692,0.039844334,0.,0.418127582,0.037508261,0.,           2865P   2781
0.417286472,0.035172189,0.,0.415732303,0.033384236,0.,              2865P   2782
0.414178134,0.031596283,0.,0.412147515,0.03062865,0.,               2865P   2783
0.410116895,0.029661017,0.,0.407918969,0.029661017,0.,              2865P   2784
0.405721042,0.029661017,0.,0.403690422,0.03062865,0.,               2865P   2785
0.401659803,0.031596283,0.,0.400105634,0.033384236,0.,              2865P   2786
0.398551465,0.035172189,0.,0.397710355,0.037508261,0.,              2865P   2787
0.396869245,0.039844334,0.,0.396869245,0.042372881,0.,0.,1.,0.,     2865P   2788
0.,1.;                                                              2865P   2789
124,1.,-7.105427357601E-15,0.,-1.53604906572016E-12,                2867P   2790
-7.105427357601E-15,-1.,6.98296267768627E-15,-432.000000000003,     2867P   2791
-4.96169340471387E-29,-6.98296267768627E-15,-1.,                    2867P   2792
31.9999999999985;                                                   2867P   2793
100,16.,-50.,-216.,-44.,-216.,-56.,-216.;                           2869P   2794
126,16,2,1,0,1,0,0.,0.,0.,0.125,0.125,0.25,0.25,0.375,0.375,        2871P   2795
0.5,0.5,0.625,0.625,0.75,0.75,0.875,0.875,1.,1.,1.,1.,1.,1.,1.,     2871P   2796
1.,1.,1.,1.,1.,1.,1.,1.,1.,1.,1.,1.,1.,0.396869245,0.042372881,     2871P   2797
0.,0.396869245,0.044901428,0.,0.397710355,0.047237501,0.,           2871P   2798
0.398551465,0.049573574,0.,0.400105634,0.051361527,0.,              2871P   2799
0.401659803,0.05314948,0.,0.403690422,0.054117113,0.,               2871P   2800
0.405721042,0.055084746,0.,0.407918969,0.055084746,0.,              2871P   2801
0.410116895,0.055084746,0.,0.412147515,0.054117113,0.,              2871P   2802
0.414178134,0.05314948,0.,0.415732303,0.051361527,0.,               2871P   2803
0.417286472,0.049573574,0.,0.418127582,0.047237501,0.,              2871P   2804
0.418968692,0.044901428,0.,0.418968692,0.042372881,0.,0.,1.,0.,     2871P   2805
0.,1.;                                                              2871P   2806
124,-1.,-6.98296267768627E-15,0.,-100.000000000011,                 2873P   2807
-6.98296267768627E-15,1.,-6.98296267768627E-15,                     2873P   2808
-2.2504128154209E-13,4.87617677579594E-29,                          2873P   2809
-6.98296267768627E-15,-1.,31.9999999999985;                         2873P   2810
100,16.,-50.,-216.,-44.,-216.,-56.,-216.;                           2875P   2811
102,2,2865,2871;                                                    2877P   2812
102,2,2869,2875;                                                    2879P   2813
142,1,2555,2877,2879,1;                                             2881P   2814
126,16,2,1,0,1,0,0.,0.,0.,0.125,0.125,0.25,0.25,0.375,0.375,        2883P   2815
0.5,0.5,0.625,0.625,0.75,0.75,0.875,0.875,1.,1.,1.,1.,1.,1.,1.,     2883P   2816
1.,1.,1.,1.,1.,1.,1.,1.,1.,1.,1.,1.,1.,0.603130755,0.042372881,     2883P   2817
0.,0.603130755,0.039844334,0.,0.602289645,0.037508261,0.,           2883P   2818
0.601448535,0.035172189,0.,0.599894366,0.033384236,0.,              2883P   2819
0.598340197,0.031596283,0.,0.596309578,0.03062865,0.,               2883P   2820
0.594278958,0.029661017,0.,0.592081031,0.029661017,0.,              2883P   2821
0.589883105,0.029661017,0.,0.587852485,0.03062865,0.,               2883P   2822
0.585821866,0.031596283,0.,0.584267697,0.033384236,0.,              2883P   2823
0.582713528,0.035172189,0.,0.581872418,0.037508261,0.,              2883P   2824
0.581031308,0.039844334,0.,0.581031308,0.042372881,0.,0.,1.,0.,     2883P   2825
0.,1.;                                                              2883P   2826
124,1.,-7.105427357601E-15,0.,-1.53604906572016E-12,                2885P   2827
-7.105427357601E-15,-1.,6.98296267768627E-15,-432.000000000004,     2885P   2828
-4.96169340471387E-29,-6.98296267768627E-15,-1.,                    2885P   2829
31.9999999999985;                                                   2885P   2830
100,16.,50.,-216.,56.,-216.,44.,-216.;                              2887P   2831
126,16,2,1,0,1,0,0.,0.,0.,0.125,0.125,0.25,0.25,0.375,0.375,        2889P   2832
0.5,0.5,0.625,0.625,0.75,0.75,0.875,0.875,1.,1.,1.,1.,1.,1.,1.,     2889P   2833
1.,1.,1.,1.,1.,1.,1.,1.,1.,1.,1.,1.,1.,0.581031308,0.042372881,     2889P   2834
0.,0.581031308,0.044901428,0.,0.581872418,0.047237501,0.,           2889P   2835
0.582713528,0.049573574,0.,0.584267697,0.051361527,0.,              2889P   2836
0.585821866,0.05314948,0.,0.587852485,0.054117113,0.,               2889P   2837
0.589883105,0.055084746,0.,0.592081031,0.055084746,0.,              2889P   2838
0.594278958,0.055084746,0.,0.596309578,0.054117113,0.,              2889P   2839
0.598340197,0.05314948,0.,0.599894366,0.051361527,0.,               2889P   2840
0.601448535,0.049573574,0.,0.602289645,0.047237501,0.,              2889P   2841
0.603130755,0.044901428,0.,0.603130755,0.042372881,0.,0.,1.,0.,     2889P   2842
0.,1.;                                                              2889P   2843
124,-1.,-6.98296267768627E-15,0.,99.9999999999895,                  2891P   2844
-6.98296267768627E-15,1.,-6.98296267768627E-15,                     2891P   2845
4.49906287988812E-13,4.87617677579594E-29,                          2891P   2846
-6.98296267768627E-15,-1.,31.9999999999985;                         2891P   2847
100,16.,50.,-216.,56.,-216.,44.,-216.;                              2893P   2848
102,2,2883,2889;                                                    2895P   2849
102,2,2887,2893;                                                    2897P   2850
142,1,2555,2895,2897,1;                                             2899P   2851
126,16,2,1,0,1,0,0.,0.,0.,0.125,0.125,0.25,0.25,0.375,0.375,        2901P   2852
0.5,0.5,0.625,0.625,0.75,0.75,0.875,0.875,1.,1.,1.,1.,1.,1.,1.,     2901P   2853
1.,1.,1.,1.,1.,1.,1.,1.,1.,1.,1.,1.,1.,0.787292818,0.042372881,     2901P   2854
0.,0.787292818,0.039844334,0.,0.786451708,0.037508261,0.,           2901P   2855
0.785610597,0.035172189,0.,0.784056429,0.033384236,0.,              2901P   2856
0.78250226,0.031596283,0.,0.78047164,0.03062865,0.,0.778441021,     2901P   2857
0.029661017,0.,0.776243094,0.029661017,0.,0.774045167,              2901P   2858
0.029661017,0.,0.772014548,0.03062865,0.,0.769983928,               2901P   2859
0.031596283,0.,0.768429759,0.033384236,0.,0.76687559,               2901P   2860
0.035172189,0.,0.76603448,0.037508261,0.,0.76519337,                2901P   2861
0.039844334,0.,0.76519337,0.042372881,0.,0.,1.,0.,0.,1.;            2901P   2862
124,1.,-7.105427357601E-15,0.,-1.54298795962407E-12,                2903P   2863
-7.105427357601E-15,-1.,6.98296267768627E-15,-432.000000000005,     2903P   2864
-4.96169340471387E-29,-6.98296267768627E-15,-1.,                    2903P   2865
31.9999999999985;                                                   2903P   2866
100,16.,150.,-216.,156.,-216.,144.,-216.;                           2905P   2867
126,16,2,1,0,1,0,0.,0.,0.,0.125,0.125,0.25,0.25,0.375,0.375,        2907P   2868
0.5,0.5,0.625,0.625,0.75,0.75,0.875,0.875,1.,1.,1.,1.,1.,1.,1.,     2907P   2869
1.,1.,1.,1.,1.,1.,1.,1.,1.,1.,1.,1.,1.,0.76519337,0.042372881,      2907P   2870
0.,0.76519337,0.044901428,0.,0.76603448,0.047237501,0.,             2907P   2871
0.76687559,0.049573574,0.,0.768429759,0.051361527,0.,               2907P   2872
0.769983928,0.05314948,0.,0.772014548,0.054117113,0.,               2907P   2873
0.774045167,0.055084746,0.,0.776243094,0.055084746,0.,              2907P   2874
0.778441021,0.055084746,0.,0.78047164,0.054117113,0.,               2907P   2875
0.78250226,0.05314948,0.,0.784056429,0.051361527,0.,                2907P   2876
0.785610597,0.049573574,0.,0.786451708,0.047237501,0.,              2907P   2877
0.787292818,0.044901428,0.,0.787292818,0.042372881,0.,0.,1.,0.,     2907P   2878
0.,1.;                                                              2907P   2879
124,-1.,-6.98296267768627E-15,0.,299.999999999989,                  2909P   2880
-6.98296267768627E-15,1.,-6.98296267768627E-15,                     2909P   2881
1.15260943313534E-12,4.87617677579594E-29,                          2909P   2882
-6.98296267768627E-15,-1.,31.9999999999985;                         2909P   2883
100,16.,150.,-216.,156.,-216.,144.,-216.;                           2911P   2884
102,2,2901,2907;                                                    2913P   2885
102,2,2905,2911;                                                    2915P   2886
142,1,2555,2913,2915,1;                                             2917P   2887
144,2555,1,18,2593,2611,2629,2647,2665,2683,2701,2719,2737,         2919P   2888
2755,2773,2791,2809,2827,2845,2863,2881,2899,2917;                  2919P   2889
128,1,1,1,1,0,0,1,0,0,0.,0.,1.,1.,0.,0.,1.,1.,1.,1.,1.,1.,          2921P   2890
-271.5,-236.,0.,271.5,-236.,0.,-271.5,236.,0.,271.5,236.,0.,0.,     2921P   2891
1.,0.,1.;                                                           2921P   2892
126,16,2,1,0,1,0,0.,0.,0.,0.125,0.125,0.25,0.25,0.375,0.375,        2923P   2893
0.5,0.5,0.625,0.625,0.75,0.75,0.875,0.875,1.,1.,1.,1.,1.,1.,1.,     2923P   2894
1.,1.,1.,1.,1.,1.,1.,1.,1.,1.,1.,1.,1.,0.,0.021186441,0.,0.,        2923P   2895
0.019099758,0.,0.000353862,0.017053171,0.,0.000707724,              2923P   2896
0.015006584,0.,0.00140185,0.013078741,0.,0.002095976,               2923P   2897
0.011150898,0.,0.00310369,0.009415885,0.,0.004111405,               2923P   2898
0.007680872,0.,0.005393982,0.006205365,0.,0.006676559,              2923P   2899
0.004729858,0.,0.00818471,0.003570559,0.,0.009692861,               2923P   2900
0.002411261,0.,0.011368629,0.001612722,0.,0.013044397,              2923P   2901
0.000814183,0.,0.014823383,0.000407092,0.,0.016602368,0.,0.,        2923P   2902
0.018416206,0.,0.,0.,1.,0.,0.,-1.;                                  2923P   2903
100,0.,-261.5,-226.,-271.5,-226.,-261.5,-236.;                      2925P   2904
126,1,1,1,0,1,0,0.,0.,1.,1.,1.,1.,0.018416206,0.,0.,                2927P   2905
0.981583794,0.,0.,0.,1.,0.,0.,1.;                                   2927P   2906
110,-261.5,-236.,0.,261.5,-236.,0.;                                 2929P   2907
126,16,2,1,0,1,0,0.,0.,0.,0.125,0.125,0.25,0.25,0.375,0.375,        2931P   2908
0.5,0.5,0.625,0.625,0.75,0.75,0.875,0.875,1.,1.,1.,1.,1.,1.,1.,     2931P   2909
1.,1.,1.,1.,1.,1.,1.,1.,1.,1.,1.,1.,1.,0.981583794,0.,0.,           2931P   2910
0.983397632,0.,0.,0.985176617,0.000407092,0.,0.986955603,           2931P   2911
0.000814183,0.,0.988631371,0.001612722,0.,0.990307139,              2931P   2912
0.002411261,0.,0.99181529,0.003570559,0.,0.993323441,               2931P   2913
0.004729858,0.,0.994606018,0.006205365,0.,0.995888595,              2931P   2914
0.007680872,0.,0.99689631,0.009415885,0.,0.997904024,               2931P   2915
0.011150898,0.,0.99859815,0.013078741,0.,0.999292276,               2931P   2916
0.015006584,0.,0.999646138,0.017053171,0.,1.,0.019099758,0.,1.,     2931P   2917
0.021186441,0.,0.,1.,0.,0.,-1.;                                     2931P   2918
100,0.,261.5,-226.,261.5,-236.,271.5,-226.;                         2933P   2919
126,1,1,1,0,1,0,0.,0.,1.,1.,1.,1.,1.,0.021186441,0.,1.,             2935P   2920
0.978813559,0.,0.,1.,0.,0.,1.;                                      2935P   2921
110,271.5,-226.,0.,271.5,226.,0.;                                   2937P   2922
126,16,2,1,0,1,0,0.,0.,0.,0.125,0.125,0.25,0.25,0.375,0.375,        2939P   2923
0.5,0.5,0.625,0.625,0.75,0.75,0.875,0.875,1.,1.,1.,1.,1.,1.,1.,     2939P   2924
1.,1.,1.,1.,1.,1.,1.,1.,1.,1.,1.,1.,1.,1.,0.978813559,0.,1.,        2939P   2925
0.980900242,0.,0.999646138,0.982946829,0.,0.999292276,              2939P   2926
0.984993416,0.,0.99859815,0.986921259,0.,0.997904024,               2939P   2927
0.988849102,0.,0.99689631,0.990584115,0.,0.995888595,               2939P   2928
0.992319128,0.,0.994606018,0.993794635,0.,0.993323441,              2939P   2929
0.995270142,0.,0.99181529,0.996429441,0.,0.990307139,               2939P   2930
0.997588739,0.,0.988631371,0.998387278,0.,0.986955603,              2939P   2931
0.999185817,0.,0.985176617,0.999592908,0.,0.983397632,1.,0.,        2939P   2932
0.981583794,1.,0.,0.,1.,0.,0.,-1.;                                  2939P   2933
100,0.,261.5,226.,271.5,226.,261.5,236.;                            2941P   2934
126,1,1,1,0,1,0,0.,0.,1.,1.,1.,1.,0.981583794,1.,0.,                2943P   2935
0.018416206,1.,0.,0.,1.,0.,0.,1.;                                   2943P   2936
110,261.5,236.,0.,-261.5,236.,0.;                                   2945P   2937
126,16,2,1,0,1,0,0.,0.,0.,0.125,0.125,0.25,0.25,0.375,0.375,        2947P   2938
0.5,0.5,0.625,0.625,0.75,0.75,0.875,0.875,1.,1.,1.,1.,1.,1.,1.,     2947P   2939
1.,1.,1.,1.,1.,1.,1.,1.,1.,1.,1.,1.,1.,0.018416206,1.,0.,           2947P   2940
0.016602368,1.,0.,0.014823383,0.999592908,0.,0.013044397,           2947P   2941
0.999185817,0.,0.011368629,0.998387278,0.,0.009692861,              2947P   2942
0.997588739,0.,0.00818471,0.996429441,0.,0.006676559,               2947P   2943
0.995270142,0.,0.005393982,0.993794635,0.,0.004111405,              2947P   2944
0.992319128,0.,0.00310369,0.990584115,0.,0.002095976,               2947P   2945
0.988849102,0.,0.00140185,0.986921259,0.,0.000707724,               2947P   2946
0.984993416,0.,0.000353862,0.982946829,0.,0.,0.980900242,0.,0.,     2947P   2947
0.978813559,0.,0.,1.,0.,0.,-1.;                                     2947P   2948
100,0.,-261.5,226.,-261.5,236.,-271.5,226.;                         2949P   2949
126,1,1,1,0,1,0,0.,0.,1.,1.,1.,1.,0.,0.978813559,0.,0.,             2951P   2950
0.021186441,0.,0.,1.,0.,0.,1.;                                      2951P   2951
110,-271.5,226.,0.,-271.5,-226.,0.;                                 2953P   2952
102,8,2923,2927,2931,2935,2939,2943,2947,2951;                      2955P   2953
102,8,2925,2929,2933,2937,2941,2945,2949,2953;                      2957P   2954
142,1,2921,2955,2957,1;                                             2959P   2955
126,16,2,1,0,1,0,0.,0.,0.,0.125,0.125,0.25,0.25,0.375,0.375,        2961P   2956
0.5,0.5,0.625,0.625,0.75,0.75,0.875,0.875,1.,1.,1.,1.,1.,1.,1.,     2961P   2957
1.,1.,1.,1.,1.,1.,1.,1.,1.,1.,1.,1.,1.,0.050644567,0.957627119,     2961P   2958
0.,0.050644567,0.955098572,0.,0.049803457,0.952762499,0.,           2961P   2959
0.048962347,0.950426426,0.,0.047408178,0.948638473,0.,              2961P   2960
0.045854009,0.94685052,0.,0.04382339,0.945882887,0.,0.04179277,     2961P   2961
0.944915254,0.,0.039594843,0.944915254,0.,0.037396917,              2961P   2962
0.944915254,0.,0.035366297,0.945882887,0.,0.033335678,              2961P   2963
0.94685052,0.,0.031781509,0.948638473,0.,0.03022734,                2961P   2964
0.950426426,0.,0.02938623,0.952762499,0.,0.02854512,                2961P   2965
0.955098572,0.,0.02854512,0.957627119,0.,0.,1.,0.,0.,1.;            2961P   2966
124,1.,-7.105427357601E-15,0.,1.5152323840084E-12,                  2963P   2967
-7.105427357601E-15,-1.,6.98296267768627E-15,431.999999999998,      2963P   2968
-4.96169340471387E-29,-6.98296267768627E-15,-1.,                    2963P   2969
1.50831993838022E-12;                                               2963P   2970
100,0.,-250.,216.,-244.,216.,-256.,216.;                            2965P   2971
126,16,2,1,0,1,0,0.,0.,0.,0.125,0.125,0.25,0.25,0.375,0.375,        2967P   2972
0.5,0.5,0.625,0.625,0.75,0.75,0.875,0.875,1.,1.,1.,1.,1.,1.,1.,     2967P   2973
1.,1.,1.,1.,1.,1.,1.,1.,1.,1.,1.,1.,1.,0.02854512,0.957627119,      2967P   2974
0.,0.02854512,0.960155666,0.,0.02938623,0.962491739,0.,             2967P   2975
0.03022734,0.964827811,0.,0.031781509,0.966615764,0.,               2967P   2976
0.033335678,0.968403717,0.,0.035366297,0.96937135,0.,               2967P   2977
0.037396917,0.970338983,0.,0.039594843,0.970338983,0.,              2967P   2978
0.04179277,0.970338983,0.,0.04382339,0.96937135,0.,0.045854009,     2967P   2979
0.968403717,0.,0.047408178,0.966615764,0.,0.048962347,              2967P   2980
0.964827811,0.,0.049803457,0.962491739,0.,0.050644567,              2967P   2981
0.960155666,0.,0.050644567,0.957627119,0.,0.,1.,0.,0.,1.;           2967P   2982
124,-1.,-6.98296267768627E-15,0.,-499.999999999999,                 2969P   2983
-6.98296267768627E-15,1.,-6.98296267768627E-15,                     2969P   2984
-1.74288007505849E-12,4.87617677579594E-29,                         2969P   2985
-6.98296267768627E-15,-1.,1.50831993838025E-12;                     2969P   2986
100,0.,-250.,216.,-244.,216.,-256.,216.;                            2971P   2987
102,2,2961,2967;                                                    2973P   2988
102,2,2965,2971;                                                    2975P   2989
142,1,2921,2973,2975,1;                                             2977P   2990
126,16,2,1,0,1,0,0.,0.,0.,0.125,0.125,0.25,0.25,0.375,0.375,        2979P   2991
0.5,0.5,0.625,0.625,0.75,0.75,0.875,0.875,1.,1.,1.,1.,1.,1.,1.,     2979P   2992
1.,1.,1.,1.,1.,1.,1.,1.,1.,1.,1.,1.,1.,0.97145488,0.957627119,      2979P   2993
0.,0.97145488,0.955098572,0.,0.97061377,0.952762499,0.,             2979P   2994
0.96977266,0.950426426,0.,0.968218491,0.948638473,0.,               2979P   2995
0.966664322,0.94685052,0.,0.964633703,0.945882887,0.,               2979P   2996
0.962603083,0.944915254,0.,0.960405157,0.944915254,0.,              2979P   2997
0.95820723,0.944915254,0.,0.95617661,0.945882887,0.,                2979P   2998
0.954145991,0.94685052,0.,0.952591822,0.948638473,0.,               2979P   2999
0.951037653,0.950426426,0.,0.950196543,0.952762499,0.,              2979P   3000
0.949355433,0.955098572,0.,0.949355433,0.957627119,0.,0.,1.,0.,     2979P   3001
0.,1.;                                                              2979P   3002
124,1.,-7.105427357601E-15,0.,1.54298795962401E-12,                 2981P   3003
-7.105427357601E-15,-1.,6.98296267768627E-15,431.999999999995,      2981P   3004
-4.96169340471387E-29,-6.98296267768627E-15,-1.,                    2981P   3005
1.50831993838022E-12;                                               2981P   3006
100,0.,250.,216.,256.,216.,244.,216.;                               2983P   3007
126,16,2,1,0,1,0,0.,0.,0.,0.125,0.125,0.25,0.25,0.375,0.375,        2985P   3008
0.5,0.5,0.625,0.625,0.75,0.75,0.875,0.875,1.,1.,1.,1.,1.,1.,1.,     2985P   3009
1.,1.,1.,1.,1.,1.,1.,1.,1.,1.,1.,1.,1.,0.949355433,0.957627119,     2985P   3010
0.,0.949355433,0.960155666,0.,0.950196543,0.962491739,0.,           2985P   3011
0.951037653,0.964827811,0.,0.952591822,0.966615764,0.,              2985P   3012
0.954145991,0.968403717,0.,0.95617661,0.96937135,0.,0.95820723,     2985P   3013
0.970338983,0.,0.960405157,0.970338983,0.,0.962603083,              2985P   3014
0.970338983,0.,0.964633703,0.96937135,0.,0.966664322,               2985P   3015
0.968403717,0.,0.968218491,0.966615764,0.,0.96977266,               2985P   3016
0.964827811,0.,0.97061377,0.962491739,0.,0.97145488,                2985P   3017
0.960155666,0.,0.97145488,0.957627119,0.,0.,1.,0.,0.,1.;            2985P   3018
124,-1.,-6.98296267768627E-15,0.,500.000000000002,                  2987P   3019
-6.98296267768627E-15,1.,-6.98296267768627E-15,                     2987P   3020
1.74288007505853E-12,4.87617677579594E-29,                          2987P   3021
-6.98296267768627E-15,-1.,1.5083199383802E-12;                      2987P   3022
100,0.,250.,216.,256.,216.,244.,216.;                               2989P   3023
102,2,2979,2985;                                                    2991P   3024
102,2,2983,2989;                                                    2993P   3025
142,1,2921,2991,2993,1;                                             2995P   3026
126,16,2,1,0,1,0,0.,0.,0.,0.125,0.125,0.25,0.25,0.375,0.375,        2997P   3027
0.5,0.5,0.625,0.625,0.75,0.75,0.875,0.875,1.,1.,1.,1.,1.,1.,1.,     2997P   3028
1.,1.,1.,1.,1.,1.,1.,1.,1.,1.,1.,1.,1.,0.97145488,0.728813559,      2997P   3029
0.,0.97145488,0.726285012,0.,0.97061377,0.723948939,0.,             2997P   3030
0.96977266,0.721612867,0.,0.968218491,0.719824914,0.,               2997P   3031
0.966664322,0.718036961,0.,0.964633703,0.717069328,0.,              2997P   3032
0.962603083,0.716101695,0.,0.960405157,0.716101695,0.,              2997P   3033
0.95820723,0.716101695,0.,0.95617661,0.717069328,0.,                2997P   3034
0.954145991,0.718036961,0.,0.952591822,0.719824914,0.,              2997P   3035
0.951037653,0.721612867,0.,0.950196543,0.723948939,0.,              2997P   3036
0.949355433,0.726285012,0.,0.949355433,0.728813559,0.,0.,1.,0.,     2997P   3037
0.,1.;                                                              2997P   3038
124,1.,-7.105427357601E-15,0.,7.5761619200417E-13,                  2999P   3039
-7.105427357601E-15,-1.,6.98296267768627E-15,215.999999999995,      2999P   3040
-4.96169340471387E-29,-6.98296267768627E-15,-1.,                    2999P   3041
7.54159969190105E-13;                                               2999P   3042
100,0.,250.,108.,256.,108.,244.,108.;                               3001P   3043
126,16,2,1,0,1,0,0.,0.,0.,0.125,0.125,0.25,0.25,0.375,0.375,        3003P   3044
0.5,0.5,0.625,0.625,0.75,0.75,0.875,0.875,1.,1.,1.,1.,1.,1.,1.,     3003P   3045
1.,1.,1.,1.,1.,1.,1.,1.,1.,1.,1.,1.,1.,0.949355433,0.728813559,     3003P   3046
0.,0.949355433,0.731342106,0.,0.950196543,0.733678179,0.,           3003P   3047
0.951037653,0.736014252,0.,0.952591822,0.737802205,0.,              3003P   3048
0.954145991,0.739590158,0.,0.95617661,0.740557791,0.,               3003P   3049
0.95820723,0.741525424,0.,0.960405157,0.741525424,0.,               3003P   3050
0.962603083,0.741525424,0.,0.964633703,0.740557791,0.,              3003P   3051
0.966664322,0.739590158,0.,0.968218491,0.737802205,0.,              3003P   3052
0.96977266,0.736014252,0.,0.97061377,0.733678179,0.,0.97145488,     3003P   3053
0.731342106,0.,0.97145488,0.728813559,0.,0.,1.,0.,0.,1.;            3003P   3054
124,-1.,-6.98296267768627E-15,0.,499.999999999999,                  3005P   3055
-6.98296267768627E-15,1.,-6.98296267768627E-15,                     3005P   3056
1.74288007505851E-12,4.87617677579594E-29,                          3005P   3057
-6.98296267768627E-15,-1.,7.5415996919008E-13;                      3005P   3058
100,0.,250.,108.,256.,108.,244.,108.;                               3007P   3059
102,2,2997,3003;                                                    3009P   3060
102,2,3001,3007;                                                    3011P   3061
142,1,2921,3009,3011,1;                                             3013P   3062
126,16,2,1,0,1,0,0.,0.,0.,0.125,0.125,0.25,0.25,0.375,0.375,        3015P   3063
0.5,0.5,0.625,0.625,0.75,0.75,0.875,0.875,1.,1.,1.,1.,1.,1.,1.,     3015P   3064
1.,1.,1.,1.,1.,1.,1.,1.,1.,1.,1.,1.,1.,0.97145488,0.5,0.,           3015P   3065
0.97145488,0.497471453,0.,0.97061377,0.49513538,0.,0.96977266,      3015P   3066
0.492799307,0.,0.968218491,0.491011354,0.,0.966664322,              3015P   3067
0.489223402,0.,0.964633703,0.488255769,0.,0.962603083,              3015P   3068
0.487288136,0.,0.960405157,0.487288136,0.,0.95820723,               3015P   3069
0.487288136,0.,0.95617661,0.488255769,0.,0.954145991,               3015P   3070
0.489223402,0.,0.952591822,0.491011354,0.,0.951037653,              3015P   3071
0.492799307,0.,0.950196543,0.49513538,0.,0.949355433,               3015P   3072
0.497471453,0.,0.949355433,0.5,0.,0.,1.,0.,0.,1.;                   3015P   3073
124,1.,-7.105427357601E-15,0.,0.,-7.105427357601E-15,-1.,           3017P   3074
6.98296267768627E-15,0.,-4.96169340471387E-29,                      3017P   3075
-6.98296267768627E-15,-1.,0.;                                       3017P   3076
100,0.,250.,0.,256.,0.,244.,0.;                                     3019P   3077
126,16,2,1,0,1,0,0.,0.,0.,0.125,0.125,0.25,0.25,0.375,0.375,        3021P   3078
0.5,0.5,0.625,0.625,0.75,0.75,0.875,0.875,1.,1.,1.,1.,1.,1.,1.,     3021P   3079
1.,1.,1.,1.,1.,1.,1.,1.,1.,1.,1.,1.,1.,0.949355433,0.5,0.,          3021P   3080
0.949355433,0.502528547,0.,0.950196543,0.50486462,0.,               3021P   3081
0.951037653,0.507200693,0.,0.952591822,0.508988646,0.,              3021P   3082
0.954145991,0.510776598,0.,0.95617661,0.511744231,0.,               3021P   3083
0.95820723,0.512711864,0.,0.960405157,0.512711864,0.,               3021P   3084
0.962603083,0.512711864,0.,0.964633703,0.511744231,0.,              3021P   3085
0.966664322,0.510776598,0.,0.968218491,0.508988646,0.,              3021P   3086
0.96977266,0.507200693,0.,0.97061377,0.50486462,0.,0.97145488,      3021P   3087
0.502528547,0.,0.97145488,0.5,0.,0.,1.,0.,0.,1.;                    3021P   3088
124,-1.,-7.22789203751573E-15,8.5516628917936E-31,                  3023P   3089
499.999999999995,-7.22789203751573E-15,1.,                          3023P   3090
-6.98296267768627E-15,1.80697300937892E-12,                         3023P   3091
4.96169340471387E-29,-6.98296267768627E-15,-1.,                     3023P   3092
-3.68250682381107E-26;                                              3023P   3093
100,0.,250.,0.,256.,0.,244.,0.;                                     3025P   3094
102,2,3015,3021;                                                    3027P   3095
102,2,3019,3025;                                                    3029P   3096
142,1,2921,3027,3029,1;                                             3031P   3097
126,16,2,1,0,1,0,0.,0.,0.,0.125,0.125,0.25,0.25,0.375,0.375,        3033P   3098
0.5,0.5,0.625,0.625,0.75,0.75,0.875,0.875,1.,1.,1.,1.,1.,1.,1.,     3033P   3099
1.,1.,1.,1.,1.,1.,1.,1.,1.,1.,1.,1.,1.,0.97145488,0.271186441,      3033P   3100
0.,0.97145488,0.268657894,0.,0.97061377,0.266321821,0.,             3033P   3101
0.96977266,0.263985748,0.,0.968218491,0.262197795,0.,               3033P   3102
0.966664322,0.260409842,0.,0.964633703,0.259442209,0.,              3033P   3103
0.962603083,0.258474576,0.,0.960405157,0.258474576,0.,              3033P   3104
0.95820723,0.258474576,0.,0.95617661,0.259442209,0.,                3033P   3105
0.954145991,0.260409842,0.,0.952591822,0.262197795,0.,              3033P   3106
0.951037653,0.263985748,0.,0.950196543,0.266321821,0.,              3033P   3107
0.949355433,0.268657894,0.,0.949355433,0.271186441,0.,0.,1.,0.,     3033P   3108
0.,1.;                                                              3033P   3109
124,1.,-7.105427357601E-15,0.,-7.57616192004244E-13,                3035P   3110
-7.105427357601E-15,-1.,6.98296267768627E-15,-216.000000000005,     3035P   3111
-4.96169340471387E-29,-6.98296267768627E-15,-1.,                    3035P   3112
-7.54159969190129E-13;                                              3035P   3113
100,0.,250.,-108.,256.,-108.,244.,-108.;                            3037P   3114
126,16,2,1,0,1,0,0.,0.,0.,0.125,0.125,0.25,0.25,0.375,0.375,        3039P   3115
0.5,0.5,0.625,0.625,0.75,0.75,0.875,0.875,1.,1.,1.,1.,1.,1.,1.,     3039P   3116
1.,1.,1.,1.,1.,1.,1.,1.,1.,1.,1.,1.,1.,0.949355433,0.271186441,     3039P   3117
0.,0.949355433,0.273714988,0.,0.950196543,0.276051061,0.,           3039P   3118
0.951037653,0.278387133,0.,0.952591822,0.280175086,0.,              3039P   3119
0.954145991,0.281963039,0.,0.95617661,0.282930672,0.,               3039P   3120
0.95820723,0.283898305,0.,0.960405157,0.283898305,0.,               3039P   3121
0.962603083,0.283898305,0.,0.964633703,0.282930672,0.,              3039P   3122
0.966664322,0.281963039,0.,0.968218491,0.280175086,0.,              3039P   3123
0.96977266,0.278387133,0.,0.97061377,0.276051061,0.,0.97145488,     3039P   3124
0.273714988,0.,0.97145488,0.271186441,0.,0.,1.,0.,0.,1.;            3039P   3125
124,-1.,-6.98296267768627E-15,0.,499.999999999992,                  3041P   3126
-6.98296267768627E-15,1.,-6.98296267768627E-15,                     3041P   3127
1.74288007505845E-12,4.87617677579594E-29,                          3041P   3128
-6.98296267768627E-15,-1.,-7.54159969190153E-13;                    3041P   3129
100,0.,250.,-108.,256.,-108.,244.,-108.;                            3043P   3130
102,2,3033,3039;                                                    3045P   3131
102,2,3037,3043;                                                    3047P   3132
142,1,2921,3045,3047,1;                                             3049P   3133
126,16,2,1,0,1,0,0.,0.,0.,0.125,0.125,0.25,0.25,0.375,0.375,        3051P   3134
0.5,0.5,0.625,0.625,0.75,0.75,0.875,0.875,1.,1.,1.,1.,1.,1.,1.,     3051P   3135
1.,1.,1.,1.,1.,1.,1.,1.,1.,1.,1.,1.,1.,0.97145488,0.042372881,      3051P   3136
0.,0.97145488,0.039844334,0.,0.97061377,0.037508261,0.,             3051P   3137
0.96977266,0.035172189,0.,0.968218491,0.033384236,0.,               3051P   3138
0.966664322,0.031596283,0.,0.964633703,0.03062865,0.,               3051P   3139
0.962603083,0.029661017,0.,0.960405157,0.029661017,0.,              3051P   3140
0.95820723,0.029661017,0.,0.95617661,0.03062865,0.,0.954145991,     3051P   3141
0.031596283,0.,0.952591822,0.033384236,0.,0.951037653,              3051P   3142
0.035172189,0.,0.950196543,0.037508261,0.,0.949355433,              3051P   3143
0.039844334,0.,0.949355433,0.042372881,0.,0.,1.,0.,0.,1.;           3051P   3144
124,1.,-7.105427357601E-15,0.,-1.54298795962408E-12,                3053P   3145
-7.105427357601E-15,-1.,6.98296267768627E-15,-432.000000000005,     3053P   3146
-4.96169340471387E-29,-6.98296267768627E-15,-1.,                    3053P   3147
-1.50831993838025E-12;                                              3053P   3148
100,0.,250.,-216.,256.,-216.,244.,-216.;                            3055P   3149
126,16,2,1,0,1,0,0.,0.,0.,0.125,0.125,0.25,0.25,0.375,0.375,        3057P   3150
0.5,0.5,0.625,0.625,0.75,0.75,0.875,0.875,1.,1.,1.,1.,1.,1.,1.,     3057P   3151
1.,1.,1.,1.,1.,1.,1.,1.,1.,1.,1.,1.,1.,0.949355433,0.042372881,     3057P   3152
0.,0.949355433,0.044901428,0.,0.950196543,0.047237501,0.,           3057P   3153
0.951037653,0.049573574,0.,0.952591822,0.051361527,0.,              3057P   3154
0.954145991,0.05314948,0.,0.95617661,0.054117113,0.,0.95820723,     3057P   3155
0.055084746,0.,0.960405157,0.055084746,0.,0.962603083,              3057P   3156
0.055084746,0.,0.964633703,0.054117113,0.,0.966664322,              3057P   3157
0.05314948,0.,0.968218491,0.051361527,0.,0.96977266,                3057P   3158
0.049573574,0.,0.97061377,0.047237501,0.,0.97145488,                3057P   3159
0.044901428,0.,0.97145488,0.042372881,0.,0.,1.,0.,0.,1.;            3057P   3160
124,-1.,-6.98296267768627E-15,0.,499.999999999989,                  3059P   3161
-6.98296267768627E-15,1.,-6.98296267768627E-15,                     3059P   3162
1.74288007505843E-12,4.87617677579594E-29,                          3059P   3163
-6.98296267768627E-15,-1.,-1.50831993838027E-12;                    3059P   3164
100,0.,250.,-216.,256.,-216.,244.,-216.;                            3061P   3165
102,2,3051,3057;                                                    3063P   3166
102,2,3055,3061;                                                    3065P   3167
142,1,2921,3063,3065,1;                                             3067P   3168
126,16,2,1,0,1,0,0.,0.,0.,0.125,0.125,0.25,0.25,0.375,0.375,        3069P   3169
0.5,0.5,0.625,0.625,0.75,0.75,0.875,0.875,1.,1.,1.,1.,1.,1.,1.,     3069P   3170
1.,1.,1.,1.,1.,1.,1.,1.,1.,1.,1.,1.,1.,0.050644567,0.728813559,     3069P   3171
0.,0.050644567,0.726285012,0.,0.049803457,0.723948939,0.,           3069P   3172
0.048962347,0.721612867,0.,0.047408178,0.719824914,0.,              3069P   3173
0.045854009,0.718036961,0.,0.04382339,0.717069328,0.,               3069P   3174
0.04179277,0.716101695,0.,0.039594843,0.716101695,0.,               3069P   3175
0.037396917,0.716101695,0.,0.035366297,0.717069328,0.,              3069P   3176
0.033335678,0.718036961,0.,0.031781509,0.719824914,0.,              3069P   3177
0.03022734,0.721612867,0.,0.02938623,0.723948939,0.,0.02854512,     3069P   3178
0.726285012,0.,0.02854512,0.728813559,0.,0.,1.,0.,0.,1.;            3069P   3179
124,1.,-7.105427357601E-15,0.,7.57616192004194E-13,                 3071P   3180
-7.105427357601E-15,-1.,6.98296267768627E-15,215.999999999998,      3071P   3181
-4.96169340471387E-29,-6.98296267768627E-15,-1.,                    3071P   3182
7.54159969190104E-13;                                               3071P   3183
100,0.,-250.,108.,-244.,108.,-256.,108.;                            3073P   3184
126,16,2,1,0,1,0,0.,0.,0.,0.125,0.125,0.25,0.25,0.375,0.375,        3075P   3185
0.5,0.5,0.625,0.625,0.75,0.75,0.875,0.875,1.,1.,1.,1.,1.,1.,1.,     3075P   3186
1.,1.,1.,1.,1.,1.,1.,1.,1.,1.,1.,1.,1.,0.02854512,0.728813559,      3075P   3187
0.,0.02854512,0.731342106,0.,0.02938623,0.733678179,0.,             3075P   3188
0.03022734,0.736014252,0.,0.031781509,0.737802205,0.,               3075P   3189
0.033335678,0.739590158,0.,0.035366297,0.740557791,0.,              3075P   3190
0.037396917,0.741525424,0.,0.039594843,0.741525424,0.,              3075P   3191
0.04179277,0.741525424,0.,0.04382339,0.740557791,0.,                3075P   3192
0.045854009,0.739590158,0.,0.047408178,0.737802205,0.,              3075P   3193
0.048962347,0.736014252,0.,0.049803457,0.733678179,0.,              3075P   3194
0.050644567,0.731342106,0.,0.050644567,0.728813559,0.,0.,1.,0.,     3075P   3195
0.,1.;                                                              3075P   3196
124,-1.,-6.98296267768627E-15,0.,-500.000000000001,                 3077P   3197
-6.98296267768627E-15,1.,-6.98296267768627E-15,                     3077P   3198
-1.74288007505852E-12,4.87617677579594E-29,                         3077P   3199
-6.98296267768627E-15,-1.,7.54159969190129E-13;                     3077P   3200
100,0.,-250.,108.,-244.,108.,-256.,108.;                            3079P   3201
102,2,3069,3075;                                                    3081P   3202
102,2,3073,3079;                                                    3083P   3203
142,1,2921,3081,3083,1;                                             3085P   3204
126,16,2,1,0,1,0,0.,0.,0.,0.125,0.125,0.25,0.25,0.375,0.375,        3087P   3205
0.5,0.5,0.625,0.625,0.75,0.75,0.875,0.875,1.,1.,1.,1.,1.,1.,1.,     3087P   3206
1.,1.,1.,1.,1.,1.,1.,1.,1.,1.,1.,1.,1.,0.050644567,0.5,0.,          3087P   3207
0.050644567,0.497471453,0.,0.049803457,0.49513538,0.,               3087P   3208
0.048962347,0.492799307,0.,0.047408178,0.491011354,0.,              3087P   3209
0.045854009,0.489223402,0.,0.04382339,0.488255769,0.,               3087P   3210
0.04179277,0.487288136,0.,0.039594843,0.487288136,0.,               3087P   3211
0.037396917,0.487288136,0.,0.035366297,0.488255769,0.,              3087P   3212
0.033335678,0.489223402,0.,0.031781509,0.491011354,0.,              3087P   3213
0.03022734,0.492799307,0.,0.02938623,0.49513538,0.,0.02854512,      3087P   3214
0.497471453,0.,0.02854512,0.5,0.,0.,1.,0.,0.,1.;                    3087P   3215
124,1.,-7.105427357601E-15,0.,0.,-7.105427357601E-15,-1.,           3089P   3216
6.98296267768627E-15,0.,-4.96169340471387E-29,                      3089P   3217
-6.98296267768627E-15,-1.,0.;                                       3089P   3218
100,0.,-250.,0.,-244.,0.,-256.,0.;                                  3091P   3219
126,16,2,1,0,1,0,0.,0.,0.,0.125,0.125,0.25,0.25,0.375,0.375,        3093P   3220
0.5,0.5,0.625,0.625,0.75,0.75,0.875,0.875,1.,1.,1.,1.,1.,1.,1.,     3093P   3221
1.,1.,1.,1.,1.,1.,1.,1.,1.,1.,1.,1.,1.,0.02854512,0.5,0.,           3093P   3222
0.02854512,0.502528547,0.,0.02938623,0.50486462,0.,0.03022734,      3093P   3223
0.507200693,0.,0.031781509,0.508988646,0.,0.033335678,              3093P   3224
0.510776598,0.,0.035366297,0.511744231,0.,0.037396917,              3093P   3225
0.512711864,0.,0.039594843,0.512711864,0.,0.04179277,               3093P   3226
0.512711864,0.,0.04382339,0.511744231,0.,0.045854009,               3093P   3227
0.510776598,0.,0.047408178,0.508988646,0.,0.048962347,              3093P   3228
0.507200693,0.,0.049803457,0.50486462,0.,0.050644567,               3093P   3229
0.502528547,0.,0.050644567,0.5,0.,0.,1.,0.,0.,1.;                   3093P   3230
124,-1.,-7.22789203751574E-15,8.55166289179392E-31,                 3095P   3231
-500.000000000005,-7.22789203751574E-15,1.,                         3095P   3232
-6.98296267768627E-15,-1.80697300937895E-12,                        3095P   3233
4.96169340471388E-29,-6.98296267768627E-15,-1.,                     3095P   3234
1.24042335117848E-26;                                               3095P   3235
100,0.,-250.,0.,-244.,0.,-256.,0.;                                  3097P   3236
102,2,3087,3093;                                                    3099P   3237
102,2,3091,3097;                                                    3101P   3238
142,1,2921,3099,3101,1;                                             3103P   3239
126,16,2,1,0,1,0,0.,0.,0.,0.125,0.125,0.25,0.25,0.375,0.375,        3105P   3240
0.5,0.5,0.625,0.625,0.75,0.75,0.875,0.875,1.,1.,1.,1.,1.,1.,1.,     3105P   3241
1.,1.,1.,1.,1.,1.,1.,1.,1.,1.,1.,1.,1.,0.050644567,0.271186441,     3105P   3242
0.,0.050644567,0.268657894,0.,0.049803457,0.266321821,0.,           3105P   3243
0.048962347,0.263985748,0.,0.047408178,0.262197795,0.,              3105P   3244
0.045854009,0.260409842,0.,0.04382339,0.259442209,0.,               3105P   3245
0.04179277,0.258474576,0.,0.039594843,0.258474576,0.,               3105P   3246
0.037396917,0.258474576,0.,0.035366297,0.259442209,0.,              3105P   3247
0.033335678,0.260409842,0.,0.031781509,0.262197795,0.,              3105P   3248
0.03022734,0.263985748,0.,0.02938623,0.266321821,0.,0.02854512,     3105P   3249
0.268657894,0.,0.02854512,0.271186441,0.,0.,1.,0.,0.,1.;            3105P   3250
124,1.,-7.105427357601E-15,0.,-7.5761619200422E-13,                 3107P   3251
-7.105427357601E-15,-1.,6.98296267768627E-15,-216.000000000002,     3107P   3252
-4.96169340471387E-29,-6.98296267768627E-15,-1.,                    3107P   3253
-7.54159969190129E-13;                                              3107P   3254
100,0.,-250.,-108.,-244.,-108.,-256.,-108.;                         3109P   3255
126,16,2,1,0,1,0,0.,0.,0.,0.125,0.125,0.25,0.25,0.375,0.375,        3111P   3256
0.5,0.5,0.625,0.625,0.75,0.75,0.875,0.875,1.,1.,1.,1.,1.,1.,1.,     3111P   3257
1.,1.,1.,1.,1.,1.,1.,1.,1.,1.,1.,1.,1.,0.02854512,0.271186441,      3111P   3258
0.,0.02854512,0.273714988,0.,0.02938623,0.276051061,0.,             3111P   3259
0.03022734,0.278387133,0.,0.031781509,0.280175086,0.,               3111P   3260
0.033335678,0.281963039,0.,0.035366297,0.282930672,0.,              3111P   3261
0.037396917,0.283898305,0.,0.039594843,0.283898305,0.,              3111P   3262
0.04179277,0.283898305,0.,0.04382339,0.282930672,0.,                3111P   3263
0.045854009,0.281963039,0.,0.047408178,0.280175086,0.,              3111P   3264
0.048962347,0.278387133,0.,0.049803457,0.276051061,0.,              3111P   3265
0.050644567,0.273714988,0.,0.050644567,0.271186441,0.,0.,1.,0.,     3111P   3266
0.,1.;                                                              3111P   3267
124,-1.,-6.98296267768627E-15,0.,-500.000000000008,                 3113P   3268
-6.98296267768627E-15,1.,-6.98296267768627E-15,                     3113P   3269
-1.74288007505857E-12,4.87617677579594E-29,                         3113P   3270
-6.98296267768627E-15,-1.,-7.54159969190105E-13;                    3113P   3271
100,0.,-250.,-108.,-244.,-108.,-256.,-108.;                         3115P   3272
102,2,3105,3111;                                                    3117P   3273
102,2,3109,3115;                                                    3119P   3274
142,1,2921,3117,3119,1;                                             3121P   3275
126,16,2,1,0,1,0,0.,0.,0.,0.125,0.125,0.25,0.25,0.375,0.375,        3123P   3276
0.5,0.5,0.625,0.625,0.75,0.75,0.875,0.875,1.,1.,1.,1.,1.,1.,1.,     3123P   3277
1.,1.,1.,1.,1.,1.,1.,1.,1.,1.,1.,1.,1.,0.050644567,0.042372881,     3123P   3278
0.,0.050644567,0.039844334,0.,0.049803457,0.037508261,0.,           3123P   3279
0.048962347,0.035172189,0.,0.047408178,0.033384236,0.,              3123P   3280
0.045854009,0.031596283,0.,0.04382339,0.03062865,0.,0.04179277,     3123P   3281
0.029661017,0.,0.039594843,0.029661017,0.,0.037396917,              3123P   3282
0.029661017,0.,0.035366297,0.03062865,0.,0.033335678,               3123P   3283
0.031596283,0.,0.031781509,0.033384236,0.,0.03022734,               3123P   3284
0.035172189,0.,0.02938623,0.037508261,0.,0.02854512,                3123P   3285
0.039844334,0.,0.02854512,0.042372881,0.,0.,1.,0.,0.,1.;            3123P   3286
124,1.,-7.105427357601E-15,0.,-1.51523238400843E-12,                3125P   3287
-7.105427357601E-15,-1.,6.98296267768627E-15,-432.000000000002,     3125P   3288
-4.96169340471387E-29,-6.98296267768627E-15,-1.,                    3125P   3289
-1.50831993838025E-12;                                              3125P   3290
100,0.,-250.,-216.,-244.,-216.,-256.,-216.;                         3127P   3291
126,16,2,1,0,1,0,0.,0.,0.,0.125,0.125,0.25,0.25,0.375,0.375,        3129P   3292
0.5,0.5,0.625,0.625,0.75,0.75,0.875,0.875,1.,1.,1.,1.,1.,1.,1.,     3129P   3293
1.,1.,1.,1.,1.,1.,1.,1.,1.,1.,1.,1.,1.,0.02854512,0.042372881,      3129P   3294
0.,0.02854512,0.044901428,0.,0.02938623,0.047237501,0.,             3129P   3295
0.03022734,0.049573574,0.,0.031781509,0.051361527,0.,               3129P   3296
0.033335678,0.05314948,0.,0.035366297,0.054117113,0.,               3129P   3297
0.037396917,0.055084746,0.,0.039594843,0.055084746,0.,              3129P   3298
0.04179277,0.055084746,0.,0.04382339,0.054117113,0.,                3129P   3299
0.045854009,0.05314948,0.,0.047408178,0.051361527,0.,               3129P   3300
0.048962347,0.049573574,0.,0.049803457,0.047237501,0.,              3129P   3301
0.050644567,0.044901428,0.,0.050644567,0.042372881,0.,0.,1.,0.,     3129P   3302
0.,1.;                                                              3129P   3303
124,-1.,-6.98296267768627E-15,0.,-500.000000000011,                 3131P   3304
-6.98296267768627E-15,1.,-6.98296267768627E-15,                     3131P   3305
-1.7428800750586E-12,4.87617677579594E-29,                          3131P   3306
-6.98296267768627E-15,-1.,-1.50831993838022E-12;                    3131P   3307
100,0.,-250.,-216.,-244.,-216.,-256.,-216.;                         3133P   3308
102,2,3123,3129;                                                    3135P   3309
102,2,3127,3133;                                                    3137P   3310
142,1,2921,3135,3137,1;                                             3139P   3311
126,16,2,1,0,1,0,0.,0.,0.,0.125,0.125,0.25,0.25,0.375,0.375,        3141P   3312
0.5,0.5,0.625,0.625,0.75,0.75,0.875,0.875,1.,1.,1.,1.,1.,1.,1.,     3141P   3313
1.,1.,1.,1.,1.,1.,1.,1.,1.,1.,1.,1.,1.,0.23480663,0.957627119,      3141P   3314
0.,0.23480663,0.955098572,0.,0.23396552,0.952762499,0.,             3141P   3315
0.23312441,0.950426426,0.,0.231570241,0.948638473,0.,               3141P   3316
0.230016072,0.94685052,0.,0.227985452,0.945882887,0.,               3141P   3317
0.225954833,0.944915254,0.,0.223756906,0.944915254,0.,              3141P   3318
0.221558979,0.944915254,0.,0.21952836,0.945882887,0.,               3141P   3319
0.21749774,0.94685052,0.,0.215943571,0.948638473,0.,                3141P   3320
0.214389403,0.950426426,0.,0.213548292,0.952762499,0.,              3141P   3321
0.212707182,0.955098572,0.,0.212707182,0.957627119,0.,0.,1.,0.,     3141P   3322
0.,1.;                                                              3141P   3323
124,1.,-7.105427357601E-15,0.,1.54298795962403E-12,                 3143P   3324
-7.105427357601E-15,-1.,6.98296267768627E-15,431.999999999998,      3143P   3325
-4.96169340471387E-29,-6.98296267768627E-15,-1.,                    3143P   3326
1.50831993838022E-12;                                               3143P   3327
100,0.,-150.,216.,-144.,216.,-156.,216.;                            3145P   3328
126,16,2,1,0,1,0,0.,0.,0.,0.125,0.125,0.25,0.25,0.375,0.375,        3147P   3329
0.5,0.5,0.625,0.625,0.75,0.75,0.875,0.875,1.,1.,1.,1.,1.,1.,1.,     3147P   3330
1.,1.,1.,1.,1.,1.,1.,1.,1.,1.,1.,1.,1.,0.212707182,0.957627119,     3147P   3331
0.,0.212707182,0.960155666,0.,0.213548292,0.962491739,0.,           3147P   3332
0.214389403,0.964827811,0.,0.215943571,0.966615764,0.,              3147P   3333
0.21749774,0.968403717,0.,0.21952836,0.96937135,0.,0.221558979,     3147P   3334
0.970338983,0.,0.223756906,0.970338983,0.,0.225954833,              3147P   3335
0.970338983,0.,0.227985452,0.96937135,0.,0.230016072,               3147P   3336
0.968403717,0.,0.231570241,0.966615764,0.,0.23312441,               3147P   3337
0.964827811,0.,0.23396552,0.962491739,0.,0.23480663,                3147P   3338
0.960155666,0.,0.23480663,0.957627119,0.,0.,1.,0.,0.,1.;            3147P   3339
124,-1.,-6.98296267768627E-15,0.,-299.999999999998,                 3149P   3340
-6.98296267768627E-15,1.,-6.98296267768627E-15,                     3149P   3341
-1.04017692991196E-12,4.87617677579594E-29,                         3149P   3342
-6.98296267768627E-15,-1.,1.50831993838024E-12;                     3149P   3343
100,0.,-150.,216.,-144.,216.,-156.,216.;                            3151P   3344
102,2,3141,3147;                                                    3153P   3345
102,2,3145,3151;                                                    3155P   3346
142,1,2921,3153,3155,1;                                             3157P   3347
126,16,2,1,0,1,0,0.,0.,0.,0.125,0.125,0.25,0.25,0.375,0.375,        3159P   3348
0.5,0.5,0.625,0.625,0.75,0.75,0.875,0.875,1.,1.,1.,1.,1.,1.,1.,     3159P   3349
1.,1.,1.,1.,1.,1.,1.,1.,1.,1.,1.,1.,1.,0.418968692,0.957627119,     3159P   3350
0.,0.418968692,0.955098572,0.,0.418127582,0.952762499,0.,           3159P   3351
0.417286472,0.950426426,0.,0.415732303,0.948638473,0.,              3159P   3352
0.414178134,0.94685052,0.,0.412147515,0.945882887,0.,               3159P   3353
0.410116895,0.944915254,0.,0.407918969,0.944915254,0.,              3159P   3354
0.405721042,0.944915254,0.,0.403690422,0.945882887,0.,              3159P   3355
0.401659803,0.94685052,0.,0.400105634,0.948638473,0.,               3159P   3356
0.398551465,0.950426426,0.,0.397710355,0.952762499,0.,              3159P   3357
0.396869245,0.955098572,0.,0.396869245,0.957627119,0.,0.,1.,0.,     3159P   3358
0.,1.;                                                              3159P   3359
124,1.,-7.105427357601E-15,0.,1.53604906572011E-12,                 3161P   3360
-7.105427357601E-15,-1.,6.98296267768627E-15,431.999999999997,      3161P   3361
-4.96169340471387E-29,-6.98296267768627E-15,-1.,                    3161P   3362
1.50831993838022E-12;                                               3161P   3363
100,0.,-50.,216.,-44.,216.,-56.,216.;                               3163P   3364
126,16,2,1,0,1,0,0.,0.,0.,0.125,0.125,0.25,0.25,0.375,0.375,        3165P   3365
0.5,0.5,0.625,0.625,0.75,0.75,0.875,0.875,1.,1.,1.,1.,1.,1.,1.,     3165P   3366
1.,1.,1.,1.,1.,1.,1.,1.,1.,1.,1.,1.,1.,0.396869245,0.957627119,     3165P   3367
0.,0.396869245,0.960155666,0.,0.397710355,0.962491739,0.,           3165P   3368
0.398551465,0.964827811,0.,0.400105634,0.966615764,0.,              3165P   3369
0.401659803,0.968403717,0.,0.403690422,0.96937135,0.,               3165P   3370
0.405721042,0.970338983,0.,0.407918969,0.970338983,0.,              3165P   3371
0.410116895,0.970338983,0.,0.412147515,0.96937135,0.,               3165P   3372
0.414178134,0.968403717,0.,0.415732303,0.966615764,0.,              3165P   3373
0.417286472,0.964827811,0.,0.418127582,0.962491739,0.,              3165P   3374
0.418968692,0.960155666,0.,0.418968692,0.957627119,0.,0.,1.,0.,     3165P   3375
0.,1.;                                                              3165P   3376
124,-1.,-6.98296267768627E-15,0.,-99.9999999999985,                 3167P   3377
-6.98296267768627E-15,1.,-6.98296267768627E-15,                     3167P   3378
-3.3747378476543E-13,4.87617677579594E-29,                          3167P   3379
-6.98296267768627E-15,-1.,1.50831993838023E-12;                     3167P   3380
100,0.,-50.,216.,-44.,216.,-56.,216.;                               3169P   3381
102,2,3159,3165;                                                    3171P   3382
102,2,3163,3169;                                                    3173P   3383
142,1,2921,3171,3173,1;                                             3175P   3384
126,16,2,1,0,1,0,0.,0.,0.,0.125,0.125,0.25,0.25,0.375,0.375,        3177P   3385
0.5,0.5,0.625,0.625,0.75,0.75,0.875,0.875,1.,1.,1.,1.,1.,1.,1.,     3177P   3386
1.,1.,1.,1.,1.,1.,1.,1.,1.,1.,1.,1.,1.,0.603130755,0.957627119,     3177P   3387
0.,0.603130755,0.955098572,0.,0.602289645,0.952762499,0.,           3177P   3388
0.601448535,0.950426426,0.,0.599894366,0.948638473,0.,              3177P   3389
0.598340197,0.94685052,0.,0.596309578,0.945882887,0.,               3177P   3390
0.594278958,0.944915254,0.,0.592081031,0.944915254,0.,              3177P   3391
0.589883105,0.944915254,0.,0.587852485,0.945882887,0.,              3177P   3392
0.585821866,0.94685052,0.,0.584267697,0.948638473,0.,               3177P   3393
0.582713528,0.950426426,0.,0.581872418,0.952762499,0.,              3177P   3394
0.581031308,0.955098572,0.,0.581031308,0.957627119,0.,0.,1.,0.,     3177P   3395
0.,1.;                                                              3177P   3396
124,1.,-7.105427357601E-15,0.,1.53604906572011E-12,                 3179P   3397
-7.105427357601E-15,-1.,6.98296267768627E-15,431.999999999996,      3179P   3398
-4.96169340471387E-29,-6.98296267768627E-15,-1.,                    3179P   3399
1.50831993838022E-12;                                               3179P   3400
100,0.,50.,216.,56.,216.,44.,216.;                                  3181P   3401
126,16,2,1,0,1,0,0.,0.,0.,0.125,0.125,0.25,0.25,0.375,0.375,        3183P   3402
0.5,0.5,0.625,0.625,0.75,0.75,0.875,0.875,1.,1.,1.,1.,1.,1.,1.,     3183P   3403
1.,1.,1.,1.,1.,1.,1.,1.,1.,1.,1.,1.,1.,0.581031308,0.957627119,     3183P   3404
0.,0.581031308,0.960155666,0.,0.581872418,0.962491739,0.,           3183P   3405
0.582713528,0.964827811,0.,0.584267697,0.966615764,0.,              3183P   3406
0.585821866,0.968403717,0.,0.587852485,0.96937135,0.,               3183P   3407
0.589883105,0.970338983,0.,0.592081031,0.970338983,0.,              3183P   3408
0.594278958,0.970338983,0.,0.596309578,0.96937135,0.,               3183P   3409
0.598340197,0.968403717,0.,0.599894366,0.966615764,0.,              3183P   3410
0.601448535,0.964827811,0.,0.602289645,0.962491739,0.,              3183P   3411
0.603130755,0.960155666,0.,0.603130755,0.957627119,0.,0.,1.,0.,     3183P   3412
0.,1.;                                                              3183P   3413
124,-1.,-6.98296267768627E-15,0.,100.000000000002,                  3185P   3414
-6.98296267768627E-15,1.,-6.98296267768627E-15,                     3185P   3415
3.37473784765472E-13,4.87617677579594E-29,                          3185P   3416
-6.98296267768627E-15,-1.,1.50831993838022E-12;                     3185P   3417
100,0.,50.,216.,56.,216.,44.,216.;                                  3187P   3418
102,2,3177,3183;                                                    3189P   3419
102,2,3181,3187;                                                    3191P   3420
142,1,2921,3189,3191,1;                                             3193P   3421
126,16,2,1,0,1,0,0.,0.,0.,0.125,0.125,0.25,0.25,0.375,0.375,        3195P   3422
0.5,0.5,0.625,0.625,0.75,0.75,0.875,0.875,1.,1.,1.,1.,1.,1.,1.,     3195P   3423
1.,1.,1.,1.,1.,1.,1.,1.,1.,1.,1.,1.,1.,0.787292818,0.957627119,     3195P   3424
0.,0.787292818,0.955098572,0.,0.786451708,0.952762499,0.,           3195P   3425
0.785610597,0.950426426,0.,0.784056429,0.948638473,0.,              3195P   3426
0.78250226,0.94685052,0.,0.78047164,0.945882887,0.,0.778441021,     3195P   3427
0.944915254,0.,0.776243094,0.944915254,0.,0.774045167,              3195P   3428
0.944915254,0.,0.772014548,0.945882887,0.,0.769983928,              3195P   3429
0.94685052,0.,0.768429759,0.948638473,0.,0.76687559,                3195P   3430
0.950426426,0.,0.76603448,0.952762499,0.,0.76519337,                3195P   3431
0.955098572,0.,0.76519337,0.957627119,0.,0.,1.,0.,0.,1.;            3195P   3432
124,1.,-7.105427357601E-15,0.,1.54298795962401E-12,                 3197P   3433
-7.105427357601E-15,-1.,6.98296267768627E-15,431.999999999995,      3197P   3434
-4.96169340471387E-29,-6.98296267768627E-15,-1.,                    3197P   3435
1.50831993838022E-12;                                               3197P   3436
100,0.,150.,216.,156.,216.,144.,216.;                               3199P   3437
126,16,2,1,0,1,0,0.,0.,0.,0.125,0.125,0.25,0.25,0.375,0.375,        3201P   3438
0.5,0.5,0.625,0.625,0.75,0.75,0.875,0.875,1.,1.,1.,1.,1.,1.,1.,     3201P   3439
1.,1.,1.,1.,1.,1.,1.,1.,1.,1.,1.,1.,1.,0.76519337,0.957627119,      3201P   3440
0.,0.76519337,0.960155666,0.,0.76603448,0.962491739,0.,             3201P   3441
0.76687559,0.964827811,0.,0.768429759,0.966615764,0.,               3201P   3442
0.769983928,0.968403717,0.,0.772014548,0.96937135,0.,               3201P   3443
0.774045167,0.970338983,0.,0.776243094,0.970338983,0.,              3201P   3444
0.778441021,0.970338983,0.,0.78047164,0.96937135,0.,0.78250226,     3201P   3445
0.968403717,0.,0.784056429,0.966615764,0.,0.785610597,              3201P   3446
0.964827811,0.,0.786451708,0.962491739,0.,0.787292818,              3201P   3447
0.960155666,0.,0.787292818,0.957627119,0.,0.,1.,0.,0.,1.;           3201P   3448
124,-1.,-6.98296267768627E-15,0.,300.000000000002,                  3203P   3449
-6.98296267768627E-15,1.,-6.98296267768627E-15,                     3203P   3450
1.040176929912E-12,4.87617677579594E-29,-6.98296267768627E-15,      3203P   3451
-1.,1.50831993838021E-12;                                           3203P   3452
100,0.,150.,216.,156.,216.,144.,216.;                               3205P   3453
102,2,3195,3201;                                                    3207P   3454
102,2,3199,3205;                                                    3209P   3455
142,1,2921,3207,3209,1;                                             3211P   3456
126,16,2,1,0,1,0,0.,0.,0.,0.125,0.125,0.25,0.25,0.375,0.375,        3213P   3457
0.5,0.5,0.625,0.625,0.75,0.75,0.875,0.875,1.,1.,1.,1.,1.,1.,1.,     3213P   3458
1.,1.,1.,1.,1.,1.,1.,1.,1.,1.,1.,1.,1.,0.23480663,0.042372881,      3213P   3459
0.,0.23480663,0.039844334,0.,0.23396552,0.037508261,0.,             3213P   3460
0.23312441,0.035172189,0.,0.231570241,0.033384236,0.,               3213P   3461
0.230016072,0.031596283,0.,0.227985452,0.03062865,0.,               3213P   3462
0.225954833,0.029661017,0.,0.223756906,0.029661017,0.,              3213P   3463
0.221558979,0.029661017,0.,0.21952836,0.03062865,0.,0.21749774,     3213P   3464
0.031596283,0.,0.215943571,0.033384236,0.,0.214389403,              3213P   3465
0.035172189,0.,0.213548292,0.037508261,0.,0.212707182,              3213P   3466
0.039844334,0.,0.212707182,0.042372881,0.,0.,1.,0.,0.,1.;           3213P   3467
124,1.,-7.105427357601E-15,0.,-1.54298795962406E-12,                3215P   3468
-7.105427357601E-15,-1.,6.98296267768627E-15,-432.000000000002,     3215P   3469
-4.96169340471387E-29,-6.98296267768627E-15,-1.,                    3215P   3470
-1.50831993838025E-12;                                              3215P   3471
100,0.,-150.,-216.,-144.,-216.,-156.,-216.;                         3217P   3472
126,16,2,1,0,1,0,0.,0.,0.,0.125,0.125,0.25,0.25,0.375,0.375,        3219P   3473
0.5,0.5,0.625,0.625,0.75,0.75,0.875,0.875,1.,1.,1.,1.,1.,1.,1.,     3219P   3474
1.,1.,1.,1.,1.,1.,1.,1.,1.,1.,1.,1.,1.,0.212707182,0.042372881,     3219P   3475
0.,0.212707182,0.044901428,0.,0.213548292,0.047237501,0.,           3219P   3476
0.214389403,0.049573574,0.,0.215943571,0.051361527,0.,              3219P   3477
0.21749774,0.05314948,0.,0.21952836,0.054117113,0.,0.221558979,     3219P   3478
0.055084746,0.,0.223756906,0.055084746,0.,0.225954833,              3219P   3479
0.055084746,0.,0.227985452,0.054117113,0.,0.230016072,              3219P   3480
0.05314948,0.,0.231570241,0.051361527,0.,0.23312441,                3219P   3481
0.049573574,0.,0.23396552,0.047237501,0.,0.23480663,                3219P   3482
0.044901428,0.,0.23480663,0.042372881,0.,0.,1.,0.,0.,1.;            3219P   3483
124,-1.,-6.98296267768627E-15,0.,-300.000000000011,                 3221P   3484
-6.98296267768627E-15,1.,-6.98296267768627E-15,                     3221P   3485
-1.04017692991207E-12,4.87617677579594E-29,                         3221P   3486
-6.98296267768627E-15,-1.,-1.50831993838023E-12;                    3221P   3487
100,0.,-150.,-216.,-144.,-216.,-156.,-216.;                         3223P   3488
102,2,3213,3219;                                                    3225P   3489
102,2,3217,3223;                                                    3227P   3490
142,1,2921,3225,3227,1;                                             3229P   3491
126,16,2,1,0,1,0,0.,0.,0.,0.125,0.125,0.25,0.25,0.375,0.375,        3231P   3492
0.5,0.5,0.625,0.625,0.75,0.75,0.875,0.875,1.,1.,1.,1.,1.,1.,1.,     3231P   3493
1.,1.,1.,1.,1.,1.,1.,1.,1.,1.,1.,1.,1.,0.418968692,0.042372881,     3231P   3494
0.,0.418968692,0.039844334,0.,0.418127582,0.037508261,0.,           3231P   3495
0.417286472,0.035172189,0.,0.415732303,0.033384236,0.,              3231P   3496
0.414178134,0.031596283,0.,0.412147515,0.03062865,0.,               3231P   3497
0.410116895,0.029661017,0.,0.407918969,0.029661017,0.,              3231P   3498
0.405721042,0.029661017,0.,0.403690422,0.03062865,0.,               3231P   3499
0.401659803,0.031596283,0.,0.400105634,0.033384236,0.,              3231P   3500
0.398551465,0.035172189,0.,0.397710355,0.037508261,0.,              3231P   3501
0.396869245,0.039844334,0.,0.396869245,0.042372881,0.,0.,1.,0.,     3231P   3502
0.,1.;                                                              3231P   3503
124,1.,-7.105427357601E-15,0.,-1.53604906572016E-12,                3233P   3504
-7.105427357601E-15,-1.,6.98296267768627E-15,-432.000000000003,     3233P   3505
-4.96169340471387E-29,-6.98296267768627E-15,-1.,                    3233P   3506
-1.50831993838025E-12;                                              3233P   3507
100,0.,-50.,-216.,-44.,-216.,-56.,-216.;                            3235P   3508
126,16,2,1,0,1,0,0.,0.,0.,0.125,0.125,0.25,0.25,0.375,0.375,        3237P   3509
0.5,0.5,0.625,0.625,0.75,0.75,0.875,0.875,1.,1.,1.,1.,1.,1.,1.,     3237P   3510
1.,1.,1.,1.,1.,1.,1.,1.,1.,1.,1.,1.,1.,0.396869245,0.042372881,     3237P   3511
0.,0.396869245,0.044901428,0.,0.397710355,0.047237501,0.,           3237P   3512
0.398551465,0.049573574,0.,0.400105634,0.051361527,0.,              3237P   3513
0.401659803,0.05314948,0.,0.403690422,0.054117113,0.,               3237P   3514
0.405721042,0.055084746,0.,0.407918969,0.055084746,0.,              3237P   3515
0.410116895,0.055084746,0.,0.412147515,0.054117113,0.,              3237P   3516
0.414178134,0.05314948,0.,0.415732303,0.051361527,0.,               3237P   3517
0.417286472,0.049573574,0.,0.418127582,0.047237501,0.,              3237P   3518
0.418968692,0.044901428,0.,0.418968692,0.042372881,0.,0.,1.,0.,     3237P   3519
0.,1.;                                                              3237P   3520
124,-1.,-6.98296267768627E-15,0.,-100.000000000011,                 3239P   3521
-6.98296267768627E-15,1.,-6.98296267768627E-15,                     3239P   3522
-3.37473784765535E-13,4.87617677579594E-29,                         3239P   3523
-6.98296267768627E-15,-1.,-1.50831993838024E-12;                    3239P   3524
100,0.,-50.,-216.,-44.,-216.,-56.,-216.;                            3241P   3525
102,2,3231,3237;                                                    3243P   3526
102,2,3235,3241;                                                    3245P   3527
142,1,2921,3243,3245,1;                                             3247P   3528
126,16,2,1,0,1,0,0.,0.,0.,0.125,0.125,0.25,0.25,0.375,0.375,        3249P   3529
0.5,0.5,0.625,0.625,0.75,0.75,0.875,0.875,1.,1.,1.,1.,1.,1.,1.,     3249P   3530
1.,1.,1.,1.,1.,1.,1.,1.,1.,1.,1.,1.,1.,0.603130755,0.042372881,     3249P   3531
0.,0.603130755,0.039844334,0.,0.602289645,0.037508261,0.,           3249P   3532
0.601448535,0.035172189,0.,0.599894366,0.033384236,0.,              3249P   3533
0.598340197,0.031596283,0.,0.596309578,0.03062865,0.,               3249P   3534
0.594278958,0.029661017,0.,0.592081031,0.029661017,0.,              3249P   3535
0.589883105,0.029661017,0.,0.587852485,0.03062865,0.,               3249P   3536
0.585821866,0.031596283,0.,0.584267697,0.033384236,0.,              3249P   3537
0.582713528,0.035172189,0.,0.581872418,0.037508261,0.,              3249P   3538
0.581031308,0.039844334,0.,0.581031308,0.042372881,0.,0.,1.,0.,     3249P   3539
0.,1.;                                                              3249P   3540
124,1.,-7.105427357601E-15,0.,-1.53604906572016E-12,                3251P   3541
-7.105427357601E-15,-1.,6.98296267768627E-15,-432.000000000004,     3251P   3542
-4.96169340471387E-29,-6.98296267768627E-15,-1.,                    3251P   3543
-1.50831993838025E-12;                                              3251P   3544
100,0.,50.,-216.,56.,-216.,44.,-216.;                               3253P   3545
126,16,2,1,0,1,0,0.,0.,0.,0.125,0.125,0.25,0.25,0.375,0.375,        3255P   3546
0.5,0.5,0.625,0.625,0.75,0.75,0.875,0.875,1.,1.,1.,1.,1.,1.,1.,     3255P   3547
1.,1.,1.,1.,1.,1.,1.,1.,1.,1.,1.,1.,1.,0.581031308,0.042372881,     3255P   3548
0.,0.581031308,0.044901428,0.,0.581872418,0.047237501,0.,           3255P   3549
0.582713528,0.049573574,0.,0.584267697,0.051361527,0.,              3255P   3550
0.585821866,0.05314948,0.,0.587852485,0.054117113,0.,               3255P   3551
0.589883105,0.055084746,0.,0.592081031,0.055084746,0.,              3255P   3552
0.594278958,0.055084746,0.,0.596309578,0.054117113,0.,              3255P   3553
0.598340197,0.05314948,0.,0.599894366,0.051361527,0.,               3255P   3554
0.601448535,0.049573574,0.,0.602289645,0.047237501,0.,              3255P   3555
0.603130755,0.044901428,0.,0.603130755,0.042372881,0.,0.,1.,0.,     3255P   3556
0.,1.;                                                              3255P   3557
124,-1.,-6.98296267768627E-15,0.,99.9999999999895,                  3257P   3558
-6.98296267768627E-15,1.,-6.98296267768627E-15,                     3257P   3559
3.37473784765367E-13,4.87617677579594E-29,                          3257P   3560
-6.98296267768627E-15,-1.,-1.50831993838025E-12;                    3257P   3561
100,0.,50.,-216.,56.,-216.,44.,-216.;                               3259P   3562
102,2,3249,3255;                                                    3261P   3563
102,2,3253,3259;                                                    3263P   3564
142,1,2921,3261,3263,1;                                             3265P   3565
126,16,2,1,0,1,0,0.,0.,0.,0.125,0.125,0.25,0.25,0.375,0.375,        3267P   3566
0.5,0.5,0.625,0.625,0.75,0.75,0.875,0.875,1.,1.,1.,1.,1.,1.,1.,     3267P   3567
1.,1.,1.,1.,1.,1.,1.,1.,1.,1.,1.,1.,1.,0.787292818,0.042372881,     3267P   3568
0.,0.787292818,0.039844334,0.,0.786451708,0.037508261,0.,           3267P   3569
0.785610597,0.035172189,0.,0.784056429,0.033384236,0.,              3267P   3570
0.78250226,0.031596283,0.,0.78047164,0.03062865,0.,0.778441021,     3267P   3571
0.029661017,0.,0.776243094,0.029661017,0.,0.774045167,              3267P   3572
0.029661017,0.,0.772014548,0.03062865,0.,0.769983928,               3267P   3573
0.031596283,0.,0.768429759,0.033384236,0.,0.76687559,               3267P   3574
0.035172189,0.,0.76603448,0.037508261,0.,0.76519337,                3267P   3575
0.039844334,0.,0.76519337,0.042372881,0.,0.,1.,0.,0.,1.;            3267P   3576
124,1.,-7.105427357601E-15,0.,-1.54298795962407E-12,                3269P   3577
-7.105427357601E-15,-1.,6.98296267768627E-15,-432.000000000005,     3269P   3578
-4.96169340471387E-29,-6.98296267768627E-15,-1.,                    3269P   3579
-1.50831993838025E-12;                                              3269P   3580
100,0.,150.,-216.,156.,-216.,144.,-216.;                            3271P   3581
126,16,2,1,0,1,0,0.,0.,0.,0.125,0.125,0.25,0.25,0.375,0.375,        3273P   3582
0.5,0.5,0.625,0.625,0.75,0.75,0.875,0.875,1.,1.,1.,1.,1.,1.,1.,     3273P   3583
1.,1.,1.,1.,1.,1.,1.,1.,1.,1.,1.,1.,1.,0.76519337,0.042372881,      3273P   3584
0.,0.76519337,0.044901428,0.,0.76603448,0.047237501,0.,             3273P   3585
0.76687559,0.049573574,0.,0.768429759,0.051361527,0.,               3273P   3586
0.769983928,0.05314948,0.,0.772014548,0.054117113,0.,               3273P   3587
0.774045167,0.055084746,0.,0.776243094,0.055084746,0.,              3273P   3588
0.778441021,0.055084746,0.,0.78047164,0.054117113,0.,               3273P   3589
0.78250226,0.05314948,0.,0.784056429,0.051361527,0.,                3273P   3590
0.785610597,0.049573574,0.,0.786451708,0.047237501,0.,              3273P   3591
0.787292818,0.044901428,0.,0.787292818,0.042372881,0.,0.,1.,0.,     3273P   3592
0.,1.;                                                              3273P   3593
124,-1.,-6.98296267768627E-15,0.,299.999999999989,                  3275P   3594
-6.98296267768627E-15,1.,-6.98296267768627E-15,                     3275P   3595
1.0401769299119E-12,4.87617677579594E-29,-6.98296267768627E-15,     3275P   3596
-1.,-1.50831993838026E-12;                                          3275P   3597
100,0.,150.,-216.,156.,-216.,144.,-216.;                            3277P   3598
102,2,3267,3273;                                                    3279P   3599
102,2,3271,3277;                                                    3281P   3600
142,1,2921,3279,3281,1;                                             3283P   3601
126,4,2,1,0,1,0,0.,0.,0.,0.5,0.5,1.,1.,1.,1.,1.,1.,1.,1.,           3285P   3602
0.93754002,0.924819314,0.,0.936869488,0.92421707,0.,                3285P   3603
0.936496438,0.923337543,0.,0.936123389,0.922458016,0.,              3285P   3604
0.936123389,0.921479369,0.,0.,1.,0.,0.,-1.;                         3285P   3605
100,0.,238.815,198.938262309,237.584230769,200.514716273,           3287P   3606
236.815,198.938262309;                                              3287P   3607
126,1,1,1,0,1,0,0.,0.,1.,1.,1.,1.,0.936123389,0.921479369,0.,       3289P   3608
0.936123389,0.078520631,0.,0.,1.,0.,0.,1.;                          3289P   3609
110,236.815,198.938262309,0.,236.815,-198.938262309,0.;             3291P   3610
126,4,2,1,0,1,0,0.,0.,0.,0.5,0.5,1.,1.,1.,1.,1.,1.,1.,1.,           3293P   3611
0.936123389,0.078520631,0.,0.936123389,0.077541984,0.,              3293P   3612
0.936496438,0.076662457,0.,0.936869488,0.07578293,0.,               3293P   3613
0.93754002,0.075180686,0.,0.,1.,0.,0.,-1.;                          3293P   3614
100,0.,238.815,-198.938262309,236.815,-198.938262309,               3295P   3615
237.584230769,-200.514716273;                                       3295P   3616
126,16,2,1,0,1,0,0.,0.,0.,0.125,0.125,0.25,0.25,0.375,0.375,        3297P   3617
0.5,0.5,0.625,0.625,0.75,0.75,0.875,0.875,1.,1.,1.,1.,1.,1.,1.,     3297P   3618
1.,1.,1.,1.,1.,1.,1.,1.,1.,1.,1.,1.,1.,0.93754002,0.075180686,      3297P   3619
0.,0.937929931,0.074830484,0.,0.93816037,0.074326927,0.,            3297P   3620
0.93839081,0.07382337,0.,0.938421096,0.07325536,0.,0.938451381,     3297P   3621
0.07268735,0.,0.938276166,0.072155167,0.,0.93810095,                3297P   3622
0.071622985,0.,0.937751167,0.071220586,0.,0.937401384,              3297P   3623
0.070818187,0.,0.936938787,0.070616615,0.,0.93647619,               3297P   3624
0.070415042,0.,0.93598245,0.070449883,0.,0.93548871,                3297P   3625
0.070484724,0.,0.935050995,0.070749828,0.,0.934613281,              3297P   3626
0.071014932,0.,0.93430887,0.071463494,0.,0.,1.,0.,0.,1.;            3297P   3627
124,0.615384615384607,0.788226981996899,-4.29720780165302E-15,      3299P   3628
249.91042918007,0.788226981996899,-0.615384615384607,               3299P   3629
5.50415959682963E-15,-512.163972741594,1.69409153719032E-15,        3299P   3630
-6.77435027302099E-15,-1.,-1.76621786739346E-12;                    3299P   3631
100,0.,236.815,-201.5,238.065,-201.5,235.602343105,                 3301P   3632
-201.803254438;                                                     3301P   3633
126,4,2,1,0,1,0,0.,0.,0.,0.5,0.5,1.,1.,1.,1.,1.,1.,1.,1.,           3303P   3634
0.93430887,0.071463494,0.,0.933785372,0.07223489,0.,                3303P   3635
0.933020848,0.072664055,0.,0.932256324,0.07309322,0.,               3303P   3636
0.93140564,0.07309322,0.,0.,1.,0.,0.,-1.;                           3303P   3637
100,0.,234.253262309,-203.5,235.829716273,-202.269230769,           3305P   3638
234.253262309,-201.5;                                               3305P   3639
126,1,1,1,0,1,0,0.,0.,1.,1.,1.,1.,0.93140564,0.07309322,0.,         3307P   3640
0.06859436,0.07309322,0.,0.,1.,0.,0.,1.;                            3307P   3641
110,234.253262309,-201.5,0.,-234.253262309,-201.5,0.;               3309P   3642
126,4,2,1,0,1,0,0.,0.,0.,0.5,0.5,1.,1.,1.,1.,1.,1.,1.,1.,           3311P   3643
0.06859436,0.07309322,0.,0.067743676,0.07309322,0.,0.066979152,     3311P   3644
0.072664055,0.,0.066214628,0.07223489,0.,0.06569113,                3311P   3645
0.071463494,0.,0.,1.,0.,0.,-1.;                                     3311P   3646
100,0.,-234.253262309,-203.5,-234.253262309,-201.5,                 3313P   3647
-235.829716273,-202.269230769;                                      3313P   3648
126,16,2,1,0,1,0,0.,0.,0.,0.125,0.125,0.25,0.25,0.375,0.375,        3315P   3649
0.5,0.5,0.625,0.625,0.75,0.75,0.875,0.875,1.,1.,1.,1.,1.,1.,1.,     3315P   3650
1.,1.,1.,1.,1.,1.,1.,1.,1.,1.,1.,1.,1.,0.06569113,0.071463494,      3315P   3651
0.,0.065469893,0.071137492,0.,0.065172788,0.070904617,0.,           3315P   3652
0.064875682,0.070671742,0.,0.064531004,0.070554171,0.,              3315P   3653
0.064186325,0.070436601,0.,0.063826898,0.070445533,0.,              3315P   3654
0.063467472,0.070454464,0.,0.063127527,0.070589047,0.,              3315P   3655
0.062787583,0.07072363,0.,0.062499496,0.070971047,0.,               3315P   3656
0.062211408,0.071218464,0.,0.062002614,0.071555152,0.,              3315P   3657
0.061793819,0.071891841,0.,0.061684203,0.072285736,0.,              3315P   3658
0.061574586,0.072679631,0.,0.061574586,0.07309322,0.,0.,1.,0.,      3315P   3659
0.,1.;                                                              3315P   3660
124,0.78822698199689,-0.615384615384618,0.,-174.151027258407,       3317P   3661
-0.615384615384618,-0.78822698199689,6.98296267768627E-15,          3317P   3662
-506.060044564682,-4.29720780165311E-15,-5.50415959682957E-15,      3317P   3663
-1.,-2.12673142430964E-12;                                          3317P   3664
100,0.,-236.815,-201.5,-235.565,-201.5,-237.800283727,              3319P   3665
-200.730769231;                                                     3319P   3666
126,4,2,1,0,1,0,0.,0.,0.,0.5,0.5,1.,1.,1.,1.,1.,1.,1.,1.,           3321P   3667
0.061574586,0.07309322,0.,0.061574586,0.073704875,0.,               3321P   3668
0.061807742,0.074254579,0.,0.062040898,0.074804283,0.,              3321P   3669
0.06245998,0.075180686,0.,0.,1.,0.,0.,1.;                           3321P   3670
124,-1.,3.33066907387547E-16,5.50415959682959E-15,-473.63,          3323P   3671
5.55111512312578E-17,1.,4.29720780165308E-15,                       3323P   3672
-5.69749802892354E-14,-5.50415959682959E-15,                        3323P   3673
4.29720780165308E-15,-1.,-4.37580182890105E-13;                     3323P   3674
100,0.,-236.815,-201.5,-235.565,-201.5,-236.045769231,              3325P   3675
-200.514716273;                                                     3325P   3676
126,4,2,1,0,1,0,0.,0.,0.,0.5,0.5,1.,1.,1.,1.,1.,1.,1.,1.,           3327P   3677
0.06245998,0.075180686,0.,0.063130512,0.07578293,0.,                3327P   3678
0.063503562,0.076662457,0.,0.063876611,0.077541984,0.,              3327P   3679
0.063876611,0.078520631,0.,0.,1.,0.,0.,-1.;                         3327P   3680
100,0.,-238.815,-198.938262309,-237.584230769,-200.514716273,       3329P   3681
-236.815,-198.938262309;                                            3329P   3682
126,1,1,1,0,1,0,0.,0.,1.,1.,1.,1.,0.063876611,0.078520631,0.,       3331P   3683
0.063876611,0.921479369,0.,0.,1.,0.,0.,1.;                          3331P   3684
110,-236.815,-198.938262309,0.,-236.815,198.938262309,0.;           3333P   3685
126,4,2,1,0,1,0,0.,0.,0.,0.5,0.5,1.,1.,1.,1.,1.,1.,1.,1.,           3335P   3686
0.063876611,0.921479369,0.,0.063876611,0.922458016,0.,              3335P   3687
0.063503562,0.923337543,0.,0.063130512,0.92421707,0.,               3335P   3688
0.06245998,0.924819314,0.,0.,1.,0.,0.,-1.;                          3335P   3689
100,0.,-238.815,198.938262309,-236.815,198.938262309,               3337P   3690
-237.584230769,200.514716273;                                       3337P   3691
126,4,2,1,0,1,0,0.,0.,0.,0.5,0.5,1.,1.,1.,1.,1.,1.,1.,1.,           3339P   3692
0.06245998,0.924819314,0.,0.062040898,0.925195717,0.,               3339P   3693
0.061807742,0.925745421,0.,0.061574586,0.926295125,0.,              3339P   3694
0.061574586,0.92690678,0.,0.,1.,0.,0.,1.;                           3339P   3695
124,-0.615384615384654,-0.788226981996862,0.,-223.719570819949,     3341P   3696
-0.788226981996862,0.615384615384654,6.98296267768627E-15,          3341P   3697
-109.163972741595,-5.50415959682937E-15,4.29720780165335E-15,       3341P   3698
-1.,-2.1693549269563E-12;                                           3341P   3699
100,0.,-236.815,201.5,-235.565,201.5,-236.045769231,                3343P   3700
202.485283727;                                                      3343P   3701
126,16,2,1,0,1,0,0.,0.,0.,0.125,0.125,0.25,0.25,0.375,0.375,        3345P   3702
0.5,0.5,0.625,0.625,0.75,0.75,0.875,0.875,1.,1.,1.,1.,1.,1.,1.,     3345P   3703
1.,1.,1.,1.,1.,1.,1.,1.,1.,1.,1.,1.,1.,0.061574586,0.92690678,      3345P   3704
0.,0.061574586,0.927320369,0.,0.061684203,0.927714264,0.,           3345P   3705
0.061793819,0.928108159,0.,0.062002614,0.928444848,0.,              3345P   3706
0.062211408,0.928781536,0.,0.062499496,0.929028953,0.,              3345P   3707
0.062787583,0.92927637,0.,0.063127527,0.929410953,0.,               3345P   3708
0.063467472,0.929545536,0.,0.063826898,0.929554467,0.,              3345P   3709
0.064186325,0.929563399,0.,0.064531004,0.929445829,0.,              3345P   3710
0.064875682,0.929328258,0.,0.065172788,0.929095383,0.,              3345P   3711
0.065469893,0.928862508,0.,0.06569113,0.928536506,0.,0.,1.,0.,      3345P   3712
0.,1.;                                                              3345P   3713
124,-1.,-1.0325074129014E-14,4.29720780165332E-15,                  3347P   3714
-473.629999999998,-1.0325074129014E-14,1.,-5.5041595968294E-15,     3347P   3715
-2.39226305431824E-12,-4.29720780165326E-15,                        3347P   3716
-5.50415959682945E-15,-1.,9.1444893212616E-14;                      3347P   3717
100,0.,-236.815,201.5,-235.565,201.5,-237.800283727,                3349P   3718
202.269230769;                                                      3349P   3719
126,4,2,1,0,1,0,0.,0.,0.,0.5,0.5,1.,1.,1.,1.,1.,1.,1.,1.,           3351P   3720
0.06569113,0.928536506,0.,0.066214628,0.92776511,0.,                3351P   3721
0.066979152,0.927335945,0.,0.067743676,0.92690678,0.,               3351P   3722
0.06859436,0.92690678,0.,0.,1.,0.,0.,-1.;                           3351P   3723
100,0.,-234.253262309,203.5,-235.829716273,202.269230769,           3353P   3724
-234.253262309,201.5;                                               3353P   3725
126,1,1,1,0,1,0,0.,0.,1.,1.,1.,1.,0.06859436,0.92690678,0.,         3355P   3726
0.93140564,0.92690678,0.,0.,1.,0.,0.,1.;                            3355P   3727
110,-234.253262309,201.5,0.,234.253262309,201.5,0.;                 3357P   3728
126,4,2,1,0,1,0,0.,0.,0.,0.5,0.5,1.,1.,1.,1.,1.,1.,1.,1.,           3359P   3729
0.93140564,0.92690678,0.,0.932256324,0.92690678,0.,0.933020848,     3359P   3730
0.927335945,0.,0.933785372,0.92776511,0.,0.93430887,                3359P   3731
0.928536506,0.,0.,1.,0.,0.,-1.;                                     3359P   3732
100,0.,234.253262309,203.5,234.253262309,201.5,235.829716273,       3361P   3733
202.269230769;                                                      3361P   3734
126,16,2,1,0,1,0,0.,0.,0.,0.125,0.125,0.25,0.25,0.375,0.375,        3363P   3735
0.5,0.5,0.625,0.625,0.75,0.75,0.875,0.875,1.,1.,1.,1.,1.,1.,1.,     3363P   3736
1.,1.,1.,1.,1.,1.,1.,1.,1.,1.,1.,1.,1.,0.93430887,0.928536506,      3363P   3737
0.,0.934613281,0.928985068,0.,0.935050995,0.929250172,0.,           3363P   3738
0.93548871,0.929515276,0.,0.93598245,0.929550117,0.,0.93647619,     3363P   3739
0.929584958,0.,0.936938787,0.929383385,0.,0.937401384,              3363P   3740
0.929181813,0.,0.937751167,0.928779414,0.,0.93810095,               3363P   3741
0.928377015,0.,0.938276166,0.927844833,0.,0.938451381,              3363P   3742
0.92731265,0.,0.938421096,0.92674464,0.,0.93839081,0.92617663,      3363P   3743
0.,0.93816037,0.925673073,0.,0.937929931,0.925169516,0.,            3363P   3744
0.93754002,0.924819314,0.,0.,1.,0.,0.,1.;                           3363P   3745
124,-0.788226981996908,0.615384615384596,-5.50415959682969E-15,     3365P   3746
299.478972741602,0.615384615384596,0.788226981996908,               3365P   3747
-4.29720780165295E-15,-103.06004456468,1.6940915371905E-15,         3365P   3748
-6.77435027302094E-15,-1.,9.63845292633951E-13;                     3365P   3749
100,0.,236.815,201.5,238.065,201.5,235.602343105,201.196745562;     3367P   3750
102,18,3285,3289,3293,3297,3303,3307,3311,3315,3321,3327,3331,      3369P   3751
3335,3339,3345,3351,3355,3359,3363;                                 3369P   3752
102,18,3287,3291,3295,3301,3305,3309,3313,3319,3325,3329,3333,      3371P   3753
3337,3343,3349,3353,3357,3361,3367;                                 3371P   3754
142,1,2921,3369,3371,1;                                             3373P   3755
144,2921,1,19,2959,2977,2995,3013,3031,3049,3067,3085,3103,         3375P   3756
3121,3139,3157,3175,3193,3211,3229,3247,3265,3283,3373;             3375P   3757
110,-261.5,226.,16.,-261.5,226.,-984.;                              3377P   3758
110,-271.5,226.,16.,-271.5,226.,0.;                                 3379P   3759
120,3377,3379,0.,6.28318530717959;                                  3381P   3760
126,1,1,1,0,1,0,0.,0.,1.,1.,1.,1.,0.,0.,0.,0.,1.570796327,0.,       3383P   3761
0.,1.,0.,0.,1.;                                                     3383P   3762
124,-1.,0.,6.98296267768627E-15,-523.,0.,1.,0.,0.,                  3385P   3763
-6.98296267768627E-15,0.,-1.,31.9999999999982;                      3385P   3764
100,16.,-261.5,226.,-251.5,226.,-261.5,236.;                        3387P   3765
126,1,1,1,0,1,0,0.,0.,1.,1.,1.,1.,0.,1.570796327,0.,1.,             3389P   3766
1.570796327,0.,0.,1.,0.,0.,1.;                                      3389P   3767
110,-261.5,236.,16.,-261.5,236.,0.;                                 3391P   3768
126,1,1,1,0,1,0,0.,0.,1.,1.,1.,1.,1.,1.570796327,0.,1.,0.,0.,       3393P   3769
0.,1.,0.,0.,1.;                                                     3393P   3770
100,0.,-261.5,226.,-261.5,236.,-271.5,226.;                         3395P   3771
126,1,1,1,0,1,0,0.,0.,1.,1.,1.,1.,1.,0.,0.,0.,0.,0.,0.,1.,0.,       3397P   3772
0.,1.;                                                              3397P   3773
110,-271.5,226.,0.,-271.5,226.,16.;                                 3399P   3774
102,4,3383,3389,3393,3397;                                          3401P   3775
102,4,3387,3391,3395,3399;                                          3403P   3776
142,1,3381,3401,3403,1;                                             3405P   3777
144,3381,1,0,3405;                                                  3407P   3778
110,261.5,226.,16.,261.5,226.,-984.;                                3409P   3779
110,251.5,226.,16.,251.5,226.,0.;                                   3411P   3780
120,3409,3411,0.,6.28318530717959;                                  3413P   3781
126,1,1,1,0,1,0,0.,0.,1.,1.,1.,1.,0.,1.570796327,0.,0.,             3415P   3782
3.141592654,0.,0.,1.,0.,0.,1.;                                      3415P   3783
124,6.12323399573677E-17,1.,0.,35.5000000000001,1.,                 3417P   3784
-6.12323399573677E-17,-6.98296267768627E-15,-35.5,                  3417P   3785
-6.98296267768627E-15,4.27583144589696E-31,-1.,                     3417P   3786
32.0000000000018;                                                   3417P   3787
100,16.,261.5,226.,271.5,226.,261.5,236.;                           3419P   3788
126,1,1,1,0,1,0,0.,0.,1.,1.,1.,1.,0.,3.141592654,0.,1.,             3421P   3789
3.141592654,0.,0.,1.,0.,0.,1.;                                      3421P   3790
110,271.5,226.,16.,271.5,226.,0.;                                   3423P   3791
126,1,1,1,0,1,0,0.,0.,1.,1.,1.,1.,1.,3.141592654,0.,1.,             3425P   3792
1.570796327,0.,0.,1.,0.,0.,1.;                                      3425P   3793
100,0.,261.5,226.,271.5,226.,261.5,236.;                            3427P   3794
126,1,1,1,0,1,0,0.,0.,1.,1.,1.,1.,1.,1.570796327,0.,0.,             3429P   3795
1.570796327,0.,0.,1.,0.,0.,1.;                                      3429P   3796
110,261.5,236.,0.,261.5,236.,16.;                                   3431P   3797
102,4,3415,3421,3425,3429;                                          3433P   3798
102,4,3419,3423,3427,3431;                                          3435P   3799
142,1,3413,3433,3435,1;                                             3437P   3800
144,3413,1,0,3437;                                                  3439P   3801
110,261.5,-226.,16.,261.5,-226.,-984.;                              3441P   3802
110,251.5,-226.,16.,251.5,-226.,0.;                                 3443P   3803
120,3441,3443,0.,6.28318530717959;                                  3445P   3804
126,1,1,1,0,1,0,0.,0.,1.,1.,1.,1.,0.,3.141592654,0.,0.,             3447P   3805
4.71238898,0.,0.,1.,0.,0.,1.;                                       3447P   3806
124,1.,-1.36443008254372E-14,-6.98296267768627E-15,                 3449P   3807
-2.94616700092368E-12,-1.36443008254372E-14,-1.,                    3449P   3808
-3.87632297243271E-29,-451.999999999996,-6.98296267768627E-15,      3449P   3809
1.34040873151479E-28,-1.,32.0000000000018;                          3449P   3810
100,16.,261.5,-226.,271.5,-226.,261.5,-216.;                        3451P   3811
126,1,1,1,0,1,0,0.,0.,1.,1.,1.,1.,0.,4.71238898,0.,1.,              3453P   3812
4.71238898,0.,0.,1.,0.,0.,1.;                                       3453P   3813
110,261.5,-236.,16.,261.5,-236.,0.;                                 3455P   3814
126,1,1,1,0,1,0,0.,0.,1.,1.,1.,1.,1.,4.71238898,0.,1.,              3457P   3815
3.141592654,0.,0.,1.,0.,0.,1.;                                      3457P   3816
100,0.,261.5,-226.,261.5,-236.,271.5,-226.;                         3459P   3817
126,1,1,1,0,1,0,0.,0.,1.,1.,1.,1.,1.,3.141592654,0.,0.,             3461P   3818
3.141592654,0.,0.,1.,0.,0.,1.;                                      3461P   3819
110,271.5,-226.,0.,271.5,-226.,16.;                                 3463P   3820
102,4,3447,3453,3457,3461;                                          3465P   3821
102,4,3451,3455,3459,3463;                                          3467P   3822
142,1,3445,3465,3467,1;                                             3469P   3823
144,3445,1,0,3469;                                                  3471P   3824
110,-261.5,-226.,16.,-261.5,-226.,-984.;                            3473P   3825
110,-271.5,-226.,16.,-271.5,-226.,0.;                               3475P   3826
120,3473,3475,0.,6.28318530717959;                                  3477P   3827
126,1,1,1,0,1,0,0.,0.,1.,1.,1.,1.,0.,4.71238898,0.,0.,              3479P   3828
6.283185307,0.,0.,1.,0.,0.,1.;                                      3479P   3829
124,-7.04419501764363E-15,-1.,0.,-487.500000000002,-1.,             3481P   3830
7.04419501764363E-15,6.98296267768627E-15,-487.499999999998,        3481P   3831
-6.98296267768627E-15,4.91893509025491E-29,-1.,                     3481P   3832
31.9999999999982;                                                   3481P   3833
100,16.,-261.5,-226.,-251.5,-226.,-261.5,-216.;                     3483P   3834
126,1,1,1,0,1,0,0.,0.,1.,1.,1.,1.,0.,6.283185307,0.,1.,             3485P   3835
6.283185307,0.,0.,1.,0.,0.,1.;                                      3485P   3836
110,-271.5,-226.,16.,-271.5,-226.,0.;                               3487P   3837
126,1,1,1,0,1,0,0.,0.,1.,1.,1.,1.,1.,6.283185307,0.,1.,             3489P   3838
4.71238898,0.,0.,1.,0.,0.,1.;                                       3489P   3839
100,0.,-261.5,-226.,-271.5,-226.,-261.5,-236.;                      3491P   3840
126,1,1,1,0,1,0,0.,0.,1.,1.,1.,1.,1.,4.71238898,0.,0.,              3493P   3841
4.71238898,0.,0.,1.,0.,0.,1.;                                       3493P   3842
110,-261.5,-236.,0.,-261.5,-236.,16.;                               3495P   3843
102,4,3479,3485,3489,3493;                                          3497P   3844
102,4,3483,3487,3491,3495;                                          3499P   3845
142,1,3477,3497,3499,1;                                             3501P   3846
144,3477,1,0,3501;                                                  3503P   3847
110,-236.815,-201.5,1.,-236.815,-201.5,-999.;                       3505P   3848
110,-238.065,-201.5,1.,-238.065,-201.5,0.;                          3507P   3849
120,3505,3507,0.,6.28318530717959;                                  3509P   3850
126,1,1,1,0,1,0,0.,0.,1.,1.,1.,1.,1.,6.283185307,0.,1.,             3511P   3851
3.804466477,0.,0.,1.,0.,0.,1.;                                      3511P   3852
100,0.,-236.815,-201.5,-238.065,-201.5,-235.829716273,              3513P   3853
-202.269230769;                                                     3513P   3854
126,1,1,1,0,1,0,0.,0.,1.,1.,1.,1.,1.,3.804466477,0.,0.,             3515P   3855
3.804466477,0.,0.,1.,0.,0.,1.;                                      3515P   3856
110,-235.829716273,-202.269230769,0.,-235.829716273,                3517P   3857
-202.269230769,1.;                                                  3517P   3858
126,1,1,1,0,1,0,0.,0.,1.,1.,1.,1.,0.,3.804466477,0.,0.,             3519P   3859
6.283185307,0.,0.,1.,0.,0.,1.;                                      3519P   3860
124,0.78822698199689,-0.615384615384618,0.,-174.151027258407,       3521P   3861
-0.615384615384618,-0.78822698199689,6.98296267768627E-15,          3521P   3862
-506.060044564682,-4.29720780165311E-15,-5.50415959682957E-15,      3521P   3863
-1.,1.99999999999787;                                               3521P   3864
100,1.,-236.815,-201.5,-235.565,-201.5,-237.800283727,              3523P   3865
-200.730769231;                                                     3523P   3866
126,1,1,1,0,1,0,0.,0.,1.,1.,1.,1.,0.,6.283185307,0.,1.,             3525P   3867
6.283185307,0.,0.,1.,0.,0.,1.;                                      3525P   3868
110,-238.065,-201.5,1.,-238.065,-201.5,0.;                          3527P   3869
102,4,3511,3515,3519,3525;                                          3529P   3870
102,4,3513,3517,3523,3527;                                          3531P   3871
142,1,3509,3529,3531,1;                                             3533P   3872
144,3509,1,0,3533;                                                  3535P   3873
128,1,1,1,1,0,0,1,0,0,0.,0.,1.,1.,0.,0.,1.,1.,1.,1.,1.,1.,          3537P   3874
-234.253262309,-201.5,0.,234.253262309,-201.5,0.,                   3537P   3875
-234.253262309,-201.5,1.,234.253262309,-201.5,1.,0.,1.,0.,1.;       3537P   3876
126,1,1,1,0,1,0,0.,0.,1.,1.,1.,1.,1.,0.,0.,1.,1.,0.,0.,1.,0.,       3539P   3877
0.,1.;                                                              3539P   3878
110,234.253262309,-201.5,0.,234.253262309,-201.5,1.;                3541P   3879
126,1,1,1,0,1,0,0.,0.,1.,1.,1.,1.,1.,1.,0.,0.,1.,0.,0.,1.,0.,       3543P   3880
0.,1.;                                                              3543P   3881
110,234.253262309,-201.5,1.,-234.253262309,-201.5,1.;               3545P   3882
126,1,1,1,0,1,0,0.,0.,1.,1.,1.,1.,0.,1.,0.,0.,0.,0.,0.,1.,0.,       3547P   3883
0.,1.;                                                              3547P   3884
110,-234.253262309,-201.5,1.,-234.253262309,-201.5,0.;              3549P   3885
126,1,1,1,0,1,0,0.,0.,1.,1.,1.,1.,0.,0.,0.,1.,0.,0.,0.,1.,0.,       3551P   3886
0.,1.;                                                              3551P   3887
110,-234.253262309,-201.5,0.,234.253262309,-201.5,0.;               3553P   3888
102,4,3539,3543,3547,3551;                                          3555P   3889
102,4,3541,3545,3549,3553;                                          3557P   3890
142,1,3537,3555,3557,1;                                             3559P   3891
144,3537,1,0,3559;                                                  3561P   3892
110,236.815,-201.5,1.,236.815,-201.5,-999.;                         3563P   3893
110,235.565,-201.5,1.,235.565,-201.5,0.;                            3565P   3894
120,3563,3565,0.,6.28318530717959;                                  3567P   3895
126,1,1,1,0,1,0,0.,0.,1.,1.,1.,1.,0.,5.620311484,0.,1.,             3569P   3896
5.620311484,0.,0.,1.,0.,0.,1.;                                      3569P   3897
110,235.829716273,-202.269230769,1.,235.829716273,                  3571P   3898
-202.269230769,0.;                                                  3571P   3899
126,1,1,1,0,1,0,0.,0.,1.,1.,1.,1.,1.,5.620311484,0.,1.,             3573P   3900
2.23367015,0.,0.,1.,0.,0.,1.;                                       3573P   3901
100,0.,236.815,-201.5,235.829716273,-202.269230769,                 3575P   3902
237.584230769,-200.514716273;                                       3575P   3903
126,1,1,1,0,1,0,0.,0.,1.,1.,1.,1.,1.,2.23367015,0.,0.,              3577P   3904
2.23367015,0.,0.,1.,0.,0.,1.;                                       3577P   3905
110,237.584230769,-200.514716273,0.,237.584230769,                  3579P   3906
-200.514716273,1.;                                                  3579P   3907
126,1,1,1,0,1,0,0.,0.,1.,1.,1.,1.,0.,2.23367015,0.,0.,              3581P   3908
5.620311484,0.,0.,1.,0.,0.,1.;                                      3581P   3909
124,0.615384615384607,0.788226981996899,-4.29720780165302E-15,      3583P   3910
249.91042918007,0.788226981996899,-0.615384615384607,               3583P   3911
5.50415959682963E-15,-512.163972741594,1.69409153719032E-15,        3583P   3912
-6.77435027302099E-15,-1.,1.99999999999823;                         3583P   3913
100,1.,236.815,-201.5,238.065,-201.5,235.602343105,                 3585P   3914
-201.803254438;                                                     3585P   3915
102,4,3569,3573,3577,3581;                                          3587P   3916
102,4,3571,3575,3579,3585;                                          3589P   3917
142,1,3567,3587,3589,1;                                             3591P   3918
144,3567,1,0,3591;                                                  3593P   3919
128,1,1,1,1,0,0,1,0,0,0.,0.,1.,1.,0.,0.,1.,1.,1.,1.,1.,1.,          3595P   3920
236.815,-198.938262309,1.,236.815,-198.938262309,0.,236.815,        3595P   3921
198.938262309,1.,236.815,198.938262309,0.,0.,1.,0.,1.;              3595P   3922
126,1,1,1,0,1,0,0.,0.,1.,1.,1.,1.,0.,0.,0.,1.,0.,0.,0.,1.,0.,       3597P   3923
0.,1.;                                                              3597P   3924
110,236.815,-198.938262309,1.,236.815,-198.938262309,0.;            3599P   3925
126,1,1,1,0,1,0,0.,0.,1.,1.,1.,1.,1.,0.,0.,1.,1.,0.,0.,1.,0.,       3601P   3926
0.,1.;                                                              3601P   3927
110,236.815,-198.938262309,0.,236.815,198.938262309,0.;             3603P   3928
126,1,1,1,0,1,0,0.,0.,1.,1.,1.,1.,1.,1.,0.,0.,1.,0.,0.,1.,0.,       3605P   3929
0.,1.;                                                              3605P   3930
110,236.815,198.938262309,0.,236.815,198.938262309,1.;              3607P   3931
126,1,1,1,0,1,0,0.,0.,1.,1.,1.,1.,0.,1.,0.,0.,0.,0.,0.,1.,0.,       3609P   3932
0.,1.;                                                              3609P   3933
110,236.815,198.938262309,1.,236.815,-198.938262309,1.;             3611P   3934
102,4,3597,3601,3605,3609;                                          3613P   3935
102,4,3599,3603,3607,3611;                                          3615P   3936
142,1,3595,3613,3615,1;                                             3617P   3937
144,3595,1,0,3617;                                                  3619P   3938
110,236.815,201.5,1.,236.815,201.5,-999.;                           3621P   3939
110,235.565,201.5,1.,235.565,201.5,0.;                              3623P   3940
120,3621,3623,0.,6.28318530717959;                                  3625P   3941
126,1,1,1,0,1,0,0.,0.,1.,1.,1.,1.,0.,4.049515157,0.,1.,             3627P   3942
4.049515157,0.,0.,1.,0.,0.,1.;                                      3627P   3943
110,237.584230769,200.514716273,1.,237.584230769,200.514716273,     3629P   3944
0.;                                                                 3629P   3945
126,1,1,1,0,1,0,0.,0.,1.,1.,1.,1.,1.,4.049515157,0.,1.,             3631P   3946
0.662873824,0.,0.,1.,0.,0.,1.;                                      3631P   3947
100,0.,236.815,201.5,237.584230769,200.514716273,235.829716273,     3633P   3948
202.269230769;                                                      3633P   3949
126,1,1,1,0,1,0,0.,0.,1.,1.,1.,1.,1.,0.662873824,0.,0.,             3635P   3950
0.662873824,0.,0.,1.,0.,0.,1.;                                      3635P   3951
110,235.829716273,202.269230769,0.,235.829716273,202.269230769,     3637P   3952
1.;                                                                 3637P   3953
126,1,1,1,0,1,0,0.,0.,1.,1.,1.,1.,0.,0.662873824,0.,0.,             3639P   3954
4.049515157,0.,0.,1.,0.,0.,1.;                                      3639P   3955
124,-0.788226981996908,0.615384615384596,-5.50415959682969E-15,     3641P   3956
299.478972741602,0.615384615384596,0.788226981996908,               3641P   3957
-4.29720780165295E-15,-103.06004456468,1.6940915371905E-15,         3641P   3958
-6.77435027302094E-15,-1.,2.00000000000096;                         3641P   3959
100,1.,236.815,201.5,238.065,201.5,235.602343105,201.196745562;     3643P   3960
102,4,3627,3631,3635,3639;                                          3645P   3961
102,4,3629,3633,3637,3643;                                          3647P   3962
142,1,3625,3645,3647,1;                                             3649P   3963
144,3625,1,0,3649;                                                  3651P   3964
128,1,1,1,1,0,0,1,0,0,0.,0.,1.,1.,0.,0.,1.,1.,1.,1.,1.,1.,          3653P   3965
234.253262309,201.5,0.,-234.253262309,201.5,0.,234.253262309,       3653P   3966
201.5,1.,-234.253262309,201.5,1.,0.,1.,0.,1.;                       3653P   3967
126,1,1,1,0,1,0,0.,0.,1.,1.,1.,1.,1.,0.,0.,1.,1.,0.,0.,1.,0.,       3655P   3968
0.,1.;                                                              3655P   3969
110,-234.253262309,201.5,0.,-234.253262309,201.5,1.;                3657P   3970
126,1,1,1,0,1,0,0.,0.,1.,1.,1.,1.,1.,1.,0.,0.,1.,0.,0.,1.,0.,       3659P   3971
0.,1.;                                                              3659P   3972
110,-234.253262309,201.5,1.,234.253262309,201.5,1.;                 3661P   3973
126,1,1,1,0,1,0,0.,0.,1.,1.,1.,1.,0.,1.,0.,0.,0.,0.,0.,1.,0.,       3663P   3974
0.,1.;                                                              3663P   3975
110,234.253262309,201.5,1.,234.253262309,201.5,0.;                  3665P   3976
126,1,1,1,0,1,0,0.,0.,1.,1.,1.,1.,0.,0.,0.,1.,0.,0.,0.,1.,0.,       3667P   3977
0.,1.;                                                              3667P   3978
110,234.253262309,201.5,0.,-234.253262309,201.5,0.;                 3669P   3979
102,4,3655,3659,3663,3667;                                          3671P   3980
102,4,3657,3661,3665,3669;                                          3673P   3981
142,1,3653,3671,3673,1;                                             3675P   3982
144,3653,1,0,3675;                                                  3677P   3983
110,-236.815,201.5,1.,-236.815,201.5,-999.;                         3679P   3984
110,-238.065,201.5,1.,-238.065,201.5,0.;                            3681P   3985
120,3679,3681,0.,6.28318530717959;                                  3683P   3986
126,1,1,1,0,1,0,0.,0.,1.,1.,1.,1.,1.,6.283185307,0.,1.,             3685P   3987
5.375262804,0.,0.,1.,0.,0.,1.;                                      3685P   3988
100,0.,-236.815,201.5,-238.065,201.5,-237.584230769,                3687P   3989
200.514716273;                                                      3687P   3990
126,1,1,1,0,1,0,0.,0.,1.,1.,1.,1.,1.,5.375262804,0.,0.,             3689P   3991
5.375262804,0.,0.,1.,0.,0.,1.;                                      3689P   3992
110,-237.584230769,200.514716273,0.,-237.584230769,                 3691P   3993
200.514716273,1.;                                                   3691P   3994
126,1,1,1,0,1,0,0.,0.,1.,1.,1.,1.,0.,5.375262804,0.,0.,             3693P   3995
6.283185307,0.,0.,1.,0.,0.,1.;                                      3693P   3996
124,-0.615384615384654,-0.788226981996862,0.,-223.719570819949,     3695P   3997
-0.788226981996862,0.615384615384654,6.98296267768627E-15,          3695P   3998
-109.163972741595,-5.50415959682937E-15,4.29720780165335E-15,       3695P   3999
-1.,1.99999999999783;                                               3695P   4000
100,1.,-236.815,201.5,-235.565,201.5,-236.045769231,                3697P   4001
202.485283727;                                                      3697P   4002
126,1,1,1,0,1,0,0.,0.,1.,1.,1.,1.,0.,6.283185307,0.,1.,             3699P   4003
6.283185307,0.,0.,1.,0.,0.,1.;                                      3699P   4004
110,-238.065,201.5,1.,-238.065,201.5,0.;                            3701P   4005
102,4,3685,3689,3693,3699;                                          3703P   4006
102,4,3687,3691,3697,3701;                                          3705P   4007
142,1,3683,3703,3705,1;                                             3707P   4008
144,3683,1,0,3707;                                                  3709P   4009
128,1,1,1,1,0,0,1,0,0,0.,0.,1.,1.,0.,0.,1.,1.,1.,1.,1.,1.,          3711P   4010
-236.815,-198.938262309,0.,-236.815,-198.938262309,1.,-236.815,     3711P   4011
198.938262309,0.,-236.815,198.938262309,1.,0.,1.,0.,1.;             3711P   4012
126,1,1,1,0,1,0,0.,0.,1.,1.,1.,1.,0.,0.,0.,1.,0.,0.,0.,1.,0.,       3713P   4013
0.,1.;                                                              3713P   4014
110,-236.815,-198.938262309,0.,-236.815,-198.938262309,1.;          3715P   4015
126,1,1,1,0,1,0,0.,0.,1.,1.,1.,1.,1.,0.,0.,1.,1.,0.,0.,1.,0.,       3717P   4016
0.,1.;                                                              3717P   4017
110,-236.815,-198.938262309,1.,-236.815,198.938262309,1.;           3719P   4018
126,1,1,1,0,1,0,0.,0.,1.,1.,1.,1.,1.,1.,0.,0.,1.,0.,0.,1.,0.,       3721P   4019
0.,1.;                                                              3721P   4020
110,-236.815,198.938262309,1.,-236.815,198.938262309,0.;            3723P   4021
126,1,1,1,0,1,0,0.,0.,1.,1.,1.,1.,0.,1.,0.,0.,0.,0.,0.,1.,0.,       3725P   4022
0.,1.;                                                              3725P   4023
110,-236.815,198.938262309,0.,-236.815,-198.938262309,0.;           3727P   4024
102,4,3713,3717,3721,3725;                                          3729P   4025
102,4,3715,3719,3723,3727;                                          3731P   4026
142,1,3711,3729,3731,1;                                             3733P   4027
144,3711,1,0,3733;                                                  3735P   4028
128,1,1,1,1,0,0,1,0,0,0.,0.,1.,1.,0.,0.,1.,1.,1.,1.,1.,1.,          3737P   4029
240.92178,-205.183,1.,-240.92178,-205.183,1.,240.92178,205.183,     3737P   4030
1.,-240.92178,205.183,1.,0.,1.,0.,1.;                               3737P   4031
126,1,1,1,0,1,0,0.,0.,1.,1.,1.,1.,0.013839591,0.008974915,0.,       3739P   4032
0.986160409,0.008974915,0.,0.,1.,0.,0.,1.;                          3739P   4033
110,234.253262309,-201.5,1.,-234.253262309,-201.5,1.;               3741P   4034
126,4,2,1,0,1,0,0.,0.,0.,0.5,0.5,1.,1.,1.,1.,1.,1.,1.,1.,           3743P   4035
0.986160409,0.008974915,0.,0.987119064,0.008974915,0.,              3743P   4036
0.987980622,0.008481292,0.,0.988842181,0.00798767,0.,               3743P   4037
0.989432122,0.007100416,0.,0.,1.,0.,0.,1.;                          3743P   4038
100,1.,-234.253262309,-203.5,-234.253262309,-201.5,                 3745P   4039
-235.829716273,-202.269230769;                                      3745P   4040
126,16,2,1,0,1,0,0.,0.,0.,0.125,0.125,0.25,0.25,0.375,0.375,        3747P   4041
0.5,0.5,0.625,0.625,0.75,0.75,0.875,0.875,1.,1.,1.,1.,1.,1.,1.,     3747P   4042
1.,1.,1.,1.,1.,1.,1.,1.,1.,1.,1.,1.,1.,0.989432122,0.007100416,     3747P   4043
0.,0.989681439,0.00672545,0.,0.990016254,0.006457599,0.,            3747P   4044
0.990351069,0.006189748,0.,0.990739494,0.006054519,0.,              3747P   4045
0.99112792,0.005919291,0.,0.991532966,0.005929564,0.,               3747P   4046
0.991938012,0.005939837,0.,0.992321102,0.006094633,0.,              3747P   4047
0.992704193,0.00624943,0.,0.993028845,0.006534007,0.,               3747P   4048
0.993353497,0.006818584,0.,0.993588792,0.00720584,0.,               3747P   4049
0.993824087,0.007593097,0.,0.993947617,0.008046152,0.,              3747P   4050
0.994071146,0.008499208,0.,0.994071146,0.008974915,0.,0.,1.,0.,     3747P   4051
0.,-1.;                                                             3747P   4052
124,0.78822698199689,-0.615384615384618,0.,-174.151027258407,       3749P   4053
-0.615384615384618,-0.78822698199689,6.98296267768627E-15,          3749P   4054
-506.060044564682,-4.29720780165311E-15,-5.50415959682957E-15,      3749P   4055
-1.,1.99999999999787;                                               3749P   4056
100,1.,-236.815,-201.5,-235.565,-201.5,-237.800283727,              3751P   4057
-200.730769231;                                                     3751P   4058
126,4,2,1,0,1,0,0.,0.,0.,0.5,0.5,1.,1.,1.,1.,1.,1.,1.,1.,           3753P   4059
0.994071146,0.008974915,0.,0.994071146,0.009678436,0.,              3753P   4060
0.993808398,0.010310701,0.,0.993545649,0.010942967,0.,              3753P   4061
0.993073376,0.011375903,0.,0.,1.,0.,0.,-1.;                         3753P   4062
124,-1.,3.33066907387547E-16,5.50415959682959E-15,-473.63,          3755P   4063
5.55111512312578E-17,1.,4.29720780165308E-15,                       3755P   4064
-6.55693958925416E-14,-5.50415959682959E-15,                        3755P   4065
4.29720780165308E-15,-1.,1.99999999999956;                          3755P   4066
100,1.,-236.815,-201.5,-235.565,-201.5,-236.045769231,              3757P   4067
-200.514716273;                                                     3757P   4068
126,4,2,1,0,1,0,0.,0.,0.,0.5,0.5,1.,1.,1.,1.,1.,1.,1.,1.,           3759P   4069
0.993073376,0.011375903,0.,0.992317739,0.0120686,0.,                3759P   4070
0.991897341,0.013080225,0.,0.991476943,0.01409185,0.,               3759P   4071
0.991476943,0.015217483,0.,0.,1.,0.,0.,1.;                          3759P   4072
100,1.,-238.815,-198.938262309,-237.584230769,-200.514716273,       3761P   4073
-236.815,-198.938262309;                                            3761P   4074
126,1,1,1,0,1,0,0.,0.,1.,1.,1.,1.,0.991476943,0.015217483,0.,       3763P   4075
0.991476943,0.984782517,0.,0.,1.,0.,0.,1.;                          3763P   4076
110,-236.815,-198.938262309,1.,-236.815,198.938262309,1.;           3765P   4077
126,4,2,1,0,1,0,0.,0.,0.,0.5,0.5,1.,1.,1.,1.,1.,1.,1.,1.,           3767P   4078
0.991476943,0.984782517,0.,0.991476943,0.98590815,0.,               3767P   4079
0.991897341,0.986919775,0.,0.992317739,0.9879314,0.,                3767P   4080
0.993073376,0.988624097,0.,0.,1.,0.,0.,1.;                          3767P   4081
100,1.,-238.815,198.938262309,-236.815,198.938262309,               3769P   4082
-237.584230769,200.514716273;                                       3769P   4083
126,4,2,1,0,1,0,0.,0.,0.,0.5,0.5,1.,1.,1.,1.,1.,1.,1.,1.,           3771P   4084
0.993073376,0.988624097,0.,0.993545649,0.989057033,0.,              3771P   4085
0.993808398,0.989689299,0.,0.994071146,0.990321564,0.,              3771P   4086
0.994071146,0.991025085,0.,0.,1.,0.,0.,-1.;                         3771P   4087
124,-0.615384615384654,-0.788226981996862,0.,-223.719570819949,     3773P   4088
-0.788226981996862,0.615384615384654,6.98296267768627E-15,          3773P   4089
-109.163972741595,-5.50415959682937E-15,4.29720780165335E-15,       3773P   4090
-1.,1.99999999999783;                                               3773P   4091
100,1.,-236.815,201.5,-235.565,201.5,-236.045769231,                3775P   4092
202.485283727;                                                      3775P   4093
126,16,2,1,0,1,0,0.,0.,0.,0.125,0.125,0.25,0.25,0.375,0.375,        3777P   4094
0.5,0.5,0.625,0.625,0.75,0.75,0.875,0.875,1.,1.,1.,1.,1.,1.,1.,     3777P   4095
1.,1.,1.,1.,1.,1.,1.,1.,1.,1.,1.,1.,1.,0.994071146,0.991025085,     3777P   4096
0.,0.994071146,0.991500792,0.,0.993947617,0.991953848,0.,           3777P   4097
0.993824087,0.992406903,0.,0.993588792,0.99279416,0.,               3777P   4098
0.993353497,0.993181416,0.,0.993028845,0.993465993,0.,              3777P   4099
0.992704193,0.99375057,0.,0.992321102,0.993905367,0.,               3777P   4100
0.991938012,0.994060163,0.,0.991532966,0.994070436,0.,              3777P   4101
0.99112792,0.994080709,0.,0.990739494,0.993945481,0.,               3777P   4102
0.990351069,0.993810252,0.,0.990016254,0.993542401,0.,              3777P   4103
0.989681439,0.99327455,0.,0.989432122,0.992899584,0.,0.,1.,0.,      3777P   4104
0.,-1.;                                                             3777P   4105
124,-1.,-1.0325074129014E-14,4.29720780165332E-15,                  3779P   4106
-473.629999999998,-1.0325074129014E-14,1.,-5.5041595968294E-15,     3779P   4107
-2.38125473512459E-12,-4.29720780165326E-15,                        3779P   4108
-5.50415959682945E-15,-1.,2.00000000000009;                         3779P   4109
100,1.,-236.815,201.5,-235.565,201.5,-237.800283727,                3781P   4110
202.269230769;                                                      3781P   4111
126,4,2,1,0,1,0,0.,0.,0.,0.5,0.5,1.,1.,1.,1.,1.,1.,1.,1.,           3783P   4112
0.989432122,0.992899584,0.,0.988842181,0.99201233,0.,               3783P   4113
0.987980622,0.991518708,0.,0.987119064,0.991025085,0.,              3783P   4114
0.986160409,0.991025085,0.,0.,1.,0.,0.,1.;                          3783P   4115
100,1.,-234.253262309,203.5,-235.829716273,202.269230769,           3785P   4116
-234.253262309,201.5;                                               3785P   4117
126,1,1,1,0,1,0,0.,0.,1.,1.,1.,1.,0.986160409,0.991025085,0.,       3787P   4118
0.013839591,0.991025085,0.,0.,1.,0.,0.,1.;                          3787P   4119
110,-234.253262309,201.5,1.,234.253262309,201.5,1.;                 3789P   4120
126,4,2,1,0,1,0,0.,0.,0.,0.5,0.5,1.,1.,1.,1.,1.,1.,1.,1.,           3791P   4121
0.013839591,0.991025085,0.,0.012880936,0.991025085,0.,              3791P   4122
0.012019378,0.991518708,0.,0.011157819,0.99201233,0.,               3791P   4123
0.010567878,0.992899584,0.,0.,1.,0.,0.,1.;                          3791P   4124
100,1.,234.253262309,203.5,234.253262309,201.5,235.829716273,       3793P   4125
202.269230769;                                                      3793P   4126
126,16,2,1,0,1,0,0.,0.,0.,0.125,0.125,0.25,0.25,0.375,0.375,        3795P   4127
0.5,0.5,0.625,0.625,0.75,0.75,0.875,0.875,1.,1.,1.,1.,1.,1.,1.,     3795P   4128
1.,1.,1.,1.,1.,1.,1.,1.,1.,1.,1.,1.,1.,0.010567878,0.992899584,     3795P   4129
0.,0.01022483,0.993415518,0.,0.00973156,0.993720438,0.,             3795P   4130
0.00923829,0.994025358,0.,0.008681884,0.994065432,0.,               3795P   4131
0.008125477,0.994105506,0.,0.007604167,0.993873659,0.,              3795P   4132
0.007082856,0.993641812,0.,0.006688678,0.993178976,0.,              3795P   4133
0.0062945,0.992716139,0.,0.006097045,0.992104027,0.,                3795P   4134
0.005899591,0.991491915,0.,0.00593372,0.990838593,0.,               3795P   4135
0.00596785,0.990185272,0.,0.006227537,0.989606084,0.,               3795P   4136
0.006487225,0.989026897,0.,0.006926624,0.988624097,0.,0.,1.,0.,     3795P   4137
0.,-1.;                                                             3795P   4138
124,-0.788226981996908,0.615384615384596,-5.50415959682969E-15,     3797P   4139
299.478972741602,0.615384615384596,0.788226981996908,               3797P   4140
-4.29720780165295E-15,-103.06004456468,1.6940915371905E-15,         3797P   4141
-6.77435027302094E-15,-1.,2.00000000000096;                         3797P   4142
100,1.,236.815,201.5,238.065,201.5,235.602343105,201.196745562;     3799P   4143
126,4,2,1,0,1,0,0.,0.,0.,0.5,0.5,1.,1.,1.,1.,1.,1.,1.,1.,           3801P   4144
0.006926624,0.988624097,0.,0.007682261,0.9879314,0.,                3801P   4145
0.008102659,0.986919775,0.,0.008523057,0.98590815,0.,               3801P   4146
0.008523057,0.984782517,0.,0.,1.,0.,0.,1.;                          3801P   4147
100,1.,238.815,198.938262309,237.584230769,200.514716273,           3803P   4148
236.815,198.938262309;                                              3803P   4149
126,1,1,1,0,1,0,0.,0.,1.,1.,1.,1.,0.008523057,0.984782517,0.,       3805P   4150
0.008523057,0.015217483,0.,0.,1.,0.,0.,1.;                          3805P   4151
110,236.815,198.938262309,1.,236.815,-198.938262309,1.;             3807P   4152
126,4,2,1,0,1,0,0.,0.,0.,0.5,0.5,1.,1.,1.,1.,1.,1.,1.,1.,           3809P   4153
0.008523057,0.015217483,0.,0.008523057,0.01409185,0.,               3809P   4154
0.008102659,0.013080225,0.,0.007682261,0.0120686,0.,                3809P   4155
0.006926624,0.011375903,0.,0.,1.,0.,0.,1.;                          3809P   4156
100,1.,238.815,-198.938262309,236.815,-198.938262309,               3811P   4157
237.584230769,-200.514716273;                                       3811P   4158
126,16,2,1,0,1,0,0.,0.,0.,0.125,0.125,0.25,0.25,0.375,0.375,        3813P   4159
0.5,0.5,0.625,0.625,0.75,0.75,0.875,0.875,1.,1.,1.,1.,1.,1.,1.,     3813P   4160
1.,1.,1.,1.,1.,1.,1.,1.,1.,1.,1.,1.,1.,0.006926624,0.011375903,     3813P   4161
0.,0.006487225,0.010973103,0.,0.006227537,0.010393916,0.,           3813P   4162
0.00596785,0.009814728,0.,0.00593372,0.009161407,0.,                3813P   4163
0.005899591,0.008508085,0.,0.006097045,0.007895973,0.,              3813P   4164
0.0062945,0.007283861,0.,0.006688678,0.006821024,0.,                3813P   4165
0.007082856,0.006358188,0.,0.007604167,0.006126341,0.,              3813P   4166
0.008125477,0.005894494,0.,0.008681884,0.005934568,0.,              3813P   4167
0.00923829,0.005974642,0.,0.00973156,0.006279562,0.,0.01022483,     3813P   4168
0.006584482,0.,0.010567878,0.007100416,0.,0.,1.,0.,0.,-1.;          3813P   4169
124,0.615384615384607,0.788226981996899,-4.29720780165302E-15,      3815P   4170
249.91042918007,0.788226981996899,-0.615384615384607,               3815P   4171
5.50415959682963E-15,-512.163972741594,1.69409153719032E-15,        3815P   4172
-6.77435027302099E-15,-1.,1.99999999999823;                         3815P   4173
100,1.,236.815,-201.5,238.065,-201.5,235.602343105,                 3817P   4174
-201.803254438;                                                     3817P   4175
126,4,2,1,0,1,0,0.,0.,0.,0.5,0.5,1.,1.,1.,1.,1.,1.,1.,1.,           3819P   4176
0.010567878,0.007100416,0.,0.011157819,0.00798767,0.,               3819P   4177
0.012019378,0.008481292,0.,0.012880936,0.008974915,0.,              3819P   4178
0.013839591,0.008974915,0.,0.,1.,0.,0.,1.;                          3819P   4179
100,1.,234.253262309,-203.5,235.829716273,-202.269230769,           3821P   4180
234.253262309,-201.5;                                               3821P   4181
102,18,3739,3743,3747,3753,3759,3763,3767,3771,3777,3783,3787,      3823P   4182
3791,3795,3801,3805,3809,3813,3819;                                 3823P   4183
102,18,3741,3745,3751,3757,3761,3765,3769,3775,3781,3785,3789,      3825P   4184
3793,3799,3803,3807,3811,3817,3821;                                 3825P   4185
142,1,3737,3823,3825,1;                                             3827P   4186
144,3737,1,0,3827;                                                  3829P   4187
110,150.,-216.,-984.5,150.,-216.,15.5;                              3831P   4188
110,155.5,-216.,15.5,156.,-216.,16.;                                3833P   4189
120,3831,3833,0.,6.28318530717959;                                  3835P   4190
126,1,1,1,0,1,0,0.,0.,1.,1.,1.,1.,1.,3.141592654,0.,1.,0.,0.,       3837P   4191
0.,1.,0.,0.,1.;                                                     3837P   4192
124,-1.,-6.98296267768627E-15,0.,299.999999999989,                  3839P   4193
-6.98296267768627E-15,1.,-6.98296267768627E-15,                     3839P   4194
1.15260943313534E-12,4.87617677579594E-29,                          3839P   4195
-6.98296267768627E-15,-1.,31.9999999999985;                         3839P   4196
100,16.,150.,-216.,156.,-216.,144.,-216.;                           3841P   4197
126,1,1,1,0,1,0,0.,0.,1.,1.,1.,1.,1.,0.,0.,0.,0.,0.,0.,1.,0.,       3843P   4198
0.,1.;                                                              3843P   4199
110,156.,-216.,16.,155.5,-216.,15.5;                                3845P   4200
126,1,1,1,0,1,0,0.,0.,1.,1.,1.,1.,0.,0.,0.,0.,3.141592654,0.,       3847P   4201
0.,1.,0.,0.,1.;                                                     3847P   4202
100,15.5,150.,-216.,155.5,-216.,144.5,-216.;                        3849P   4203
126,1,1,1,0,1,0,0.,0.,1.,1.,1.,1.,0.,3.141592654,0.,1.,             3851P   4204
3.141592654,0.,0.,1.,0.,0.,1.;                                      3851P   4205
110,144.5,-216.,15.5,144.,-216.,16.;                                3853P   4206
102,4,3837,3843,3847,3851;                                          3855P   4207
102,4,3841,3845,3849,3853;                                          3857P   4208
142,1,3835,3855,3857,1;                                             3859P   4209
144,3835,1,0,3859;                                                  3861P   4210
110,150.,-216.,0.,150.,-216.,-1000.;                                3863P   4211
110,144.5,-216.,15.5,144.5,-216.,0.5;                               3865P   4212
120,3863,3865,0.,6.28318530717959;                                  3867P   4213
126,1,1,1,0,1,0,0.,0.,1.,1.,1.,1.,1.,3.141592654,0.,1.,0.,0.,       3869P   4214
0.,1.,0.,0.,1.;                                                     3869P   4215
100,0.5,150.,-216.,155.5,-216.,144.5,-216.;                         3871P   4216
126,1,1,1,0,1,0,0.,0.,1.,1.,1.,1.,1.,0.,0.,0.,0.,0.,0.,1.,0.,       3873P   4217
0.,1.;                                                              3873P   4218
110,144.5,-216.,0.5,144.5,-216.,15.5;                               3875P   4219
126,1,1,1,0,1,0,0.,0.,1.,1.,1.,1.,0.,0.,0.,0.,3.141592654,0.,       3877P   4220
0.,1.,0.,0.,1.;                                                     3877P   4221
124,-1.,-6.98296267768627E-15,0.,299.999999999989,                  3879P   4222
-6.98296267768627E-15,1.,-6.98296267768627E-15,                     3879P   4223
1.14562647045766E-12,4.87617677579594E-29,                          3879P   4224
-6.98296267768627E-15,-1.,30.9999999999985;                         3879P   4225
100,15.5,150.,-216.,155.5,-216.,144.5,-216.;                        3881P   4226
126,1,1,1,0,1,0,0.,0.,1.,1.,1.,1.,0.,3.141592654,0.,1.,             3883P   4227
3.141592654,0.,0.,1.,0.,0.,1.;                                      3883P   4228
110,155.5,-216.,15.5,155.5,-216.,0.5;                               3885P   4229
102,4,3869,3873,3877,3883;                                          3887P   4230
102,4,3871,3875,3881,3885;                                          3889P   4231
142,1,3867,3887,3889,1;                                             3891P   4232
144,3867,1,0,3891;                                                  3893P   4233
110,150.,-216.,1000.,150.,-216.,0.;                                 3895P   4234
110,144.5,-216.,0.5,144.,-216.,0.;                                  3897P   4235
120,3895,3897,0.,6.28318530717959;                                  3899P   4236
126,1,1,1,0,1,0,0.,0.,1.,1.,1.,1.,1.,3.141592654,0.,1.,0.,0.,       3901P   4237
0.,1.,0.,0.,1.;                                                     3901P   4238
100,0.,150.,-216.,156.,-216.,144.,-216.;                            3903P   4239
126,1,1,1,0,1,0,0.,0.,1.,1.,1.,1.,1.,0.,0.,0.,0.,0.,0.,1.,0.,       3905P   4240
0.,1.;                                                              3905P   4241
110,144.,-216.,0.,144.5,-216.,0.5;                                  3907P   4242
126,1,1,1,0,1,0,0.,0.,1.,1.,1.,1.,0.,0.,0.,0.,3.141592654,0.,       3909P   4243
0.,1.,0.,0.,1.;                                                     3909P   4244
124,-1.,-6.98296267768627E-15,0.,299.999999999989,                  3911P   4245
-6.98296267768627E-15,1.,-6.98296267768627E-15,                     3911P   4246
1.04715989258958E-12,4.87617677579594E-29,                          3911P   4247
-6.98296267768627E-15,-1.,0.999999999998489;                        3911P   4248
100,0.5,150.,-216.,155.5,-216.,144.5,-216.;                         3913P   4249
126,1,1,1,0,1,0,0.,0.,1.,1.,1.,1.,0.,3.141592654,0.,1.,             3915P   4250
3.141592654,0.,0.,1.,0.,0.,1.;                                      3915P   4251
110,155.5,-216.,0.5,156.,-216.,0.;                                  3917P   4252
102,4,3901,3905,3909,3915;                                          3919P   4253
102,4,3903,3907,3913,3917;                                          3921P   4254
142,1,3899,3919,3921,1;                                             3923P   4255
144,3899,1,0,3923;                                                  3925P   4256
110,50.,-216.,-984.5,50.,-216.,15.5;                                3927P   4257
110,55.5,-216.,15.5,56.,-216.,16.;                                  3929P   4258
120,3927,3929,0.,6.28318530717959;                                  3931P   4259
126,1,1,1,0,1,0,0.,0.,1.,1.,1.,1.,1.,3.141592654,0.,1.,0.,0.,       3933P   4260
0.,1.,0.,0.,1.;                                                     3933P   4261
124,-1.,-6.98296267768627E-15,0.,99.9999999999895,                  3935P   4262
-6.98296267768627E-15,1.,-6.98296267768627E-15,                     3935P   4263
4.49906287988812E-13,4.87617677579594E-29,                          3935P   4264
-6.98296267768627E-15,-1.,31.9999999999985;                         3935P   4265
100,16.,50.,-216.,56.,-216.,44.,-216.;                              3937P   4266
126,1,1,1,0,1,0,0.,0.,1.,1.,1.,1.,1.,0.,0.,0.,0.,0.,0.,1.,0.,       3939P   4267
0.,1.;                                                              3939P   4268
110,56.,-216.,16.,55.5,-216.,15.5;                                  3941P   4269
126,1,1,1,0,1,0,0.,0.,1.,1.,1.,1.,0.,0.,0.,0.,3.141592654,0.,       3943P   4270
0.,1.,0.,0.,1.;                                                     3943P   4271
100,15.5,50.,-216.,55.5,-216.,44.5,-216.;                           3945P   4272
126,1,1,1,0,1,0,0.,0.,1.,1.,1.,1.,0.,3.141592654,0.,1.,             3947P   4273
3.141592654,0.,0.,1.,0.,0.,1.;                                      3947P   4274
110,44.5,-216.,15.5,44.,-216.,16.;                                  3949P   4275
102,4,3933,3939,3943,3947;                                          3951P   4276
102,4,3937,3941,3945,3949;                                          3953P   4277
142,1,3931,3951,3953,1;                                             3955P   4278
144,3931,1,0,3955;                                                  3957P   4279
110,50.,-216.,0.,50.,-216.,-1000.;                                  3959P   4280
110,44.5,-216.,15.5,44.5,-216.,0.5;                                 3961P   4281
120,3959,3961,0.,6.28318530717959;                                  3963P   4282
126,1,1,1,0,1,0,0.,0.,1.,1.,1.,1.,1.,3.141592654,0.,1.,0.,0.,       3965P   4283
0.,1.,0.,0.,1.;                                                     3965P   4284
100,0.5,50.,-216.,55.5,-216.,44.5,-216.;                            3967P   4285
126,1,1,1,0,1,0,0.,0.,1.,1.,1.,1.,1.,0.,0.,0.,0.,0.,0.,1.,0.,       3969P   4286
0.,1.;                                                              3969P   4287
110,44.5,-216.,0.5,44.5,-216.,15.5;                                 3971P   4288
126,1,1,1,0,1,0,0.,0.,1.,1.,1.,1.,0.,0.,0.,0.,3.141592654,0.,       3973P   4289
0.,1.,0.,0.,1.;                                                     3973P   4290
124,-1.,-6.98296267768627E-15,0.,99.9999999999895,                  3975P   4291
-6.98296267768627E-15,1.,-6.98296267768627E-15,                     3975P   4292
4.42923325311125E-13,4.87617677579594E-29,                          3975P   4293
-6.98296267768627E-15,-1.,30.9999999999985;                         3975P   4294
100,15.5,50.,-216.,55.5,-216.,44.5,-216.;                           3977P   4295
126,1,1,1,0,1,0,0.,0.,1.,1.,1.,1.,0.,3.141592654,0.,1.,             3979P   4296
3.141592654,0.,0.,1.,0.,0.,1.;                                      3979P   4297
110,55.5,-216.,15.5,55.5,-216.,0.5;                                 3981P   4298
102,4,3965,3969,3973,3979;                                          3983P   4299
102,4,3967,3971,3977,3981;                                          3985P   4300
142,1,3963,3983,3985,1;                                             3987P   4301
144,3963,1,0,3987;                                                  3989P   4302
110,50.,-216.,1000.,50.,-216.,0.;                                   3991P   4303
110,44.5,-216.,0.5,44.,-216.,0.;                                    3993P   4304
120,3991,3993,0.,6.28318530717959;                                  3995P   4305
126,1,1,1,0,1,0,0.,0.,1.,1.,1.,1.,1.,3.141592654,0.,1.,0.,0.,       3997P   4306
0.,1.,0.,0.,1.;                                                     3997P   4307
100,0.,50.,-216.,56.,-216.,44.,-216.;                               3999P   4308
126,1,1,1,0,1,0,0.,0.,1.,1.,1.,1.,1.,0.,0.,0.,0.,0.,0.,1.,0.,       4001P   4309
0.,1.;                                                              4001P   4310
110,44.,-216.,0.,44.5,-216.,0.5;                                    4003P   4311
126,1,1,1,0,1,0,0.,0.,1.,1.,1.,1.,0.,0.,0.,0.,3.141592654,0.,       4005P   4312
0.,1.,0.,0.,1.;                                                     4005P   4313
124,-1.,-6.98296267768627E-15,0.,99.9999999999895,                  4007P   4314
-6.98296267768627E-15,1.,-6.98296267768627E-15,                     4007P   4315
3.44456747443053E-13,4.87617677579594E-29,                          4007P   4316
-6.98296267768627E-15,-1.,0.999999999998489;                        4007P   4317
100,0.5,50.,-216.,55.5,-216.,44.5,-216.;                            4009P   4318
126,1,1,1,0,1,0,0.,0.,1.,1.,1.,1.,0.,3.141592654,0.,1.,             4011P   4319
3.141592654,0.,0.,1.,0.,0.,1.;                                      4011P   4320
110,55.5,-216.,0.5,56.,-216.,0.;                                    4013P   4321
102,4,3997,4001,4005,4011;                                          4015P   4322
102,4,3999,4003,4009,4013;                                          4017P   4323
142,1,3995,4015,4017,1;                                             4019P   4324
144,3995,1,0,4019;                                                  4021P   4325
110,-50.,-216.,-984.5,-50.,-216.,15.5;                              4023P   4326
110,-44.5,-216.,15.5,-44.,-216.,16.;                                4025P   4327
120,4023,4025,0.,6.28318530717959;                                  4027P   4328
126,1,1,1,0,1,0,0.,0.,1.,1.,1.,1.,1.,3.141592654,0.,1.,0.,0.,       4029P   4329
0.,1.,0.,0.,1.;                                                     4029P   4330
124,-1.,-6.98296267768627E-15,0.,-100.000000000011,                 4031P   4331
-6.98296267768627E-15,1.,-6.98296267768627E-15,                     4031P   4332
-2.2504128154209E-13,4.87617677579594E-29,                          4031P   4333
-6.98296267768627E-15,-1.,31.9999999999985;                         4031P   4334
100,16.,-50.,-216.,-44.,-216.,-56.,-216.;                           4033P   4335
126,1,1,1,0,1,0,0.,0.,1.,1.,1.,1.,1.,0.,0.,0.,0.,0.,0.,1.,0.,       4035P   4336
0.,1.;                                                              4035P   4337
110,-44.,-216.,16.,-44.5,-216.,15.5;                                4037P   4338
126,1,1,1,0,1,0,0.,0.,1.,1.,1.,1.,0.,0.,0.,0.,3.141592654,0.,       4039P   4339
0.,1.,0.,0.,1.;                                                     4039P   4340
100,15.5,-50.,-216.,-44.5,-216.,-55.5,-216.;                        4041P   4341
126,1,1,1,0,1,0,0.,0.,1.,1.,1.,1.,0.,3.141592654,0.,1.,             4043P   4342
3.141592654,0.,0.,1.,0.,0.,1.;                                      4043P   4343
110,-55.5,-216.,15.5,-56.,-216.,16.;                                4045P   4344
102,4,4029,4035,4039,4043;                                          4047P   4345
102,4,4033,4037,4041,4045;                                          4049P   4346
142,1,4027,4047,4049,1;                                             4051P   4347
144,4027,1,0,4051;                                                  4053P   4348
110,-50.,-216.,0.,-50.,-216.,-1000.;                                4055P   4349
110,-55.5,-216.,15.5,-55.5,-216.,0.5;                               4057P   4350
120,4055,4057,0.,6.28318530717959;                                  4059P   4351
126,1,1,1,0,1,0,0.,0.,1.,1.,1.,1.,1.,3.141592654,0.,1.,0.,0.,       4061P   4352
0.,1.,0.,0.,1.;                                                     4061P   4353
100,0.5,-50.,-216.,-44.5,-216.,-55.5,-216.;                         4063P   4354
126,1,1,1,0,1,0,0.,0.,1.,1.,1.,1.,1.,0.,0.,0.,0.,0.,0.,1.,0.,       4065P   4355
0.,1.;                                                              4065P   4356
110,-55.5,-216.,0.5,-55.5,-216.,15.5;                               4067P   4357
126,1,1,1,0,1,0,0.,0.,1.,1.,1.,1.,0.,0.,0.,0.,3.141592654,0.,       4069P   4358
0.,1.,0.,0.,1.;                                                     4069P   4359
124,-1.,-6.98296267768627E-15,0.,-100.000000000011,                 4071P   4360
-6.98296267768627E-15,1.,-6.98296267768627E-15,                     4071P   4361
-2.32024244219777E-13,4.87617677579594E-29,                         4071P   4362
-6.98296267768627E-15,-1.,30.9999999999985;                         4071P   4363
100,15.5,-50.,-216.,-44.5,-216.,-55.5,-216.;                        4073P   4364
126,1,1,1,0,1,0,0.,0.,1.,1.,1.,1.,0.,3.141592654,0.,1.,             4075P   4365
3.141592654,0.,0.,1.,0.,0.,1.;                                      4075P   4366
110,-44.5,-216.,15.5,-44.5,-216.,0.5;                               4077P   4367
102,4,4061,4065,4069,4075;                                          4079P   4368
102,4,4063,4067,4073,4077;                                          4081P   4369
142,1,4059,4079,4081,1;                                             4083P   4370
144,4059,1,0,4083;                                                  4085P   4371
110,-50.,-216.,1000.,-50.,-216.,0.;                                 4087P   4372
110,-55.5,-216.,0.5,-56.,-216.,0.;                                  4089P   4373
120,4087,4089,0.,6.28318530717959;                                  4091P   4374
126,1,1,1,0,1,0,0.,0.,1.,1.,1.,1.,1.,3.141592654,0.,1.,0.,0.,       4093P   4375
0.,1.,0.,0.,1.;                                                     4093P   4376
100,0.,-50.,-216.,-44.,-216.,-56.,-216.;                            4095P   4377
126,1,1,1,0,1,0,0.,0.,1.,1.,1.,1.,1.,0.,0.,0.,0.,0.,0.,1.,0.,       4097P   4378
0.,1.;                                                              4097P   4379
110,-56.,-216.,0.,-55.5,-216.,0.5;                                  4099P   4380
126,1,1,1,0,1,0,0.,0.,1.,1.,1.,1.,0.,0.,0.,0.,3.141592654,0.,       4101P   4381
0.,1.,0.,0.,1.;                                                     4101P   4382
124,-1.,-6.98296267768627E-15,0.,-100.000000000011,                 4103P   4383
-6.98296267768627E-15,1.,-6.98296267768627E-15,                     4103P   4384
-3.30490822087849E-13,4.87617677579594E-29,                         4103P   4385
-6.98296267768627E-15,-1.,0.999999999998489;                        4103P   4386
100,0.5,-50.,-216.,-44.5,-216.,-55.5,-216.;                         4105P   4387
126,1,1,1,0,1,0,0.,0.,1.,1.,1.,1.,0.,3.141592654,0.,1.,             4107P   4388
3.141592654,0.,0.,1.,0.,0.,1.;                                      4107P   4389
110,-44.5,-216.,0.5,-44.,-216.,0.;                                  4109P   4390
102,4,4093,4097,4101,4107;                                          4111P   4391
102,4,4095,4099,4105,4109;                                          4113P   4392
142,1,4091,4111,4113,1;                                             4115P   4393
144,4091,1,0,4115;                                                  4117P   4394
110,-150.,-216.,-984.5,-150.,-216.,15.5;                            4119P   4395
110,-144.5,-216.,15.5,-144.,-216.,16.;                              4121P   4396
120,4119,4121,0.,6.28318530717959;                                  4123P   4397
126,1,1,1,0,1,0,0.,0.,1.,1.,1.,1.,1.,3.141592654,0.,1.,0.,0.,       4125P   4398
0.,1.,0.,0.,1.;                                                     4125P   4399
124,-1.,-6.98296267768627E-15,0.,-300.000000000011,                 4127P   4400
-6.98296267768627E-15,1.,-6.98296267768627E-15,                     4127P   4401
-9.27744426688621E-13,4.87617677579594E-29,                         4127P   4402
-6.98296267768627E-15,-1.,31.9999999999985;                         4127P   4403
100,16.,-150.,-216.,-144.,-216.,-156.,-216.;                        4129P   4404
126,1,1,1,0,1,0,0.,0.,1.,1.,1.,1.,1.,0.,0.,0.,0.,0.,0.,1.,0.,       4131P   4405
0.,1.;                                                              4131P   4406
110,-144.,-216.,16.,-144.5,-216.,15.5;                              4133P   4407
126,1,1,1,0,1,0,0.,0.,1.,1.,1.,1.,0.,0.,0.,0.,3.141592654,0.,       4135P   4408
0.,1.,0.,0.,1.;                                                     4135P   4409
100,15.5,-150.,-216.,-144.5,-216.,-155.5,-216.;                     4137P   4410
126,1,1,1,0,1,0,0.,0.,1.,1.,1.,1.,0.,3.141592654,0.,1.,             4139P   4411
3.141592654,0.,0.,1.,0.,0.,1.;                                      4139P   4412
110,-155.5,-216.,15.5,-156.,-216.,16.;                              4141P   4413
102,4,4125,4131,4135,4139;                                          4143P   4414
102,4,4129,4133,4137,4141;                                          4145P   4415
142,1,4123,4143,4145,1;                                             4147P   4416
144,4123,1,0,4147;                                                  4149P   4417
110,-150.,-216.,0.,-150.,-216.,-1000.;                              4151P   4418
110,-155.5,-216.,15.5,-155.5,-216.,0.5;                             4153P   4419
120,4151,4153,0.,6.28318530717959;                                  4155P   4420
126,1,1,1,0,1,0,0.,0.,1.,1.,1.,1.,1.,3.141592654,0.,1.,0.,0.,       4157P   4421
0.,1.,0.,0.,1.;                                                     4157P   4422
100,0.5,-150.,-216.,-144.5,-216.,-155.5,-216.;                      4159P   4423
126,1,1,1,0,1,0,0.,0.,1.,1.,1.,1.,1.,0.,0.,0.,0.,0.,0.,1.,0.,       4161P   4424
0.,1.;                                                              4161P   4425
110,-155.5,-216.,0.5,-155.5,-216.,15.5;                             4163P   4426
126,1,1,1,0,1,0,0.,0.,1.,1.,1.,1.,0.,0.,0.,0.,3.141592654,0.,       4165P   4427
0.,1.,0.,0.,1.;                                                     4165P   4428
124,-1.,-6.98296267768627E-15,0.,-300.000000000011,                 4167P   4429
-6.98296267768627E-15,1.,-6.98296267768627E-15,                     4167P   4430
-9.34727389366307E-13,4.87617677579594E-29,                         4167P   4431
-6.98296267768627E-15,-1.,30.9999999999985;                         4167P   4432
100,15.5,-150.,-216.,-144.5,-216.,-155.5,-216.;                     4169P   4433
126,1,1,1,0,1,0,0.,0.,1.,1.,1.,1.,0.,3.141592654,0.,1.,             4171P   4434
3.141592654,0.,0.,1.,0.,0.,1.;                                      4171P   4435
110,-144.5,-216.,15.5,-144.5,-216.,0.5;                             4173P   4436
102,4,4157,4161,4165,4171;                                          4175P   4437
102,4,4159,4163,4169,4173;                                          4177P   4438
142,1,4155,4175,4177,1;                                             4179P   4439
144,4155,1,0,4179;                                                  4181P   4440
110,-150.,-216.,1000.,-150.,-216.,0.;                               4183P   4441
110,-155.5,-216.,0.5,-156.,-216.,0.;                                4185P   4442
120,4183,4185,0.,6.28318530717959;                                  4187P   4443
126,1,1,1,0,1,0,0.,0.,1.,1.,1.,1.,1.,3.141592654,0.,1.,0.,0.,       4189P   4444
0.,1.,0.,0.,1.;                                                     4189P   4445
100,0.,-150.,-216.,-144.,-216.,-156.,-216.;                         4191P   4446
126,1,1,1,0,1,0,0.,0.,1.,1.,1.,1.,1.,0.,0.,0.,0.,0.,0.,1.,0.,       4193P   4447
0.,1.;                                                              4193P   4448
110,-156.,-216.,0.,-155.5,-216.,0.5;                                4195P   4449
126,1,1,1,0,1,0,0.,0.,1.,1.,1.,1.,0.,0.,0.,0.,3.141592654,0.,       4197P   4450
0.,1.,0.,0.,1.;                                                     4197P   4451
124,-1.,-6.98296267768627E-15,0.,-300.000000000011,                 4199P   4452
-6.98296267768627E-15,1.,-6.98296267768627E-15,                     4199P   4453
-1.03319396723438E-12,4.87617677579594E-29,                         4199P   4454
-6.98296267768627E-15,-1.,0.999999999998489;                        4199P   4455
100,0.5,-150.,-216.,-144.5,-216.,-155.5,-216.;                      4201P   4456
126,1,1,1,0,1,0,0.,0.,1.,1.,1.,1.,0.,3.141592654,0.,1.,             4203P   4457
3.141592654,0.,0.,1.,0.,0.,1.;                                      4203P   4458
110,-144.5,-216.,0.5,-144.,-216.,0.;                                4205P   4459
102,4,4189,4193,4197,4203;                                          4207P   4460
102,4,4191,4195,4201,4205;                                          4209P   4461
142,1,4187,4207,4209,1;                                             4211P   4462
144,4187,1,0,4211;                                                  4213P   4463
110,150.,216.,-984.5,150.,216.,15.5;                                4215P   4464
110,155.5,216.,15.5,156.,216.,16.;                                  4217P   4465
120,4215,4217,0.,6.28318530717959;                                  4219P   4466
126,1,1,1,0,1,0,0.,0.,1.,1.,1.,1.,1.,3.141592654,0.,1.,0.,0.,       4221P   4467
0.,1.,0.,0.,1.;                                                     4221P   4468
124,-1.,-6.98296267768627E-15,0.,300.000000000002,                  4223P   4469
-6.98296267768627E-15,1.,-6.98296267768627E-15,                     4223P   4470
1.15260943313545E-12,4.87617677579594E-29,                          4223P   4471
-6.98296267768627E-15,-1.,32.0000000000015;                         4223P   4472
100,16.,150.,216.,156.,216.,144.,216.;                              4225P   4473
126,1,1,1,0,1,0,0.,0.,1.,1.,1.,1.,1.,0.,0.,0.,0.,0.,0.,1.,0.,       4227P   4474
0.,1.;                                                              4227P   4475
110,156.,216.,16.,155.5,216.,15.5;                                  4229P   4476
126,1,1,1,0,1,0,0.,0.,1.,1.,1.,1.,0.,0.,0.,0.,3.141592654,0.,       4231P   4477
0.,1.,0.,0.,1.;                                                     4231P   4478
100,15.5,150.,216.,155.5,216.,144.5,216.;                           4233P   4479
126,1,1,1,0,1,0,0.,0.,1.,1.,1.,1.,0.,3.141592654,0.,1.,             4235P   4480
3.141592654,0.,0.,1.,0.,0.,1.;                                      4235P   4481
110,144.5,216.,15.5,144.,216.,16.;                                  4237P   4482
102,4,4221,4227,4231,4235;                                          4239P   4483
102,4,4225,4229,4233,4237;                                          4241P   4484
142,1,4219,4239,4241,1;                                             4243P   4485
144,4219,1,0,4243;                                                  4245P   4486
110,150.,216.,0.,150.,216.,-1000.;                                  4247P   4487
110,144.5,216.,15.5,144.5,216.,0.5;                                 4249P   4488
120,4247,4249,0.,6.28318530717959;                                  4251P   4489
126,1,1,1,0,1,0,0.,0.,1.,1.,1.,1.,1.,3.141592654,0.,1.,0.,0.,       4253P   4490
0.,1.,0.,0.,1.;                                                     4253P   4491
100,0.5,150.,216.,155.5,216.,144.5,216.;                            4255P   4492
126,1,1,1,0,1,0,0.,0.,1.,1.,1.,1.,1.,0.,0.,0.,0.,0.,0.,1.,0.,       4257P   4493
0.,1.;                                                              4257P   4494
110,144.5,216.,0.5,144.5,216.,15.5;                                 4259P   4495
126,1,1,1,0,1,0,0.,0.,1.,1.,1.,1.,0.,0.,0.,0.,3.141592654,0.,       4261P   4496
0.,1.,0.,0.,1.;                                                     4261P   4497
124,-1.,-6.98296267768627E-15,0.,300.000000000002,                  4263P   4498
-6.98296267768627E-15,1.,-6.98296267768627E-15,                     4263P   4499
1.14562647045776E-12,4.87617677579594E-29,                          4263P   4500
-6.98296267768627E-15,-1.,31.0000000000015;                         4263P   4501
100,15.5,150.,216.,155.5,216.,144.5,216.;                           4265P   4502
126,1,1,1,0,1,0,0.,0.,1.,1.,1.,1.,0.,3.141592654,0.,1.,             4267P   4503
3.141592654,0.,0.,1.,0.,0.,1.;                                      4267P   4504
110,155.5,216.,15.5,155.5,216.,0.5;                                 4269P   4505
102,4,4253,4257,4261,4267;                                          4271P   4506
102,4,4255,4259,4265,4269;                                          4273P   4507
142,1,4251,4271,4273,1;                                             4275P   4508
144,4251,1,0,4275;                                                  4277P   4509
110,150.,216.,1000.,150.,216.,0.;                                   4279P   4510
110,144.5,216.,0.5,144.,216.,0.;                                    4281P   4511
120,4279,4281,0.,6.28318530717959;                                  4283P   4512
126,1,1,1,0,1,0,0.,0.,1.,1.,1.,1.,1.,3.141592654,0.,1.,0.,0.,       4285P   4513
0.,1.,0.,0.,1.;                                                     4285P   4514
100,0.,150.,216.,156.,216.,144.,216.;                               4287P   4515
126,1,1,1,0,1,0,0.,0.,1.,1.,1.,1.,1.,0.,0.,0.,0.,0.,0.,1.,0.,       4289P   4516
0.,1.;                                                              4289P   4517
110,144.,216.,0.,144.5,216.,0.5;                                    4291P   4518
126,1,1,1,0,1,0,0.,0.,1.,1.,1.,1.,0.,0.,0.,0.,3.141592654,0.,       4293P   4519
0.,1.,0.,0.,1.;                                                     4293P   4520
124,-1.,-6.98296267768627E-15,0.,300.000000000002,                  4295P   4521
-6.98296267768627E-15,1.,-6.98296267768627E-15,                     4295P   4522
1.04715989258969E-12,4.87617677579594E-29,                          4295P   4523
-6.98296267768627E-15,-1.,1.00000000000151;                         4295P   4524
100,0.5,150.,216.,155.5,216.,144.5,216.;                            4297P   4525
126,1,1,1,0,1,0,0.,0.,1.,1.,1.,1.,0.,3.141592654,0.,1.,             4299P   4526
3.141592654,0.,0.,1.,0.,0.,1.;                                      4299P   4527
110,155.5,216.,0.5,156.,216.,0.;                                    4301P   4528
102,4,4285,4289,4293,4299;                                          4303P   4529
102,4,4287,4291,4297,4301;                                          4305P   4530
142,1,4283,4303,4305,1;                                             4307P   4531
144,4283,1,0,4307;                                                  4309P   4532
110,50.,216.,-984.5,50.,216.,15.5;                                  4311P   4533
110,55.5,216.,15.5,56.,216.,16.;                                    4313P   4534
120,4311,4313,0.,6.28318530717959;                                  4315P   4535
126,1,1,1,0,1,0,0.,0.,1.,1.,1.,1.,1.,3.141592654,0.,1.,0.,0.,       4317P   4536
0.,1.,0.,0.,1.;                                                     4317P   4537
124,-1.,-6.98296267768627E-15,0.,100.000000000002,                  4319P   4538
-6.98296267768627E-15,1.,-6.98296267768627E-15,                     4319P   4539
4.49906287988917E-13,4.87617677579594E-29,                          4319P   4540
-6.98296267768627E-15,-1.,32.0000000000015;                         4319P   4541
100,16.,50.,216.,56.,216.,44.,216.;                                 4321P   4542
126,1,1,1,0,1,0,0.,0.,1.,1.,1.,1.,1.,0.,0.,0.,0.,0.,0.,1.,0.,       4323P   4543
0.,1.;                                                              4323P   4544
110,56.,216.,16.,55.5,216.,15.5;                                    4325P   4545
126,1,1,1,0,1,0,0.,0.,1.,1.,1.,1.,0.,0.,0.,0.,3.141592654,0.,       4327P   4546
0.,1.,0.,0.,1.;                                                     4327P   4547
100,15.5,50.,216.,55.5,216.,44.5,216.;                              4329P   4548
126,1,1,1,0,1,0,0.,0.,1.,1.,1.,1.,0.,3.141592654,0.,1.,             4331P   4549
3.141592654,0.,0.,1.,0.,0.,1.;                                      4331P   4550
110,44.5,216.,15.5,44.,216.,16.;                                    4333P   4551
102,4,4317,4323,4327,4331;                                          4335P   4552
102,4,4321,4325,4329,4333;                                          4337P   4553
142,1,4315,4335,4337,1;                                             4339P   4554
144,4315,1,0,4339;                                                  4341P   4555
110,50.,216.,0.,50.,216.,-1000.;                                    4343P   4556
110,44.5,216.,15.5,44.5,216.,0.5;                                   4345P   4557
120,4343,4345,0.,6.28318530717959;                                  4347P   4558
126,1,1,1,0,1,0,0.,0.,1.,1.,1.,1.,1.,3.141592654,0.,1.,0.,0.,       4349P   4559
0.,1.,0.,0.,1.;                                                     4349P   4560
100,0.5,50.,216.,55.5,216.,44.5,216.;                               4351P   4561
126,1,1,1,0,1,0,0.,0.,1.,1.,1.,1.,1.,0.,0.,0.,0.,0.,0.,1.,0.,       4353P   4562
0.,1.;                                                              4353P   4563
110,44.5,216.,0.5,44.5,216.,15.5;                                   4355P   4564
126,1,1,1,0,1,0,0.,0.,1.,1.,1.,1.,0.,0.,0.,0.,3.141592654,0.,       4357P   4565
0.,1.,0.,0.,1.;                                                     4357P   4566
124,-1.,-6.98296267768627E-15,0.,100.000000000002,                  4359P   4567
-6.98296267768627E-15,1.,-6.98296267768627E-15,                     4359P   4568
4.42923325311231E-13,4.87617677579594E-29,                          4359P   4569
-6.98296267768627E-15,-1.,31.0000000000015;                         4359P   4570
100,15.5,50.,216.,55.5,216.,44.5,216.;                              4361P   4571
126,1,1,1,0,1,0,0.,0.,1.,1.,1.,1.,0.,3.141592654,0.,1.,             4363P   4572
3.141592654,0.,0.,1.,0.,0.,1.;                                      4363P   4573
110,55.5,216.,15.5,55.5,216.,0.5;                                   4365P   4574
102,4,4349,4353,4357,4363;                                          4367P   4575
102,4,4351,4355,4361,4365;                                          4369P   4576
142,1,4347,4367,4369,1;                                             4371P   4577
144,4347,1,0,4371;                                                  4373P   4578
110,50.,216.,1000.,50.,216.,0.;                                     4375P   4579
110,44.5,216.,0.5,44.,216.,0.;                                      4377P   4580
120,4375,4377,0.,6.28318530717959;                                  4379P   4581
126,1,1,1,0,1,0,0.,0.,1.,1.,1.,1.,1.,3.141592654,0.,1.,0.,0.,       4381P   4582
0.,1.,0.,0.,1.;                                                     4381P   4583
100,0.,50.,216.,56.,216.,44.,216.;                                  4383P   4584
126,1,1,1,0,1,0,0.,0.,1.,1.,1.,1.,1.,0.,0.,0.,0.,0.,0.,1.,0.,       4385P   4585
0.,1.;                                                              4385P   4586
110,44.,216.,0.,44.5,216.,0.5;                                      4387P   4587
126,1,1,1,0,1,0,0.,0.,1.,1.,1.,1.,0.,0.,0.,0.,3.141592654,0.,       4389P   4588
0.,1.,0.,0.,1.;                                                     4389P   4589
124,-1.,-6.98296267768627E-15,0.,100.000000000002,                  4391P   4590
-6.98296267768627E-15,1.,-6.98296267768627E-15,                     4391P   4591
3.44456747443159E-13,4.87617677579594E-29,                          4391P   4592
-6.98296267768627E-15,-1.,1.00000000000151;                         4391P   4593
100,0.5,50.,216.,55.5,216.,44.5,216.;                               4393P   4594
126,1,1,1,0,1,0,0.,0.,1.,1.,1.,1.,0.,3.141592654,0.,1.,             4395P   4595
3.141592654,0.,0.,1.,0.,0.,1.;                                      4395P   4596
110,55.5,216.,0.5,56.,216.,0.;                                      4397P   4597
102,4,4381,4385,4389,4395;                                          4399P   4598
102,4,4383,4387,4393,4397;                                          4401P   4599
142,1,4379,4399,4401,1;                                             4403P   4600
144,4379,1,0,4403;                                                  4405P   4601
110,-50.,216.,-984.5,-50.,216.,15.5;                                4407P   4602
110,-44.5,216.,15.5,-44.,216.,16.;                                  4409P   4603
120,4407,4409,0.,6.28318530717959;                                  4411P   4604
126,1,1,1,0,1,0,0.,0.,1.,1.,1.,1.,1.,3.141592654,0.,1.,0.,0.,       4413P   4605
0.,1.,0.,0.,1.;                                                     4413P   4606
124,-1.,-6.98296267768627E-15,0.,-99.9999999999985,                 4415P   4607
-6.98296267768627E-15,1.,-6.98296267768627E-15,                     4415P   4608
-2.25041281541985E-13,4.87617677579594E-29,                         4415P   4609
-6.98296267768627E-15,-1.,32.0000000000015;                         4415P   4610
100,16.,-50.,216.,-44.,216.,-56.,216.;                              4417P   4611
126,1,1,1,0,1,0,0.,0.,1.,1.,1.,1.,1.,0.,0.,0.,0.,0.,0.,1.,0.,       4419P   4612
0.,1.;                                                              4419P   4613
110,-44.,216.,16.,-44.5,216.,15.5;                                  4421P   4614
126,1,1,1,0,1,0,0.,0.,1.,1.,1.,1.,0.,0.,0.,0.,3.141592654,0.,       4423P   4615
0.,1.,0.,0.,1.;                                                     4423P   4616
100,15.5,-50.,216.,-44.5,216.,-55.5,216.;                           4425P   4617
126,1,1,1,0,1,0,0.,0.,1.,1.,1.,1.,0.,3.141592654,0.,1.,             4427P   4618
3.141592654,0.,0.,1.,0.,0.,1.;                                      4427P   4619
110,-55.5,216.,15.5,-56.,216.,16.;                                  4429P   4620
102,4,4413,4419,4423,4427;                                          4431P   4621
102,4,4417,4421,4425,4429;                                          4433P   4622
142,1,4411,4431,4433,1;                                             4435P   4623
144,4411,1,0,4435;                                                  4437P   4624
110,-50.,216.,0.,-50.,216.,-1000.;                                  4439P   4625
110,-55.5,216.,15.5,-55.5,216.,0.5;                                 4441P   4626
120,4439,4441,0.,6.28318530717959;                                  4443P   4627
126,1,1,1,0,1,0,0.,0.,1.,1.,1.,1.,1.,3.141592654,0.,1.,0.,0.,       4445P   4628
0.,1.,0.,0.,1.;                                                     4445P   4629
100,0.5,-50.,216.,-44.5,216.,-55.5,216.;                            4447P   4630
126,1,1,1,0,1,0,0.,0.,1.,1.,1.,1.,1.,0.,0.,0.,0.,0.,0.,1.,0.,       4449P   4631
0.,1.;                                                              4449P   4632
110,-55.5,216.,0.5,-55.5,216.,15.5;                                 4451P   4633
126,1,1,1,0,1,0,0.,0.,1.,1.,1.,1.,0.,0.,0.,0.,3.141592654,0.,       4453P   4634
0.,1.,0.,0.,1.;                                                     4453P   4635
124,-1.,-6.98296267768627E-15,0.,-99.9999999999985,                 4455P   4636
-6.98296267768627E-15,1.,-6.98296267768627E-15,                     4455P   4637
-2.32024244219671E-13,4.87617677579594E-29,                         4455P   4638
-6.98296267768627E-15,-1.,31.0000000000015;                         4455P   4639
100,15.5,-50.,216.,-44.5,216.,-55.5,216.;                           4457P   4640
126,1,1,1,0,1,0,0.,0.,1.,1.,1.,1.,0.,3.141592654,0.,1.,             4459P   4641
3.141592654,0.,0.,1.,0.,0.,1.;                                      4459P   4642
110,-44.5,216.,15.5,-44.5,216.,0.5;                                 4461P   4643
102,4,4445,4449,4453,4459;                                          4463P   4644
102,4,4447,4451,4457,4461;                                          4465P   4645
142,1,4443,4463,4465,1;                                             4467P   4646
144,4443,1,0,4467;                                                  4469P   4647
110,-50.,216.,1000.,-50.,216.,0.;                                   4471P   4648
110,-55.5,216.,0.5,-56.,216.,0.;                                    4473P   4649
120,4471,4473,0.,6.28318530717959;                                  4475P   4650
126,1,1,1,0,1,0,0.,0.,1.,1.,1.,1.,1.,3.141592654,0.,1.,0.,0.,       4477P   4651
0.,1.,0.,0.,1.;                                                     4477P   4652
100,0.,-50.,216.,-44.,216.,-56.,216.;                               4479P   4653
126,1,1,1,0,1,0,0.,0.,1.,1.,1.,1.,1.,0.,0.,0.,0.,0.,0.,1.,0.,       4481P   4654
0.,1.;                                                              4481P   4655
110,-56.,216.,0.,-55.5,216.,0.5;                                    4483P   4656
126,1,1,1,0,1,0,0.,0.,1.,1.,1.,1.,0.,0.,0.,0.,3.141592654,0.,       4485P   4657
0.,1.,0.,0.,1.;                                                     4485P   4658
124,-1.,-6.98296267768627E-15,0.,-99.9999999999985,                 4487P   4659
-6.98296267768627E-15,1.,-6.98296267768627E-15,                     4487P   4660
-3.30490822087743E-13,4.87617677579594E-29,                         4487P   4661
-6.98296267768627E-15,-1.,1.00000000000151;                         4487P   4662
100,0.5,-50.,216.,-44.5,216.,-55.5,216.;                            4489P   4663
126,1,1,1,0,1,0,0.,0.,1.,1.,1.,1.,0.,3.141592654,0.,1.,             4491P   4664
3.141592654,0.,0.,1.,0.,0.,1.;                                      4491P   4665
110,-44.5,216.,0.5,-44.,216.,0.;                                    4493P   4666
102,4,4477,4481,4485,4491;                                          4495P   4667
102,4,4479,4483,4489,4493;                                          4497P   4668
142,1,4475,4495,4497,1;                                             4499P   4669
144,4475,1,0,4499;                                                  4501P   4670
110,-150.,216.,-984.5,-150.,216.,15.5;                              4503P   4671
110,-144.5,216.,15.5,-144.,216.,16.;                                4505P   4672
120,4503,4505,0.,6.28318530717959;                                  4507P   4673
126,1,1,1,0,1,0,0.,0.,1.,1.,1.,1.,1.,3.141592654,0.,1.,0.,0.,       4509P   4674
0.,1.,0.,0.,1.;                                                     4509P   4675
124,-1.,-6.98296267768627E-15,0.,-299.999999999998,                 4511P   4676
-6.98296267768627E-15,1.,-6.98296267768627E-15,                     4511P   4677
-9.27744426688515E-13,4.87617677579594E-29,                         4511P   4678
-6.98296267768627E-15,-1.,32.0000000000015;                         4511P   4679
100,16.,-150.,216.,-144.,216.,-156.,216.;                           4513P   4680
126,1,1,1,0,1,0,0.,0.,1.,1.,1.,1.,1.,0.,0.,0.,0.,0.,0.,1.,0.,       4515P   4681
0.,1.;                                                              4515P   4682
110,-144.,216.,16.,-144.5,216.,15.5;                                4517P   4683
126,1,1,1,0,1,0,0.,0.,1.,1.,1.,1.,0.,0.,0.,0.,3.141592654,0.,       4519P   4684
0.,1.,0.,0.,1.;                                                     4519P   4685
100,15.5,-150.,216.,-144.5,216.,-155.5,216.;                        4521P   4686
126,1,1,1,0,1,0,0.,0.,1.,1.,1.,1.,0.,3.141592654,0.,1.,             4523P   4687
3.141592654,0.,0.,1.,0.,0.,1.;                                      4523P   4688
110,-155.5,216.,15.5,-156.,216.,16.;                                4525P   4689
102,4,4509,4515,4519,4523;                                          4527P   4690
102,4,4513,4517,4521,4525;                                          4529P   4691
142,1,4507,4527,4529,1;                                             4531P   4692
144,4507,1,0,4531;                                                  4533P   4693
110,-150.,216.,0.,-150.,216.,-1000.;                                4535P   4694
110,-155.5,216.,15.5,-155.5,216.,0.5;                               4537P   4695
120,4535,4537,0.,6.28318530717959;                                  4539P   4696
126,1,1,1,0,1,0,0.,0.,1.,1.,1.,1.,1.,3.141592654,0.,1.,0.,0.,       4541P   4697
0.,1.,0.,0.,1.;                                                     4541P   4698
100,0.5,-150.,216.,-144.5,216.,-155.5,216.;                         4543P   4699
126,1,1,1,0,1,0,0.,0.,1.,1.,1.,1.,1.,0.,0.,0.,0.,0.,0.,1.,0.,       4545P   4700
0.,1.;                                                              4545P   4701
110,-155.5,216.,0.5,-155.5,216.,15.5;                               4547P   4702
126,1,1,1,0,1,0,0.,0.,1.,1.,1.,1.,0.,0.,0.,0.,3.141592654,0.,       4549P   4703
0.,1.,0.,0.,1.;                                                     4549P   4704
124,-1.,-6.98296267768627E-15,0.,-299.999999999998,                 4551P   4705
-6.98296267768627E-15,1.,-6.98296267768627E-15,                     4551P   4706
-9.34727389366202E-13,4.87617677579594E-29,                         4551P   4707
-6.98296267768627E-15,-1.,31.0000000000015;                         4551P   4708
100,15.5,-150.,216.,-144.5,216.,-155.5,216.;                        4553P   4709
126,1,1,1,0,1,0,0.,0.,1.,1.,1.,1.,0.,3.141592654,0.,1.,             4555P   4710
3.141592654,0.,0.,1.,0.,0.,1.;                                      4555P   4711
110,-144.5,216.,15.5,-144.5,216.,0.5;                               4557P   4712
102,4,4541,4545,4549,4555;                                          4559P   4713
102,4,4543,4547,4553,4557;                                          4561P   4714
142,1,4539,4559,4561,1;                                             4563P   4715
144,4539,1,0,4563;                                                  4565P   4716
110,-150.,216.,1000.,-150.,216.,0.;                                 4567P   4717
110,-155.5,216.,0.5,-156.,216.,0.;                                  4569P   4718
120,4567,4569,0.,6.28318530717959;                                  4571P   4719
126,1,1,1,0,1,0,0.,0.,1.,1.,1.,1.,1.,3.141592654,0.,1.,0.,0.,       4573P   4720
0.,1.,0.,0.,1.;                                                     4573P   4721
100,0.,-150.,216.,-144.,216.,-156.,216.;                            4575P   4722
126,1,1,1,0,1,0,0.,0.,1.,1.,1.,1.,1.,0.,0.,0.,0.,0.,0.,1.,0.,       4577P   4723
0.,1.;                                                              4577P   4724
110,-156.,216.,0.,-155.5,216.,0.5;                                  4579P   4725
126,1,1,1,0,1,0,0.,0.,1.,1.,1.,1.,0.,0.,0.,0.,3.141592654,0.,       4581P   4726
0.,1.,0.,0.,1.;                                                     4581P   4727
124,-1.,-6.98296267768627E-15,0.,-299.999999999998,                 4583P   4728
-6.98296267768627E-15,1.,-6.98296267768627E-15,                     4583P   4729
-1.03319396723427E-12,4.87617677579594E-29,                         4583P   4730
-6.98296267768627E-15,-1.,1.00000000000151;                         4583P   4731
100,0.5,-150.,216.,-144.5,216.,-155.5,216.;                         4585P   4732
126,1,1,1,0,1,0,0.,0.,1.,1.,1.,1.,0.,3.141592654,0.,1.,             4587P   4733
3.141592654,0.,0.,1.,0.,0.,1.;                                      4587P   4734
110,-144.5,216.,0.5,-144.,216.,0.;                                  4589P   4735
102,4,4573,4577,4581,4587;                                          4591P   4736
102,4,4575,4579,4585,4589;                                          4593P   4737
142,1,4571,4591,4593,1;                                             4595P   4738
144,4571,1,0,4595;                                                  4597P   4739
110,-250.,-216.,-984.5,-250.,-216.,15.5;                            4599P   4740
110,-244.5,-216.,15.5,-244.,-216.,16.;                              4601P   4741
120,4599,4601,0.,6.28318530717959;                                  4603P   4742
126,1,1,1,0,1,0,0.,0.,1.,1.,1.,1.,1.,3.141592654,0.,1.,0.,0.,       4605P   4743
0.,1.,0.,0.,1.;                                                     4605P   4744
124,-1.,-6.98296267768627E-15,0.,-500.000000000011,                 4607P   4745
-6.98296267768627E-15,1.,-6.98296267768627E-15,                     4607P   4746
-1.63044757183515E-12,4.87617677579594E-29,                         4607P   4747
-6.98296267768627E-15,-1.,31.9999999999985;                         4607P   4748
100,16.,-250.,-216.,-244.,-216.,-256.,-216.;                        4609P   4749
126,1,1,1,0,1,0,0.,0.,1.,1.,1.,1.,1.,0.,0.,0.,0.,0.,0.,1.,0.,       4611P   4750
0.,1.;                                                              4611P   4751
110,-244.,-216.,16.,-244.5,-216.,15.5;                              4613P   4752
126,1,1,1,0,1,0,0.,0.,1.,1.,1.,1.,0.,0.,0.,0.,3.141592654,0.,       4615P   4753
0.,1.,0.,0.,1.;                                                     4615P   4754
100,15.5,-250.,-216.,-244.5,-216.,-255.5,-216.;                     4617P   4755
126,1,1,1,0,1,0,0.,0.,1.,1.,1.,1.,0.,3.141592654,0.,1.,             4619P   4756
3.141592654,0.,0.,1.,0.,0.,1.;                                      4619P   4757
110,-255.5,-216.,15.5,-256.,-216.,16.;                              4621P   4758
102,4,4605,4611,4615,4619;                                          4623P   4759
102,4,4609,4613,4617,4621;                                          4625P   4760
142,1,4603,4623,4625,1;                                             4627P   4761
144,4603,1,0,4627;                                                  4629P   4762
110,-250.,-216.,0.,-250.,-216.,-1000.;                              4631P   4763
110,-255.5,-216.,15.5,-255.5,-216.,0.5;                             4633P   4764
120,4631,4633,0.,6.28318530717959;                                  4635P   4765
126,1,1,1,0,1,0,0.,0.,1.,1.,1.,1.,1.,3.141592654,0.,1.,0.,0.,       4637P   4766
0.,1.,0.,0.,1.;                                                     4637P   4767
100,0.5,-250.,-216.,-244.5,-216.,-255.5,-216.;                      4639P   4768
126,1,1,1,0,1,0,0.,0.,1.,1.,1.,1.,1.,0.,0.,0.,0.,0.,0.,1.,0.,       4641P   4769
0.,1.;                                                              4641P   4770
110,-255.5,-216.,0.5,-255.5,-216.,15.5;                             4643P   4771
126,1,1,1,0,1,0,0.,0.,1.,1.,1.,1.,0.,0.,0.,0.,3.141592654,0.,       4645P   4772
0.,1.,0.,0.,1.;                                                     4645P   4773
124,-1.,-6.98296267768627E-15,0.,-500.000000000011,                 4647P   4774
-6.98296267768627E-15,1.,-6.98296267768627E-15,                     4647P   4775
-1.63743053451284E-12,4.87617677579594E-29,                         4647P   4776
-6.98296267768627E-15,-1.,30.9999999999985;                         4647P   4777
100,15.5,-250.,-216.,-244.5,-216.,-255.5,-216.;                     4649P   4778
126,1,1,1,0,1,0,0.,0.,1.,1.,1.,1.,0.,3.141592654,0.,1.,             4651P   4779
3.141592654,0.,0.,1.,0.,0.,1.;                                      4651P   4780
110,-244.5,-216.,15.5,-244.5,-216.,0.5;                             4653P   4781
102,4,4637,4641,4645,4651;                                          4655P   4782
102,4,4639,4643,4649,4653;                                          4657P   4783
142,1,4635,4655,4657,1;                                             4659P   4784
144,4635,1,0,4659;                                                  4661P   4785
110,-250.,-216.,1000.,-250.,-216.,0.;                               4663P   4786
110,-255.5,-216.,0.5,-256.,-216.,0.;                                4665P   4787
120,4663,4665,0.,6.28318530717959;                                  4667P   4788
126,1,1,1,0,1,0,0.,0.,1.,1.,1.,1.,1.,3.141592654,0.,1.,0.,0.,       4669P   4789
0.,1.,0.,0.,1.;                                                     4669P   4790
100,0.,-250.,-216.,-244.,-216.,-256.,-216.;                         4671P   4791
126,1,1,1,0,1,0,0.,0.,1.,1.,1.,1.,1.,0.,0.,0.,0.,0.,0.,1.,0.,       4673P   4792
0.,1.;                                                              4673P   4793
110,-256.,-216.,0.,-255.5,-216.,0.5;                                4675P   4794
126,1,1,1,0,1,0,0.,0.,1.,1.,1.,1.,0.,0.,0.,0.,3.141592654,0.,       4677P   4795
0.,1.,0.,0.,1.;                                                     4677P   4796
124,-1.,-6.98296267768627E-15,0.,-500.000000000011,                 4679P   4797
-6.98296267768627E-15,1.,-6.98296267768627E-15,                     4679P   4798
-1.73589711238091E-12,4.87617677579594E-29,                         4679P   4799
-6.98296267768627E-15,-1.,0.999999999998489;                        4679P   4800
100,0.5,-250.,-216.,-244.5,-216.,-255.5,-216.;                      4681P   4801
126,1,1,1,0,1,0,0.,0.,1.,1.,1.,1.,0.,3.141592654,0.,1.,             4683P   4802
3.141592654,0.,0.,1.,0.,0.,1.;                                      4683P   4803
110,-244.5,-216.,0.5,-244.,-216.,0.;                                4685P   4804
102,4,4669,4673,4677,4683;                                          4687P   4805
102,4,4671,4675,4681,4685;                                          4689P   4806
142,1,4667,4687,4689,1;                                             4691P   4807
144,4667,1,0,4691;                                                  4693P   4808
110,-250.,-108.,-984.5,-250.,-108.,15.5;                            4695P   4809
110,-244.5,-108.,15.5,-244.,-108.,16.;                              4697P   4810
120,4695,4697,0.,6.28318530717959;                                  4699P   4811
126,1,1,1,0,1,0,0.,0.,1.,1.,1.,1.,1.,3.141592654,0.,1.,0.,0.,       4701P   4812
0.,1.,0.,0.,1.;                                                     4701P   4813
124,-1.,-6.98296267768627E-15,0.,-500.000000000008,                 4703P   4814
-6.98296267768627E-15,1.,-6.98296267768627E-15,                     4703P   4815
-1.63044757183513E-12,4.87617677579594E-29,                         4703P   4816
-6.98296267768627E-15,-1.,31.9999999999993;                         4703P   4817
100,16.,-250.,-108.,-244.,-108.,-256.,-108.;                        4705P   4818
126,1,1,1,0,1,0,0.,0.,1.,1.,1.,1.,1.,0.,0.,0.,0.,0.,0.,1.,0.,       4707P   4819
0.,1.;                                                              4707P   4820
110,-244.,-108.,16.,-244.5,-108.,15.5;                              4709P   4821
126,1,1,1,0,1,0,0.,0.,1.,1.,1.,1.,0.,0.,0.,0.,3.141592654,0.,       4711P   4822
0.,1.,0.,0.,1.;                                                     4711P   4823
100,15.5,-250.,-108.,-244.5,-108.,-255.5,-108.;                     4713P   4824
126,1,1,1,0,1,0,0.,0.,1.,1.,1.,1.,0.,3.141592654,0.,1.,             4715P   4825
3.141592654,0.,0.,1.,0.,0.,1.;                                      4715P   4826
110,-255.5,-108.,15.5,-256.,-108.,16.;                              4717P   4827
102,4,4701,4707,4711,4715;                                          4719P   4828
102,4,4705,4709,4713,4717;                                          4721P   4829
142,1,4699,4719,4721,1;                                             4723P   4830
144,4699,1,0,4723;                                                  4725P   4831
110,-250.,-108.,0.,-250.,-108.,-1000.;                              4727P   4832
110,-255.5,-108.,15.5,-255.5,-108.,0.5;                             4729P   4833
120,4727,4729,0.,6.28318530717959;                                  4731P   4834
126,1,1,1,0,1,0,0.,0.,1.,1.,1.,1.,1.,3.141592654,0.,1.,0.,0.,       4733P   4835
0.,1.,0.,0.,1.;                                                     4733P   4836
100,0.5,-250.,-108.,-244.5,-108.,-255.5,-108.;                      4735P   4837
126,1,1,1,0,1,0,0.,0.,1.,1.,1.,1.,1.,0.,0.,0.,0.,0.,0.,1.,0.,       4737P   4838
0.,1.;                                                              4737P   4839
110,-255.5,-108.,0.5,-255.5,-108.,15.5;                             4739P   4840
126,1,1,1,0,1,0,0.,0.,1.,1.,1.,1.,0.,0.,0.,0.,3.141592654,0.,       4741P   4841
0.,1.,0.,0.,1.;                                                     4741P   4842
124,-1.,-6.98296267768627E-15,0.,-500.000000000008,                 4743P   4843
-6.98296267768627E-15,1.,-6.98296267768627E-15,                     4743P   4844
-1.63743053451281E-12,4.87617677579594E-29,                         4743P   4845
-6.98296267768627E-15,-1.,30.9999999999992;                         4743P   4846
100,15.5,-250.,-108.,-244.5,-108.,-255.5,-108.;                     4745P   4847
126,1,1,1,0,1,0,0.,0.,1.,1.,1.,1.,0.,3.141592654,0.,1.,             4747P   4848
3.141592654,0.,0.,1.,0.,0.,1.;                                      4747P   4849
110,-244.5,-108.,15.5,-244.5,-108.,0.5;                             4749P   4850
102,4,4733,4737,4741,4747;                                          4751P   4851
102,4,4735,4739,4745,4749;                                          4753P   4852
142,1,4731,4751,4753,1;                                             4755P   4853
144,4731,1,0,4755;                                                  4757P   4854
110,-250.,-108.,1000.,-250.,-108.,0.;                               4759P   4855
110,-255.5,-108.,0.5,-256.,-108.,0.;                                4761P   4856
120,4759,4761,0.,6.28318530717959;                                  4763P   4857
126,1,1,1,0,1,0,0.,0.,1.,1.,1.,1.,1.,3.141592654,0.,1.,0.,0.,       4765P   4858
0.,1.,0.,0.,1.;                                                     4765P   4859
100,0.,-250.,-108.,-244.,-108.,-256.,-108.;                         4767P   4860
126,1,1,1,0,1,0,0.,0.,1.,1.,1.,1.,1.,0.,0.,0.,0.,0.,0.,1.,0.,       4769P   4861
0.,1.;                                                              4769P   4862
110,-256.,-108.,0.,-255.5,-108.,0.5;                                4771P   4863
126,1,1,1,0,1,0,0.,0.,1.,1.,1.,1.,0.,0.,0.,0.,3.141592654,0.,       4773P   4864
0.,1.,0.,0.,1.;                                                     4773P   4865
124,-1.,-6.98296267768627E-15,0.,-500.000000000008,                 4775P   4866
-6.98296267768627E-15,1.,-6.98296267768627E-15,                     4775P   4867
-1.73589711238088E-12,4.87617677579594E-29,                         4775P   4868
-6.98296267768627E-15,-1.,0.999999999999243;                        4775P   4869
100,0.5,-250.,-108.,-244.5,-108.,-255.5,-108.;                      4777P   4870
126,1,1,1,0,1,0,0.,0.,1.,1.,1.,1.,0.,3.141592654,0.,1.,             4779P   4871
3.141592654,0.,0.,1.,0.,0.,1.;                                      4779P   4872
110,-244.5,-108.,0.5,-244.,-108.,0.;                                4781P   4873
102,4,4765,4769,4773,4779;                                          4783P   4874
102,4,4767,4771,4777,4781;                                          4785P   4875
142,1,4763,4783,4785,1;                                             4787P   4876
144,4763,1,0,4787;                                                  4789P   4877
110,-250.,0.,-984.5,-250.,0.,15.5;                                  4791P   4878
110,-244.5,0.,15.5,-244.,0.,16.;                                    4793P   4879
120,4791,4793,0.,6.28318530717959;                                  4795P   4880
126,1,1,1,0,1,0,0.,0.,1.,1.,1.,1.,1.,3.141592654,0.,1.,0.,0.,       4797P   4881
0.,1.,0.,0.,1.;                                                     4797P   4882
124,-1.,-6.98296267768627E-15,0.,-500.000000000005,                 4799P   4883
-6.98296267768627E-15,1.,-6.98296267768627E-15,                     4799P   4884
-1.6340132665786E-12,4.87617677579594E-29,                          4799P   4885
-6.98296267768627E-15,-1.,32.;                                      4799P   4886
100,16.,-250.,0.,-244.,0.,-256.,0.;                                 4801P   4887
126,1,1,1,0,1,0,0.,0.,1.,1.,1.,1.,1.,0.,0.,0.,0.,0.,0.,1.,0.,       4803P   4888
0.,1.;                                                              4803P   4889
110,-244.,0.,16.,-244.5,0.,15.5;                                    4805P   4890
126,1,1,1,0,1,0,0.,0.,1.,1.,1.,1.,0.,0.,0.,0.,3.141592654,0.,       4807P   4891
0.,1.,0.,0.,1.;                                                     4807P   4892
100,15.5,-250.,0.,-244.5,0.,-255.5,0.;                              4809P   4893
126,1,1,1,0,1,0,0.,0.,1.,1.,1.,1.,0.,3.141592654,0.,1.,             4811P   4894
3.141592654,0.,0.,1.,0.,0.,1.;                                      4811P   4895
110,-255.5,0.,15.5,-256.,0.,16.;                                    4813P   4896
102,4,4797,4803,4807,4811;                                          4815P   4897
102,4,4801,4805,4809,4813;                                          4817P   4898
142,1,4795,4815,4817,1;                                             4819P   4899
144,4795,1,0,4819;                                                  4821P   4900
110,-250.,0.,0.,-250.,0.,-1000.;                                    4823P   4901
110,-255.5,0.,15.5,-255.5,0.,0.5;                                   4825P   4902
120,4823,4825,0.,6.28318530717959;                                  4827P   4903
126,1,1,1,0,1,0,0.,0.,1.,1.,1.,1.,1.,3.141592654,0.,1.,0.,0.,       4829P   4904
0.,1.,0.,0.,1.;                                                     4829P   4905
100,0.5,-250.,0.,-244.5,0.,-255.5,0.;                               4831P   4906
126,1,1,1,0,1,0,0.,0.,1.,1.,1.,1.,1.,0.,0.,0.,0.,0.,0.,1.,0.,       4833P   4907
0.,1.;                                                              4833P   4908
110,-255.5,0.,0.5,-255.5,0.,15.5;                                   4835P   4909
126,1,1,1,0,1,0,0.,0.,1.,1.,1.,1.,0.,0.,0.,0.,3.141592654,0.,       4837P   4910
0.,1.,0.,0.,1.;                                                     4837P   4911
124,-1.,-6.98296267768627E-15,0.,-500.000000000005,                 4839P   4912
-6.98296267768627E-15,1.,-6.98296267768627E-15,                     4839P   4913
-1.63750474791745E-12,4.87617677579594E-29,                         4839P   4914
-6.98296267768627E-15,-1.,31.;                                      4839P   4915
100,15.5,-250.,0.,-244.5,0.,-255.5,0.;                              4841P   4916
126,1,1,1,0,1,0,0.,0.,1.,1.,1.,1.,0.,3.141592654,0.,1.,             4843P   4917
3.141592654,0.,0.,1.,0.,0.,1.;                                      4843P   4918
110,-244.5,0.,15.5,-244.5,0.,0.5;                                   4845P   4919
102,4,4829,4833,4837,4843;                                          4847P   4920
102,4,4831,4835,4841,4845;                                          4849P   4921
142,1,4827,4847,4849,1;                                             4851P   4922
144,4827,1,0,4851;                                                  4853P   4923
110,-250.,0.,1000.,-250.,0.,0.;                                     4855P   4924
110,-255.5,0.,0.5,-256.,0.,0.;                                      4857P   4925
120,4855,4857,0.,6.28318530717959;                                  4859P   4926
126,1,1,1,0,1,0,0.,0.,1.,1.,1.,1.,1.,3.141592654,0.,1.,0.,0.,       4861P   4927
0.,1.,0.,0.,1.;                                                     4861P   4928
100,0.,-250.,0.,-244.,0.,-256.,0.;                                  4863P   4929
126,1,1,1,0,1,0,0.,0.,1.,1.,1.,1.,1.,0.,0.,0.,0.,0.,0.,1.,0.,       4865P   4930
0.,1.;                                                              4865P   4931
110,-256.,0.,0.,-255.5,0.,0.5;                                      4867P   4932
126,1,1,1,0,1,0,0.,0.,1.,1.,1.,1.,0.,0.,0.,0.,3.141592654,0.,       4869P   4933
0.,1.,0.,0.,1.;                                                     4869P   4934
124,-1.,-7.22789203751574E-15,8.55166289179392E-31,                 4871P   4935
-500.000000000005,-7.22789203751574E-15,1.,                         4871P   4936
-6.98296267768627E-15,-1.80348152804011E-12,                        4871P   4937
4.96169340471388E-29,-6.98296267768627E-15,-1.,                     4871P   4938
0.999999999999997;                                                  4871P   4939
100,0.5,-250.,0.,-244.5,0.,-255.5,0.;                               4873P   4940
126,1,1,1,0,1,0,0.,0.,1.,1.,1.,1.,0.,3.141592654,0.,1.,             4875P   4941
3.141592654,0.,0.,1.,0.,0.,1.;                                      4875P   4942
110,-244.5,0.,0.5,-244.,0.,0.;                                      4877P   4943
102,4,4861,4865,4869,4875;                                          4879P   4944
102,4,4863,4867,4873,4877;                                          4881P   4945
142,1,4859,4879,4881,1;                                             4883P   4946
144,4859,1,0,4883;                                                  4885P   4947
110,-250.,108.,-984.5,-250.,108.,15.5;                              4887P   4948
110,-244.5,108.,15.5,-244.,108.,16.;                                4889P   4949
120,4887,4889,0.,6.28318530717959;                                  4891P   4950
126,1,1,1,0,1,0,0.,0.,1.,1.,1.,1.,1.,3.141592654,0.,1.,0.,0.,       4893P   4951
0.,1.,0.,0.,1.;                                                     4893P   4952
124,-1.,-6.98296267768627E-15,0.,-500.000000000001,                 4895P   4953
-6.98296267768627E-15,1.,-6.98296267768627E-15,                     4895P   4954
-1.63044757183507E-12,4.87617677579594E-29,                         4895P   4955
-6.98296267768627E-15,-1.,32.0000000000008;                         4895P   4956
100,16.,-250.,108.,-244.,108.,-256.,108.;                           4897P   4957
126,1,1,1,0,1,0,0.,0.,1.,1.,1.,1.,1.,0.,0.,0.,0.,0.,0.,1.,0.,       4899P   4958
0.,1.;                                                              4899P   4959
110,-244.,108.,16.,-244.5,108.,15.5;                                4901P   4960
126,1,1,1,0,1,0,0.,0.,1.,1.,1.,1.,0.,0.,0.,0.,3.141592654,0.,       4903P   4961
0.,1.,0.,0.,1.;                                                     4903P   4962
100,15.5,-250.,108.,-244.5,108.,-255.5,108.;                        4905P   4963
126,1,1,1,0,1,0,0.,0.,1.,1.,1.,1.,0.,3.141592654,0.,1.,             4907P   4964
3.141592654,0.,0.,1.,0.,0.,1.;                                      4907P   4965
110,-255.5,108.,15.5,-256.,108.,16.;                                4909P   4966
102,4,4893,4899,4903,4907;                                          4911P   4967
102,4,4897,4901,4905,4909;                                          4913P   4968
142,1,4891,4911,4913,1;                                             4915P   4969
144,4891,1,0,4915;                                                  4917P   4970
110,-250.,108.,0.,-250.,108.,-1000.;                                4919P   4971
110,-255.5,108.,15.5,-255.5,108.,0.5;                               4921P   4972
120,4919,4921,0.,6.28318530717959;                                  4923P   4973
126,1,1,1,0,1,0,0.,0.,1.,1.,1.,1.,1.,3.141592654,0.,1.,0.,0.,       4925P   4974
0.,1.,0.,0.,1.;                                                     4925P   4975
100,0.5,-250.,108.,-244.5,108.,-255.5,108.;                         4927P   4976
126,1,1,1,0,1,0,0.,0.,1.,1.,1.,1.,1.,0.,0.,0.,0.,0.,0.,1.,0.,       4929P   4977
0.,1.;                                                              4929P   4978
110,-255.5,108.,0.5,-255.5,108.,15.5;                               4931P   4979
126,1,1,1,0,1,0,0.,0.,1.,1.,1.,1.,0.,0.,0.,0.,3.141592654,0.,       4933P   4980
0.,1.,0.,0.,1.;                                                     4933P   4981
124,-1.,-6.98296267768627E-15,0.,-500.000000000001,                 4935P   4982
-6.98296267768627E-15,1.,-6.98296267768627E-15,                     4935P   4983
-1.63743053451276E-12,4.87617677579594E-29,                         4935P   4984
-6.98296267768627E-15,-1.,31.0000000000007;                         4935P   4985
100,15.5,-250.,108.,-244.5,108.,-255.5,108.;                        4937P   4986
126,1,1,1,0,1,0,0.,0.,1.,1.,1.,1.,0.,3.141592654,0.,1.,             4939P   4987
3.141592654,0.,0.,1.,0.,0.,1.;                                      4939P   4988
110,-244.5,108.,15.5,-244.5,108.,0.5;                               4941P   4989
102,4,4925,4929,4933,4939;                                          4943P   4990
102,4,4927,4931,4937,4941;                                          4945P   4991
142,1,4923,4943,4945,1;                                             4947P   4992
144,4923,1,0,4947;                                                  4949P   4993
110,-250.,108.,1000.,-250.,108.,0.;                                 4951P   4994
110,-255.5,108.,0.5,-256.,108.,0.;                                  4953P   4995
120,4951,4953,0.,6.28318530717959;                                  4955P   4996
126,1,1,1,0,1,0,0.,0.,1.,1.,1.,1.,1.,3.141592654,0.,1.,0.,0.,       4957P   4997
0.,1.,0.,0.,1.;                                                     4957P   4998
100,0.,-250.,108.,-244.,108.,-256.,108.;                            4959P   4999
126,1,1,1,0,1,0,0.,0.,1.,1.,1.,1.,1.,0.,0.,0.,0.,0.,0.,1.,0.,       4961P   5000
0.,1.;                                                              4961P   5001
110,-256.,108.,0.,-255.5,108.,0.5;                                  4963P   5002
126,1,1,1,0,1,0,0.,0.,1.,1.,1.,1.,0.,0.,0.,0.,3.141592654,0.,       4965P   5003
0.,1.,0.,0.,1.;                                                     4965P   5004
124,-1.,-6.98296267768627E-15,0.,-500.000000000001,                 4967P   5005
-6.98296267768627E-15,1.,-6.98296267768627E-15,                     4967P   5006
-1.73589711238083E-12,4.87617677579594E-29,                         4967P   5007
-6.98296267768627E-15,-1.,1.00000000000075;                         4967P   5008
100,0.5,-250.,108.,-244.5,108.,-255.5,108.;                         4969P   5009
126,1,1,1,0,1,0,0.,0.,1.,1.,1.,1.,0.,3.141592654,0.,1.,             4971P   5010
3.141592654,0.,0.,1.,0.,0.,1.;                                      4971P   5011
110,-244.5,108.,0.5,-244.,108.,0.;                                  4973P   5012
102,4,4957,4961,4965,4971;                                          4975P   5013
102,4,4959,4963,4969,4973;                                          4977P   5014
142,1,4955,4975,4977,1;                                             4979P   5015
144,4955,1,0,4979;                                                  4981P   5016
110,250.,-216.,-984.5,250.,-216.,15.5;                              4983P   5017
110,255.5,-216.,15.5,256.,-216.,16.;                                4985P   5018
120,4983,4985,0.,6.28318530717959;                                  4987P   5019
126,1,1,1,0,1,0,0.,0.,1.,1.,1.,1.,1.,3.141592654,0.,1.,0.,0.,       4989P   5020
0.,1.,0.,0.,1.;                                                     4989P   5021
124,-1.,-6.98296267768627E-15,0.,499.999999999989,                  4991P   5022
-6.98296267768627E-15,1.,-6.98296267768627E-15,                     4991P   5023
1.85531257828187E-12,4.87617677579594E-29,                          4991P   5024
-6.98296267768627E-15,-1.,31.9999999999985;                         4991P   5025
100,16.,250.,-216.,256.,-216.,244.,-216.;                           4993P   5026
126,1,1,1,0,1,0,0.,0.,1.,1.,1.,1.,1.,0.,0.,0.,0.,0.,0.,1.,0.,       4995P   5027
0.,1.;                                                              4995P   5028
110,256.,-216.,16.,255.5,-216.,15.5;                                4997P   5029
126,1,1,1,0,1,0,0.,0.,1.,1.,1.,1.,0.,0.,0.,0.,3.141592654,0.,       4999P   5030
0.,1.,0.,0.,1.;                                                     4999P   5031
100,15.5,250.,-216.,255.5,-216.,244.5,-216.;                        5001P   5032
126,1,1,1,0,1,0,0.,0.,1.,1.,1.,1.,0.,3.141592654,0.,1.,             5003P   5033
3.141592654,0.,0.,1.,0.,0.,1.;                                      5003P   5034
110,244.5,-216.,15.5,244.,-216.,16.;                                5005P   5035
102,4,4989,4995,4999,5003;                                          5007P   5036
102,4,4993,4997,5001,5005;                                          5009P   5037
142,1,4987,5007,5009,1;                                             5011P   5038
144,4987,1,0,5011;                                                  5013P   5039
110,250.,-216.,0.,250.,-216.,-1000.;                                5015P   5040
110,244.5,-216.,15.5,244.5,-216.,0.5;                               5017P   5041
120,5015,5017,0.,6.28318530717959;                                  5019P   5042
126,1,1,1,0,1,0,0.,0.,1.,1.,1.,1.,1.,3.141592654,0.,1.,0.,0.,       5021P   5043
0.,1.,0.,0.,1.;                                                     5021P   5044
100,0.5,250.,-216.,255.5,-216.,244.5,-216.;                         5023P   5045
126,1,1,1,0,1,0,0.,0.,1.,1.,1.,1.,1.,0.,0.,0.,0.,0.,0.,1.,0.,       5025P   5046
0.,1.;                                                              5025P   5047
110,244.5,-216.,0.5,244.5,-216.,15.5;                               5027P   5048
126,1,1,1,0,1,0,0.,0.,1.,1.,1.,1.,0.,0.,0.,0.,3.141592654,0.,       5029P   5049
0.,1.,0.,0.,1.;                                                     5029P   5050
124,-1.,-6.98296267768627E-15,0.,499.999999999989,                  5031P   5051
-6.98296267768627E-15,1.,-6.98296267768627E-15,                     5031P   5052
1.84832961560419E-12,4.87617677579594E-29,                          5031P   5053
-6.98296267768627E-15,-1.,30.9999999999985;                         5031P   5054
100,15.5,250.,-216.,255.5,-216.,244.5,-216.;                        5033P   5055
126,1,1,1,0,1,0,0.,0.,1.,1.,1.,1.,0.,3.141592654,0.,1.,             5035P   5056
3.141592654,0.,0.,1.,0.,0.,1.;                                      5035P   5057
110,255.5,-216.,15.5,255.5,-216.,0.5;                               5037P   5058
102,4,5021,5025,5029,5035;                                          5039P   5059
102,4,5023,5027,5033,5037;                                          5041P   5060
142,1,5019,5039,5041,1;                                             5043P   5061
144,5019,1,0,5043;                                                  5045P   5062
110,250.,-216.,1000.,250.,-216.,0.;                                 5047P   5063
110,244.5,-216.,0.5,244.,-216.,0.;                                  5049P   5064
120,5047,5049,0.,6.28318530717959;                                  5051P   5065
126,1,1,1,0,1,0,0.,0.,1.,1.,1.,1.,1.,3.141592654,0.,1.,0.,0.,       5053P   5066
0.,1.,0.,0.,1.;                                                     5053P   5067
100,0.,250.,-216.,256.,-216.,244.,-216.;                            5055P   5068
126,1,1,1,0,1,0,0.,0.,1.,1.,1.,1.,1.,0.,0.,0.,0.,0.,0.,1.,0.,       5057P   5069
0.,1.;                                                              5057P   5070
110,244.,-216.,0.,244.5,-216.,0.5;                                  5059P   5071
126,1,1,1,0,1,0,0.,0.,1.,1.,1.,1.,0.,0.,0.,0.,3.141592654,0.,       5061P   5072
0.,1.,0.,0.,1.;                                                     5061P   5073
124,-1.,-6.98296267768627E-15,0.,499.999999999989,                  5063P   5074
-6.98296267768627E-15,1.,-6.98296267768627E-15,                     5063P   5075
1.74986303773611E-12,4.87617677579594E-29,                          5063P   5076
-6.98296267768627E-15,-1.,0.999999999998489;                        5063P   5077
100,0.5,250.,-216.,255.5,-216.,244.5,-216.;                         5065P   5078
126,1,1,1,0,1,0,0.,0.,1.,1.,1.,1.,0.,3.141592654,0.,1.,             5067P   5079
3.141592654,0.,0.,1.,0.,0.,1.;                                      5067P   5080
110,255.5,-216.,0.5,256.,-216.,0.;                                  5069P   5081
102,4,5053,5057,5061,5067;                                          5071P   5082
102,4,5055,5059,5065,5069;                                          5073P   5083
142,1,5051,5071,5073,1;                                             5075P   5084
144,5051,1,0,5075;                                                  5077P   5085
110,250.,-108.,-984.5,250.,-108.,15.5;                              5079P   5086
110,255.5,-108.,15.5,256.,-108.,16.;                                5081P   5087
120,5079,5081,0.,6.28318530717959;                                  5083P   5088
126,1,1,1,0,1,0,0.,0.,1.,1.,1.,1.,1.,3.141592654,0.,1.,0.,0.,       5085P   5089
0.,1.,0.,0.,1.;                                                     5085P   5090
124,-1.,-6.98296267768627E-15,0.,499.999999999992,                  5087P   5091
-6.98296267768627E-15,1.,-6.98296267768627E-15,                     5087P   5092
1.8553125782819E-12,4.87617677579594E-29,-6.98296267768627E-15,     5087P   5093
-1.,31.9999999999993;                                               5087P   5094
100,16.,250.,-108.,256.,-108.,244.,-108.;                           5089P   5095
126,1,1,1,0,1,0,0.,0.,1.,1.,1.,1.,1.,0.,0.,0.,0.,0.,0.,1.,0.,       5091P   5096
0.,1.;                                                              5091P   5097
110,256.,-108.,16.,255.5,-108.,15.5;                                5093P   5098
126,1,1,1,0,1,0,0.,0.,1.,1.,1.,1.,0.,0.,0.,0.,3.141592654,0.,       5095P   5099
0.,1.,0.,0.,1.;                                                     5095P   5100
100,15.5,250.,-108.,255.5,-108.,244.5,-108.;                        5097P   5101
126,1,1,1,0,1,0,0.,0.,1.,1.,1.,1.,0.,3.141592654,0.,1.,             5099P   5102
3.141592654,0.,0.,1.,0.,0.,1.;                                      5099P   5103
110,244.5,-108.,15.5,244.,-108.,16.;                                5101P   5104
102,4,5085,5091,5095,5099;                                          5103P   5105
102,4,5089,5093,5097,5101;                                          5105P   5106
142,1,5083,5103,5105,1;                                             5107P   5107
144,5083,1,0,5107;                                                  5109P   5108
110,250.,-108.,0.,250.,-108.,-1000.;                                5111P   5109
110,244.5,-108.,15.5,244.5,-108.,0.5;                               5113P   5110
120,5111,5113,0.,6.28318530717959;                                  5115P   5111
126,1,1,1,0,1,0,0.,0.,1.,1.,1.,1.,1.,3.141592654,0.,1.,0.,0.,       5117P   5112
0.,1.,0.,0.,1.;                                                     5117P   5113
100,0.5,250.,-108.,255.5,-108.,244.5,-108.;                         5119P   5114
126,1,1,1,0,1,0,0.,0.,1.,1.,1.,1.,1.,0.,0.,0.,0.,0.,0.,1.,0.,       5121P   5115
0.,1.;                                                              5121P   5116
110,244.5,-108.,0.5,244.5,-108.,15.5;                               5123P   5117
126,1,1,1,0,1,0,0.,0.,1.,1.,1.,1.,0.,0.,0.,0.,3.141592654,0.,       5125P   5118
0.,1.,0.,0.,1.;                                                     5125P   5119
124,-1.,-6.98296267768627E-15,0.,499.999999999992,                  5127P   5120
-6.98296267768627E-15,1.,-6.98296267768627E-15,                     5127P   5121
1.84832961560421E-12,4.87617677579594E-29,                          5127P   5122
-6.98296267768627E-15,-1.,30.9999999999992;                         5127P   5123
100,15.5,250.,-108.,255.5,-108.,244.5,-108.;                        5129P   5124
126,1,1,1,0,1,0,0.,0.,1.,1.,1.,1.,0.,3.141592654,0.,1.,             5131P   5125
3.141592654,0.,0.,1.,0.,0.,1.;                                      5131P   5126
110,255.5,-108.,15.5,255.5,-108.,0.5;                               5133P   5127
102,4,5117,5121,5125,5131;                                          5135P   5128
102,4,5119,5123,5129,5133;                                          5137P   5129
142,1,5115,5135,5137,1;                                             5139P   5130
144,5115,1,0,5139;                                                  5141P   5131
110,250.,-108.,1000.,250.,-108.,0.;                                 5143P   5132
110,244.5,-108.,0.5,244.,-108.,0.;                                  5145P   5133
120,5143,5145,0.,6.28318530717959;                                  5147P   5134
126,1,1,1,0,1,0,0.,0.,1.,1.,1.,1.,1.,3.141592654,0.,1.,0.,0.,       5149P   5135
0.,1.,0.,0.,1.;                                                     5149P   5136
100,0.,250.,-108.,256.,-108.,244.,-108.;                            5151P   5137
126,1,1,1,0,1,0,0.,0.,1.,1.,1.,1.,1.,0.,0.,0.,0.,0.,0.,1.,0.,       5153P   5138
0.,1.;                                                              5153P   5139
110,244.,-108.,0.,244.5,-108.,0.5;                                  5155P   5140
126,1,1,1,0,1,0,0.,0.,1.,1.,1.,1.,0.,0.,0.,0.,3.141592654,0.,       5157P   5141
0.,1.,0.,0.,1.;                                                     5157P   5142
124,-1.,-6.98296267768627E-15,0.,499.999999999992,                  5159P   5143
-6.98296267768627E-15,1.,-6.98296267768627E-15,                     5159P   5144
1.74986303773614E-12,4.87617677579594E-29,                          5159P   5145
-6.98296267768627E-15,-1.,0.999999999999243;                        5159P   5146
100,0.5,250.,-108.,255.5,-108.,244.5,-108.;                         5161P   5147
126,1,1,1,0,1,0,0.,0.,1.,1.,1.,1.,0.,3.141592654,0.,1.,             5163P   5148
3.141592654,0.,0.,1.,0.,0.,1.;                                      5163P   5149
110,255.5,-108.,0.5,256.,-108.,0.;                                  5165P   5150
102,4,5149,5153,5157,5163;                                          5167P   5151
102,4,5151,5155,5161,5165;                                          5169P   5152
142,1,5147,5167,5169,1;                                             5171P   5153
144,5147,1,0,5171;                                                  5173P   5154
110,250.,0.,-984.5,250.,0.,15.5;                                    5175P   5155
110,255.5,0.,15.5,256.,0.,16.;                                      5177P   5156
120,5175,5177,0.,6.28318530717959;                                  5179P   5157
126,1,1,1,0,1,0,0.,0.,1.,1.,1.,1.,1.,3.141592654,0.,1.,0.,0.,       5181P   5158
0.,1.,0.,0.,1.;                                                     5181P   5159
124,-1.,-6.98296267768627E-15,0.,499.999999999995,                  5183P   5160
-6.98296267768627E-15,1.,-6.98296267768627E-15,                     5183P   5161
1.85746807226453E-12,4.87617677579594E-29,                          5183P   5162
-6.98296267768627E-15,-1.,32.;                                      5183P   5163
100,16.,250.,0.,256.,0.,244.,0.;                                    5185P   5164
126,1,1,1,0,1,0,0.,0.,1.,1.,1.,1.,1.,0.,0.,0.,0.,0.,0.,1.,0.,       5187P   5165
0.,1.;                                                              5187P   5166
110,256.,0.,16.,255.5,0.,15.5;                                      5189P   5167
126,1,1,1,0,1,0,0.,0.,1.,1.,1.,1.,0.,0.,0.,0.,3.141592654,0.,       5191P   5168
0.,1.,0.,0.,1.;                                                     5191P   5169
100,15.5,250.,0.,255.5,0.,244.5,0.;                                 5193P   5170
126,1,1,1,0,1,0,0.,0.,1.,1.,1.,1.,0.,3.141592654,0.,1.,             5195P   5171
3.141592654,0.,0.,1.,0.,0.,1.;                                      5195P   5172
110,244.5,0.,15.5,244.,0.,16.;                                      5197P   5173
102,4,5181,5187,5191,5195;                                          5199P   5174
102,4,5185,5189,5193,5197;                                          5201P   5175
142,1,5179,5199,5201,1;                                             5203P   5176
144,5179,1,0,5203;                                                  5205P   5177
110,250.,0.,0.,250.,0.,-1000.;                                      5207P   5178
110,244.5,0.,15.5,244.5,0.,0.5;                                     5209P   5179
120,5207,5209,0.,6.28318530717959;                                  5211P   5180
126,1,1,1,0,1,0,0.,0.,1.,1.,1.,1.,1.,3.141592654,0.,1.,0.,0.,       5213P   5181
0.,1.,0.,0.,1.;                                                     5213P   5182
100,0.5,250.,0.,255.5,0.,244.5,0.;                                  5215P   5183
126,1,1,1,0,1,0,0.,0.,1.,1.,1.,1.,1.,0.,0.,0.,0.,0.,0.,1.,0.,       5217P   5184
0.,1.;                                                              5217P   5185
110,244.5,0.,0.5,244.5,0.,15.5;                                     5219P   5186
126,1,1,1,0,1,0,0.,0.,1.,1.,1.,1.,0.,0.,0.,0.,3.141592654,0.,       5221P   5187
0.,1.,0.,0.,1.;                                                     5221P   5188
124,-1.,-6.98296267768627E-15,0.,499.999999999995,                  5223P   5189
-6.98296267768627E-15,1.,-6.98296267768627E-15,                     5223P   5190
1.85397659092569E-12,4.87617677579594E-29,                          5223P   5191
-6.98296267768627E-15,-1.,31.;                                      5223P   5192
100,15.5,250.,0.,255.5,0.,244.5,0.;                                 5225P   5193
126,1,1,1,0,1,0,0.,0.,1.,1.,1.,1.,0.,3.141592654,0.,1.,             5227P   5194
3.141592654,0.,0.,1.,0.,0.,1.;                                      5227P   5195
110,255.5,0.,15.5,255.5,0.,0.5;                                     5229P   5196
102,4,5213,5217,5221,5227;                                          5231P   5197
102,4,5215,5219,5225,5229;                                          5233P   5198
142,1,5211,5231,5233,1;                                             5235P   5199
144,5211,1,0,5235;                                                  5237P   5200
110,250.,0.,1000.,250.,0.,0.;                                       5239P   5201
110,244.5,0.,0.5,244.,0.,0.;                                        5241P   5202
120,5239,5241,0.,6.28318530717959;                                  5243P   5203
126,1,1,1,0,1,0,0.,0.,1.,1.,1.,1.,1.,3.141592654,0.,1.,0.,0.,       5245P   5204
0.,1.,0.,0.,1.;                                                     5245P   5205
100,0.,250.,0.,256.,0.,244.,0.;                                     5247P   5206
126,1,1,1,0,1,0,0.,0.,1.,1.,1.,1.,1.,0.,0.,0.,0.,0.,0.,1.,0.,       5249P   5207
0.,1.;                                                              5249P   5208
110,244.,0.,0.,244.5,0.,0.5;                                        5251P   5209
126,1,1,1,0,1,0,0.,0.,1.,1.,1.,1.,0.,0.,0.,0.,3.141592654,0.,       5253P   5210
0.,1.,0.,0.,1.;                                                     5253P   5211
124,-1.,-7.22789203751568E-15,8.55166289179194E-31,                 5255P   5212
499.999999999995,-7.22789203751568E-15,1.,                          5255P   5213
-6.98296267768627E-15,1.81046449071775E-12,                         5255P   5214
4.96169340471386E-29,-6.98296267768627E-15,-1.,                     5255P   5215
0.999999999999997;                                                  5255P   5216
100,0.5,250.,0.,255.5,0.,244.5,0.;                                  5257P   5217
126,1,1,1,0,1,0,0.,0.,1.,1.,1.,1.,0.,3.141592654,0.,1.,             5259P   5218
3.141592654,0.,0.,1.,0.,0.,1.;                                      5259P   5219
110,255.5,0.,0.5,256.,0.,0.;                                        5261P   5220
102,4,5245,5249,5253,5259;                                          5263P   5221
102,4,5247,5251,5257,5261;                                          5265P   5222
142,1,5243,5263,5265,1;                                             5267P   5223
144,5243,1,0,5267;                                                  5269P   5224
110,250.,108.,-984.5,250.,108.,15.5;                                5271P   5225
110,255.5,108.,15.5,256.,108.,16.;                                  5273P   5226
120,5271,5273,0.,6.28318530717959;                                  5275P   5227
126,1,1,1,0,1,0,0.,0.,1.,1.,1.,1.,1.,3.141592654,0.,1.,0.,0.,       5277P   5228
0.,1.,0.,0.,1.;                                                     5277P   5229
124,-1.,-6.98296267768627E-15,0.,499.999999999999,                  5279P   5230
-6.98296267768627E-15,1.,-6.98296267768627E-15,                     5279P   5231
1.85531257828195E-12,4.87617677579594E-29,                          5279P   5232
-6.98296267768627E-15,-1.,32.0000000000008;                         5279P   5233
100,16.,250.,108.,256.,108.,244.,108.;                              5281P   5234
126,1,1,1,0,1,0,0.,0.,1.,1.,1.,1.,1.,0.,0.,0.,0.,0.,0.,1.,0.,       5283P   5235
0.,1.;                                                              5283P   5236
110,256.,108.,16.,255.5,108.,15.5;                                  5285P   5237
126,1,1,1,0,1,0,0.,0.,1.,1.,1.,1.,0.,0.,0.,0.,3.141592654,0.,       5287P   5238
0.,1.,0.,0.,1.;                                                     5287P   5239
100,15.5,250.,108.,255.5,108.,244.5,108.;                           5289P   5240
126,1,1,1,0,1,0,0.,0.,1.,1.,1.,1.,0.,3.141592654,0.,1.,             5291P   5241
3.141592654,0.,0.,1.,0.,0.,1.;                                      5291P   5242
110,244.5,108.,15.5,244.,108.,16.;                                  5293P   5243
102,4,5277,5283,5287,5291;                                          5295P   5244
102,4,5281,5285,5289,5293;                                          5297P   5245
142,1,5275,5295,5297,1;                                             5299P   5246
144,5275,1,0,5299;                                                  5301P   5247
110,250.,108.,0.,250.,108.,-1000.;                                  5303P   5248
110,244.5,108.,15.5,244.5,108.,0.5;                                 5305P   5249
120,5303,5305,0.,6.28318530717959;                                  5307P   5250
126,1,1,1,0,1,0,0.,0.,1.,1.,1.,1.,1.,3.141592654,0.,1.,0.,0.,       5309P   5251
0.,1.,0.,0.,1.;                                                     5309P   5252
100,0.5,250.,108.,255.5,108.,244.5,108.;                            5311P   5253
126,1,1,1,0,1,0,0.,0.,1.,1.,1.,1.,1.,0.,0.,0.,0.,0.,0.,1.,0.,       5313P   5254
0.,1.;                                                              5313P   5255
110,244.5,108.,0.5,244.5,108.,15.5;                                 5315P   5256
126,1,1,1,0,1,0,0.,0.,1.,1.,1.,1.,0.,0.,0.,0.,3.141592654,0.,       5317P   5257
0.,1.,0.,0.,1.;                                                     5317P   5258
124,-1.,-6.98296267768627E-15,0.,499.999999999999,                  5319P   5259
-6.98296267768627E-15,1.,-6.98296267768627E-15,                     5319P   5260
1.84832961560427E-12,4.87617677579594E-29,                          5319P   5261
-6.98296267768627E-15,-1.,31.0000000000007;                         5319P   5262
100,15.5,250.,108.,255.5,108.,244.5,108.;                           5321P   5263
126,1,1,1,0,1,0,0.,0.,1.,1.,1.,1.,0.,3.141592654,0.,1.,             5323P   5264
3.141592654,0.,0.,1.,0.,0.,1.;                                      5323P   5265
110,255.5,108.,15.5,255.5,108.,0.5;                                 5325P   5266
102,4,5309,5313,5317,5323;                                          5327P   5267
102,4,5311,5315,5321,5325;                                          5329P   5268
142,1,5307,5327,5329,1;                                             5331P   5269
144,5307,1,0,5331;                                                  5333P   5270
110,250.,108.,1000.,250.,108.,0.;                                   5335P   5271
110,244.5,108.,0.5,244.,108.,0.;                                    5337P   5272
120,5335,5337,0.,6.28318530717959;                                  5339P   5273
126,1,1,1,0,1,0,0.,0.,1.,1.,1.,1.,1.,3.141592654,0.,1.,0.,0.,       5341P   5274
0.,1.,0.,0.,1.;                                                     5341P   5275
100,0.,250.,108.,256.,108.,244.,108.;                               5343P   5276
126,1,1,1,0,1,0,0.,0.,1.,1.,1.,1.,1.,0.,0.,0.,0.,0.,0.,1.,0.,       5345P   5277
0.,1.;                                                              5345P   5278
110,244.,108.,0.,244.5,108.,0.5;                                    5347P   5279
126,1,1,1,0,1,0,0.,0.,1.,1.,1.,1.,0.,0.,0.,0.,3.141592654,0.,       5349P   5280
0.,1.,0.,0.,1.;                                                     5349P   5281
124,-1.,-6.98296267768627E-15,0.,499.999999999999,                  5351P   5282
-6.98296267768627E-15,1.,-6.98296267768627E-15,                     5351P   5283
1.74986303773619E-12,4.87617677579594E-29,                          5351P   5284
-6.98296267768627E-15,-1.,1.00000000000075;                         5351P   5285
100,0.5,250.,108.,255.5,108.,244.5,108.;                            5353P   5286
126,1,1,1,0,1,0,0.,0.,1.,1.,1.,1.,0.,3.141592654,0.,1.,             5355P   5287
3.141592654,0.,0.,1.,0.,0.,1.;                                      5355P   5288
110,255.5,108.,0.5,256.,108.,0.;                                    5357P   5289
102,4,5341,5345,5349,5355;                                          5359P   5290
102,4,5343,5347,5353,5357;                                          5361P   5291
142,1,5339,5359,5361,1;                                             5363P   5292
144,5339,1,0,5363;                                                  5365P   5293
110,250.,216.,-984.5,250.,216.,15.5;                                5367P   5294
110,255.5,216.,15.5,256.,216.,16.;                                  5369P   5295
120,5367,5369,0.,6.28318530717959;                                  5371P   5296
126,1,1,1,0,1,0,0.,0.,1.,1.,1.,1.,1.,3.141592654,0.,1.,0.,0.,       5373P   5297
0.,1.,0.,0.,1.;                                                     5373P   5298
124,-1.,-6.98296267768627E-15,0.,500.000000000002,                  5375P   5299
-6.98296267768627E-15,1.,-6.98296267768627E-15,                     5375P   5300
1.85531257828198E-12,4.87617677579594E-29,                          5375P   5301
-6.98296267768627E-15,-1.,32.0000000000015;                         5375P   5302
100,16.,250.,216.,256.,216.,244.,216.;                              5377P   5303
126,1,1,1,0,1,0,0.,0.,1.,1.,1.,1.,1.,0.,0.,0.,0.,0.,0.,1.,0.,       5379P   5304
0.,1.;                                                              5379P   5305
110,256.,216.,16.,255.5,216.,15.5;                                  5381P   5306
126,1,1,1,0,1,0,0.,0.,1.,1.,1.,1.,0.,0.,0.,0.,3.141592654,0.,       5383P   5307
0.,1.,0.,0.,1.;                                                     5383P   5308
100,15.5,250.,216.,255.5,216.,244.5,216.;                           5385P   5309
126,1,1,1,0,1,0,0.,0.,1.,1.,1.,1.,0.,3.141592654,0.,1.,             5387P   5310
3.141592654,0.,0.,1.,0.,0.,1.;                                      5387P   5311
110,244.5,216.,15.5,244.,216.,16.;                                  5389P   5312
102,4,5373,5379,5383,5387;                                          5391P   5313
102,4,5377,5381,5385,5389;                                          5393P   5314
142,1,5371,5391,5393,1;                                             5395P   5315
144,5371,1,0,5395;                                                  5397P   5316
110,250.,216.,0.,250.,216.,-1000.;                                  5399P   5317
110,244.5,216.,15.5,244.5,216.,0.5;                                 5401P   5318
120,5399,5401,0.,6.28318530717959;                                  5403P   5319
126,1,1,1,0,1,0,0.,0.,1.,1.,1.,1.,1.,3.141592654,0.,1.,0.,0.,       5405P   5320
0.,1.,0.,0.,1.;                                                     5405P   5321
100,0.5,250.,216.,255.5,216.,244.5,216.;                            5407P   5322
126,1,1,1,0,1,0,0.,0.,1.,1.,1.,1.,1.,0.,0.,0.,0.,0.,0.,1.,0.,       5409P   5323
0.,1.;                                                              5409P   5324
110,244.5,216.,0.5,244.5,216.,15.5;                                 5411P   5325
126,1,1,1,0,1,0,0.,0.,1.,1.,1.,1.,0.,0.,0.,0.,3.141592654,0.,       5413P   5326
0.,1.,0.,0.,1.;                                                     5413P   5327
124,-1.,-6.98296267768627E-15,0.,500.000000000002,                  5415P   5328
-6.98296267768627E-15,1.,-6.98296267768627E-15,                     5415P   5329
1.84832961560429E-12,4.87617677579594E-29,                          5415P   5330
-6.98296267768627E-15,-1.,31.0000000000015;                         5415P   5331
100,15.5,250.,216.,255.5,216.,244.5,216.;                           5417P   5332
126,1,1,1,0,1,0,0.,0.,1.,1.,1.,1.,0.,3.141592654,0.,1.,             5419P   5333
3.141592654,0.,0.,1.,0.,0.,1.;                                      5419P   5334
110,255.5,216.,15.5,255.5,216.,0.5;                                 5421P   5335
102,4,5405,5409,5413,5419;                                          5423P   5336
102,4,5407,5411,5417,5421;                                          5425P   5337
142,1,5403,5423,5425,1;                                             5427P   5338
144,5403,1,0,5427;                                                  5429P   5339
110,250.,216.,1000.,250.,216.,0.;                                   5431P   5340
110,244.5,216.,0.5,244.,216.,0.;                                    5433P   5341
120,5431,5433,0.,6.28318530717959;                                  5435P   5342
126,1,1,1,0,1,0,0.,0.,1.,1.,1.,1.,1.,3.141592654,0.,1.,0.,0.,       5437P   5343
0.,1.,0.,0.,1.;                                                     5437P   5344
100,0.,250.,216.,256.,216.,244.,216.;                               5439P   5345
126,1,1,1,0,1,0,0.,0.,1.,1.,1.,1.,1.,0.,0.,0.,0.,0.,0.,1.,0.,       5441P   5346
0.,1.;                                                              5441P   5347
110,244.,216.,0.,244.5,216.,0.5;                                    5443P   5348
126,1,1,1,0,1,0,0.,0.,1.,1.,1.,1.,0.,0.,0.,0.,3.141592654,0.,       5445P   5349
0.,1.,0.,0.,1.;                                                     5445P   5350
124,-1.,-6.98296267768627E-15,0.,500.000000000002,                  5447P   5351
-6.98296267768627E-15,1.,-6.98296267768627E-15,                     5447P   5352
1.74986303773622E-12,4.87617677579594E-29,                          5447P   5353
-6.98296267768627E-15,-1.,1.00000000000151;                         5447P   5354
100,0.5,250.,216.,255.5,216.,244.5,216.;                            5449P   5355
126,1,1,1,0,1,0,0.,0.,1.,1.,1.,1.,0.,3.141592654,0.,1.,             5451P   5356
3.141592654,0.,0.,1.,0.,0.,1.;                                      5451P   5357
110,255.5,216.,0.5,256.,216.,0.;                                    5453P   5358
102,4,5437,5441,5445,5451;                                          5455P   5359
102,4,5439,5443,5449,5453;                                          5457P   5360
142,1,5435,5455,5457,1;                                             5459P   5361
144,5435,1,0,5459;                                                  5461P   5362
110,-250.,216.,-984.5,-250.,216.,15.5;                              5463P   5363
110,-244.5,216.,15.5,-244.,216.,16.;                                5465P   5364
120,5463,5465,0.,6.28318530717959;                                  5467P   5365
126,1,1,1,0,1,0,0.,0.,1.,1.,1.,1.,1.,3.141592654,0.,1.,0.,0.,       5469P   5366
0.,1.,0.,0.,1.;                                                     5469P   5367
124,-1.,-6.98296267768627E-15,0.,-499.999999999999,                 5471P   5368
-6.98296267768627E-15,1.,-6.98296267768627E-15,                     5471P   5369
-1.63044757183505E-12,4.87617677579594E-29,                         5471P   5370
-6.98296267768627E-15,-1.,32.0000000000015;                         5471P   5371
100,16.,-250.,216.,-244.,216.,-256.,216.;                           5473P   5372
126,1,1,1,0,1,0,0.,0.,1.,1.,1.,1.,1.,0.,0.,0.,0.,0.,0.,1.,0.,       5475P   5373
0.,1.;                                                              5475P   5374
110,-244.,216.,16.,-244.5,216.,15.5;                                5477P   5375
126,1,1,1,0,1,0,0.,0.,1.,1.,1.,1.,0.,0.,0.,0.,3.141592654,0.,       5479P   5376
0.,1.,0.,0.,1.;                                                     5479P   5377
100,15.5,-250.,216.,-244.5,216.,-255.5,216.;                        5481P   5378
126,1,1,1,0,1,0,0.,0.,1.,1.,1.,1.,0.,3.141592654,0.,1.,             5483P   5379
3.141592654,0.,0.,1.,0.,0.,1.;                                      5483P   5380
110,-255.5,216.,15.5,-256.,216.,16.;                                5485P   5381
102,4,5469,5475,5479,5483;                                          5487P   5382
102,4,5473,5477,5481,5485;                                          5489P   5383
142,1,5467,5487,5489,1;                                             5491P   5384
144,5467,1,0,5491;                                                  5493P   5385
110,-250.,216.,0.,-250.,216.,-1000.;                                5495P   5386
110,-255.5,216.,15.5,-255.5,216.,0.5;                               5497P   5387
120,5495,5497,0.,6.28318530717959;                                  5499P   5388
126,1,1,1,0,1,0,0.,0.,1.,1.,1.,1.,1.,3.141592654,0.,1.,0.,0.,       5501P   5389
0.,1.,0.,0.,1.;                                                     5501P   5390
100,0.5,-250.,216.,-244.5,216.,-255.5,216.;                         5503P   5391
126,1,1,1,0,1,0,0.,0.,1.,1.,1.,1.,1.,0.,0.,0.,0.,0.,0.,1.,0.,       5505P   5392
0.,1.;                                                              5505P   5393
110,-255.5,216.,0.5,-255.5,216.,15.5;                               5507P   5394
126,1,1,1,0,1,0,0.,0.,1.,1.,1.,1.,0.,0.,0.,0.,3.141592654,0.,       5509P   5395
0.,1.,0.,0.,1.;                                                     5509P   5396
124,-1.,-6.98296267768627E-15,0.,-499.999999999999,                 5511P   5397
-6.98296267768627E-15,1.,-6.98296267768627E-15,                     5511P   5398
-1.63743053451273E-12,4.87617677579594E-29,                         5511P   5399
-6.98296267768627E-15,-1.,31.0000000000015;                         5511P   5400
100,15.5,-250.,216.,-244.5,216.,-255.5,216.;                        5513P   5401
126,1,1,1,0,1,0,0.,0.,1.,1.,1.,1.,0.,3.141592654,0.,1.,             5515P   5402
3.141592654,0.,0.,1.,0.,0.,1.;                                      5515P   5403
110,-244.5,216.,15.5,-244.5,216.,0.5;                               5517P   5404
102,4,5501,5505,5509,5515;                                          5519P   5405
102,4,5503,5507,5513,5517;                                          5521P   5406
142,1,5499,5519,5521,1;                                             5523P   5407
144,5499,1,0,5523;                                                  5525P   5408
110,-250.,216.,1000.,-250.,216.,0.;                                 5527P   5409
110,-255.5,216.,0.5,-256.,216.,0.;                                  5529P   5410
120,5527,5529,0.,6.28318530717959;                                  5531P   5411
126,1,1,1,0,1,0,0.,0.,1.,1.,1.,1.,1.,3.141592654,0.,1.,0.,0.,       5533P   5412
0.,1.,0.,0.,1.;                                                     5533P   5413
100,0.,-250.,216.,-244.,216.,-256.,216.;                            5535P   5414
126,1,1,1,0,1,0,0.,0.,1.,1.,1.,1.,1.,0.,0.,0.,0.,0.,0.,1.,0.,       5537P   5415
0.,1.;                                                              5537P   5416
110,-256.,216.,0.,-255.5,216.,0.5;                                  5539P   5417
126,1,1,1,0,1,0,0.,0.,1.,1.,1.,1.,0.,0.,0.,0.,3.141592654,0.,       5541P   5418
0.,1.,0.,0.,1.;                                                     5541P   5419
124,-1.,-6.98296267768627E-15,0.,-499.999999999999,                 5543P   5420
-6.98296267768627E-15,1.,-6.98296267768627E-15,                     5543P   5421
-1.7358971123808E-12,4.87617677579594E-29,                          5543P   5422
-6.98296267768627E-15,-1.,1.00000000000151;                         5543P   5423
100,0.5,-250.,216.,-244.5,216.,-255.5,216.;                         5545P   5424
126,1,1,1,0,1,0,0.,0.,1.,1.,1.,1.,0.,3.141592654,0.,1.,             5547P   5425
3.141592654,0.,0.,1.,0.,0.,1.;                                      5547P   5426
110,-244.5,216.,0.5,-244.,216.,0.;                                  5549P   5427
102,4,5533,5537,5541,5547;                                          5551P   5428
102,4,5535,5539,5545,5549;                                          5553P   5429
142,1,5531,5551,5553,1;                                             5555P   5430
144,5531,1,0,5555;                                                  5557P   5431
110,191.5,-784.,8.,191.5,216.,8.;                                   5559P   5432
110,191.5,213.356213276,8.,191.5,216.,12.4;                         5561P   5433
120,5559,5561,0.,6.28318530717959;                                  5563P   5434
126,1,1,1,0,1,0,0.,0.,1.,1.,1.,1.,1.,3.141592654,0.,1.,0.,0.,       5565P   5435
0.,1.,0.,0.,1.;                                                     5565P   5436
124,1.40271576953299E-14,1.,0.,-24.5000000000026,                   5567P   5437
-6.12323399573677E-17,8.58915688636046E-31,-1.,224.,-1.,            5567P   5438
1.40271576953299E-14,6.12323399573677E-17,199.499999999997;         5567P   5439
100,8.,191.5,216.,195.9,216.,187.1,216.;                            5569P   5440
126,1,1,1,0,1,0,0.,0.,1.,1.,1.,1.,1.,0.,0.,0.,0.,0.,0.,1.,0.,       5571P   5441
0.,1.;                                                              5571P   5442
110,191.5,216.,12.4,191.5,213.356213276,8.;                         5573P   5443
126,1,1,1,0,1,0,0.,0.,1.,1.,1.,1.,0.,0.,0.,0.,3.141592654,0.,       5575P   5444
0.,1.,0.,0.,1.;                                                     5575P   5445
126,1,1,1,0,1,0,0.,0.,1.,1.,1.,1.,0.,3.141592654,0.,1.,             5577P   5446
3.141592654,0.,0.,1.,0.,0.,1.;                                      5577P   5447
110,191.5,213.356213276,8.,191.5,216.,3.6;                          5579P   5448
102,4,5565,5571,5575,5577;                                          5581P   5449
102,3,5569,5573,5579;                                               5583P   5450
142,1,5563,5581,5583,1;                                             5585P   5451
144,5563,1,0,5585;                                                  5587P   5452
110,191.5,236.,8.,191.5,1236.,8.;                                   5589P   5453
110,191.5,216.,12.4,191.5,236.,12.4;                                5591P   5454
120,5589,5591,0.,6.28318530717959;                                  5593P   5455
126,1,1,1,0,1,0,0.,0.,1.,1.,1.,1.,1.,3.141592654,0.,1.,0.,0.,       5595P   5456
0.,1.,0.,0.,1.;                                                     5595P   5457
124,1.40271576953299E-14,1.,0.,-44.5000000000026,                   5597P   5458
-6.12323399573677E-17,8.58915688636046E-31,-1.,244.,-1.,            5597P   5459
1.40271576953299E-14,6.12323399573677E-17,199.499999999997;         5597P   5460
100,8.,191.5,236.,195.9,236.,187.1,236.;                            5599P   5461
126,1,1,1,0,1,0,0.,0.,1.,1.,1.,1.,1.,0.,0.,0.,0.,0.,0.,1.,0.,       5601P   5462
0.,1.;                                                              5601P   5463
110,191.5,236.,12.4,191.5,216.,12.4;                                5603P   5464
126,1,1,1,0,1,0,0.,0.,1.,1.,1.,1.,0.,0.,0.,0.,3.141592654,0.,       5605P   5465
0.,1.,0.,0.,1.;                                                     5605P   5466
124,1.40271576953299E-14,1.,0.,-24.5000000000026,                   5607P   5467
-6.12323399573677E-17,8.58915688636046E-31,1.,208.,1.,              5607P   5468
-1.40271576953299E-14,6.12323399573677E-17,-183.499999999997;       5607P   5469
100,8.,191.5,216.,195.9,216.,187.1,216.;                            5609P   5470
126,1,1,1,0,1,0,0.,0.,1.,1.,1.,1.,0.,3.141592654,0.,1.,             5611P   5471
3.141592654,0.,0.,1.,0.,0.,1.;                                      5611P   5472
110,191.5,216.,3.6,191.5,236.,3.6;                                  5613P   5473
102,4,5595,5601,5605,5611;                                          5615P   5474
102,4,5599,5603,5609,5613;                                          5617P   5475
142,1,5593,5615,5617,1;                                             5619P   5476
144,5593,1,0,5619;                                                  5621P   5477
110,-191.5,-784.,8.,-191.5,216.,8.;                                 5623P   5478
110,-191.5,213.356213276,8.,-191.5,216.,12.4;                       5625P   5479
120,5623,5625,0.,6.28318530717959;                                  5627P   5480
126,1,1,1,0,1,0,0.,0.,1.,1.,1.,1.,1.,3.141592654,0.,1.,0.,0.,       5629P   5481
0.,1.,0.,0.,1.;                                                     5629P   5482
124,1.40271576953299E-14,1.,0.,-407.499999999997,                   5631P   5483
-6.12323399573677E-17,8.58915688636046E-31,-1.,224.,-1.,            5631P   5484
1.40271576953299E-14,6.12323399573677E-17,-183.500000000003;        5631P   5485
100,8.,-191.5,216.,-187.1,216.,-195.9,216.;                         5633P   5486
126,1,1,1,0,1,0,0.,0.,1.,1.,1.,1.,1.,0.,0.,0.,0.,0.,0.,1.,0.,       5635P   5487
0.,1.;                                                              5635P   5488
110,-191.5,216.,12.4,-191.5,213.356213276,8.;                       5637P   5489
126,1,1,1,0,1,0,0.,0.,1.,1.,1.,1.,0.,0.,0.,0.,3.141592654,0.,       5639P   5490
0.,1.,0.,0.,1.;                                                     5639P   5491
126,1,1,1,0,1,0,0.,0.,1.,1.,1.,1.,0.,3.141592654,0.,1.,             5641P   5492
3.141592654,0.,0.,1.,0.,0.,1.;                                      5641P   5493
110,-191.5,213.356213276,8.,-191.5,216.,3.6;                        5643P   5494
102,4,5629,5635,5639,5641;                                          5645P   5495
102,3,5633,5637,5643;                                               5647P   5496
142,1,5627,5645,5647,1;                                             5649P   5497
144,5627,1,0,5649;                                                  5651P   5498
110,-191.5,236.,8.,-191.5,1236.,8.;                                 5653P   5499
110,-191.5,216.,12.4,-191.5,236.,12.4;                              5655P   5500
120,5653,5655,0.,6.28318530717959;                                  5657P   5501
126,1,1,1,0,1,0,0.,0.,1.,1.,1.,1.,1.,3.141592654,0.,1.,0.,0.,       5659P   5502
0.,1.,0.,0.,1.;                                                     5659P   5503
124,1.40271576953299E-14,1.,0.,-427.499999999997,                   5661P   5504
-6.12323399573677E-17,8.58915688636046E-31,-1.,244.,-1.,            5661P   5505
1.40271576953299E-14,6.12323399573677E-17,-183.500000000003;        5661P   5506
100,8.,-191.5,236.,-187.1,236.,-195.9,236.;                         5663P   5507
126,1,1,1,0,1,0,0.,0.,1.,1.,1.,1.,1.,0.,0.,0.,0.,0.,0.,1.,0.,       5665P   5508
0.,1.;                                                              5665P   5509
110,-191.5,236.,12.4,-191.5,216.,12.4;                              5667P   5510
126,1,1,1,0,1,0,0.,0.,1.,1.,1.,1.,0.,0.,0.,0.,3.141592654,0.,       5669P   5511
0.,1.,0.,0.,1.;                                                     5669P   5512
124,1.40271576953299E-14,1.,0.,-407.499999999997,                   5671P   5513
-6.12323399573677E-17,8.58915688636046E-31,1.,208.,1.,              5671P   5514
-1.40271576953299E-14,6.12323399573677E-17,199.500000000003;        5671P   5515
100,8.,-191.5,216.,-187.1,216.,-195.9,216.;                         5673P   5516
126,1,1,1,0,1,0,0.,0.,1.,1.,1.,1.,0.,3.141592654,0.,1.,             5675P   5517
3.141592654,0.,0.,1.,0.,0.,1.;                                      5675P   5518
110,-191.5,216.,3.6,-191.5,236.,3.6;                                5677P   5519
102,4,5659,5665,5669,5675;                                          5679P   5520
102,4,5663,5667,5673,5677;                                          5681P   5521
142,1,5657,5679,5681,1;                                             5683P   5522
144,5657,1,0,5683;                                                  5685P   5523
110,-191.5,784.,8.,-191.5,-216.,8.;                                 5687P   5524
110,-191.5,-213.356213276,8.,-191.5,-216.,3.6;                      5689P   5525
120,5687,5689,0.,6.28318530717959;                                  5691P   5526
126,1,1,1,0,1,0,0.,0.,1.,1.,1.,1.,1.,3.141592654,0.,1.,0.,0.,       5693P   5527
0.,1.,0.,0.,1.;                                                     5693P   5528
124,1.40271576953299E-14,1.,0.,24.5000000000027,                    5695P   5529
-6.12323399573677E-17,8.58915688636046E-31,1.,-224.,1.,             5695P   5530
-1.40271576953299E-14,6.12323399573677E-17,199.499999999997;        5695P   5531
100,8.,-191.5,-216.,-187.1,-216.,-195.9,-216.;                      5697P   5532
126,1,1,1,0,1,0,0.,0.,1.,1.,1.,1.,1.,0.,0.,0.,0.,0.,0.,1.,0.,       5699P   5533
0.,1.;                                                              5699P   5534
110,-191.5,-216.,3.6,-191.5,-213.356213276,8.;                      5701P   5535
126,1,1,1,0,1,0,0.,0.,1.,1.,1.,1.,0.,0.,0.,0.,3.141592654,0.,       5703P   5536
0.,1.,0.,0.,1.;                                                     5703P   5537
126,1,1,1,0,1,0,0.,0.,1.,1.,1.,1.,0.,3.141592654,0.,1.,             5705P   5538
3.141592654,0.,0.,1.,0.,0.,1.;                                      5705P   5539
110,-191.5,-213.356213276,8.,-191.5,-216.,12.4;                     5707P   5540
102,4,5693,5699,5703,5705;                                          5709P   5541
102,3,5697,5701,5707;                                               5711P   5542
142,1,5691,5709,5711,1;                                             5713P   5543
144,5691,1,0,5713;                                                  5715P   5544
110,-191.5,-236.,8.,-191.5,-1236.,8.;                               5717P   5545
110,-191.5,-216.,3.6,-191.5,-236.,3.6;                              5719P   5546
120,5717,5719,0.,6.28318530717959;                                  5721P   5547
126,1,1,1,0,1,0,0.,0.,1.,1.,1.,1.,1.,3.141592654,0.,1.,0.,0.,       5723P   5548
0.,1.,0.,0.,1.;                                                     5723P   5549
124,1.40271576953299E-14,1.,0.,44.5000000000027,                    5725P   5550
-6.12323399573677E-17,8.58915688636046E-31,1.,-244.,1.,             5725P   5551
-1.40271576953299E-14,6.12323399573677E-17,199.499999999997;        5725P   5552
100,8.,-191.5,-236.,-187.1,-236.,-195.9,-236.;                      5727P   5553
126,1,1,1,0,1,0,0.,0.,1.,1.,1.,1.,1.,0.,0.,0.,0.,0.,0.,1.,0.,       5729P   5554
0.,1.;                                                              5729P   5555
110,-191.5,-236.,3.6,-191.5,-216.,3.6;                              5731P   5556
126,1,1,1,0,1,0,0.,0.,1.,1.,1.,1.,0.,0.,0.,0.,3.141592654,0.,       5733P   5557
0.,1.,0.,0.,1.;                                                     5733P   5558
124,1.40271576953299E-14,1.,0.,24.5000000000027,                    5735P   5559
-6.12323399573677E-17,8.58915688636046E-31,-1.,-208.,-1.,           5735P   5560
1.40271576953299E-14,6.12323399573677E-17,-183.499999999997;        5735P   5561
100,8.,-191.5,-216.,-187.1,-216.,-195.9,-216.;                      5737P   5562
126,1,1,1,0,1,0,0.,0.,1.,1.,1.,1.,0.,3.141592654,0.,1.,             5739P   5563
3.141592654,0.,0.,1.,0.,0.,1.;                                      5739P   5564
110,-191.5,-216.,12.4,-191.5,-236.,12.4;                            5741P   5565
102,4,5723,5729,5733,5739;                                          5743P   5566
102,4,5727,5731,5737,5741;                                          5745P   5567
142,1,5721,5743,5745,1;                                             5747P   5568
144,5721,1,0,5747;                                                  5749P   5569
110,191.5,784.,8.,191.5,-216.,8.;                                   5751P   5570
110,191.5,-213.356213276,8.,191.5,-216.,3.6;                        5753P   5571
120,5751,5753,0.,6.28318530717959;                                  5755P   5572
126,1,1,1,0,1,0,0.,0.,1.,1.,1.,1.,1.,3.141592654,0.,1.,0.,0.,       5757P   5573
0.,1.,0.,0.,1.;                                                     5757P   5574
124,1.40271576953299E-14,1.,0.,407.499999999997,                    5759P   5575
-6.12323399573677E-17,8.58915688636046E-31,1.,-224.,1.,             5759P   5576
-1.40271576953299E-14,6.12323399573677E-17,-183.500000000003;       5759P   5577
100,8.,191.5,-216.,195.9,-216.,187.1,-216.;                         5761P   5578
126,1,1,1,0,1,0,0.,0.,1.,1.,1.,1.,1.,0.,0.,0.,0.,0.,0.,1.,0.,       5763P   5579
0.,1.;                                                              5763P   5580
110,191.5,-216.,3.6,191.5,-213.356213276,8.;                        5765P   5581
126,1,1,1,0,1,0,0.,0.,1.,1.,1.,1.,0.,0.,0.,0.,3.141592654,0.,       5767P   5582
0.,1.,0.,0.,1.;                                                     5767P   5583
126,1,1,1,0,1,0,0.,0.,1.,1.,1.,1.,0.,3.141592654,0.,1.,             5769P   5584
3.141592654,0.,0.,1.,0.,0.,1.;                                      5769P   5585
110,191.5,-213.356213276,8.,191.5,-216.,12.4;                       5771P   5586
102,4,5757,5763,5767,5769;                                          5773P   5587
102,3,5761,5765,5771;                                               5775P   5588
142,1,5755,5773,5775,1;                                             5777P   5589
144,5755,1,0,5777;                                                  5779P   5590
110,191.5,-236.,8.,191.5,-1236.,8.;                                 5781P   5591
110,191.5,-216.,3.6,191.5,-236.,3.6;                                5783P   5592
120,5781,5783,0.,6.28318530717959;                                  5785P   5593
126,1,1,1,0,1,0,0.,0.,1.,1.,1.,1.,1.,3.141592654,0.,1.,0.,0.,       5787P   5594
0.,1.,0.,0.,1.;                                                     5787P   5595
124,1.40271576953299E-14,1.,0.,427.499999999997,                    5789P   5596
-6.12323399573677E-17,8.58915688636046E-31,1.,-244.,1.,             5789P   5597
-1.40271576953299E-14,6.12323399573677E-17,-183.500000000003;       5789P   5598
100,8.,191.5,-236.,195.9,-236.,187.1,-236.;                         5791P   5599
126,1,1,1,0,1,0,0.,0.,1.,1.,1.,1.,1.,0.,0.,0.,0.,0.,0.,1.,0.,       5793P   5600
0.,1.;                                                              5793P   5601
110,191.5,-236.,3.6,191.5,-216.,3.6;                                5795P   5602
126,1,1,1,0,1,0,0.,0.,1.,1.,1.,1.,0.,0.,0.,0.,3.141592654,0.,       5797P   5603
0.,1.,0.,0.,1.;                                                     5797P   5604
124,1.40271576953299E-14,1.,0.,407.499999999997,                    5799P   5605
-6.12323399573677E-17,8.58915688636046E-31,-1.,-208.,-1.,           5799P   5606
1.40271576953299E-14,6.12323399573677E-17,199.500000000003;         5799P   5607
100,8.,191.5,-216.,195.9,-216.,187.1,-216.;                         5801P   5608
126,1,1,1,0,1,0,0.,0.,1.,1.,1.,1.,0.,3.141592654,0.,1.,             5803P   5609
3.141592654,0.,0.,1.,0.,0.,1.;                                      5803P   5610
110,191.5,-216.,12.4,191.5,-236.,12.4;                              5805P   5611
102,4,5787,5793,5797,5803;                                          5807P   5612
102,4,5791,5795,5801,5805;                                          5809P   5613
142,1,5785,5807,5809,1;                                             5811P   5614
144,5785,1,0,5811;                                                  5813P   5615
110,748.5,176.,8.,-251.5,176.,8.;                                   5815P   5616
110,-248.856213276,176.,8.,-251.5,176.,12.4;                        5817P   5617
120,5815,5817,0.,6.28318530717959;                                  5819P   5618
126,1,1,1,0,1,0,0.,0.,1.,1.,1.,1.,1.,3.141592654,0.,1.,0.,0.,       5821P   5619
0.,1.,0.,0.,1.;                                                     5821P   5620
124,6.12323399573677E-17,0.,1.,-259.5,0.,1.,0.,0.,-1.,0.,           5823P   5621
6.12323399573677E-17,-243.5;                                        5823P   5622
100,8.,-251.5,176.,-247.1,176.,-255.9,176.;                         5825P   5623
126,1,1,1,0,1,0,0.,0.,1.,1.,1.,1.,1.,0.,0.,0.,0.,0.,0.,1.,0.,       5827P   5624
0.,1.;                                                              5827P   5625
110,-251.5,176.,12.4,-248.856213276,176.,8.;                        5829P   5626
126,1,1,1,0,1,0,0.,0.,1.,1.,1.,1.,0.,0.,0.,0.,3.141592654,0.,       5831P   5627
0.,1.,0.,0.,1.;                                                     5831P   5628
126,1,1,1,0,1,0,0.,0.,1.,1.,1.,1.,0.,3.141592654,0.,1.,             5833P   5629
3.141592654,0.,0.,1.,0.,0.,1.;                                      5833P   5630
110,-248.856213276,176.,8.,-251.5,176.,3.6;                         5835P   5631
102,4,5821,5827,5831,5833;                                          5837P   5632
102,3,5825,5829,5835;                                               5839P   5633
142,1,5819,5837,5839,1;                                             5841P   5634
144,5819,1,0,5841;                                                  5843P   5635
110,-271.5,176.,8.,-1271.5,176.,8.;                                 5845P   5636
110,-251.5,176.,12.4,-271.5,176.,12.4;                              5847P   5637
120,5845,5847,0.,6.28318530717959;                                  5849P   5638
126,1,1,1,0,1,0,0.,0.,1.,1.,1.,1.,1.,3.141592654,0.,1.,0.,0.,       5851P   5639
0.,1.,0.,0.,1.;                                                     5851P   5640
124,6.12323399573677E-17,0.,1.,-279.5,0.,1.,0.,0.,-1.,0.,           5853P   5641
6.12323399573677E-17,-263.5;                                        5853P   5642
100,8.,-271.5,176.,-267.1,176.,-275.9,176.;                         5855P   5643
126,1,1,1,0,1,0,0.,0.,1.,1.,1.,1.,1.,0.,0.,0.,0.,0.,0.,1.,0.,       5857P   5644
0.,1.;                                                              5857P   5645
110,-271.5,176.,12.4,-251.5,176.,12.4;                              5859P   5646
126,1,1,1,0,1,0,0.,0.,1.,1.,1.,1.,0.,0.,0.,0.,3.141592654,0.,       5861P   5647
0.,1.,0.,0.,1.;                                                     5861P   5648
124,6.12323399573677E-17,0.,-1.,-243.5,0.,1.,0.,0.,1.,0.,           5863P   5649
6.12323399573677E-17,259.5;                                         5863P   5650
100,8.,-251.5,176.,-247.1,176.,-255.9,176.;                         5865P   5651
126,1,1,1,0,1,0,0.,0.,1.,1.,1.,1.,0.,3.141592654,0.,1.,             5867P   5652
3.141592654,0.,0.,1.,0.,0.,1.;                                      5867P   5653
110,-251.5,176.,3.6,-271.5,176.,3.6;                                5869P   5654
102,4,5851,5857,5861,5867;                                          5871P   5655
102,4,5855,5859,5865,5869;                                          5873P   5656
142,1,5849,5871,5873,1;                                             5875P   5657
144,5849,1,0,5875;                                                  5877P   5658
110,748.5,-176.,8.,-251.5,-176.,8.;                                 5879P   5659
110,-248.856213276,-176.,8.,-251.5,-176.,12.4;                      5881P   5660
120,5879,5881,0.,6.28318530717959;                                  5883P   5661
126,1,1,1,0,1,0,0.,0.,1.,1.,1.,1.,1.,3.141592654,0.,1.,0.,0.,       5885P   5662
0.,1.,0.,0.,1.;                                                     5885P   5663
124,6.12323399573677E-17,0.,1.,-259.5,0.,1.,0.,0.,-1.,0.,           5887P   5664
6.12323399573677E-17,-243.5;                                        5887P   5665
100,8.,-251.5,-176.,-247.1,-176.,-255.9,-176.;                      5889P   5666
126,1,1,1,0,1,0,0.,0.,1.,1.,1.,1.,1.,0.,0.,0.,0.,0.,0.,1.,0.,       5891P   5667
0.,1.;                                                              5891P   5668
110,-251.5,-176.,12.4,-248.856213276,-176.,8.;                      5893P   5669
126,1,1,1,0,1,0,0.,0.,1.,1.,1.,1.,0.,0.,0.,0.,3.141592654,0.,       5895P   5670
0.,1.,0.,0.,1.;                                                     5895P   5671
126,1,1,1,0,1,0,0.,0.,1.,1.,1.,1.,0.,3.141592654,0.,1.,             5897P   5672
3.141592654,0.,0.,1.,0.,0.,1.;                                      5897P   5673
110,-248.856213276,-176.,8.,-251.5,-176.,3.6;                       5899P   5674
102,4,5885,5891,5895,5897;                                          5901P   5675
102,3,5889,5893,5899;                                               5903P   5676
142,1,5883,5901,5903,1;                                             5905P   5677
144,5883,1,0,5905;                                                  5907P   5678
110,-271.5,-176.,8.,-1271.5,-176.,8.;                               5909P   5679
110,-251.5,-176.,12.4,-271.5,-176.,12.4;                            5911P   5680
120,5909,5911,0.,6.28318530717959;                                  5913P   5681
126,1,1,1,0,1,0,0.,0.,1.,1.,1.,1.,1.,3.141592654,0.,1.,0.,0.,       5915P   5682
0.,1.,0.,0.,1.;                                                     5915P   5683
124,6.12323399573677E-17,0.,1.,-279.5,0.,1.,0.,0.,-1.,0.,           5917P   5684
6.12323399573677E-17,-263.5;                                        5917P   5685
100,8.,-271.5,-176.,-267.1,-176.,-275.9,-176.;                      5919P   5686
126,1,1,1,0,1,0,0.,0.,1.,1.,1.,1.,1.,0.,0.,0.,0.,0.,0.,1.,0.,       5921P   5687
0.,1.;                                                              5921P   5688
110,-271.5,-176.,12.4,-251.5,-176.,12.4;                            5923P   5689
126,1,1,1,0,1,0,0.,0.,1.,1.,1.,1.,0.,0.,0.,0.,3.141592654,0.,       5925P   5690
0.,1.,0.,0.,1.;                                                     5925P   5691
124,6.12323399573677E-17,0.,-1.,-243.5,0.,1.,0.,0.,1.,0.,           5927P   5692
6.12323399573677E-17,259.5;                                         5927P   5693
100,8.,-251.5,-176.,-247.1,-176.,-255.9,-176.;                      5929P   5694
126,1,1,1,0,1,0,0.,0.,1.,1.,1.,1.,0.,3.141592654,0.,1.,             5931P   5695
3.141592654,0.,0.,1.,0.,0.,1.;                                      5931P   5696
110,-251.5,-176.,3.6,-271.5,-176.,3.6;                              5933P   5697
102,4,5915,5921,5925,5931;                                          5935P   5698
102,4,5919,5923,5929,5933;                                          5937P   5699
142,1,5913,5935,5937,1;                                             5939P   5700
144,5913,1,0,5939;                                                  5941P   5701
110,-748.5,-176.,8.,251.5,-176.,8.;                                 5943P   5702
110,248.856213276,-176.,8.,251.5,-176.,3.6;                         5945P   5703
120,5943,5945,0.,6.28318530717959;                                  5947P   5704
126,1,1,1,0,1,0,0.,0.,1.,1.,1.,1.,1.,3.141592654,0.,1.,0.,0.,       5949P   5705
0.,1.,0.,0.,1.;                                                     5949P   5706
124,6.12323399573677E-17,0.,-1.,259.5,0.,1.,0.,0.,1.,0.,            5951P   5707
6.12323399573677E-17,-243.5;                                        5951P   5708
100,8.,251.5,-176.,255.9,-176.,247.1,-176.;                         5953P   5709
126,1,1,1,0,1,0,0.,0.,1.,1.,1.,1.,1.,0.,0.,0.,0.,0.,0.,1.,0.,       5955P   5710
0.,1.;                                                              5955P   5711
110,251.5,-176.,3.6,248.856213276,-176.,8.;                         5957P   5712
126,1,1,1,0,1,0,0.,0.,1.,1.,1.,1.,0.,0.,0.,0.,3.141592654,0.,       5959P   5713
0.,1.,0.,0.,1.;                                                     5959P   5714
126,1,1,1,0,1,0,0.,0.,1.,1.,1.,1.,0.,3.141592654,0.,1.,             5961P   5715
3.141592654,0.,0.,1.,0.,0.,1.;                                      5961P   5716
110,248.856213276,-176.,8.,251.5,-176.,12.4;                        5963P   5717
102,4,5949,5955,5959,5961;                                          5965P   5718
102,3,5953,5957,5963;                                               5967P   5719
142,1,5947,5965,5967,1;                                             5969P   5720
144,5947,1,0,5969;                                                  5971P   5721
110,271.5,-176.,8.,1271.5,-176.,8.;                                 5973P   5722
110,251.5,-176.,3.6,271.5,-176.,3.6;                                5975P   5723
120,5973,5975,0.,6.28318530717959;                                  5977P   5724
126,1,1,1,0,1,0,0.,0.,1.,1.,1.,1.,1.,3.141592654,0.,1.,0.,0.,       5979P   5725
0.,1.,0.,0.,1.;                                                     5979P   5726
124,6.12323399573677E-17,0.,-1.,279.5,0.,1.,0.,0.,1.,0.,            5981P   5727
6.12323399573677E-17,-263.5;                                        5981P   5728
100,8.,271.5,-176.,275.9,-176.,267.1,-176.;                         5983P   5729
126,1,1,1,0,1,0,0.,0.,1.,1.,1.,1.,1.,0.,0.,0.,0.,0.,0.,1.,0.,       5985P   5730
0.,1.;                                                              5985P   5731
110,271.5,-176.,3.6,251.5,-176.,3.6;                                5987P   5732
126,1,1,1,0,1,0,0.,0.,1.,1.,1.,1.,0.,0.,0.,0.,3.141592654,0.,       5989P   5733
0.,1.,0.,0.,1.;                                                     5989P   5734
124,6.12323399573677E-17,0.,1.,243.5,0.,1.,0.,0.,-1.,0.,            5991P   5735
6.12323399573677E-17,259.5;                                         5991P   5736
100,8.,251.5,-176.,255.9,-176.,247.1,-176.;                         5993P   5737
126,1,1,1,0,1,0,0.,0.,1.,1.,1.,1.,0.,3.141592654,0.,1.,             5995P   5738
3.141592654,0.,0.,1.,0.,0.,1.;                                      5995P   5739
110,251.5,-176.,12.4,271.5,-176.,12.4;                              5997P   5740
102,4,5979,5985,5989,5995;                                          5999P   5741
102,4,5983,5987,5993,5997;                                          6001P   5742
142,1,5977,5999,6001,1;                                             6003P   5743
144,5977,1,0,6003;                                                  6005P   5744
110,-748.5,176.,8.,251.5,176.,8.;                                   6007P   5745
110,248.856213276,176.,8.,251.5,176.,3.6;                           6009P   5746
120,6007,6009,0.,6.28318530717959;                                  6011P   5747
126,1,1,1,0,1,0,0.,0.,1.,1.,1.,1.,1.,3.141592654,0.,1.,0.,0.,       6013P   5748
0.,1.,0.,0.,1.;                                                     6013P   5749
124,6.12323399573677E-17,0.,-1.,259.5,0.,1.,0.,0.,1.,0.,            6015P   5750
6.12323399573677E-17,-243.5;                                        6015P   5751
100,8.,251.5,176.,255.9,176.,247.1,176.;                            6017P   5752
126,1,1,1,0,1,0,0.,0.,1.,1.,1.,1.,1.,0.,0.,0.,0.,0.,0.,1.,0.,       6019P   5753
0.,1.;                                                              6019P   5754
110,251.5,176.,3.6,248.856213276,176.,8.;                           6021P   5755
126,1,1,1,0,1,0,0.,0.,1.,1.,1.,1.,0.,0.,0.,0.,3.141592654,0.,       6023P   5756
0.,1.,0.,0.,1.;                                                     6023P   5757
126,1,1,1,0,1,0,0.,0.,1.,1.,1.,1.,0.,3.141592654,0.,1.,             6025P   5758
3.141592654,0.,0.,1.,0.,0.,1.;                                      6025P   5759
110,248.856213276,176.,8.,251.5,176.,12.4;                          6027P   5760
102,4,6013,6019,6023,6025;                                          6029P   5761
102,3,6017,6021,6027;                                               6031P   5762
142,1,6011,6029,6031,1;                                             6033P   5763
144,6011,1,0,6033;                                                  6035P   5764
110,271.5,176.,8.,1271.5,176.,8.;                                   6037P   5765
110,251.5,176.,3.6,271.5,176.,3.6;                                  6039P   5766
120,6037,6039,0.,6.28318530717959;                                  6041P   5767
126,1,1,1,0,1,0,0.,0.,1.,1.,1.,1.,1.,3.141592654,0.,1.,0.,0.,       6043P   5768
0.,1.,0.,0.,1.;                                                     6043P   5769
124,6.12323399573677E-17,0.,-1.,279.5,0.,1.,0.,0.,1.,0.,            6045P   5770
6.12323399573677E-17,-263.5;                                        6045P   5771
100,8.,271.5,176.,275.9,176.,267.1,176.;                            6047P   5772
126,1,1,1,0,1,0,0.,0.,1.,1.,1.,1.,1.,0.,0.,0.,0.,0.,0.,1.,0.,       6049P   5773
0.,1.;                                                              6049P   5774
110,271.5,176.,3.6,251.5,176.,3.6;                                  6051P   5775
126,1,1,1,0,1,0,0.,0.,1.,1.,1.,1.,0.,0.,0.,0.,3.141592654,0.,       6053P   5776
0.,1.,0.,0.,1.;                                                     6053P   5777
124,6.12323399573677E-17,0.,1.,243.5,0.,1.,0.,0.,-1.,0.,            6055P   5778
6.12323399573677E-17,259.5;                                         6055P   5779
100,8.,251.5,176.,255.9,176.,247.1,176.;                            6057P   5780
126,1,1,1,0,1,0,0.,0.,1.,1.,1.,1.,0.,3.141592654,0.,1.,             6059P   5781
3.141592654,0.,0.,1.,0.,0.,1.;                                      6059P   5782
110,251.5,176.,12.4,271.5,176.,12.4;                                6061P   5783
102,4,6043,6049,6053,6059;                                          6063P   5784
102,4,6047,6051,6057,6061;                                          6065P   5785
142,1,6041,6063,6065,1;                                             6067P   5786
144,6041,1,0,6067;                                                  6069P   5787
110,234.253262309,203.5,1.,234.253262309,203.5,-999.;               6071P   5788
110,232.253262309,203.5,1.,232.253262309,203.5,0.;                  6073P   5789
120,6071,6073,0.,6.28318530717959;                                  6075P   5790
126,1,1,1,0,1,0,0.,0.,1.,1.,1.,1.,0.,3.804466477,0.,0.,             6077P   5791
4.71238898,0.,0.,1.,0.,0.,1.;                                       6077P   5792
124,0.788226981996886,-0.615384615384623,-6.98296267768627E-15,     6079P   5793
174.839289566919,-0.615384615384623,-0.788226981996886,             6079P   5794
2.90724222932453E-28,508.060044564682,-5.50415959682972E-15,        6079P   5795
4.29720780165291E-15,-1.,2.00000000000042;                          6079P   5796
100,1.,234.253262309,203.5,236.253262309,203.5,235.484031539,       6081P   5797
205.076453964;                                                      6081P   5798
126,1,1,1,0,1,0,0.,0.,1.,1.,1.,1.,0.,4.71238898,0.,1.,              6083P   5799
4.71238898,0.,0.,1.,0.,0.,1.;                                       6083P   5800
110,234.253262309,201.5,1.,234.253262309,201.5,0.;                  6085P   5801
126,1,1,1,0,1,0,0.,0.,1.,1.,1.,1.,1.,4.71238898,0.,1.,              6087P   5802
3.804466477,0.,0.,1.,0.,0.,1.;                                      6087P   5803
100,0.,234.253262309,203.5,234.253262309,201.5,235.829716273,       6089P   5804
202.269230769;                                                      6089P   5805
126,1,1,1,0,1,0,0.,0.,1.,1.,1.,1.,1.,3.804466477,0.,0.,             6091P   5806
3.804466477,0.,0.,1.,0.,0.,1.;                                      6091P   5807
110,235.829716273,202.269230769,0.,235.829716273,202.269230769,     6093P   5808
1.;                                                                 6093P   5809
102,4,6077,6083,6087,6091;                                          6095P   5810
102,4,6081,6085,6089,6093;                                          6097P   5811
142,1,6075,6095,6097,1;                                             6099P   5812
144,6075,1,0,6099;                                                  6101P   5813
110,238.815,198.938262309,1.,238.815,198.938262309,-999.;           6103P   5814
110,236.815,198.938262309,1.,236.815,198.938262309,0.;              6105P   5815
120,6103,6105,0.,6.28318530717959;                                  6107P   5816
126,1,1,1,0,1,0,0.,0.,1.,1.,1.,1.,0.,0.,0.,0.,0.907922503,0.,       6109P   5817
0.,1.,0.,0.,1.;                                                     6109P   5818
124,-1.,-2.22044604925031E-16,5.50415959682966E-15,477.63,          6111P   5819
-2.22044604925031E-16,1.,4.29720780165299E-15,                      6111P   5820
4.19495978157882E-14,-5.50415959682966E-15,                         6111P   5821
4.29720780165299E-15,-1.,2.00000000000046;                          6111P   5822
100,1.,238.815,198.938262309,240.815,198.938262309,                 6113P   5823
240.045769231,200.514716273;                                        6113P   5824
126,1,1,1,0,1,0,0.,0.,1.,1.,1.,1.,0.,0.907922503,0.,1.,             6115P   5825
0.907922503,0.,0.,1.,0.,0.,1.;                                      6115P   5826
110,237.584230769,200.514716273,1.,237.584230769,200.514716273,     6117P   5827
0.;                                                                 6117P   5828
126,1,1,1,0,1,0,0.,0.,1.,1.,1.,1.,1.,0.907922503,0.,1.,0.,0.,       6119P   5829
0.,1.,0.,0.,1.;                                                     6119P   5830
100,0.,238.815,198.938262309,237.584230769,200.514716273,           6121P   5831
236.815,198.938262309;                                              6121P   5832
126,1,1,1,0,1,0,0.,0.,1.,1.,1.,1.,1.,0.,0.,0.,0.,0.,0.,1.,0.,       6123P   5833
0.,1.;                                                              6123P   5834
110,236.815,198.938262309,0.,236.815,198.938262309,1.;              6125P   5835
102,4,6109,6115,6119,6123;                                          6127P   5836
102,4,6113,6117,6121,6125;                                          6129P   5837
142,1,6107,6127,6129,1;                                             6131P   5838
144,6107,1,0,6131;                                                  6133P   5839
110,-234.253262309,203.5,1.,-234.253262309,203.5,-999.;             6135P   5840
110,-236.253262309,203.5,1.,-236.253262309,203.5,0.;                6137P   5841
120,6135,6137,0.,6.28318530717959;                                  6139P   5842
126,1,1,1,0,1,0,0.,0.,1.,1.,1.,1.,0.,4.71238898,0.,0.,              6141P   5843
5.620311484,0.,0.,1.,0.,0.,1.;                                      6141P   5844
124,-2.24820162486594E-14,-1.,-4.29720780165337E-15,                6143P   5845
-30.7532623085157,-1.,2.27595720048157E-14,                         6143P   5846
5.50415959682936E-15,-30.753262308515,-5.50415959682927E-15,        6143P   5847
4.29720780165349E-15,-1.,1.99999999999784;                          6143P   5848
100,1.,-234.253262309,203.5,-232.253262309,203.5,                   6145P   5849
-233.022493078,205.076453964;                                       6145P   5850
126,1,1,1,0,1,0,0.,0.,1.,1.,1.,1.,0.,5.620311484,0.,1.,             6147P   5851
5.620311484,0.,0.,1.,0.,0.,1.;                                      6147P   5852
110,-235.829716273,202.269230769,1.,-235.829716273,                 6149P   5853
202.269230769,0.;                                                   6149P   5854
126,1,1,1,0,1,0,0.,0.,1.,1.,1.,1.,1.,5.620311484,0.,1.,             6151P   5855
4.71238898,0.,0.,1.,0.,0.,1.;                                       6151P   5856
100,0.,-234.253262309,203.5,-235.829716273,202.269230769,           6153P   5857
-234.253262309,201.5;                                               6153P   5858
126,1,1,1,0,1,0,0.,0.,1.,1.,1.,1.,1.,4.71238898,0.,0.,              6155P   5859
4.71238898,0.,0.,1.,0.,0.,1.;                                       6155P   5860
110,-234.253262309,201.5,0.,-234.253262309,201.5,1.;                6157P   5861
102,4,6141,6147,6151,6155;                                          6159P   5862
102,4,6145,6149,6153,6157;                                          6161P   5863
142,1,6139,6159,6161,1;                                             6163P   5864
144,6139,1,0,6163;                                                  6165P   5865
110,-238.815,198.938262309,1.,-238.815,198.938262309,-999.;         6167P   5866
110,-240.815,198.938262309,1.,-240.815,198.938262309,0.;            6169P   5867
120,6167,6169,0.,6.28318530717959;                                  6171P   5868
126,1,1,1,0,1,0,0.,0.,1.,1.,1.,1.,0.,2.23367015,0.,0.,              6173P   5869
3.141592654,0.,0.,1.,0.,0.,1.;                                      6173P   5870
124,0.615384615384667,0.788226981996852,-9.69080743108178E-29,      6175P   5871
-248.660429180046,0.788226981996852,-0.615384615384667,             6175P   5872
-6.98296267768627E-15,509.602235050105,-5.50415959682936E-15,       6175P   5873
4.29720780165337E-15,-1.,1.99999999999783;                          6175P   5874
100,1.,-238.815,198.938262309,-236.815,198.938262309,               6177P   5875
-237.584230769,200.514716273;                                       6177P   5876
126,1,1,1,0,1,0,0.,0.,1.,1.,1.,1.,0.,3.141592654,0.,1.,             6179P   5877
3.141592654,0.,0.,1.,0.,0.,1.;                                      6179P   5878
110,-236.815,198.938262309,1.,-236.815,198.938262309,0.;            6181P   5879
126,1,1,1,0,1,0,0.,0.,1.,1.,1.,1.,1.,3.141592654,0.,1.,             6183P   5880
2.23367015,0.,0.,1.,0.,0.,1.;                                       6183P   5881
100,0.,-238.815,198.938262309,-236.815,198.938262309,               6185P   5882
-237.584230769,200.514716273;                                       6185P   5883
126,1,1,1,0,1,0,0.,0.,1.,1.,1.,1.,1.,2.23367015,0.,0.,              6187P   5884
2.23367015,0.,0.,1.,0.,0.,1.;                                       6187P   5885
110,-237.584230769,200.514716273,0.,-237.584230769,                 6189P   5886
200.514716273,1.;                                                   6189P   5887
102,4,6173,6179,6183,6187;                                          6191P   5888
102,4,6177,6181,6185,6189;                                          6193P   5889
142,1,6171,6191,6193,1;                                             6195P   5890
144,6171,1,0,6195;                                                  6197P   5891
110,-238.815,-198.938262309,1.,-238.815,-198.938262309,-999.;       6199P   5892
110,-240.815,-198.938262309,1.,-240.815,-198.938262309,0.;          6201P   5893
120,6199,6201,0.,6.28318530717959;                                  6203P   5894
126,1,1,1,0,1,0,0.,0.,1.,1.,1.,1.,0.,3.141592654,0.,0.,             6205P   5895
4.049515157,0.,0.,1.,0.,0.,1.;                                      6205P   5896
124,1.,-2.27595720048157E-14,-5.50415959682958E-15,                 6207P   5897
-4.52033226650587E-12,-2.27595720048157E-14,-1.,                    6207P   5898
-4.29720780165309E-15,-397.876524617026,-5.50415959682948E-15,      6207P   5899
4.29720780165322E-15,-1.,1.99999999999954;                          6207P   5900
100,1.,-238.815,-198.938262309,-236.815,-198.938262309,             6209P   5901
-237.584230769,-197.361808345;                                      6209P   5902
126,1,1,1,0,1,0,0.,0.,1.,1.,1.,1.,0.,4.049515157,0.,1.,             6211P   5903
4.049515157,0.,0.,1.,0.,0.,1.;                                      6211P   5904
110,-237.584230769,-200.514716273,1.,-237.584230769,                6213P   5905
-200.514716273,0.;                                                  6213P   5906
126,1,1,1,0,1,0,0.,0.,1.,1.,1.,1.,1.,4.049515157,0.,1.,             6215P   5907
3.141592654,0.,0.,1.,0.,0.,1.;                                      6215P   5908
100,0.,-238.815,-198.938262309,-237.584230769,-200.514716273,       6217P   5909
-236.815,-198.938262309;                                            6217P   5910
126,1,1,1,0,1,0,0.,0.,1.,1.,1.,1.,1.,3.141592654,0.,0.,             6219P   5911
3.141592654,0.,0.,1.,0.,0.,1.;                                      6219P   5912
110,-236.815,-198.938262309,0.,-236.815,-198.938262309,1.;          6221P   5913
102,4,6205,6211,6215,6219;                                          6223P   5914
102,4,6209,6213,6217,6221;                                          6225P   5915
142,1,6203,6223,6225,1;                                             6227P   5916
144,6203,1,0,6227;                                                  6229P   5917
110,-234.253262309,-203.5,1.,-234.253262309,-203.5,-999.;           6231P   5918
110,-236.253262309,-203.5,1.,-236.253262309,-203.5,0.;              6233P   5919
120,6231,6233,0.,6.28318530717959;                                  6235P   5920
126,1,1,1,0,1,0,0.,0.,1.,1.,1.,1.,0.,0.662873824,0.,0.,             6237P   5921
1.570796327,0.,0.,1.,0.,0.,1.;                                      6237P   5922
124,-0.788226981996891,0.615384615384616,6.98296267768627E-15,      6239P   5923
-293.667235050104,0.615384615384616,0.788226981996891,0.,           6239P   5924
101.060044564682,-5.50415959682958E-15,4.29720780165309E-15,        6239P   5925
-1.,1.99999999999958;                                               6239P   5926
100,1.,-234.253262309,-203.5,-232.253262309,-203.5,                 6241P   5927
-233.022493078,-201.923546036;                                      6241P   5928
126,1,1,1,0,1,0,0.,0.,1.,1.,1.,1.,0.,1.570796327,0.,1.,             6243P   5929
1.570796327,0.,0.,1.,0.,0.,1.;                                      6243P   5930
110,-234.253262309,-201.5,1.,-234.253262309,-201.5,0.;              6245P   5931
126,1,1,1,0,1,0,0.,0.,1.,1.,1.,1.,1.,1.570796327,0.,1.,             6247P   5932
0.662873824,0.,0.,1.,0.,0.,1.;                                      6247P   5933
100,0.,-234.253262309,-203.5,-234.253262309,-201.5,                 6249P   5934
-235.829716273,-202.269230769;                                      6249P   5935
126,1,1,1,0,1,0,0.,0.,1.,1.,1.,1.,1.,0.662873824,0.,0.,             6251P   5936
0.662873824,0.,0.,1.,0.,0.,1.;                                      6251P   5937
110,-235.829716273,-202.269230769,0.,-235.829716273,                6253P   5938
-202.269230769,1.;                                                  6253P   5939
102,4,6237,6243,6247,6251;                                          6255P   5940
102,4,6241,6245,6249,6253;                                          6257P   5941
142,1,6235,6255,6257,1;                                             6259P   5942
144,6235,1,0,6259;                                                  6261P   5943
110,238.815,-198.938262309,1.,238.815,-198.938262309,-999.;         6263P   5944
110,236.815,-198.938262309,1.,236.815,-198.938262309,0.;            6265P   5945
120,6263,6265,0.,6.28318530717959;                                  6267P   5946
126,1,1,1,0,1,0,0.,0.,1.,1.,1.,1.,0.,5.375262804,0.,0.,             6269P   5947
6.283185307,0.,0.,1.,0.,0.,1.;                                      6269P   5948
124,-0.615384615384619,-0.788226981996889,0.,228.969570819935,      6271P   5949
-0.788226981996889,0.615384615384619,6.98296267768627E-15,          6271P   5950
111.725710433084,-5.50415959682956E-15,4.29720780165311E-15,        6271P   5951
-1.,2.00000000000217;                                               6271P   5952
100,1.,238.815,-198.938262309,240.815,-198.938262309,               6273P   5953
240.045769231,-197.361808345;                                       6273P   5954
126,1,1,1,0,1,0,0.,0.,1.,1.,1.,1.,0.,6.283185307,0.,1.,             6275P   5955
6.283185307,0.,0.,1.,0.,0.,1.;                                      6275P   5956
110,236.815,-198.938262309,1.,236.815,-198.938262309,0.;            6277P   5957
126,1,1,1,0,1,0,0.,0.,1.,1.,1.,1.,1.,6.283185307,0.,1.,             6279P   5958
5.375262804,0.,0.,1.,0.,0.,1.;                                      6279P   5959
100,0.,238.815,-198.938262309,236.815,-198.938262309,               6281P   5960
237.584230769,-200.514716273;                                       6281P   5961
126,1,1,1,0,1,0,0.,0.,1.,1.,1.,1.,1.,5.375262804,0.,0.,             6283P   5962
5.375262804,0.,0.,1.,0.,0.,1.;                                      6283P   5963
110,237.584230769,-200.514716273,0.,237.584230769,                  6285P   5964
-200.514716273,1.;                                                  6285P   5965
102,4,6269,6275,6279,6283;                                          6287P   5966
102,4,6273,6277,6281,6285;                                          6289P   5967
142,1,6267,6287,6289,1;                                             6291P   5968
144,6267,1,0,6291;                                                  6293P   5969
110,234.253262309,-203.5,1.,234.253262309,-203.5,-999.;             6295P   5970
110,232.253262309,-203.5,1.,232.253262309,-203.5,0.;                6297P   5971
120,6295,6297,0.,6.28318530717959;                                  6299P   5972
126,1,1,1,0,1,0,0.,0.,1.,1.,1.,1.,0.,1.570796327,0.,0.,             6301P   5973
2.47871883,0.,0.,1.,0.,0.,1.;                                       6301P   5974
124,-1.45994327738208E-14,1.,4.29720780165303E-15,                  6303P   5975
437.753262308514,1.,1.4432899320127E-14,-5.50415959682963E-15,      6303P   5976
-437.753262308507,-5.50415959682969E-15,4.29720780165295E-15,       6303P   5977
-1.,2.00000000000216;                                               6303P   5978
100,1.,234.253262309,-203.5,236.253262309,-203.5,235.484031539,     6305P   5979
-201.923546036;                                                     6305P   5980
126,1,1,1,0,1,0,0.,0.,1.,1.,1.,1.,0.,2.47871883,0.,1.,              6307P   5981
2.47871883,0.,0.,1.,0.,0.,1.;                                       6307P   5982
110,235.829716273,-202.269230769,1.,235.829716273,                  6309P   5983
-202.269230769,0.;                                                  6309P   5984
126,1,1,1,0,1,0,0.,0.,1.,1.,1.,1.,1.,2.47871883,0.,1.,              6311P   5985
1.570796327,0.,0.,1.,0.,0.,1.;                                      6311P   5986
100,0.,234.253262309,-203.5,235.829716273,-202.269230769,           6313P   5987
234.253262309,-201.5;                                               6313P   5988
126,1,1,1,0,1,0,0.,0.,1.,1.,1.,1.,1.,1.570796327,0.,0.,             6315P   5989
1.570796327,0.,0.,1.,0.,0.,1.;                                      6315P   5990
110,234.253262309,-201.5,0.,234.253262309,-201.5,1.;                6317P   5991
102,4,6301,6307,6311,6315;                                          6319P   5992
102,4,6305,6309,6313,6317;                                          6321P   5993
142,1,6299,6319,6321,1;                                             6323P   5994
144,6299,1,0,6323;                                                  6325P   5995
S      1G      5D   6326P   5995                                        T      1
