SolidWorks IGES file using analytic representation for surfaces         S      1
1H,,1H;,20HBottom Plate-Fixture,127H\\192.168.1.5\Heat Exchangers\RunninG      1
g Projects\BEL - S HPA\RAPL Drawing Files\3D models\Fixture -24201\BottoG      2
m Plate-Fixture.IGS,15HSolidWorks 2024,15HSolidWorks 2024,32,308,15,    G      3
308,15,20HBottom Plate-Fixture,1.,2,2HMM,50,0.125,13H250512.172534,     G      4
1E-08,499990.,2HHP,,11,0,13H250512.172534;                              G      5
     314       1       0       0       0                        00000200D      1
     314       0       8       1       0                               0D      2
     110       2       0       0       0                        01010000D      3
     110       0       0       1       0                               0D      4
     110       3       0       0       0                        01010000D      5
     110       0       0       1       0                               0D      6
     120       4       0       0       0                        01010000D      7
     120       0       0       1       0                               0D      8
     126       5       0       0       0                        01010500D      9
     126       0       0       2       0                               0D     10
     110       7       0       0       0                        01010000D     11
     110       0       0       1       0                               0D     12
     126       8       0       0       0                        01010500D     13
     126       0       0       2       0                               0D     14
     100      10       0       0       0                        01010000D     15
     100       0       0       1       0                               0D     16
     126      11       0       0       0                        01010500D     17
     126       0       0       2       0                               0D     18
     110      13       0       0       0                        01010000D     19
     110       0       0       1       0                               0D     20
     126      14       0       0       0                        01010500D     21
     126       0       0       2       0                               0D     22
     124      16       0       0       0                        00000000D     23
     124       0       0       4       0                               0D     24
     100      20       0       0       0              23        01010000D     25
     100       0       0       1       0                               0D     26
     102      21       0       0       0                        01010500D     27
     102       0       0       1       0                               0D     28
     102      22       0       0       0                        01010000D     29
     102       0       0       1       0                               0D     30
     142      23       0       0       0                        00010500D     31
     142       0       0       1       0                               0D     32
     144      24       0       0       0                        00000000D     33
     144       0      -1       1       0                               0D     34
     110      25       0       0       0                        01010000D     35
     110       0       0       1       0                               0D     36
     110      26       0       0       0                        01010000D     37
     110       0       0       1       0                               0D     38
     120      27       0       0       0                        01010000D     39
     120       0       0       1       0                               0D     40
     126      28       0       0       0                        01010500D     41
     126       0       0       2       0                               0D     42
     110      30       0       0       0                        01010000D     43
     110       0       0       1       0                               0D     44
     126      31       0       0       0                        01010500D     45
     126       0       0       2       0                               0D     46
     100      33       0       0       0                        01010000D     47
     100       0       0       1       0                               0D     48
     126      34       0       0       0                        01010500D     49
     126       0       0       2       0                               0D     50
     110      36       0       0       0                        01010000D     51
     110       0       0       1       0                               0D     52
     126      37       0       0       0                        01010500D     53
     126       0       0       2       0                               0D     54
     124      39       0       0       0                        00000000D     55
     124       0       0       4       0                               0D     56
     100      43       0       0       0              55        01010000D     57
     100       0       0       1       0                               0D     58
     102      44       0       0       0                        01010500D     59
     102       0       0       1       0                               0D     60
     102      45       0       0       0                        01010000D     61
     102       0       0       1       0                               0D     62
     142      46       0       0       0                        00010500D     63
     142       0       0       1       0                               0D     64
     144      47       0       0       0                        00000000D     65
     144       0      -1       1       0                               0D     66
     110      48       0       0       0                        01010000D     67
     110       0       0       1       0                               0D     68
     110      49       0       0       0                        01010000D     69
     110       0       0       1       0                               0D     70
     120      50       0       0       0                        01010000D     71
     120       0       0       1       0                               0D     72
     126      51       0       0       0                        01010500D     73
     126       0       0       2       0                               0D     74
     110      53       0       0       0                        01010000D     75
     110       0       0       1       0                               0D     76
     126      54       0       0       0                        01010500D     77
     126       0       0       2       0                               0D     78
     124      56       0       0       0                        00000000D     79
     124       0       0       4       0                               0D     80
     100      60       0       0       0              79        01010000D     81
     100       0       0       1       0                               0D     82
     126      61       0       0       0                        01010500D     83
     126       0       0       2       0                               0D     84
     110      63       0       0       0                        01010000D     85
     110       0       0       1       0                               0D     86
     126      64       0       0       0                        01010500D     87
     126       0       0       2       0                               0D     88
     100      66       0       0       0                        01010000D     89
     100       0       0       1       0                               0D     90
     102      67       0       0       0                        01010500D     91
     102       0       0       1       0                               0D     92
     102      68       0       0       0                        01010000D     93
     102       0       0       1       0                               0D     94
     142      69       0       0       0                        00010500D     95
     142       0       0       1       0                               0D     96
     144      70       0       0       0                        00000000D     97
     144       0      -1       1       0                               0D     98
     110      71       0       0       0                        01010000D     99
     110       0       0       1       0                               0D    100
     110      72       0       0       0                        01010000D    101
     110       0       0       1       0                               0D    102
     120      73       0       0       0                        01010000D    103
     120       0       0       1       0                               0D    104
     126      74       0       0       0                        01010500D    105
     126       0       0       2       0                               0D    106
     110      76       0       0       0                        01010000D    107
     110       0       0       1       0                               0D    108
     126      77       0       0       0                        01010500D    109
     126       0       0       2       0                               0D    110
     100      79       0       0       0                        01010000D    111
     100       0       0       1       0                               0D    112
     126      80       0       0       0                        01010500D    113
     126       0       0       2       0                               0D    114
     110      82       0       0       0                        01010000D    115
     110       0       0       1       0                               0D    116
     126      83       0       0       0                        01010500D    117
     126       0       0       2       0                               0D    118
     124      85       0       0       0                        00000000D    119
     124       0       0       4       0                               0D    120
     100      89       0       0       0             119        01010000D    121
     100       0       0       1       0                               0D    122
     102      90       0       0       0                        01010500D    123
     102       0       0       1       0                               0D    124
     102      91       0       0       0                        01010000D    125
     102       0       0       1       0                               0D    126
     142      92       0       0       0                        00010500D    127
     142       0       0       1       0                               0D    128
     144      93       0       0       0                        00000000D    129
     144       0      -1       1       0                               0D    130
     110      94       0       0       0                        01010000D    131
     110       0       0       1       0                               0D    132
     110      95       0       0       0                        01010000D    133
     110       0       0       1       0                               0D    134
     120      96       0       0       0                        01010000D    135
     120       0       0       1       0                               0D    136
     126      97       0       0       0                        01010500D    137
     126       0       0       2       0                               0D    138
     110      99       0       0       0                        01010000D    139
     110       0       0       1       0                               0D    140
     126     100       0       0       0                        01010500D    141
     126       0       0       2       0                               0D    142
     100     102       0       0       0                        01010000D    143
     100       0       0       1       0                               0D    144
     126     103       0       0       0                        01010500D    145
     126       0       0       2       0                               0D    146
     110     105       0       0       0                        01010000D    147
     110       0       0       1       0                               0D    148
     126     106       0       0       0                        01010500D    149
     126       0       0       2       0                               0D    150
     124     108       0       0       0                        00000000D    151
     124       0       0       4       0                               0D    152
     100     112       0       0       0             151        01010000D    153
     100       0       0       1       0                               0D    154
     102     113       0       0       0                        01010500D    155
     102       0       0       1       0                               0D    156
     102     114       0       0       0                        01010000D    157
     102       0       0       1       0                               0D    158
     142     115       0       0       0                        00010500D    159
     142       0       0       1       0                               0D    160
     144     116       0       0       0                        00000000D    161
     144       0      -1       1       0                               0D    162
     110     117       0       0       0                        01010000D    163
     110       0       0       1       0                               0D    164
     110     118       0       0       0                        01010000D    165
     110       0       0       1       0                               0D    166
     120     119       0       0       0                        01010000D    167
     120       0       0       1       0                               0D    168
     126     120       0       0       0                        01010500D    169
     126       0       0       2       0                               0D    170
     110     122       0       0       0                        01010000D    171
     110       0       0       1       0                               0D    172
     126     123       0       0       0                        01010500D    173
     126       0       0       2       0                               0D    174
     124     125       0       0       0                        00000000D    175
     124       0       0       4       0                               0D    176
     100     129       0       0       0             175        01010000D    177
     100       0       0       1       0                               0D    178
     126     130       0       0       0                        01010500D    179
     126       0       0       2       0                               0D    180
     110     132       0       0       0                        01010000D    181
     110       0       0       1       0                               0D    182
     126     133       0       0       0                        01010500D    183
     126       0       0       2       0                               0D    184
     100     135       0       0       0                        01010000D    185
     100       0       0       1       0                               0D    186
     102     136       0       0       0                        01010500D    187
     102       0       0       1       0                               0D    188
     102     137       0       0       0                        01010000D    189
     102       0       0       1       0                               0D    190
     142     138       0       0       0                        00010500D    191
     142       0       0       1       0                               0D    192
     144     139       0       0       0                        00000000D    193
     144       0      -1       1       0                               0D    194
     110     140       0       0       0                        01010000D    195
     110       0       0       1       0                               0D    196
     110     141       0       0       0                        01010000D    197
     110       0       0       1       0                               0D    198
     120     142       0       0       0                        01010000D    199
     120       0       0       1       0                               0D    200
     126     143       0       0       0                        01010500D    201
     126       0       0       2       0                               0D    202
     110     145       0       0       0                        01010000D    203
     110       0       0       1       0                               0D    204
     126     146       0       0       0                        01010500D    205
     126       0       0       2       0                               0D    206
     100     148       0       0       0                        01010000D    207
     100       0       0       1       0                               0D    208
     126     149       0       0       0                        01010500D    209
     126       0       0       2       0                               0D    210
     110     151       0       0       0                        01010000D    211
     110       0       0       1       0                               0D    212
     126     152       0       0       0                        01010500D    213
     126       0       0       2       0                               0D    214
     124     154       0       0       0                        00000000D    215
     124       0       0       4       0                               0D    216
     100     158       0       0       0             215        01010000D    217
     100       0       0       1       0                               0D    218
     102     159       0       0       0                        01010500D    219
     102       0       0       1       0                               0D    220
     102     160       0       0       0                        01010000D    221
     102       0       0       1       0                               0D    222
     142     161       0       0       0                        00010500D    223
     142       0       0       1       0                               0D    224
     144     162       0       0       0                        00000000D    225
     144       0      -1       1       0                               0D    226
     110     163       0       0       0                        01010000D    227
     110       0       0       1       0                               0D    228
     110     164       0       0       0                        01010000D    229
     110       0       0       1       0                               0D    230
     120     165       0       0       0                        01010000D    231
     120       0       0       1       0                               0D    232
     126     166       0       0       0                        01010500D    233
     126       0       0       2       0                               0D    234
     110     168       0       0       0                        01010000D    235
     110       0       0       1       0                               0D    236
     126     169       0       0       0                        01010500D    237
     126       0       0       2       0                               0D    238
     100     171       0       0       0                        01010000D    239
     100       0       0       1       0                               0D    240
     126     172       0       0       0                        01010500D    241
     126       0       0       2       0                               0D    242
     110     174       0       0       0                        01010000D    243
     110       0       0       1       0                               0D    244
     126     175       0       0       0                        01010500D    245
     126       0       0       2       0                               0D    246
     124     177       0       0       0                        00000000D    247
     124       0       0       4       0                               0D    248
     100     181       0       0       0             247        01010000D    249
     100       0       0       1       0                               0D    250
     102     182       0       0       0                        01010500D    251
     102       0       0       1       0                               0D    252
     102     183       0       0       0                        01010000D    253
     102       0       0       1       0                               0D    254
     142     184       0       0       0                        00010500D    255
     142       0       0       1       0                               0D    256
     144     185       0       0       0                        00000000D    257
     144       0      -1       1       0                               0D    258
     110     186       0       0       0                        01010000D    259
     110       0       0       1       0                               0D    260
     110     187       0       0       0                        01010000D    261
     110       0       0       1       0                               0D    262
     120     188       0       0       0                        01010000D    263
     120       0       0       1       0                               0D    264
     126     189       0       0       0                        01010500D    265
     126       0       0       2       0                               0D    266
     110     191       0       0       0                        01010000D    267
     110       0       0       1       0                               0D    268
     126     192       0       0       0                        01010500D    269
     126       0       0       2       0                               0D    270
     124     194       0       0       0                        00000000D    271
     124       0       0       4       0                               0D    272
     100     198       0       0       0             271        01010000D    273
     100       0       0       1       0                               0D    274
     126     199       0       0       0                        01010500D    275
     126       0       0       2       0                               0D    276
     110     201       0       0       0                        01010000D    277
     110       0       0       1       0                               0D    278
     126     202       0       0       0                        01010500D    279
     126       0       0       2       0                               0D    280
     100     204       0       0       0                        01010000D    281
     100       0       0       1       0                               0D    282
     102     205       0       0       0                        01010500D    283
     102       0       0       1       0                               0D    284
     102     206       0       0       0                        01010000D    285
     102       0       0       1       0                               0D    286
     142     207       0       0       0                        00010500D    287
     142       0       0       1       0                               0D    288
     144     208       0       0       0                        00000000D    289
     144       0      -1       1       0                               0D    290
     110     209       0       0       0                        01010000D    291
     110       0       0       1       0                               0D    292
     110     210       0       0       0                        01010000D    293
     110       0       0       1       0                               0D    294
     120     211       0       0       0                        01010000D    295
     120       0       0       1       0                               0D    296
     126     212       0       0       0                        01010500D    297
     126       0       0       2       0                               0D    298
     110     214       0       0       0                        01010000D    299
     110       0       0       1       0                               0D    300
     126     215       0       0       0                        01010500D    301
     126       0       0       2       0                               0D    302
     100     217       0       0       0                        01010000D    303
     100       0       0       1       0                               0D    304
     126     218       0       0       0                        01010500D    305
     126       0       0       2       0                               0D    306
     110     220       0       0       0                        01010000D    307
     110       0       0       1       0                               0D    308
     126     221       0       0       0                        01010500D    309
     126       0       0       2       0                               0D    310
     124     223       0       0       0                        00000000D    311
     124       0       0       4       0                               0D    312
     100     227       0       0       0             311        01010000D    313
     100       0       0       1       0                               0D    314
     102     228       0       0       0                        01010500D    315
     102       0       0       1       0                               0D    316
     102     229       0       0       0                        01010000D    317
     102       0       0       1       0                               0D    318
     142     230       0       0       0                        00010500D    319
     142       0       0       1       0                               0D    320
     144     231       0       0       0                        00000000D    321
     144       0      -1       1       0                               0D    322
     110     232       0       0       0                        01010000D    323
     110       0       0       1       0                               0D    324
     110     233       0       0       0                        01010000D    325
     110       0       0       1       0                               0D    326
     120     234       0       0       0                        01010000D    327
     120       0       0       1       0                               0D    328
     126     235       0       0       0                        01010500D    329
     126       0       0       2       0                               0D    330
     110     237       0       0       0                        01010000D    331
     110       0       0       1       0                               0D    332
     126     238       0       0       0                        01010500D    333
     126       0       0       2       0                               0D    334
     100     240       0       0       0                        01010000D    335
     100       0       0       1       0                               0D    336
     126     241       0       0       0                        01010500D    337
     126       0       0       2       0                               0D    338
     110     243       0       0       0                        01010000D    339
     110       0       0       1       0                               0D    340
     126     244       0       0       0                        01010500D    341
     126       0       0       2       0                               0D    342
     124     246       0       0       0                        00000000D    343
     124       0       0       4       0                               0D    344
     100     250       0       0       0             343        01010000D    345
     100       0       0       1       0                               0D    346
     102     251       0       0       0                        01010500D    347
     102       0       0       1       0                               0D    348
     102     252       0       0       0                        01010000D    349
     102       0       0       1       0                               0D    350
     142     253       0       0       0                        00010500D    351
     142       0       0       1       0                               0D    352
     144     254       0       0       0                        00000000D    353
     144       0      -1       1       0                               0D    354
     110     255       0       0       0                        01010000D    355
     110       0       0       1       0                               0D    356
     110     256       0       0       0                        01010000D    357
     110       0       0       1       0                               0D    358
     120     257       0       0       0                        01010000D    359
     120       0       0       1       0                               0D    360
     126     258       0       0       0                        01010500D    361
     126       0       0       2       0                               0D    362
     110     260       0       0       0                        01010000D    363
     110       0       0       1       0                               0D    364
     126     261       0       0       0                        01010500D    365
     126       0       0       2       0                               0D    366
     124     263       0       0       0                        00000000D    367
     124       0       0       4       0                               0D    368
     100     267       0       0       0             367        01010000D    369
     100       0       0       1       0                               0D    370
     126     268       0       0       0                        01010500D    371
     126       0       0       2       0                               0D    372
     110     270       0       0       0                        01010000D    373
     110       0       0       1       0                               0D    374
     126     271       0       0       0                        01010500D    375
     126       0       0       2       0                               0D    376
     100     273       0       0       0                        01010000D    377
     100       0       0       1       0                               0D    378
     102     274       0       0       0                        01010500D    379
     102       0       0       1       0                               0D    380
     102     275       0       0       0                        01010000D    381
     102       0       0       1       0                               0D    382
     142     276       0       0       0                        00010500D    383
     142       0       0       1       0                               0D    384
     144     277       0       0       0                        00000000D    385
     144       0      -1       1       0                               0D    386
     110     278       0       0       0                        01010000D    387
     110       0       0       1       0                               0D    388
     110     279       0       0       0                        01010000D    389
     110       0       0       1       0                               0D    390
     120     280       0       0       0                        01010000D    391
     120       0       0       1       0                               0D    392
     126     281       0       0       0                        01010500D    393
     126       0       0       2       0                               0D    394
     110     283       0       0       0                        01010000D    395
     110       0       0       1       0                               0D    396
     126     284       0       0       0                        01010500D    397
     126       0       0       2       0                               0D    398
     100     286       0       0       0                        01010000D    399
     100       0       0       1       0                               0D    400
     126     287       0       0       0                        01010500D    401
     126       0       0       2       0                               0D    402
     110     289       0       0       0                        01010000D    403
     110       0       0       1       0                               0D    404
     126     290       0       0       0                        01010500D    405
     126       0       0       2       0                               0D    406
     124     292       0       0       0                        00000000D    407
     124       0       0       4       0                               0D    408
     100     296       0       0       0             407        01010000D    409
     100       0       0       1       0                               0D    410
     102     297       0       0       0                        01010500D    411
     102       0       0       1       0                               0D    412
     102     298       0       0       0                        01010000D    413
     102       0       0       1       0                               0D    414
     142     299       0       0       0                        00010500D    415
     142       0       0       1       0                               0D    416
     144     300       0       0       0                        00000000D    417
     144       0      -1       1       0                               0D    418
     110     301       0       0       0                        01010000D    419
     110       0       0       1       0                               0D    420
     110     302       0       0       0                        01010000D    421
     110       0       0       1       0                               0D    422
     120     303       0       0       0                        01010000D    423
     120       0       0       1       0                               0D    424
     126     304       0       0       0                        01010500D    425
     126       0       0       2       0                               0D    426
     110     306       0       0       0                        01010000D    427
     110       0       0       1       0                               0D    428
     126     307       0       0       0                        01010500D    429
     126       0       0       2       0                               0D    430
     100     309       0       0       0                        01010000D    431
     100       0       0       1       0                               0D    432
     126     310       0       0       0                        01010500D    433
     126       0       0       2       0                               0D    434
     110     312       0       0       0                        01010000D    435
     110       0       0       1       0                               0D    436
     126     313       0       0       0                        01010500D    437
     126       0       0       2       0                               0D    438
     124     315       0       0       0                        00000000D    439
     124       0       0       4       0                               0D    440
     100     319       0       0       0             439        01010000D    441
     100       0       0       1       0                               0D    442
     102     320       0       0       0                        01010500D    443
     102       0       0       1       0                               0D    444
     102     321       0       0       0                        01010000D    445
     102       0       0       1       0                               0D    446
     142     322       0       0       0                        00010500D    447
     142       0       0       1       0                               0D    448
     144     323       0       0       0                        00000000D    449
     144       0      -1       1       0                               0D    450
     110     324       0       0       0                        01010000D    451
     110       0       0       1       0                               0D    452
     110     325       0       0       0                        01010000D    453
     110       0       0       1       0                               0D    454
     120     326       0       0       0                        01010000D    455
     120       0       0       1       0                               0D    456
     126     327       0       0       0                        01010500D    457
     126       0       0       2       0                               0D    458
     110     329       0       0       0                        01010000D    459
     110       0       0       1       0                               0D    460
     126     330       0       0       0                        01010500D    461
     126       0       0       2       0                               0D    462
     124     332       0       0       0                        00000000D    463
     124       0       0       4       0                               0D    464
     100     336       0       0       0             463        01010000D    465
     100       0       0       1       0                               0D    466
     126     337       0       0       0                        01010500D    467
     126       0       0       2       0                               0D    468
     110     339       0       0       0                        01010000D    469
     110       0       0       1       0                               0D    470
     126     340       0       0       0                        01010500D    471
     126       0       0       2       0                               0D    472
     100     342       0       0       0                        01010000D    473
     100       0       0       1       0                               0D    474
     102     343       0       0       0                        01010500D    475
     102       0       0       1       0                               0D    476
     102     344       0       0       0                        01010000D    477
     102       0       0       1       0                               0D    478
     142     345       0       0       0                        00010500D    479
     142       0       0       1       0                               0D    480
     144     346       0       0       0                        00000000D    481
     144       0      -1       1       0                               0D    482
     110     347       0       0       0                        01010000D    483
     110       0       0       1       0                               0D    484
     110     348       0       0       0                        01010000D    485
     110       0       0       1       0                               0D    486
     120     349       0       0       0                        01010000D    487
     120       0       0       1       0                               0D    488
     126     350       0       0       0                        01010500D    489
     126       0       0       2       0                               0D    490
     110     352       0       0       0                        01010000D    491
     110       0       0       1       0                               0D    492
     126     353       0       0       0                        01010500D    493
     126       0       0       2       0                               0D    494
     100     355       0       0       0                        01010000D    495
     100       0       0       1       0                               0D    496
     126     356       0       0       0                        01010500D    497
     126       0       0       2       0                               0D    498
     110     358       0       0       0                        01010000D    499
     110       0       0       1       0                               0D    500
     126     359       0       0       0                        01010500D    501
     126       0       0       2       0                               0D    502
     124     361       0       0       0                        00000000D    503
     124       0       0       4       0                               0D    504
     100     365       0       0       0             503        01010000D    505
     100       0       0       1       0                               0D    506
     102     366       0       0       0                        01010500D    507
     102       0       0       1       0                               0D    508
     102     367       0       0       0                        01010000D    509
     102       0       0       1       0                               0D    510
     142     368       0       0       0                        00010500D    511
     142       0       0       1       0                               0D    512
     144     369       0       0       0                        00000000D    513
     144       0      -1       1       0                               0D    514
     110     370       0       0       0                        01010000D    515
     110       0       0       1       0                               0D    516
     110     371       0       0       0                        01010000D    517
     110       0       0       1       0                               0D    518
     120     372       0       0       0                        01010000D    519
     120       0       0       1       0                               0D    520
     126     373       0       0       0                        01010500D    521
     126       0       0       2       0                               0D    522
     110     375       0       0       0                        01010000D    523
     110       0       0       1       0                               0D    524
     126     376       0       0       0                        01010500D    525
     126       0       0       2       0                               0D    526
     100     378       0       0       0                        01010000D    527
     100       0       0       1       0                               0D    528
     126     379       0       0       0                        01010500D    529
     126       0       0       2       0                               0D    530
     110     381       0       0       0                        01010000D    531
     110       0       0       1       0                               0D    532
     126     382       0       0       0                        01010500D    533
     126       0       0       2       0                               0D    534
     124     384       0       0       0                        00000000D    535
     124       0       0       4       0                               0D    536
     100     388       0       0       0             535        01010000D    537
     100       0       0       1       0                               0D    538
     102     389       0       0       0                        01010500D    539
     102       0       0       1       0                               0D    540
     102     390       0       0       0                        01010000D    541
     102       0       0       1       0                               0D    542
     142     391       0       0       0                        00010500D    543
     142       0       0       1       0                               0D    544
     144     392       0       0       0                        00000000D    545
     144       0      -1       1       0                               0D    546
     110     393       0       0       0                        01010000D    547
     110       0       0       1       0                               0D    548
     110     394       0       0       0                        01010000D    549
     110       0       0       1       0                               0D    550
     120     395       0       0       0                        01010000D    551
     120       0       0       1       0                               0D    552
     126     396       0       0       0                        01010500D    553
     126       0       0       2       0                               0D    554
     110     398       0       0       0                        01010000D    555
     110       0       0       1       0                               0D    556
     126     399       0       0       0                        01010500D    557
     126       0       0       2       0                               0D    558
     124     401       0       0       0                        00000000D    559
     124       0       0       4       0                               0D    560
     100     405       0       0       0             559        01010000D    561
     100       0       0       1       0                               0D    562
     126     406       0       0       0                        01010500D    563
     126       0       0       2       0                               0D    564
     110     408       0       0       0                        01010000D    565
     110       0       0       1       0                               0D    566
     126     409       0       0       0                        01010500D    567
     126       0       0       2       0                               0D    568
     100     411       0       0       0                        01010000D    569
     100       0       0       1       0                               0D    570
     102     412       0       0       0                        01010500D    571
     102       0       0       1       0                               0D    572
     102     413       0       0       0                        01010000D    573
     102       0       0       1       0                               0D    574
     142     414       0       0       0                        00010500D    575
     142       0       0       1       0                               0D    576
     144     415       0       0       0                        00000000D    577
     144       0      -1       1       0                               0D    578
     110     416       0       0       0                        01010000D    579
     110       0       0       1       0                               0D    580
     110     417       0       0       0                        01010000D    581
     110       0       0       1       0                               0D    582
     120     418       0       0       0                        01010000D    583
     120       0       0       1       0                               0D    584
     126     419       0       0       0                        01010500D    585
     126       0       0       2       0                               0D    586
     110     421       0       0       0                        01010000D    587
     110       0       0       1       0                               0D    588
     126     422       0       0       0                        01010500D    589
     126       0       0       2       0                               0D    590
     100     424       0       0       0                        01010000D    591
     100       0       0       1       0                               0D    592
     126     425       0       0       0                        01010500D    593
     126       0       0       2       0                               0D    594
     110     427       0       0       0                        01010000D    595
     110       0       0       1       0                               0D    596
     126     428       0       0       0                        01010500D    597
     126       0       0       2       0                               0D    598
     124     430       0       0       0                        00000000D    599
     124       0       0       4       0                               0D    600
     100     434       0       0       0             599        01010000D    601
     100       0       0       1       0                               0D    602
     102     435       0       0       0                        01010500D    603
     102       0       0       1       0                               0D    604
     102     436       0       0       0                        01010000D    605
     102       0       0       1       0                               0D    606
     142     437       0       0       0                        00010500D    607
     142       0       0       1       0                               0D    608
     144     438       0       0       0                        00000000D    609
     144       0      -1       1       0                               0D    610
     110     439       0       0       0                        01010000D    611
     110       0       0       1       0                               0D    612
     110     440       0       0       0                        01010000D    613
     110       0       0       1       0                               0D    614
     120     441       0       0       0                        01010000D    615
     120       0       0       1       0                               0D    616
     126     442       0       0       0                        01010500D    617
     126       0       0       2       0                               0D    618
     110     444       0       0       0                        01010000D    619
     110       0       0       1       0                               0D    620
     126     445       0       0       0                        01010500D    621
     126       0       0       2       0                               0D    622
     100     447       0       0       0                        01010000D    623
     100       0       0       1       0                               0D    624
     126     448       0       0       0                        01010500D    625
     126       0       0       2       0                               0D    626
     110     450       0       0       0                        01010000D    627
     110       0       0       1       0                               0D    628
     126     451       0       0       0                        01010500D    629
     126       0       0       2       0                               0D    630
     124     453       0       0       0                        00000000D    631
     124       0       0       4       0                               0D    632
     100     457       0       0       0             631        01010000D    633
     100       0       0       1       0                               0D    634
     102     458       0       0       0                        01010500D    635
     102       0       0       1       0                               0D    636
     102     459       0       0       0                        01010000D    637
     102       0       0       1       0                               0D    638
     142     460       0       0       0                        00010500D    639
     142       0       0       1       0                               0D    640
     144     461       0       0       0                        00000000D    641
     144       0      -1       1       0                               0D    642
     110     462       0       0       0                        01010000D    643
     110       0       0       1       0                               0D    644
     110     463       0       0       0                        01010000D    645
     110       0       0       1       0                               0D    646
     120     464       0       0       0                        01010000D    647
     120       0       0       1       0                               0D    648
     126     465       0       0       0                        01010500D    649
     126       0       0       2       0                               0D    650
     110     467       0       0       0                        01010000D    651
     110       0       0       1       0                               0D    652
     126     468       0       0       0                        01010500D    653
     126       0       0       2       0                               0D    654
     124     470       0       0       0                        00000000D    655
     124       0       0       4       0                               0D    656
     100     474       0       0       0             655        01010000D    657
     100       0       0       1       0                               0D    658
     126     475       0       0       0                        01010500D    659
     126       0       0       2       0                               0D    660
     110     477       0       0       0                        01010000D    661
     110       0       0       1       0                               0D    662
     126     478       0       0       0                        01010500D    663
     126       0       0       2       0                               0D    664
     100     480       0       0       0                        01010000D    665
     100       0       0       1       0                               0D    666
     102     481       0       0       0                        01010500D    667
     102       0       0       1       0                               0D    668
     102     482       0       0       0                        01010000D    669
     102       0       0       1       0                               0D    670
     142     483       0       0       0                        00010500D    671
     142       0       0       1       0                               0D    672
     144     484       0       0       0                        00000000D    673
     144       0      -1       1       0                               0D    674
     110     485       0       0       0                        01010000D    675
     110       0       0       1       0                               0D    676
     110     486       0       0       0                        01010000D    677
     110       0       0       1       0                               0D    678
     120     487       0       0       0                        01010000D    679
     120       0       0       1       0                               0D    680
     126     488       0       0       0                        01010500D    681
     126       0       0       2       0                               0D    682
     110     490       0       0       0                        01010000D    683
     110       0       0       1       0                               0D    684
     126     491       0       0       0                        01010500D    685
     126       0       0       2       0                               0D    686
     100     493       0       0       0                        01010000D    687
     100       0       0       1       0                               0D    688
     126     494       0       0       0                        01010500D    689
     126       0       0       2       0                               0D    690
     110     496       0       0       0                        01010000D    691
     110       0       0       1       0                               0D    692
     126     497       0       0       0                        01010500D    693
     126       0       0       2       0                               0D    694
     124     499       0       0       0                        00000000D    695
     124       0       0       4       0                               0D    696
     100     503       0       0       0             695        01010000D    697
     100       0       0       1       0                               0D    698
     102     504       0       0       0                        01010500D    699
     102       0       0       1       0                               0D    700
     102     505       0       0       0                        01010000D    701
     102       0       0       1       0                               0D    702
     142     506       0       0       0                        00010500D    703
     142       0       0       1       0                               0D    704
     144     507       0       0       0                        00000000D    705
     144       0      -1       1       0                               0D    706
     110     508       0       0       0                        01010000D    707
     110       0       0       1       0                               0D    708
     110     509       0       0       0                        01010000D    709
     110       0       0       1       0                               0D    710
     120     510       0       0       0                        01010000D    711
     120       0       0       1       0                               0D    712
     126     511       0       0       0                        01010500D    713
     126       0       0       2       0                               0D    714
     110     513       0       0       0                        01010000D    715
     110       0       0       1       0                               0D    716
     126     514       0       0       0                        01010500D    717
     126       0       0       2       0                               0D    718
     100     516       0       0       0                        01010000D    719
     100       0       0       1       0                               0D    720
     126     517       0       0       0                        01010500D    721
     126       0       0       2       0                               0D    722
     110     519       0       0       0                        01010000D    723
     110       0       0       1       0                               0D    724
     126     520       0       0       0                        01010500D    725
     126       0       0       2       0                               0D    726
     124     522       0       0       0                        00000000D    727
     124       0       0       4       0                               0D    728
     100     526       0       0       0             727        01010000D    729
     100       0       0       1       0                               0D    730
     102     527       0       0       0                        01010500D    731
     102       0       0       1       0                               0D    732
     102     528       0       0       0                        01010000D    733
     102       0       0       1       0                               0D    734
     142     529       0       0       0                        00010500D    735
     142       0       0       1       0                               0D    736
     144     530       0       0       0                        00000000D    737
     144       0      -1       1       0                               0D    738
     110     531       0       0       0                        01010000D    739
     110       0       0       1       0                               0D    740
     110     532       0       0       0                        01010000D    741
     110       0       0       1       0                               0D    742
     120     533       0       0       0                        01010000D    743
     120       0       0       1       0                               0D    744
     126     534       0       0       0                        01010500D    745
     126       0       0       2       0                               0D    746
     110     536       0       0       0                        01010000D    747
     110       0       0       1       0                               0D    748
     126     537       0       0       0                        01010500D    749
     126       0       0       2       0                               0D    750
     124     539       0       0       0                        00000000D    751
     124       0       0       4       0                               0D    752
     100     543       0       0       0             751        01010000D    753
     100       0       0       1       0                               0D    754
     126     544       0       0       0                        01010500D    755
     126       0       0       2       0                               0D    756
     110     546       0       0       0                        01010000D    757
     110       0       0       1       0                               0D    758
     126     547       0       0       0                        01010500D    759
     126       0       0       2       0                               0D    760
     100     549       0       0       0                        01010000D    761
     100       0       0       1       0                               0D    762
     102     550       0       0       0                        01010500D    763
     102       0       0       1       0                               0D    764
     102     551       0       0       0                        01010000D    765
     102       0       0       1       0                               0D    766
     142     552       0       0       0                        00010500D    767
     142       0       0       1       0                               0D    768
     144     553       0       0       0                        00000000D    769
     144       0      -1       1       0                               0D    770
     110     554       0       0       0                        01010000D    771
     110       0       0       1       0                               0D    772
     110     555       0       0       0                        01010000D    773
     110       0       0       1       0                               0D    774
     120     556       0       0       0                        01010000D    775
     120       0       0       1       0                               0D    776
     126     557       0       0       0                        01010500D    777
     126       0       0       2       0                               0D    778
     110     559       0       0       0                        01010000D    779
     110       0       0       1       0                               0D    780
     126     560       0       0       0                        01010500D    781
     126       0       0       2       0                               0D    782
     100     562       0       0       0                        01010000D    783
     100       0       0       1       0                               0D    784
     126     563       0       0       0                        01010500D    785
     126       0       0       2       0                               0D    786
     110     565       0       0       0                        01010000D    787
     110       0       0       1       0                               0D    788
     126     566       0       0       0                        01010500D    789
     126       0       0       2       0                               0D    790
     124     568       0       0       0                        00000000D    791
     124       0       0       4       0                               0D    792
     100     572       0       0       0             791        01010000D    793
     100       0       0       1       0                               0D    794
     102     573       0       0       0                        01010500D    795
     102       0       0       1       0                               0D    796
     102     574       0       0       0                        01010000D    797
     102       0       0       1       0                               0D    798
     142     575       0       0       0                        00010500D    799
     142       0       0       1       0                               0D    800
     144     576       0       0       0                        00000000D    801
     144       0      -1       1       0                               0D    802
     110     577       0       0       0                        01010000D    803
     110       0       0       1       0                               0D    804
     110     578       0       0       0                        01010000D    805
     110       0       0       1       0                               0D    806
     120     579       0       0       0                        01010000D    807
     120       0       0       1       0                               0D    808
     126     580       0       0       0                        01010500D    809
     126       0       0       2       0                               0D    810
     110     582       0       0       0                        01010000D    811
     110       0       0       1       0                               0D    812
     126     583       0       0       0                        01010500D    813
     126       0       0       2       0                               0D    814
     100     585       0       0       0                        01010000D    815
     100       0       0       1       0                               0D    816
     126     586       0       0       0                        01010500D    817
     126       0       0       2       0                               0D    818
     110     588       0       0       0                        01010000D    819
     110       0       0       1       0                               0D    820
     126     589       0       0       0                        01010500D    821
     126       0       0       2       0                               0D    822
     124     591       0       0       0                        00000000D    823
     124       0       0       4       0                               0D    824
     100     595       0       0       0             823        01010000D    825
     100       0       0       1       0                               0D    826
     102     596       0       0       0                        01010500D    827
     102       0       0       1       0                               0D    828
     102     597       0       0       0                        01010000D    829
     102       0       0       1       0                               0D    830
     142     598       0       0       0                        00010500D    831
     142       0       0       1       0                               0D    832
     144     599       0       0       0                        00000000D    833
     144       0      -1       1       0                               0D    834
     110     600       0       0       0                        01010000D    835
     110       0       0       1       0                               0D    836
     110     601       0       0       0                        01010000D    837
     110       0       0       1       0                               0D    838
     120     602       0       0       0                        01010000D    839
     120       0       0       1       0                               0D    840
     126     603       0       0       0                        01010500D    841
     126       0       0       2       0                               0D    842
     110     605       0       0       0                        01010000D    843
     110       0       0       1       0                               0D    844
     126     606       0       0       0                        01010500D    845
     126       0       0       2       0                               0D    846
     124     608       0       0       0                        00000000D    847
     124       0       0       4       0                               0D    848
     100     612       0       0       0             847        01010000D    849
     100       0       0       1       0                               0D    850
     126     613       0       0       0                        01010500D    851
     126       0       0       2       0                               0D    852
     110     615       0       0       0                        01010000D    853
     110       0       0       1       0                               0D    854
     126     616       0       0       0                        01010500D    855
     126       0       0       2       0                               0D    856
     100     618       0       0       0                        01010000D    857
     100       0       0       1       0                               0D    858
     102     619       0       0       0                        01010500D    859
     102       0       0       1       0                               0D    860
     102     620       0       0       0                        01010000D    861
     102       0       0       1       0                               0D    862
     142     621       0       0       0                        00010500D    863
     142       0       0       1       0                               0D    864
     144     622       0       0       0                        00000000D    865
     144       0      -1       1       0                               0D    866
     110     623       0       0       0                        01010000D    867
     110       0       0       1       0                               0D    868
     110     624       0       0       0                        01010000D    869
     110       0       0       1       0                               0D    870
     120     625       0       0       0                        01010000D    871
     120       0       0       1       0                               0D    872
     126     626       0       0       0                        01010500D    873
     126       0       0       2       0                               0D    874
     110     628       0       0       0                        01010000D    875
     110       0       0       1       0                               0D    876
     126     629       0       0       0                        01010500D    877
     126       0       0       2       0                               0D    878
     100     631       0       0       0                        01010000D    879
     100       0       0       1       0                               0D    880
     126     632       0       0       0                        01010500D    881
     126       0       0       2       0                               0D    882
     110     634       0       0       0                        01010000D    883
     110       0       0       1       0                               0D    884
     126     635       0       0       0                        01010500D    885
     126       0       0       2       0                               0D    886
     124     637       0       0       0                        00000000D    887
     124       0       0       4       0                               0D    888
     100     641       0       0       0             887        01010000D    889
     100       0       0       1       0                               0D    890
     102     642       0       0       0                        01010500D    891
     102       0       0       1       0                               0D    892
     102     643       0       0       0                        01010000D    893
     102       0       0       1       0                               0D    894
     142     644       0       0       0                        00010500D    895
     142       0       0       1       0                               0D    896
     144     645       0       0       0                        00000000D    897
     144       0      -1       1       0                               0D    898
     110     646       0       0       0                        01010000D    899
     110       0       0       1       0                               0D    900
     110     647       0       0       0                        01010000D    901
     110       0       0       1       0                               0D    902
     120     648       0       0       0                        01010000D    903
     120       0       0       1       0                               0D    904
     126     649       0       0       0                        01010500D    905
     126       0       0       2       0                               0D    906
     110     651       0       0       0                        01010000D    907
     110       0       0       1       0                               0D    908
     126     652       0       0       0                        01010500D    909
     126       0       0       2       0                               0D    910
     100     654       0       0       0                        01010000D    911
     100       0       0       1       0                               0D    912
     126     655       0       0       0                        01010500D    913
     126       0       0       2       0                               0D    914
     110     657       0       0       0                        01010000D    915
     110       0       0       1       0                               0D    916
     126     658       0       0       0                        01010500D    917
     126       0       0       2       0                               0D    918
     124     660       0       0       0                        00000000D    919
     124       0       0       4       0                               0D    920
     100     664       0       0       0             919        01010000D    921
     100       0       0       1       0                               0D    922
     102     665       0       0       0                        01010500D    923
     102       0       0       1       0                               0D    924
     102     666       0       0       0                        01010000D    925
     102       0       0       1       0                               0D    926
     142     667       0       0       0                        00010500D    927
     142       0       0       1       0                               0D    928
     144     668       0       0       0                        00000000D    929
     144       0      -1       1       0                               0D    930
     110     669       0       0       0                        01010000D    931
     110       0       0       1       0                               0D    932
     110     670       0       0       0                        01010000D    933
     110       0       0       1       0                               0D    934
     120     671       0       0       0                        01010000D    935
     120       0       0       1       0                               0D    936
     126     672       0       0       0                        01010500D    937
     126       0       0       2       0                               0D    938
     110     674       0       0       0                        01010000D    939
     110       0       0       1       0                               0D    940
     126     675       0       0       0                        01010500D    941
     126       0       0       2       0                               0D    942
     124     677       0       0       0                        00000000D    943
     124       0       0       4       0                               0D    944
     100     681       0       0       0             943        01010000D    945
     100       0       0       1       0                               0D    946
     126     682       0       0       0                        01010500D    947
     126       0       0       2       0                               0D    948
     110     684       0       0       0                        01010000D    949
     110       0       0       1       0                               0D    950
     126     685       0       0       0                        01010500D    951
     126       0       0       2       0                               0D    952
     100     687       0       0       0                        01010000D    953
     100       0       0       1       0                               0D    954
     102     688       0       0       0                        01010500D    955
     102       0       0       1       0                               0D    956
     102     689       0       0       0                        01010000D    957
     102       0       0       1       0                               0D    958
     142     690       0       0       0                        00010500D    959
     142       0       0       1       0                               0D    960
     144     691       0       0       0                        00000000D    961
     144       0      -1       1       0                               0D    962
     110     692       0       0       0                        01010000D    963
     110       0       0       1       0                               0D    964
     110     693       0       0       0                        01010000D    965
     110       0       0       1       0                               0D    966
     120     694       0       0       0                        01010000D    967
     120       0       0       1       0                               0D    968
     126     695       0       0       0                        01010500D    969
     126       0       0       2       0                               0D    970
     110     697       0       0       0                        01010000D    971
     110       0       0       1       0                               0D    972
     126     698       0       0       0                        01010500D    973
     126       0       0       2       0                               0D    974
     100     700       0       0       0                        01010000D    975
     100       0       0       1       0                               0D    976
     126     701       0       0       0                        01010500D    977
     126       0       0       2       0                               0D    978
     110     703       0       0       0                        01010000D    979
     110       0       0       1       0                               0D    980
     126     704       0       0       0                        01010500D    981
     126       0       0       2       0                               0D    982
     124     706       0       0       0                        00000000D    983
     124       0       0       4       0                               0D    984
     100     710       0       0       0             983        01010000D    985
     100       0       0       1       0                               0D    986
     102     711       0       0       0                        01010500D    987
     102       0       0       1       0                               0D    988
     102     712       0       0       0                        01010000D    989
     102       0       0       1       0                               0D    990
     142     713       0       0       0                        00010500D    991
     142       0       0       1       0                               0D    992
     144     714       0       0       0                        00000000D    993
     144       0      -1       1       0                               0D    994
     110     715       0       0       0                        01010000D    995
     110       0       0       1       0                               0D    996
     110     716       0       0       0                        01010000D    997
     110       0       0       1       0                               0D    998
     120     717       0       0       0                        01010000D    999
     120       0       0       1       0                               0D   1000
     126     718       0       0       0                        01010500D   1001
     126       0       0       2       0                               0D   1002
     110     720       0       0       0                        01010000D   1003
     110       0       0       1       0                               0D   1004
     126     721       0       0       0                        01010500D   1005
     126       0       0       2       0                               0D   1006
     100     723       0       0       0                        01010000D   1007
     100       0       0       1       0                               0D   1008
     126     724       0       0       0                        01010500D   1009
     126       0       0       2       0                               0D   1010
     110     726       0       0       0                        01010000D   1011
     110       0       0       1       0                               0D   1012
     126     727       0       0       0                        01010500D   1013
     126       0       0       2       0                               0D   1014
     124     729       0       0       0                        00000000D   1015
     124       0       0       4       0                               0D   1016
     100     733       0       0       0            1015        01010000D   1017
     100       0       0       1       0                               0D   1018
     102     734       0       0       0                        01010500D   1019
     102       0       0       1       0                               0D   1020
     102     735       0       0       0                        01010000D   1021
     102       0       0       1       0                               0D   1022
     142     736       0       0       0                        00010500D   1023
     142       0       0       1       0                               0D   1024
     144     737       0       0       0                        00000000D   1025
     144       0      -1       1       0                               0D   1026
     110     738       0       0       0                        01010000D   1027
     110       0       0       1       0                               0D   1028
     110     739       0       0       0                        01010000D   1029
     110       0       0       1       0                               0D   1030
     120     740       0       0       0                        01010000D   1031
     120       0       0       1       0                               0D   1032
     126     741       0       0       0                        01010500D   1033
     126       0       0       2       0                               0D   1034
     110     743       0       0       0                        01010000D   1035
     110       0       0       1       0                               0D   1036
     126     744       0       0       0                        01010500D   1037
     126       0       0       2       0                               0D   1038
     124     746       0       0       0                        00000000D   1039
     124       0       0       4       0                               0D   1040
     100     750       0       0       0            1039        01010000D   1041
     100       0       0       1       0                               0D   1042
     126     751       0       0       0                        01010500D   1043
     126       0       0       2       0                               0D   1044
     110     753       0       0       0                        01010000D   1045
     110       0       0       1       0                               0D   1046
     126     754       0       0       0                        01010500D   1047
     126       0       0       2       0                               0D   1048
     100     756       0       0       0                        01010000D   1049
     100       0       0       1       0                               0D   1050
     102     757       0       0       0                        01010500D   1051
     102       0       0       1       0                               0D   1052
     102     758       0       0       0                        01010000D   1053
     102       0       0       1       0                               0D   1054
     142     759       0       0       0                        00010500D   1055
     142       0       0       1       0                               0D   1056
     144     760       0       0       0                        00000000D   1057
     144       0      -1       1       0                               0D   1058
     110     761       0       0       0                        01010000D   1059
     110       0       0       1       0                               0D   1060
     110     762       0       0       0                        01010000D   1061
     110       0       0       1       0                               0D   1062
     120     763       0       0       0                        01010000D   1063
     120       0       0       1       0                               0D   1064
     126     764       0       0       0                        01010500D   1065
     126       0       0       2       0                               0D   1066
     110     766       0       0       0                        01010000D   1067
     110       0       0       1       0                               0D   1068
     126     767       0       0       0                        01010500D   1069
     126       0       0       2       0                               0D   1070
     100     769       0       0       0                        01010000D   1071
     100       0       0       1       0                               0D   1072
     126     770       0       0       0                        01010500D   1073
     126       0       0       2       0                               0D   1074
     110     772       0       0       0                        01010000D   1075
     110       0       0       1       0                               0D   1076
     126     773       0       0       0                        01010500D   1077
     126       0       0       2       0                               0D   1078
     124     775       0       0       0                        00000000D   1079
     124       0       0       4       0                               0D   1080
     100     779       0       0       0            1079        01010000D   1081
     100       0       0       1       0                               0D   1082
     102     780       0       0       0                        01010500D   1083
     102       0       0       1       0                               0D   1084
     102     781       0       0       0                        01010000D   1085
     102       0       0       1       0                               0D   1086
     142     782       0       0       0                        00010500D   1087
     142       0       0       1       0                               0D   1088
     144     783       0       0       0                        00000000D   1089
     144       0      -1       1       0                               0D   1090
     110     784       0       0       0                        01010000D   1091
     110       0       0       1       0                               0D   1092
     110     785       0       0       0                        01010000D   1093
     110       0       0       1       0                               0D   1094
     120     786       0       0       0                        01010000D   1095
     120       0       0       1       0                               0D   1096
     126     787       0       0       0                        01010500D   1097
     126       0       0       2       0                               0D   1098
     110     789       0       0       0                        01010000D   1099
     110       0       0       1       0                               0D   1100
     126     790       0       0       0                        01010500D   1101
     126       0       0       2       0                               0D   1102
     100     792       0       0       0                        01010000D   1103
     100       0       0       1       0                               0D   1104
     126     793       0       0       0                        01010500D   1105
     126       0       0       2       0                               0D   1106
     110     795       0       0       0                        01010000D   1107
     110       0       0       1       0                               0D   1108
     126     796       0       0       0                        01010500D   1109
     126       0       0       2       0                               0D   1110
     124     798       0       0       0                        00000000D   1111
     124       0       0       4       0                               0D   1112
     100     802       0       0       0            1111        01010000D   1113
     100       0       0       1       0                               0D   1114
     102     803       0       0       0                        01010500D   1115
     102       0       0       1       0                               0D   1116
     102     804       0       0       0                        01010000D   1117
     102       0       0       1       0                               0D   1118
     142     805       0       0       0                        00010500D   1119
     142       0       0       1       0                               0D   1120
     144     806       0       0       0                        00000000D   1121
     144       0      -1       1       0                               0D   1122
     110     807       0       0       0                        01010000D   1123
     110       0       0       1       0                               0D   1124
     110     808       0       0       0                        01010000D   1125
     110       0       0       1       0                               0D   1126
     120     809       0       0       0                        01010000D   1127
     120       0       0       1       0                               0D   1128
     126     810       0       0       0                        01010500D   1129
     126       0       0       2       0                               0D   1130
     110     812       0       0       0                        01010000D   1131
     110       0       0       1       0                               0D   1132
     126     813       0       0       0                        01010500D   1133
     126       0       0       2       0                               0D   1134
     124     815       0       0       0                        00000000D   1135
     124       0       0       4       0                               0D   1136
     100     819       0       0       0            1135        01010000D   1137
     100       0       0       1       0                               0D   1138
     126     820       0       0       0                        01010500D   1139
     126       0       0       2       0                               0D   1140
     110     822       0       0       0                        01010000D   1141
     110       0       0       1       0                               0D   1142
     126     823       0       0       0                        01010500D   1143
     126       0       0       2       0                               0D   1144
     100     825       0       0       0                        01010000D   1145
     100       0       0       1       0                               0D   1146
     102     826       0       0       0                        01010500D   1147
     102       0       0       1       0                               0D   1148
     102     827       0       0       0                        01010000D   1149
     102       0       0       1       0                               0D   1150
     142     828       0       0       0                        00010500D   1151
     142       0       0       1       0                               0D   1152
     144     829       0       0       0                        00000000D   1153
     144       0      -1       1       0                               0D   1154
     110     830       0       0       0                        01010000D   1155
     110       0       0       1       0                               0D   1156
     110     831       0       0       0                        01010000D   1157
     110       0       0       1       0                               0D   1158
     120     832       0       0       0                        01010000D   1159
     120       0       0       1       0                               0D   1160
     126     833       0       0       0                        01010500D   1161
     126       0       0       2       0                               0D   1162
     110     835       0       0       0                        01010000D   1163
     110       0       0       1       0                               0D   1164
     126     836       0       0       0                        01010500D   1165
     126       0       0       2       0                               0D   1166
     100     838       0       0       0                        01010000D   1167
     100       0       0       1       0                               0D   1168
     126     839       0       0       0                        01010500D   1169
     126       0       0       2       0                               0D   1170
     110     841       0       0       0                        01010000D   1171
     110       0       0       1       0                               0D   1172
     126     842       0       0       0                        01010500D   1173
     126       0       0       2       0                               0D   1174
     124     844       0       0       0                        00000000D   1175
     124       0       0       4       0                               0D   1176
     100     848       0       0       0            1175        01010000D   1177
     100       0       0       1       0                               0D   1178
     102     849       0       0       0                        01010500D   1179
     102       0       0       1       0                               0D   1180
     102     850       0       0       0                        01010000D   1181
     102       0       0       1       0                               0D   1182
     142     851       0       0       0                        00010500D   1183
     142       0       0       1       0                               0D   1184
     144     852       0       0       0                        00000000D   1185
     144       0      -1       1       0                               0D   1186
     110     853       0       0       0                        01010000D   1187
     110       0       0       1       0                               0D   1188
     110     854       0       0       0                        01010000D   1189
     110       0       0       1       0                               0D   1190
     120     855       0       0       0                        01010000D   1191
     120       0       0       1       0                               0D   1192
     126     856       0       0       0                        01010500D   1193
     126       0       0       2       0                               0D   1194
     110     858       0       0       0                        01010000D   1195
     110       0       0       1       0                               0D   1196
     126     859       0       0       0                        01010500D   1197
     126       0       0       2       0                               0D   1198
     100     861       0       0       0                        01010000D   1199
     100       0       0       1       0                               0D   1200
     126     862       0       0       0                        01010500D   1201
     126       0       0       2       0                               0D   1202
     110     864       0       0       0                        01010000D   1203
     110       0       0       1       0                               0D   1204
     126     865       0       0       0                        01010500D   1205
     126       0       0       2       0                               0D   1206
     124     867       0       0       0                        00000000D   1207
     124       0       0       4       0                               0D   1208
     100     871       0       0       0            1207        01010000D   1209
     100       0       0       1       0                               0D   1210
     102     872       0       0       0                        01010500D   1211
     102       0       0       1       0                               0D   1212
     102     873       0       0       0                        01010000D   1213
     102       0       0       1       0                               0D   1214
     142     874       0       0       0                        00010500D   1215
     142       0       0       1       0                               0D   1216
     144     875       0       0       0                        00000000D   1217
     144       0      -1       1       0                               0D   1218
     110     876       0       0       0                        01010000D   1219
     110       0       0       1       0                               0D   1220
     110     877       0       0       0                        01010000D   1221
     110       0       0       1       0                               0D   1222
     120     878       0       0       0                        01010000D   1223
     120       0       0       1       0                               0D   1224
     126     879       0       0       0                        01010500D   1225
     126       0       0       2       0                               0D   1226
     110     881       0       0       0                        01010000D   1227
     110       0       0       1       0                               0D   1228
     126     882       0       0       0                        01010500D   1229
     126       0       0       2       0                               0D   1230
     124     884       0       0       0                        00000000D   1231
     124       0       0       4       0                               0D   1232
     100     888       0       0       0            1231        01010000D   1233
     100       0       0       1       0                               0D   1234
     126     889       0       0       0                        01010500D   1235
     126       0       0       2       0                               0D   1236
     110     891       0       0       0                        01010000D   1237
     110       0       0       1       0                               0D   1238
     126     892       0       0       0                        01010500D   1239
     126       0       0       2       0                               0D   1240
     100     894       0       0       0                        01010000D   1241
     100       0       0       1       0                               0D   1242
     102     895       0       0       0                        01010500D   1243
     102       0       0       1       0                               0D   1244
     102     896       0       0       0                        01010000D   1245
     102       0       0       1       0                               0D   1246
     142     897       0       0       0                        00010500D   1247
     142       0       0       1       0                               0D   1248
     144     898       0       0       0                        00000000D   1249
     144       0      -1       1       0                               0D   1250
     110     899       0       0       0                        01010000D   1251
     110       0       0       1       0                               0D   1252
     110     900       0       0       0                        01010000D   1253
     110       0       0       1       0                               0D   1254
     120     901       0       0       0                        01010000D   1255
     120       0       0       1       0                               0D   1256
     126     902       0       0       0                        01010500D   1257
     126       0       0       2       0                               0D   1258
     110     904       0       0       0                        01010000D   1259
     110       0       0       1       0                               0D   1260
     126     905       0       0       0                        01010500D   1261
     126       0       0       2       0                               0D   1262
     100     907       0       0       0                        01010000D   1263
     100       0       0       1       0                               0D   1264
     126     908       0       0       0                        01010500D   1265
     126       0       0       2       0                               0D   1266
     110     910       0       0       0                        01010000D   1267
     110       0       0       1       0                               0D   1268
     126     911       0       0       0                        01010500D   1269
     126       0       0       2       0                               0D   1270
     124     913       0       0       0                        00000000D   1271
     124       0       0       4       0                               0D   1272
     100     917       0       0       0            1271        01010000D   1273
     100       0       0       1       0                               0D   1274
     102     918       0       0       0                        01010500D   1275
     102       0       0       1       0                               0D   1276
     102     919       0       0       0                        01010000D   1277
     102       0       0       1       0                               0D   1278
     142     920       0       0       0                        00010500D   1279
     142       0       0       1       0                               0D   1280
     144     921       0       0       0                        00000000D   1281
     144       0      -1       1       0                               0D   1282
     110     922       0       0       0                        01010000D   1283
     110       0       0       1       0                               0D   1284
     110     923       0       0       0                        01010000D   1285
     110       0       0       1       0                               0D   1286
     120     924       0       0       0                        01010000D   1287
     120       0       0       1       0                               0D   1288
     126     925       0       0       0                        01010500D   1289
     126       0       0       2       0                               0D   1290
     110     927       0       0       0                        01010000D   1291
     110       0       0       1       0                               0D   1292
     126     928       0       0       0                        01010500D   1293
     126       0       0       2       0                               0D   1294
     100     930       0       0       0                        01010000D   1295
     100       0       0       1       0                               0D   1296
     126     931       0       0       0                        01010500D   1297
     126       0       0       2       0                               0D   1298
     110     933       0       0       0                        01010000D   1299
     110       0       0       1       0                               0D   1300
     126     934       0       0       0                        01010500D   1301
     126       0       0       2       0                               0D   1302
     124     936       0       0       0                        00000000D   1303
     124       0       0       4       0                               0D   1304
     100     940       0       0       0            1303        01010000D   1305
     100       0       0       1       0                               0D   1306
     102     941       0       0       0                        01010500D   1307
     102       0       0       1       0                               0D   1308
     102     942       0       0       0                        01010000D   1309
     102       0       0       1       0                               0D   1310
     142     943       0       0       0                        00010500D   1311
     142       0       0       1       0                               0D   1312
     144     944       0       0       0                        00000000D   1313
     144       0      -1       1       0                               0D   1314
     110     945       0       0       0                        01010000D   1315
     110       0       0       1       0                               0D   1316
     110     946       0       0       0                        01010000D   1317
     110       0       0       1       0                               0D   1318
     120     947       0       0       0                        01010000D   1319
     120       0       0       1       0                               0D   1320
     126     948       0       0       0                        01010500D   1321
     126       0       0       2       0                               0D   1322
     110     950       0       0       0                        01010000D   1323
     110       0       0       1       0                               0D   1324
     126     951       0       0       0                        01010500D   1325
     126       0       0       2       0                               0D   1326
     124     953       0       0       0                        00000000D   1327
     124       0       0       4       0                               0D   1328
     100     957       0       0       0            1327        01010000D   1329
     100       0       0       1       0                               0D   1330
     126     958       0       0       0                        01010500D   1331
     126       0       0       2       0                               0D   1332
     110     960       0       0       0                        01010000D   1333
     110       0       0       1       0                               0D   1334
     126     961       0       0       0                        01010500D   1335
     126       0       0       2       0                               0D   1336
     100     963       0       0       0                        01010000D   1337
     100       0       0       1       0                               0D   1338
     102     964       0       0       0                        01010500D   1339
     102       0       0       1       0                               0D   1340
     102     965       0       0       0                        01010000D   1341
     102       0       0       1       0                               0D   1342
     142     966       0       0       0                        00010500D   1343
     142       0       0       1       0                               0D   1344
     144     967       0       0       0                        00000000D   1345
     144       0      -1       1       0                               0D   1346
     110     968       0       0       0                        01010000D   1347
     110       0       0       1       0                               0D   1348
     110     969       0       0       0                        01010000D   1349
     110       0       0       1       0                               0D   1350
     120     970       0       0       0                        01010000D   1351
     120       0       0       1       0                               0D   1352
     126     971       0       0       0                        01010500D   1353
     126       0       0       2       0                               0D   1354
     110     973       0       0       0                        01010000D   1355
     110       0       0       1       0                               0D   1356
     126     974       0       0       0                        01010500D   1357
     126       0       0       2       0                               0D   1358
     100     976       0       0       0                        01010000D   1359
     100       0       0       1       0                               0D   1360
     126     977       0       0       0                        01010500D   1361
     126       0       0       2       0                               0D   1362
     110     979       0       0       0                        01010000D   1363
     110       0       0       1       0                               0D   1364
     126     980       0       0       0                        01010500D   1365
     126       0       0       2       0                               0D   1366
     124     982       0       0       0                        00000000D   1367
     124       0       0       4       0                               0D   1368
     100     986       0       0       0            1367        01010000D   1369
     100       0       0       1       0                               0D   1370
     102     987       0       0       0                        01010500D   1371
     102       0       0       1       0                               0D   1372
     102     988       0       0       0                        01010000D   1373
     102       0       0       1       0                               0D   1374
     142     989       0       0       0                        00010500D   1375
     142       0       0       1       0                               0D   1376
     144     990       0       0       0                        00000000D   1377
     144       0      -1       1       0                               0D   1378
     110     991       0       0       0                        01010000D   1379
     110       0       0       1       0                               0D   1380
     110     992       0       0       0                        01010000D   1381
     110       0       0       1       0                               0D   1382
     120     993       0       0       0                        01010000D   1383
     120       0       0       1       0                               0D   1384
     126     994       0       0       0                        01010500D   1385
     126       0       0       2       0                               0D   1386
     110     996       0       0       0                        01010000D   1387
     110       0       0       1       0                               0D   1388
     126     997       0       0       0                        01010500D   1389
     126       0       0       2       0                               0D   1390
     100     999       0       0       0                        01010000D   1391
     100       0       0       1       0                               0D   1392
     126    1000       0       0       0                        01010500D   1393
     126       0       0       2       0                               0D   1394
     110    1002       0       0       0                        01010000D   1395
     110       0       0       1       0                               0D   1396
     126    1003       0       0       0                        01010500D   1397
     126       0       0       2       0                               0D   1398
     124    1005       0       0       0                        00000000D   1399
     124       0       0       4       0                               0D   1400
     100    1009       0       0       0            1399        01010000D   1401
     100       0       0       1       0                               0D   1402
     102    1010       0       0       0                        01010500D   1403
     102       0       0       1       0                               0D   1404
     102    1011       0       0       0                        01010000D   1405
     102       0       0       1       0                               0D   1406
     142    1012       0       0       0                        00010500D   1407
     142       0       0       1       0                               0D   1408
     144    1013       0       0       0                        00000000D   1409
     144       0      -1       1       0                               0D   1410
     110    1014       0       0       0                        01010000D   1411
     110       0       0       1       0                               0D   1412
     110    1015       0       0       0                        01010000D   1413
     110       0       0       1       0                               0D   1414
     120    1016       0       0       0                        01010000D   1415
     120       0       0       1       0                               0D   1416
     126    1017       0       0       0                        01010500D   1417
     126       0       0       2       0                               0D   1418
     110    1019       0       0       0                        01010000D   1419
     110       0       0       1       0                               0D   1420
     126    1020       0       0       0                        01010500D   1421
     126       0       0       2       0                               0D   1422
     124    1022       0       0       0                        00000000D   1423
     124       0       0       4       0                               0D   1424
     100    1026       0       0       0            1423        01010000D   1425
     100       0       0       1       0                               0D   1426
     126    1027       0       0       0                        01010500D   1427
     126       0       0       2       0                               0D   1428
     110    1029       0       0       0                        01010000D   1429
     110       0       0       1       0                               0D   1430
     126    1030       0       0       0                        01010500D   1431
     126       0       0       2       0                               0D   1432
     100    1032       0       0       0                        01010000D   1433
     100       0       0       1       0                               0D   1434
     102    1033       0       0       0                        01010500D   1435
     102       0       0       1       0                               0D   1436
     102    1034       0       0       0                        01010000D   1437
     102       0       0       1       0                               0D   1438
     142    1035       0       0       0                        00010500D   1439
     142       0       0       1       0                               0D   1440
     144    1036       0       0       0                        00000000D   1441
     144       0      -1       1       0                               0D   1442
     110    1037       0       0       0                        01010000D   1443
     110       0       0       1       0                               0D   1444
     110    1038       0       0       0                        01010000D   1445
     110       0       0       1       0                               0D   1446
     120    1039       0       0       0                        01010000D   1447
     120       0       0       1       0                               0D   1448
     126    1040       0       0       0                        01010500D   1449
     126       0       0       2       0                               0D   1450
     110    1042       0       0       0                        01010000D   1451
     110       0       0       1       0                               0D   1452
     126    1043       0       0       0                        01010500D   1453
     126       0       0       2       0                               0D   1454
     100    1045       0       0       0                        01010000D   1455
     100       0       0       1       0                               0D   1456
     126    1046       0       0       0                        01010500D   1457
     126       0       0       2       0                               0D   1458
     110    1048       0       0       0                        01010000D   1459
     110       0       0       1       0                               0D   1460
     126    1049       0       0       0                        01010500D   1461
     126       0       0       2       0                               0D   1462
     124    1051       0       0       0                        00000000D   1463
     124       0       0       4       0                               0D   1464
     100    1055       0       0       0            1463        01010000D   1465
     100       0       0       1       0                               0D   1466
     102    1056       0       0       0                        01010500D   1467
     102       0       0       1       0                               0D   1468
     102    1057       0       0       0                        01010000D   1469
     102       0       0       1       0                               0D   1470
     142    1058       0       0       0                        00010500D   1471
     142       0       0       1       0                               0D   1472
     144    1059       0       0       0                        00000000D   1473
     144       0      -1       1       0                               0D   1474
     110    1060       0       0       0                        01010000D   1475
     110       0       0       1       0                               0D   1476
     110    1061       0       0       0                        01010000D   1477
     110       0       0       1       0                               0D   1478
     120    1062       0       0       0                        01010000D   1479
     120       0       0       1       0                               0D   1480
     126    1063       0       0       0                        01010500D   1481
     126       0       0       2       0                               0D   1482
     110    1065       0       0       0                        01010000D   1483
     110       0       0       1       0                               0D   1484
     126    1066       0       0       0                        01010500D   1485
     126       0       0       2       0                               0D   1486
     100    1068       0       0       0                        01010000D   1487
     100       0       0       1       0                               0D   1488
     126    1069       0       0       0                        01010500D   1489
     126       0       0       2       0                               0D   1490
     110    1071       0       0       0                        01010000D   1491
     110       0       0       1       0                               0D   1492
     126    1072       0       0       0                        01010500D   1493
     126       0       0       2       0                               0D   1494
     124    1074       0       0       0                        00000000D   1495
     124       0       0       4       0                               0D   1496
     100    1078       0       0       0            1495        01010000D   1497
     100       0       0       1       0                               0D   1498
     102    1079       0       0       0                        01010500D   1499
     102       0       0       1       0                               0D   1500
     102    1080       0       0       0                        01010000D   1501
     102       0       0       1       0                               0D   1502
     142    1081       0       0       0                        00010500D   1503
     142       0       0       1       0                               0D   1504
     144    1082       0       0       0                        00000000D   1505
     144       0      -1       1       0                               0D   1506
     110    1083       0       0       0                        01010000D   1507
     110       0       0       1       0                               0D   1508
     110    1084       0       0       0                        01010000D   1509
     110       0       0       1       0                               0D   1510
     120    1085       0       0       0                        01010000D   1511
     120       0       0       1       0                               0D   1512
     126    1086       0       0       0                        01010500D   1513
     126       0       0       2       0                               0D   1514
     110    1088       0       0       0                        01010000D   1515
     110       0       0       1       0                               0D   1516
     126    1089       0       0       0                        01010500D   1517
     126       0       0       2       0                               0D   1518
     124    1091       0       0       0                        00000000D   1519
     124       0       0       4       0                               0D   1520
     100    1095       0       0       0            1519        01010000D   1521
     100       0       0       1       0                               0D   1522
     126    1096       0       0       0                        01010500D   1523
     126       0       0       2       0                               0D   1524
     110    1098       0       0       0                        01010000D   1525
     110       0       0       1       0                               0D   1526
     126    1099       0       0       0                        01010500D   1527
     126       0       0       2       0                               0D   1528
     100    1101       0       0       0                        01010000D   1529
     100       0       0       1       0                               0D   1530
     102    1102       0       0       0                        01010500D   1531
     102       0       0       1       0                               0D   1532
     102    1103       0       0       0                        01010000D   1533
     102       0       0       1       0                               0D   1534
     142    1104       0       0       0                        00010500D   1535
     142       0       0       1       0                               0D   1536
     144    1105       0       0       0                        00000000D   1537
     144       0      -1       1       0                               0D   1538
     110    1106       0       0       0                        01010000D   1539
     110       0       0       1       0                               0D   1540
     110    1107       0       0       0                        01010000D   1541
     110       0       0       1       0                               0D   1542
     120    1108       0       0       0                        01010000D   1543
     120       0       0       1       0                               0D   1544
     126    1109       0       0       0                        01010500D   1545
     126       0       0       2       0                               0D   1546
     110    1111       0       0       0                        01010000D   1547
     110       0       0       1       0                               0D   1548
     126    1112       0       0       0                        01010500D   1549
     126       0       0       2       0                               0D   1550
     100    1114       0       0       0                        01010000D   1551
     100       0       0       1       0                               0D   1552
     126    1115       0       0       0                        01010500D   1553
     126       0       0       2       0                               0D   1554
     110    1117       0       0       0                        01010000D   1555
     110       0       0       1       0                               0D   1556
     126    1118       0       0       0                        01010500D   1557
     126       0       0       2       0                               0D   1558
     124    1120       0       0       0                        00000000D   1559
     124       0       0       4       0                               0D   1560
     100    1124       0       0       0            1559        01010000D   1561
     100       0       0       1       0                               0D   1562
     102    1125       0       0       0                        01010500D   1563
     102       0       0       1       0                               0D   1564
     102    1126       0       0       0                        01010000D   1565
     102       0       0       1       0                               0D   1566
     142    1127       0       0       0                        00010500D   1567
     142       0       0       1       0                               0D   1568
     144    1128       0       0       0                        00000000D   1569
     144       0      -1       1       0                               0D   1570
     110    1129       0       0       0                        01010000D   1571
     110       0       0       1       0                               0D   1572
     110    1130       0       0       0                        01010000D   1573
     110       0       0       1       0                               0D   1574
     120    1131       0       0       0                        01010000D   1575
     120       0       0       1       0                               0D   1576
     126    1132       0       0       0                        01010500D   1577
     126       0       0       2       0                               0D   1578
     110    1134       0       0       0                        01010000D   1579
     110       0       0       1       0                               0D   1580
     126    1135       0       0       0                        01010500D   1581
     126       0       0       2       0                               0D   1582
     100    1137       0       0       0                        01010000D   1583
     100       0       0       1       0                               0D   1584
     126    1138       0       0       0                        01010500D   1585
     126       0       0       2       0                               0D   1586
     110    1140       0       0       0                        01010000D   1587
     110       0       0       1       0                               0D   1588
     126    1141       0       0       0                        01010500D   1589
     126       0       0       2       0                               0D   1590
     124    1143       0       0       0                        00000000D   1591
     124       0       0       4       0                               0D   1592
     100    1147       0       0       0            1591        01010000D   1593
     100       0       0       1       0                               0D   1594
     102    1148       0       0       0                        01010500D   1595
     102       0       0       1       0                               0D   1596
     102    1149       0       0       0                        01010000D   1597
     102       0       0       1       0                               0D   1598
     142    1150       0       0       0                        00010500D   1599
     142       0       0       1       0                               0D   1600
     144    1151       0       0       0                        00000000D   1601
     144       0      -1       1       0                               0D   1602
     110    1152       0       0       0                        01010000D   1603
     110       0       0       1       0                               0D   1604
     110    1153       0       0       0                        01010000D   1605
     110       0       0       1       0                               0D   1606
     120    1154       0       0       0                        01010000D   1607
     120       0       0       1       0                               0D   1608
     126    1155       0       0       0                        01010500D   1609
     126       0       0       2       0                               0D   1610
     110    1157       0       0       0                        01010000D   1611
     110       0       0       1       0                               0D   1612
     126    1158       0       0       0                        01010500D   1613
     126       0       0       2       0                               0D   1614
     124    1160       0       0       0                        00000000D   1615
     124       0       0       4       0                               0D   1616
     100    1164       0       0       0            1615        01010000D   1617
     100       0       0       1       0                               0D   1618
     126    1165       0       0       0                        01010500D   1619
     126       0       0       2       0                               0D   1620
     110    1167       0       0       0                        01010000D   1621
     110       0       0       1       0                               0D   1622
     126    1168       0       0       0                        01010500D   1623
     126       0       0       2       0                               0D   1624
     100    1170       0       0       0                        01010000D   1625
     100       0       0       1       0                               0D   1626
     102    1171       0       0       0                        01010500D   1627
     102       0       0       1       0                               0D   1628
     102    1172       0       0       0                        01010000D   1629
     102       0       0       1       0                               0D   1630
     142    1173       0       0       0                        00010500D   1631
     142       0       0       1       0                               0D   1632
     144    1174       0       0       0                        00000000D   1633
     144       0      -1       1       0                               0D   1634
     110    1175       0       0       0                        01010000D   1635
     110       0       0       1       0                               0D   1636
     110    1176       0       0       0                        01010000D   1637
     110       0       0       1       0                               0D   1638
     120    1177       0       0       0                        01010000D   1639
     120       0       0       1       0                               0D   1640
     126    1178       0       0       0                        01010500D   1641
     126       0       0       2       0                               0D   1642
     110    1180       0       0       0                        01010000D   1643
     110       0       0       1       0                               0D   1644
     126    1181       0       0       0                        01010500D   1645
     126       0       0       2       0                               0D   1646
     100    1183       0       0       0                        01010000D   1647
     100       0       0       1       0                               0D   1648
     126    1184       0       0       0                        01010500D   1649
     126       0       0       2       0                               0D   1650
     110    1186       0       0       0                        01010000D   1651
     110       0       0       1       0                               0D   1652
     126    1187       0       0       0                        01010500D   1653
     126       0       0       2       0                               0D   1654
     124    1189       0       0       0                        00000000D   1655
     124       0       0       4       0                               0D   1656
     100    1193       0       0       0            1655        01010000D   1657
     100       0       0       1       0                               0D   1658
     102    1194       0       0       0                        01010500D   1659
     102       0       0       1       0                               0D   1660
     102    1195       0       0       0                        01010000D   1661
     102       0       0       1       0                               0D   1662
     142    1196       0       0       0                        00010500D   1663
     142       0       0       1       0                               0D   1664
     144    1197       0       0       0                        00000000D   1665
     144       0      -1       1       0                               0D   1666
     110    1198       0       0       0                        01010000D   1667
     110       0       0       1       0                               0D   1668
     110    1199       0       0       0                        01010000D   1669
     110       0       0       1       0                               0D   1670
     120    1200       0       0       0                        01010000D   1671
     120       0       0       1       0                               0D   1672
     126    1201       0       0       0                        01010500D   1673
     126       0       0       2       0                               0D   1674
     110    1203       0       0       0                        01010000D   1675
     110       0       0       1       0                               0D   1676
     126    1204       0       0       0                        01010500D   1677
     126       0       0       2       0                               0D   1678
     100    1206       0       0       0                        01010000D   1679
     100       0       0       1       0                               0D   1680
     126    1207       0       0       0                        01010500D   1681
     126       0       0       2       0                               0D   1682
     110    1209       0       0       0                        01010000D   1683
     110       0       0       1       0                               0D   1684
     126    1210       0       0       0                        01010500D   1685
     126       0       0       2       0                               0D   1686
     124    1212       0       0       0                        00000000D   1687
     124       0       0       4       0                               0D   1688
     100    1216       0       0       0            1687        01010000D   1689
     100       0       0       1       0                               0D   1690
     102    1217       0       0       0                        01010500D   1691
     102       0       0       1       0                               0D   1692
     102    1218       0       0       0                        01010000D   1693
     102       0       0       1       0                               0D   1694
     142    1219       0       0       0                        00010500D   1695
     142       0       0       1       0                               0D   1696
     144    1220       0       0       0                        00000000D   1697
     144       0      -1       1       0                               0D   1698
     110    1221       0       0       0                        01010000D   1699
     110       0       0       1       0                               0D   1700
     110    1222       0       0       0                        01010000D   1701
     110       0       0       1       0                               0D   1702
     120    1223       0       0       0                        01010000D   1703
     120       0       0       1       0                               0D   1704
     126    1224       0       0       0                        01010500D   1705
     126       0       0       2       0                               0D   1706
     110    1226       0       0       0                        01010000D   1707
     110       0       0       1       0                               0D   1708
     126    1227       0       0       0                        01010500D   1709
     126       0       0       2       0                               0D   1710
     124    1229       0       0       0                        00000000D   1711
     124       0       0       4       0                               0D   1712
     100    1233       0       0       0            1711        01010000D   1713
     100       0       0       1       0                               0D   1714
     126    1234       0       0       0                        01010500D   1715
     126       0       0       2       0                               0D   1716
     110    1236       0       0       0                        01010000D   1717
     110       0       0       1       0                               0D   1718
     126    1237       0       0       0                        01010500D   1719
     126       0       0       2       0                               0D   1720
     100    1239       0       0       0                        01010000D   1721
     100       0       0       1       0                               0D   1722
     102    1240       0       0       0                        01010500D   1723
     102       0       0       1       0                               0D   1724
     102    1241       0       0       0                        01010000D   1725
     102       0       0       1       0                               0D   1726
     142    1242       0       0       0                        00010500D   1727
     142       0       0       1       0                               0D   1728
     144    1243       0       0       0                        00000000D   1729
     144       0      -1       1       0                               0D   1730
     110    1244       0       0       0                        01010000D   1731
     110       0       0       1       0                               0D   1732
     110    1245       0       0       0                        01010000D   1733
     110       0       0       1       0                               0D   1734
     120    1246       0       0       0                        01010000D   1735
     120       0       0       1       0                               0D   1736
     126    1247       0       0       0                        01010500D   1737
     126       0       0       2       0                               0D   1738
     110    1249       0       0       0                        01010000D   1739
     110       0       0       1       0                               0D   1740
     126    1250       0       0       0                        01010500D   1741
     126       0       0       2       0                               0D   1742
     100    1252       0       0       0                        01010000D   1743
     100       0       0       1       0                               0D   1744
     126    1253       0       0       0                        01010500D   1745
     126       0       0       2       0                               0D   1746
     110    1255       0       0       0                        01010000D   1747
     110       0       0       1       0                               0D   1748
     126    1256       0       0       0                        01010500D   1749
     126       0       0       2       0                               0D   1750
     124    1258       0       0       0                        00000000D   1751
     124       0       0       4       0                               0D   1752
     100    1262       0       0       0            1751        01010000D   1753
     100       0       0       1       0                               0D   1754
     102    1263       0       0       0                        01010500D   1755
     102       0       0       1       0                               0D   1756
     102    1264       0       0       0                        01010000D   1757
     102       0       0       1       0                               0D   1758
     142    1265       0       0       0                        00010500D   1759
     142       0       0       1       0                               0D   1760
     144    1266       0       0       0                        00000000D   1761
     144       0      -1       1       0                               0D   1762
     110    1267       0       0       0                        01010000D   1763
     110       0       0       1       0                               0D   1764
     110    1268       0       0       0                        01010000D   1765
     110       0       0       1       0                               0D   1766
     120    1269       0       0       0                        01010000D   1767
     120       0       0       1       0                               0D   1768
     126    1270       0       0       0                        01010500D   1769
     126       0       0       2       0                               0D   1770
     110    1272       0       0       0                        01010000D   1771
     110       0       0       1       0                               0D   1772
     126    1273       0       0       0                        01010500D   1773
     126       0       0       2       0                               0D   1774
     100    1275       0       0       0                        01010000D   1775
     100       0       0       1       0                               0D   1776
     126    1276       0       0       0                        01010500D   1777
     126       0       0       2       0                               0D   1778
     110    1278       0       0       0                        01010000D   1779
     110       0       0       1       0                               0D   1780
     126    1279       0       0       0                        01010500D   1781
     126       0       0       2       0                               0D   1782
     124    1281       0       0       0                        00000000D   1783
     124       0       0       4       0                               0D   1784
     100    1285       0       0       0            1783        01010000D   1785
     100       0       0       1       0                               0D   1786
     102    1286       0       0       0                        01010500D   1787
     102       0       0       1       0                               0D   1788
     102    1287       0       0       0                        01010000D   1789
     102       0       0       1       0                               0D   1790
     142    1288       0       0       0                        00010500D   1791
     142       0       0       1       0                               0D   1792
     144    1289       0       0       0                        00000000D   1793
     144       0      -1       1       0                               0D   1794
     110    1290       0       0       0                        01010000D   1795
     110       0       0       1       0                               0D   1796
     110    1291       0       0       0                        01010000D   1797
     110       0       0       1       0                               0D   1798
     120    1292       0       0       0                        01010000D   1799
     120       0       0       1       0                               0D   1800
     126    1293       0       0       0                        01010500D   1801
     126       0       0       2       0                               0D   1802
     110    1295       0       0       0                        01010000D   1803
     110       0       0       1       0                               0D   1804
     126    1296       0       0       0                        01010500D   1805
     126       0       0       2       0                               0D   1806
     124    1298       0       0       0                        00000000D   1807
     124       0       0       4       0                               0D   1808
     100    1302       0       0       0            1807        01010000D   1809
     100       0       0       1       0                               0D   1810
     126    1303       0       0       0                        01010500D   1811
     126       0       0       2       0                               0D   1812
     110    1305       0       0       0                        01010000D   1813
     110       0       0       1       0                               0D   1814
     126    1306       0       0       0                        01010500D   1815
     126       0       0       2       0                               0D   1816
     100    1308       0       0       0                        01010000D   1817
     100       0       0       1       0                               0D   1818
     102    1309       0       0       0                        01010500D   1819
     102       0       0       1       0                               0D   1820
     102    1310       0       0       0                        01010000D   1821
     102       0       0       1       0                               0D   1822
     142    1311       0       0       0                        00010500D   1823
     142       0       0       1       0                               0D   1824
     144    1312       0       0       0                        00000000D   1825
     144       0      -1       1       0                               0D   1826
     110    1313       0       0       0                        01010000D   1827
     110       0       0       1       0                               0D   1828
     110    1314       0       0       0                        01010000D   1829
     110       0       0       1       0                               0D   1830
     120    1315       0       0       0                        01010000D   1831
     120       0       0       1       0                               0D   1832
     126    1316       0       0       0                        01010500D   1833
     126       0       0       2       0                               0D   1834
     110    1318       0       0       0                        01010000D   1835
     110       0       0       1       0                               0D   1836
     126    1319       0       0       0                        01010500D   1837
     126       0       0       2       0                               0D   1838
     100    1321       0       0       0                        01010000D   1839
     100       0       0       1       0                               0D   1840
     126    1322       0       0       0                        01010500D   1841
     126       0       0       2       0                               0D   1842
     110    1324       0       0       0                        01010000D   1843
     110       0       0       1       0                               0D   1844
     126    1325       0       0       0                        01010500D   1845
     126       0       0       2       0                               0D   1846
     124    1327       0       0       0                        00000000D   1847
     124       0       0       4       0                               0D   1848
     100    1331       0       0       0            1847        01010000D   1849
     100       0       0       1       0                               0D   1850
     102    1332       0       0       0                        01010500D   1851
     102       0       0       1       0                               0D   1852
     102    1333       0       0       0                        01010000D   1853
     102       0       0       1       0                               0D   1854
     142    1334       0       0       0                        00010500D   1855
     142       0       0       1       0                               0D   1856
     144    1335       0       0       0                        00000000D   1857
     144       0      -1       1       0                               0D   1858
     110    1336       0       0       0                        01010000D   1859
     110       0       0       1       0                               0D   1860
     110    1337       0       0       0                        01010000D   1861
     110       0       0       1       0                               0D   1862
     120    1338       0       0       0                        01010000D   1863
     120       0       0       1       0                               0D   1864
     126    1339       0       0       0                        01010500D   1865
     126       0       0       2       0                               0D   1866
     110    1341       0       0       0                        01010000D   1867
     110       0       0       1       0                               0D   1868
     126    1342       0       0       0                        01010500D   1869
     126       0       0       2       0                               0D   1870
     100    1344       0       0       0                        01010000D   1871
     100       0       0       1       0                               0D   1872
     126    1345       0       0       0                        01010500D   1873
     126       0       0       2       0                               0D   1874
     110    1347       0       0       0                        01010000D   1875
     110       0       0       1       0                               0D   1876
     126    1348       0       0       0                        01010500D   1877
     126       0       0       2       0                               0D   1878
     124    1350       0       0       0                        00000000D   1879
     124       0       0       4       0                               0D   1880
     100    1354       0       0       0            1879        01010000D   1881
     100       0       0       1       0                               0D   1882
     102    1355       0       0       0                        01010500D   1883
     102       0       0       1       0                               0D   1884
     102    1356       0       0       0                        01010000D   1885
     102       0       0       1       0                               0D   1886
     142    1357       0       0       0                        00010500D   1887
     142       0       0       1       0                               0D   1888
     144    1358       0       0       0                        00000000D   1889
     144       0      -1       1       0                               0D   1890
     110    1359       0       0       0                        01010000D   1891
     110       0       0       1       0                               0D   1892
     110    1360       0       0       0                        01010000D   1893
     110       0       0       1       0                               0D   1894
     120    1361       0       0       0                        01010000D   1895
     120       0       0       1       0                               0D   1896
     126    1362       0       0       0                        01010500D   1897
     126       0       0       2       0                               0D   1898
     110    1364       0       0       0                        01010000D   1899
     110       0       0       1       0                               0D   1900
     126    1365       0       0       0                        01010500D   1901
     126       0       0       2       0                               0D   1902
     124    1367       0       0       0                        00000000D   1903
     124       0       0       4       0                               0D   1904
     100    1371       0       0       0            1903        01010000D   1905
     100       0       0       1       0                               0D   1906
     126    1372       0       0       0                        01010500D   1907
     126       0       0       2       0                               0D   1908
     110    1374       0       0       0                        01010000D   1909
     110       0       0       1       0                               0D   1910
     126    1375       0       0       0                        01010500D   1911
     126       0       0       2       0                               0D   1912
     100    1377       0       0       0                        01010000D   1913
     100       0       0       1       0                               0D   1914
     102    1378       0       0       0                        01010500D   1915
     102       0       0       1       0                               0D   1916
     102    1379       0       0       0                        01010000D   1917
     102       0       0       1       0                               0D   1918
     142    1380       0       0       0                        00010500D   1919
     142       0       0       1       0                               0D   1920
     144    1381       0       0       0                        00000000D   1921
     144       0      -1       1       0                               0D   1922
     110    1382       0       0       0                        01010000D   1923
     110       0       0       1       0                               0D   1924
     110    1383       0       0       0                        01010000D   1925
     110       0       0       1       0                               0D   1926
     120    1384       0       0       0                        01010000D   1927
     120       0       0       1       0                               0D   1928
     126    1385       0       0       0                        01010500D   1929
     126       0       0       2       0                               0D   1930
     110    1387       0       0       0                        01010000D   1931
     110       0       0       1       0                               0D   1932
     126    1388       0       0       0                        01010500D   1933
     126       0       0       2       0                               0D   1934
     100    1390       0       0       0                        01010000D   1935
     100       0       0       1       0                               0D   1936
     126    1391       0       0       0                        01010500D   1937
     126       0       0       2       0                               0D   1938
     110    1393       0       0       0                        01010000D   1939
     110       0       0       1       0                               0D   1940
     126    1394       0       0       0                        01010500D   1941
     126       0       0       2       0                               0D   1942
     124    1396       0       0       0                        00000000D   1943
     124       0       0       4       0                               0D   1944
     100    1400       0       0       0            1943        01010000D   1945
     100       0       0       1       0                               0D   1946
     102    1401       0       0       0                        01010500D   1947
     102       0       0       1       0                               0D   1948
     102    1402       0       0       0                        01010000D   1949
     102       0       0       1       0                               0D   1950
     142    1403       0       0       0                        00010500D   1951
     142       0       0       1       0                               0D   1952
     144    1404       0       0       0                        00000000D   1953
     144       0      -1       1       0                               0D   1954
     110    1405       0       0       0                        01010000D   1955
     110       0       0       1       0                               0D   1956
     110    1406       0       0       0                        01010000D   1957
     110       0       0       1       0                               0D   1958
     120    1407       0       0       0                        01010000D   1959
     120       0       0       1       0                               0D   1960
     126    1408       0       0       0                        01010500D   1961
     126       0       0       2       0                               0D   1962
     110    1410       0       0       0                        01010000D   1963
     110       0       0       1       0                               0D   1964
     126    1411       0       0       0                        01010500D   1965
     126       0       0       2       0                               0D   1966
     100    1413       0       0       0                        01010000D   1967
     100       0       0       1       0                               0D   1968
     126    1414       0       0       0                        01010500D   1969
     126       0       0       2       0                               0D   1970
     110    1416       0       0       0                        01010000D   1971
     110       0       0       1       0                               0D   1972
     126    1417       0       0       0                        01010500D   1973
     126       0       0       2       0                               0D   1974
     124    1419       0       0       0                        00000000D   1975
     124       0       0       4       0                               0D   1976
     100    1423       0       0       0            1975        01010000D   1977
     100       0       0       1       0                               0D   1978
     102    1424       0       0       0                        01010500D   1979
     102       0       0       1       0                               0D   1980
     102    1425       0       0       0                        01010000D   1981
     102       0       0       1       0                               0D   1982
     142    1426       0       0       0                        00010500D   1983
     142       0       0       1       0                               0D   1984
     144    1427       0       0       0                        00000000D   1985
     144       0      -1       1       0                               0D   1986
     110    1428       0       0       0                        01010000D   1987
     110       0       0       1       0                               0D   1988
     110    1429       0       0       0                        01010000D   1989
     110       0       0       1       0                               0D   1990
     120    1430       0       0       0                        01010000D   1991
     120       0       0       1       0                               0D   1992
     126    1431       0       0       0                        01010500D   1993
     126       0       0       2       0                               0D   1994
     110    1433       0       0       0                        01010000D   1995
     110       0       0       1       0                               0D   1996
     126    1434       0       0       0                        01010500D   1997
     126       0       0       2       0                               0D   1998
     124    1436       0       0       0                        00000000D   1999
     124       0       0       4       0                               0D   2000
     100    1440       0       0       0            1999        01010000D   2001
     100       0       0       1       0                               0D   2002
     126    1441       0       0       0                        01010500D   2003
     126       0       0       2       0                               0D   2004
     110    1443       0       0       0                        01010000D   2005
     110       0       0       1       0                               0D   2006
     126    1444       0       0       0                        01010500D   2007
     126       0       0       2       0                               0D   2008
     100    1446       0       0       0                        01010000D   2009
     100       0       0       1       0                               0D   2010
     102    1447       0       0       0                        01010500D   2011
     102       0       0       1       0                               0D   2012
     102    1448       0       0       0                        01010000D   2013
     102       0       0       1       0                               0D   2014
     142    1449       0       0       0                        00010500D   2015
     142       0       0       1       0                               0D   2016
     144    1450       0       0       0                        00000000D   2017
     144       0      -1       1       0                               0D   2018
     110    1451       0       0       0                        01010000D   2019
     110       0       0       1       0                               0D   2020
     110    1452       0       0       0                        01010000D   2021
     110       0       0       1       0                               0D   2022
     120    1453       0       0       0                        01010000D   2023
     120       0       0       1       0                               0D   2024
     126    1454       0       0       0                        01010500D   2025
     126       0       0       2       0                               0D   2026
     110    1456       0       0       0                        01010000D   2027
     110       0       0       1       0                               0D   2028
     126    1457       0       0       0                        01010500D   2029
     126       0       0       2       0                               0D   2030
     100    1459       0       0       0                        01010000D   2031
     100       0       0       1       0                               0D   2032
     126    1460       0       0       0                        01010500D   2033
     126       0       0       2       0                               0D   2034
     110    1462       0       0       0                        01010000D   2035
     110       0       0       1       0                               0D   2036
     126    1463       0       0       0                        01010500D   2037
     126       0       0       2       0                               0D   2038
     124    1465       0       0       0                        00000000D   2039
     124       0       0       4       0                               0D   2040
     100    1469       0       0       0            2039        01010000D   2041
     100       0       0       1       0                               0D   2042
     102    1470       0       0       0                        01010500D   2043
     102       0       0       1       0                               0D   2044
     102    1471       0       0       0                        01010000D   2045
     102       0       0       1       0                               0D   2046
     142    1472       0       0       0                        00010500D   2047
     142       0       0       1       0                               0D   2048
     144    1473       0       0       0                        00000000D   2049
     144       0      -1       1       0                               0D   2050
     110    1474       0       0       0                        01010000D   2051
     110       0       0       1       0                               0D   2052
     110    1475       0       0       0                        01010000D   2053
     110       0       0       1       0                               0D   2054
     120    1476       0       0       0                        01010000D   2055
     120       0       0       1       0                               0D   2056
     126    1477       0       0       0                        01010500D   2057
     126       0       0       2       0                               0D   2058
     110    1479       0       0       0                        01010000D   2059
     110       0       0       1       0                               0D   2060
     126    1480       0       0       0                        01010500D   2061
     126       0       0       2       0                               0D   2062
     100    1482       0       0       0                        01010000D   2063
     100       0       0       1       0                               0D   2064
     126    1483       0       0       0                        01010500D   2065
     126       0       0       2       0                               0D   2066
     110    1485       0       0       0                        01010000D   2067
     110       0       0       1       0                               0D   2068
     126    1486       0       0       0                        01010500D   2069
     126       0       0       2       0                               0D   2070
     124    1488       0       0       0                        00000000D   2071
     124       0       0       4       0                               0D   2072
     100    1492       0       0       0            2071        01010000D   2073
     100       0       0       1       0                               0D   2074
     102    1493       0       0       0                        01010500D   2075
     102       0       0       1       0                               0D   2076
     102    1494       0       0       0                        01010000D   2077
     102       0       0       1       0                               0D   2078
     142    1495       0       0       0                        00010500D   2079
     142       0       0       1       0                               0D   2080
     144    1496       0       0       0                        00000000D   2081
     144       0      -1       1       0                               0D   2082
     110    1497       0       0       0                        01010000D   2083
     110       0       0       1       0                               0D   2084
     110    1498       0       0       0                        01010000D   2085
     110       0       0       1       0                               0D   2086
     120    1499       0       0       0                        01010000D   2087
     120       0       0       1       0                               0D   2088
     126    1500       0       0       0                        01010500D   2089
     126       0       0       2       0                               0D   2090
     110    1502       0       0       0                        01010000D   2091
     110       0       0       1       0                               0D   2092
     126    1503       0       0       0                        01010500D   2093
     126       0       0       2       0                               0D   2094
     124    1505       0       0       0                        00000000D   2095
     124       0       0       4       0                               0D   2096
     100    1509       0       0       0            2095        01010000D   2097
     100       0       0       1       0                               0D   2098
     126    1510       0       0       0                        01010500D   2099
     126       0       0       2       0                               0D   2100
     110    1512       0       0       0                        01010000D   2101
     110       0       0       1       0                               0D   2102
     126    1513       0       0       0                        01010500D   2103
     126       0       0       2       0                               0D   2104
     100    1515       0       0       0                        01010000D   2105
     100       0       0       1       0                               0D   2106
     102    1516       0       0       0                        01010500D   2107
     102       0       0       1       0                               0D   2108
     102    1517       0       0       0                        01010000D   2109
     102       0       0       1       0                               0D   2110
     142    1518       0       0       0                        00010500D   2111
     142       0       0       1       0                               0D   2112
     144    1519       0       0       0                        00000000D   2113
     144       0      -1       1       0                               0D   2114
     110    1520       0       0       0                        01010000D   2115
     110       0       0       1       0                               0D   2116
     110    1521       0       0       0                        01010000D   2117
     110       0       0       1       0                               0D   2118
     120    1522       0       0       0                        01010000D   2119
     120       0       0       1       0                               0D   2120
     126    1523       0       0       0                        01010500D   2121
     126       0       0       2       0                               0D   2122
     100    1525       0       0       0                        01010000D   2123
     100       0       0       1       0                               0D   2124
     126    1526       0       0       0                        01010500D   2125
     126       0       0       2       0                               0D   2126
     110    1528       0       0       0                        01010000D   2127
     110       0       0       1       0                               0D   2128
     126    1529       0       0       0                        01010500D   2129
     126       0       0       2       0                               0D   2130
     124    1531       0       0       0                        00000000D   2131
     124       0       0       4       0                               0D   2132
     100    1535       0       0       0            2131        01010000D   2133
     100       0       0       1       0                               0D   2134
     126    1536       0       0       0                        01010500D   2135
     126       0       0       2       0                               0D   2136
     110    1538       0       0       0                        01010000D   2137
     110       0       0       1       0                               0D   2138
     102    1539       0       0       0                        01010500D   2139
     102       0       0       1       0                               0D   2140
     102    1540       0       0       0                        01010000D   2141
     102       0       0       1       0                               0D   2142
     142    1541       0       0       0                        00010500D   2143
     142       0       0       1       0                               0D   2144
     144    1542       0       0       0                        00000000D   2145
     144       0      -1       1       0                               0D   2146
     128    1543       0       0       0                        01010000D   2147
     128       0       0       2       0                               0D   2148
     126    1545       0       0       0                        01010500D   2149
     126       0       0       2       0                               0D   2150
     110    1547       0       0       0                        01010000D   2151
     110       0       0       1       0                               0D   2152
     126    1548       0       0       0                        01010500D   2153
     126       0       0       2       0                               0D   2154
     110    1550       0       0       0                        01010000D   2155
     110       0       0       1       0                               0D   2156
     126    1551       0       0       0                        01010500D   2157
     126       0       0       2       0                               0D   2158
     110    1553       0       0       0                        01010000D   2159
     110       0       0       1       0                               0D   2160
     126    1554       0       0       0                        01010500D   2161
     126       0       0       2       0                               0D   2162
     110    1556       0       0       0                        01010000D   2163
     110       0       0       1       0                               0D   2164
     102    1557       0       0       0                        01010500D   2165
     102       0       0       1       0                               0D   2166
     102    1558       0       0       0                        01010000D   2167
     102       0       0       1       0                               0D   2168
     142    1559       0       0       0                        00010500D   2169
     142       0       0       1       0                               0D   2170
     144    1560       0       0       0                        00000000D   2171
     144       0      -1       1       0                               0D   2172
     110    1561       0       0       0                        01010000D   2173
     110       0       0       1       0                               0D   2174
     110    1562       0       0       0                        01010000D   2175
     110       0       0       1       0                               0D   2176
     120    1563       0       0       0                        01010000D   2177
     120       0       0       1       0                               0D   2178
     126    1564       0       0       0                        01010500D   2179
     126       0       0       2       0                               0D   2180
     100    1566       0       0       0                        01010000D   2181
     100       0       0       1       0                               0D   2182
     126    1567       0       0       0                        01010500D   2183
     126       0       0       2       0                               0D   2184
     110    1569       0       0       0                        01010000D   2185
     110       0       0       1       0                               0D   2186
     126    1570       0       0       0                        01010500D   2187
     126       0       0       2       0                               0D   2188
     124    1572       0       0       0                        00000000D   2189
     124       0       0       3       0                               0D   2190
     100    1575       0       0       0            2189        01010000D   2191
     100       0       0       1       0                               0D   2192
     126    1576       0       0       0                        01010500D   2193
     126       0       0       2       0                               0D   2194
     110    1578       0       0       0                        01010000D   2195
     110       0       0       1       0                               0D   2196
     102    1579       0       0       0                        01010500D   2197
     102       0       0       1       0                               0D   2198
     102    1580       0       0       0                        01010000D   2199
     102       0       0       1       0                               0D   2200
     142    1581       0       0       0                        00010500D   2201
     142       0       0       1       0                               0D   2202
     144    1582       0       0       0                        00000000D   2203
     144       0      -1       1       0                               0D   2204
     128    1583       0       0       0                        01010000D   2205
     128       0       0       3       0                               0D   2206
     126    1586       0       0       0                        01010500D   2207
     126       0       0       2       0                               0D   2208
     110    1588       0       0       0                        01010000D   2209
     110       0       0       1       0                               0D   2210
     126    1589       0       0       0                        01010500D   2211
     126       0       0       2       0                               0D   2212
     110    1591       0       0       0                        01010000D   2213
     110       0       0       1       0                               0D   2214
     126    1592       0       0       0                        01010500D   2215
     126       0       0       2       0                               0D   2216
     110    1594       0       0       0                        01010000D   2217
     110       0       0       1       0                               0D   2218
     126    1595       0       0       0                        01010500D   2219
     126       0       0       2       0                               0D   2220
     110    1597       0       0       0                        01010000D   2221
     110       0       0       1       0                               0D   2222
     102    1598       0       0       0                        01010500D   2223
     102       0       0       1       0                               0D   2224
     102    1599       0       0       0                        01010000D   2225
     102       0       0       1       0                               0D   2226
     142    1600       0       0       0                        00010500D   2227
     142       0       0       1       0                               0D   2228
     144    1601       0       0       0                        00000000D   2229
     144       0      -1       1       0                               0D   2230
     110    1602       0       0       0                        01010000D   2231
     110       0       0       1       0                               0D   2232
     110    1603       0       0       0                        01010000D   2233
     110       0       0       1       0                               0D   2234
     120    1604       0       0       0                        01010000D   2235
     120       0       0       1       0                               0D   2236
     126    1605       0       0       0                        01010500D   2237
     126       0       0       2       0                               0D   2238
     100    1607       0       0       0                        01010000D   2239
     100       0       0       1       0                               0D   2240
     126    1608       0       0       0                        01010500D   2241
     126       0       0       2       0                               0D   2242
     110    1610       0       0       0                        01010000D   2243
     110       0       0       1       0                               0D   2244
     126    1611       0       0       0                        01010500D   2245
     126       0       0       2       0                               0D   2246
     124    1613       0       0       0                        00000000D   2247
     124       0       0       2       0                               0D   2248
     100    1615       0       0       0            2247        01010000D   2249
     100       0       0       1       0                               0D   2250
     126    1616       0       0       0                        01010500D   2251
     126       0       0       2       0                               0D   2252
     110    1618       0       0       0                        01010000D   2253
     110       0       0       1       0                               0D   2254
     102    1619       0       0       0                        01010500D   2255
     102       0       0       1       0                               0D   2256
     102    1620       0       0       0                        01010000D   2257
     102       0       0       1       0                               0D   2258
     142    1621       0       0       0                        00010500D   2259
     142       0       0       1       0                               0D   2260
     144    1622       0       0       0                        00000000D   2261
     144       0      -1       1       0                               0D   2262
     128    1623       0       0       0                        01010000D   2263
     128       0       0       3       0                               0D   2264
     126    1626       0       0       0                        01010500D   2265
     126       0       0       2       0                               0D   2266
     110    1628       0       0       0                        01010000D   2267
     110       0       0       1       0                               0D   2268
     126    1629       0       0       0                        01010500D   2269
     126       0       0       2       0                               0D   2270
     110    1631       0       0       0                        01010000D   2271
     110       0       0       1       0                               0D   2272
     126    1632       0       0       0                        01010500D   2273
     126       0       0       2       0                               0D   2274
     110    1634       0       0       0                        01010000D   2275
     110       0       0       1       0                               0D   2276
     126    1635       0       0       0                        01010500D   2277
     126       0       0       2       0                               0D   2278
     110    1637       0       0       0                        01010000D   2279
     110       0       0       1       0                               0D   2280
     102    1638       0       0       0                        01010500D   2281
     102       0       0       1       0                               0D   2282
     102    1639       0       0       0                        01010000D   2283
     102       0       0       1       0                               0D   2284
     142    1640       0       0       0                        00010500D   2285
     142       0       0       1       0                               0D   2286
     144    1641       0       0       0                        00000000D   2287
     144       0      -1       1       0                               0D   2288
     110    1642       0       0       0                        01010000D   2289
     110       0       0       1       0                               0D   2290
     110    1643       0       0       0                        01010000D   2291
     110       0       0       1       0                               0D   2292
     120    1644       0       0       0                        01010000D   2293
     120       0       0       1       0                               0D   2294
     126    1645       0       0       0                        01010500D   2295
     126       0       0       2       0                               0D   2296
     100    1647       0       0       0                        01010000D   2297
     100       0       0       1       0                               0D   2298
     126    1648       0       0       0                        01010500D   2299
     126       0       0       2       0                               0D   2300
     110    1650       0       0       0                        01010000D   2301
     110       0       0       1       0                               0D   2302
     126    1651       0       0       0                        01010500D   2303
     126       0       0       2       0                               0D   2304
     124    1653       0       0       0                        00000000D   2305
     124       0       0       4       0                               0D   2306
     100    1657       0       0       0            2305        01010000D   2307
     100       0       0       1       0                               0D   2308
     126    1658       0       0       0                        01010500D   2309
     126       0       0       2       0                               0D   2310
     110    1660       0       0       0                        01010000D   2311
     110       0       0       1       0                               0D   2312
     102    1661       0       0       0                        01010500D   2313
     102       0       0       1       0                               0D   2314
     102    1662       0       0       0                        01010000D   2315
     102       0       0       1       0                               0D   2316
     142    1663       0       0       0                        00010500D   2317
     142       0       0       1       0                               0D   2318
     144    1664       0       0       0                        00000000D   2319
     144       0      -1       1       0                               0D   2320
     128    1665       0       0       0                        01010000D   2321
     128       0       0       3       0                               0D   2322
     126    1668       0       0       0                        01010500D   2323
     126       0       0       2       0                               0D   2324
     110    1670       0       0       0                        01010000D   2325
     110       0       0       1       0                               0D   2326
     126    1671       0       0       0                        01010500D   2327
     126       0       0       2       0                               0D   2328
     110    1673       0       0       0                        01010000D   2329
     110       0       0       1       0                               0D   2330
     126    1674       0       0       0                        01010500D   2331
     126       0       0       2       0                               0D   2332
     110    1676       0       0       0                        01010000D   2333
     110       0       0       1       0                               0D   2334
     126    1677       0       0       0                        01010500D   2335
     126       0       0       2       0                               0D   2336
     110    1679       0       0       0                        01010000D   2337
     110       0       0       1       0                               0D   2338
     102    1680       0       0       0                        01010500D   2339
     102       0       0       1       0                               0D   2340
     102    1681       0       0       0                        01010000D   2341
     102       0       0       1       0                               0D   2342
     142    1682       0       0       0                        00010500D   2343
     142       0       0       1       0                               0D   2344
     144    1683       0       0       0                        00000000D   2345
     144       0      -1       1       0                               0D   2346
     128    1684       0       0       0                        01010000D   2347
     128       0       0       3       0                               0D   2348
     126    1687       0       0       0                        01010500D   2349
     126       0       0       6       0                               0D   2350
     100    1693       0       0       0                        01010000D   2351
     100       0       0       1       0                               0D   2352
     126    1694       0       0       0                        01010500D   2353
     126       0       0       2       0                               0D   2354
     110    1696       0       0       0                        01010000D   2355
     110       0       0       1       0                               0D   2356
     126    1697       0       0       0                        01010500D   2357
     126       0       0       6       0                               0D   2358
     100    1703       0       0       0                        01010000D   2359
     100       0       0       1       0                               0D   2360
     126    1704       0       0       0                        01010500D   2361
     126       0       0       2       0                               0D   2362
     110    1706       0       0       0                        01010000D   2363
     110       0       0       1       0                               0D   2364
     126    1707       0       0       0                        01010500D   2365
     126       0       0       6       0                               0D   2366
     100    1713       0       0       0                        01010000D   2367
     100       0       0       1       0                               0D   2368
     126    1714       0       0       0                        01010500D   2369
     126       0       0       2       0                               0D   2370
     110    1716       0       0       0                        01010000D   2371
     110       0       0       1       0                               0D   2372
     126    1717       0       0       0                        01010500D   2373
     126       0       0       6       0                               0D   2374
     100    1723       0       0       0                        01010000D   2375
     100       0       0       1       0                               0D   2376
     126    1724       0       0       0                        01010500D   2377
     126       0       0       2       0                               0D   2378
     110    1726       0       0       0                        01010000D   2379
     110       0       0       1       0                               0D   2380
     102    1727       0       0       0                        01010500D   2381
     102       0       0       1       0                               0D   2382
     102    1728       0       0       0                        01010000D   2383
     102       0       0       1       0                               0D   2384
     142    1729       0       0       0                        00010500D   2385
     142       0       0       1       0                               0D   2386
     126    1730       0       0       0                        01010500D   2387
     126       0       0      12       0                               0D   2388
     124    1742       0       0       0                        00000000D   2389
     124       0       0       4       0                               0D   2390
     100    1746       0       0       0            2389        01010000D   2391
     100       0       0       1       0                               0D   2392
     126    1747       0       0       0                        01010500D   2393
     126       0       0      12       0                               0D   2394
     124    1759       0       0       0                        00000000D   2395
     124       0       0       4       0                               0D   2396
     100    1763       0       0       0            2395        01010000D   2397
     100       0       0       1       0                               0D   2398
     102    1764       0       0       0                        01010500D   2399
     102       0       0       1       0                               0D   2400
     102    1765       0       0       0                        01010000D   2401
     102       0       0       1       0                               0D   2402
     142    1766       0       0       0                        00010500D   2403
     142       0       0       1       0                               0D   2404
     126    1767       0       0       0                        01010500D   2405
     126       0       0      11       0                               0D   2406
     124    1778       0       0       0                        00000000D   2407
     124       0       0       4       0                               0D   2408
     100    1782       0       0       0            2407        01010000D   2409
     100       0       0       1       0                               0D   2410
     126    1783       0       0       0                        01010500D   2411
     126       0       0      12       0                               0D   2412
     124    1795       0       0       0                        00000000D   2413
     124       0       0       4       0                               0D   2414
     100    1799       0       0       0            2413        01010000D   2415
     100       0       0       1       0                               0D   2416
     102    1800       0       0       0                        01010500D   2417
     102       0       0       1       0                               0D   2418
     102    1801       0       0       0                        01010000D   2419
     102       0       0       1       0                               0D   2420
     142    1802       0       0       0                        00010500D   2421
     142       0       0       1       0                               0D   2422
     126    1803       0       0       0                        01010500D   2423
     126       0       0      12       0                               0D   2424
     124    1815       0       0       0                        00000000D   2425
     124       0       0       4       0                               0D   2426
     100    1819       0       0       0            2425        01010000D   2427
     100       0       0       1       0                               0D   2428
     126    1820       0       0       0                        01010500D   2429
     126       0       0      12       0                               0D   2430
     124    1832       0       0       0                        00000000D   2431
     124       0       0       4       0                               0D   2432
     100    1836       0       0       0            2431        01010000D   2433
     100       0       0       1       0                               0D   2434
     102    1837       0       0       0                        01010500D   2435
     102       0       0       1       0                               0D   2436
     102    1838       0       0       0                        01010000D   2437
     102       0       0       1       0                               0D   2438
     142    1839       0       0       0                        00010500D   2439
     142       0       0       1       0                               0D   2440
     126    1840       0       0       0                        01010500D   2441
     126       0       0      12       0                               0D   2442
     124    1852       0       0       0                        00000000D   2443
     124       0       0       4       0                               0D   2444
     100    1856       0       0       0            2443        01010000D   2445
     100       0       0       1       0                               0D   2446
     126    1857       0       0       0                        01010500D   2447
     126       0       0      12       0                               0D   2448
     124    1869       0       0       0                        00000000D   2449
     124       0       0       4       0                               0D   2450
     100    1873       0       0       0            2449        01010000D   2451
     100       0       0       1       0                               0D   2452
     102    1874       0       0       0                        01010500D   2453
     102       0       0       1       0                               0D   2454
     102    1875       0       0       0                        01010000D   2455
     102       0       0       1       0                               0D   2456
     142    1876       0       0       0                        00010500D   2457
     142       0       0       1       0                               0D   2458
     126    1877       0       0       0                        01010500D   2459
     126       0       0      12       0                               0D   2460
     124    1889       0       0       0                        00000000D   2461
     124       0       0       4       0                               0D   2462
     100    1893       0       0       0            2461        01010000D   2463
     100       0       0       1       0                               0D   2464
     126    1894       0       0       0                        01010500D   2465
     126       0       0      11       0                               0D   2466
     124    1905       0       0       0                        00000000D   2467
     124       0       0       4       0                               0D   2468
     100    1909       0       0       0            2467        01010000D   2469
     100       0       0       1       0                               0D   2470
     102    1910       0       0       0                        01010500D   2471
     102       0       0       1       0                               0D   2472
     102    1911       0       0       0                        01010000D   2473
     102       0       0       1       0                               0D   2474
     142    1912       0       0       0                        00010500D   2475
     142       0       0       1       0                               0D   2476
     126    1913       0       0       0                        01010500D   2477
     126       0       0      12       0                               0D   2478
     124    1925       0       0       0                        00000000D   2479
     124       0       0       4       0                               0D   2480
     100    1929       0       0       0            2479        01010000D   2481
     100       0       0       1       0                               0D   2482
     126    1930       0       0       0                        01010500D   2483
     126       0       0      12       0                               0D   2484
     124    1942       0       0       0                        00000000D   2485
     124       0       0       4       0                               0D   2486
     100    1946       0       0       0            2485        01010000D   2487
     100       0       0       1       0                               0D   2488
     102    1947       0       0       0                        01010500D   2489
     102       0       0       1       0                               0D   2490
     102    1948       0       0       0                        01010000D   2491
     102       0       0       1       0                               0D   2492
     142    1949       0       0       0                        00010500D   2493
     142       0       0       1       0                               0D   2494
     126    1950       0       0       0                        01010500D   2495
     126       0       0      11       0                               0D   2496
     124    1961       0       0       0                        00000000D   2497
     124       0       0       4       0                               0D   2498
     100    1965       0       0       0            2497        01010000D   2499
     100       0       0       1       0                               0D   2500
     126    1966       0       0       0                        01010500D   2501
     126       0       0      12       0                               0D   2502
     124    1978       0       0       0                        00000000D   2503
     124       0       0       4       0                               0D   2504
     100    1982       0       0       0            2503        01010000D   2505
     100       0       0       1       0                               0D   2506
     102    1983       0       0       0                        01010500D   2507
     102       0       0       1       0                               0D   2508
     102    1984       0       0       0                        01010000D   2509
     102       0       0       1       0                               0D   2510
     142    1985       0       0       0                        00010500D   2511
     142       0       0       1       0                               0D   2512
     126    1986       0       0       0                        01010500D   2513
     126       0       0      12       0                               0D   2514
     124    1998       0       0       0                        00000000D   2515
     124       0       0       4       0                               0D   2516
     100    2002       0       0       0            2515        01010000D   2517
     100       0       0       1       0                               0D   2518
     126    2003       0       0       0                        01010500D   2519
     126       0       0      12       0                               0D   2520
     124    2015       0       0       0                        00000000D   2521
     124       0       0       4       0                               0D   2522
     100    2019       0       0       0            2521        01010000D   2523
     100       0       0       1       0                               0D   2524
     102    2020       0       0       0                        01010500D   2525
     102       0       0       1       0                               0D   2526
     102    2021       0       0       0                        01010000D   2527
     102       0       0       1       0                               0D   2528
     142    2022       0       0       0                        00010500D   2529
     142       0       0       1       0                               0D   2530
     126    2023       0       0       0                        01010500D   2531
     126       0       0      11       0                               0D   2532
     124    2034       0       0       0                        00000000D   2533
     124       0       0       4       0                               0D   2534
     100    2038       0       0       0            2533        01010000D   2535
     100       0       0       1       0                               0D   2536
     126    2039       0       0       0                        01010500D   2537
     126       0       0      11       0                               0D   2538
     124    2050       0       0       0                        00000000D   2539
     124       0       0       4       0                               0D   2540
     100    2054       0       0       0            2539        01010000D   2541
     100       0       0       1       0                               0D   2542
     102    2055       0       0       0                        01010500D   2543
     102       0       0       1       0                               0D   2544
     102    2056       0       0       0                        01010000D   2545
     102       0       0       1       0                               0D   2546
     142    2057       0       0       0                        00010500D   2547
     142       0       0       1       0                               0D   2548
     126    2058       0       0       0                        01010500D   2549
     126       0       0      12       0                               0D   2550
     124    2070       0       0       0                        00000000D   2551
     124       0       0       4       0                               0D   2552
     100    2074       0       0       0            2551        01010000D   2553
     100       0       0       1       0                               0D   2554
     126    2075       0       0       0                        01010500D   2555
     126       0       0      12       0                               0D   2556
     124    2087       0       0       0                        00000000D   2557
     124       0       0       4       0                               0D   2558
     100    2091       0       0       0            2557        01010000D   2559
     100       0       0       1       0                               0D   2560
     102    2092       0       0       0                        01010500D   2561
     102       0       0       1       0                               0D   2562
     102    2093       0       0       0                        01010000D   2563
     102       0       0       1       0                               0D   2564
     142    2094       0       0       0                        00010500D   2565
     142       0       0       1       0                               0D   2566
     126    2095       0       0       0                        01010500D   2567
     126       0       0      12       0                               0D   2568
     124    2107       0       0       0                        00000000D   2569
     124       0       0       4       0                               0D   2570
     100    2111       0       0       0            2569        01010000D   2571
     100       0       0       1       0                               0D   2572
     126    2112       0       0       0                        01010500D   2573
     126       0       0      12       0                               0D   2574
     124    2124       0       0       0                        00000000D   2575
     124       0       0       4       0                               0D   2576
     100    2128       0       0       0            2575        01010000D   2577
     100       0       0       1       0                               0D   2578
     102    2129       0       0       0                        01010500D   2579
     102       0       0       1       0                               0D   2580
     102    2130       0       0       0                        01010000D   2581
     102       0       0       1       0                               0D   2582
     142    2131       0       0       0                        00010500D   2583
     142       0       0       1       0                               0D   2584
     126    2132       0       0       0                        01010500D   2585
     126       0       0      11       0                               0D   2586
     124    2143       0       0       0                        00000000D   2587
     124       0       0       4       0                               0D   2588
     100    2147       0       0       0            2587        01010000D   2589
     100       0       0       1       0                               0D   2590
     126    2148       0       0       0                        01010500D   2591
     126       0       0      12       0                               0D   2592
     124    2160       0       0       0                        00000000D   2593
     124       0       0       4       0                               0D   2594
     100    2164       0       0       0            2593        01010000D   2595
     100       0       0       1       0                               0D   2596
     102    2165       0       0       0                        01010500D   2597
     102       0       0       1       0                               0D   2598
     102    2166       0       0       0                        01010000D   2599
     102       0       0       1       0                               0D   2600
     142    2167       0       0       0                        00010500D   2601
     142       0       0       1       0                               0D   2602
     126    2168       0       0       0                        01010500D   2603
     126       0       0      12       0                               0D   2604
     124    2180       0       0       0                        00000000D   2605
     124       0       0       4       0                               0D   2606
     100    2184       0       0       0            2605        01010000D   2607
     100       0       0       1       0                               0D   2608
     126    2185       0       0       0                        01010500D   2609
     126       0       0      12       0                               0D   2610
     124    2197       0       0       0                        00000000D   2611
     124       0       0       4       0                               0D   2612
     100    2201       0       0       0            2611        01010000D   2613
     100       0       0       1       0                               0D   2614
     102    2202       0       0       0                        01010500D   2615
     102       0       0       1       0                               0D   2616
     102    2203       0       0       0                        01010000D   2617
     102       0       0       1       0                               0D   2618
     142    2204       0       0       0                        00010500D   2619
     142       0       0       1       0                               0D   2620
     126    2205       0       0       0                        01010500D   2621
     126       0       0      12       0                               0D   2622
     124    2217       0       0       0                        00000000D   2623
     124       0       0       4       0                               0D   2624
     100    2221       0       0       0            2623        01010000D   2625
     100       0       0       1       0                               0D   2626
     126    2222       0       0       0                        01010500D   2627
     126       0       0      12       0                               0D   2628
     124    2234       0       0       0                        00000000D   2629
     124       0       0       4       0                               0D   2630
     100    2238       0       0       0            2629        01010000D   2631
     100       0       0       1       0                               0D   2632
     102    2239       0       0       0                        01010500D   2633
     102       0       0       1       0                               0D   2634
     102    2240       0       0       0                        01010000D   2635
     102       0       0       1       0                               0D   2636
     142    2241       0       0       0                        00010500D   2637
     142       0       0       1       0                               0D   2638
     126    2242       0       0       0                        01010500D   2639
     126       0       0      12       0                               0D   2640
     124    2254       0       0       0                        00000000D   2641
     124       0       0       4       0                               0D   2642
     100    2258       0       0       0            2641        01010000D   2643
     100       0       0       1       0                               0D   2644
     126    2259       0       0       0                        01010500D   2645
     126       0       0      11       0                               0D   2646
     124    2270       0       0       0                        00000000D   2647
     124       0       0       4       0                               0D   2648
     100    2274       0       0       0            2647        01010000D   2649
     100       0       0       1       0                               0D   2650
     102    2275       0       0       0                        01010500D   2651
     102       0       0       1       0                               0D   2652
     102    2276       0       0       0                        01010000D   2653
     102       0       0       1       0                               0D   2654
     142    2277       0       0       0                        00010500D   2655
     142       0       0       1       0                               0D   2656
     126    2278       0       0       0                        01010500D   2657
     126       0       0      12       0                               0D   2658
     124    2290       0       0       0                        00000000D   2659
     124       0       0       4       0                               0D   2660
     100    2294       0       0       0            2659        01010000D   2661
     100       0       0       1       0                               0D   2662
     126    2295       0       0       0                        01010500D   2663
     126       0       0      12       0                               0D   2664
     124    2307       0       0       0                        00000000D   2665
     124       0       0       4       0                               0D   2666
     100    2311       0       0       0            2665        01010000D   2667
     100       0       0       1       0                               0D   2668
     102    2312       0       0       0                        01010500D   2669
     102       0       0       1       0                               0D   2670
     102    2313       0       0       0                        01010000D   2671
     102       0       0       1       0                               0D   2672
     142    2314       0       0       0                        00010500D   2673
     142       0       0       1       0                               0D   2674
     126    2315       0       0       0                        01010500D   2675
     126       0       0      12       0                               0D   2676
     124    2327       0       0       0                        00000000D   2677
     124       0       0       4       0                               0D   2678
     100    2331       0       0       0            2677        01010000D   2679
     100       0       0       1       0                               0D   2680
     126    2332       0       0       0                        01010500D   2681
     126       0       0      12       0                               0D   2682
     124    2344       0       0       0                        00000000D   2683
     124       0       0       4       0                               0D   2684
     100    2348       0       0       0            2683        01010000D   2685
     100       0       0       1       0                               0D   2686
     102    2349       0       0       0                        01010500D   2687
     102       0       0       1       0                               0D   2688
     102    2350       0       0       0                        01010000D   2689
     102       0       0       1       0                               0D   2690
     142    2351       0       0       0                        00010500D   2691
     142       0       0       1       0                               0D   2692
     126    2352       0       0       0                        01010500D   2693
     126       0       0      12       0                               0D   2694
     124    2364       0       0       0                        00000000D   2695
     124       0       0       4       0                               0D   2696
     100    2368       0       0       0            2695        01010000D   2697
     100       0       0       1       0                               0D   2698
     126    2369       0       0       0                        01010500D   2699
     126       0       0      12       0                               0D   2700
     124    2381       0       0       0                        00000000D   2701
     124       0       0       4       0                               0D   2702
     100    2385       0       0       0            2701        01010000D   2703
     100       0       0       1       0                               0D   2704
     102    2386       0       0       0                        01010500D   2705
     102       0       0       1       0                               0D   2706
     102    2387       0       0       0                        01010000D   2707
     102       0       0       1       0                               0D   2708
     142    2388       0       0       0                        00010500D   2709
     142       0       0       1       0                               0D   2710
     126    2389       0       0       0                        01010500D   2711
     126       0       0      11       0                               0D   2712
     124    2400       0       0       0                        00000000D   2713
     124       0       0       4       0                               0D   2714
     100    2404       0       0       0            2713        01010000D   2715
     100       0       0       1       0                               0D   2716
     126    2405       0       0       0                        01010500D   2717
     126       0       0      11       0                               0D   2718
     124    2416       0       0       0                        00000000D   2719
     124       0       0       4       0                               0D   2720
     100    2420       0       0       0            2719        01010000D   2721
     100       0       0       1       0                               0D   2722
     102    2421       0       0       0                        01010500D   2723
     102       0       0       1       0                               0D   2724
     102    2422       0       0       0                        01010000D   2725
     102       0       0       1       0                               0D   2726
     142    2423       0       0       0                        00010500D   2727
     142       0       0       1       0                               0D   2728
     126    2424       0       0       0                        01010500D   2729
     126       0       0      12       0                               0D   2730
     124    2436       0       0       0                        00000000D   2731
     124       0       0       4       0                               0D   2732
     100    2440       0       0       0            2731        01010000D   2733
     100       0       0       1       0                               0D   2734
     126    2441       0       0       0                        01010500D   2735
     126       0       0      12       0                               0D   2736
     124    2453       0       0       0                        00000000D   2737
     124       0       0       4       0                               0D   2738
     100    2457       0       0       0            2737        01010000D   2739
     100       0       0       1       0                               0D   2740
     102    2458       0       0       0                        01010500D   2741
     102       0       0       1       0                               0D   2742
     102    2459       0       0       0                        01010000D   2743
     102       0       0       1       0                               0D   2744
     142    2460       0       0       0                        00010500D   2745
     142       0       0       1       0                               0D   2746
     126    2461       0       0       0                        01010500D   2747
     126       0       0      12       0                               0D   2748
     124    2473       0       0       0                        00000000D   2749
     124       0       0       4       0                               0D   2750
     100    2477       0       0       0            2749        01010000D   2751
     100       0       0       1       0                               0D   2752
     126    2478       0       0       0                        01010500D   2753
     126       0       0      11       0                               0D   2754
     124    2489       0       0       0                        00000000D   2755
     124       0       0       4       0                               0D   2756
     100    2493       0       0       0            2755        01010000D   2757
     100       0       0       1       0                               0D   2758
     102    2494       0       0       0                        01010500D   2759
     102       0       0       1       0                               0D   2760
     102    2495       0       0       0                        01010000D   2761
     102       0       0       1       0                               0D   2762
     142    2496       0       0       0                        00010500D   2763
     142       0       0       1       0                               0D   2764
     126    2497       0       0       0                        01010500D   2765
     126       0       0      12       0                               0D   2766
     124    2509       0       0       0                        00000000D   2767
     124       0       0       4       0                               0D   2768
     100    2513       0       0       0            2767        01010000D   2769
     100       0       0       1       0                               0D   2770
     126    2514       0       0       0                        01010500D   2771
     126       0       0      12       0                               0D   2772
     124    2526       0       0       0                        00000000D   2773
     124       0       0       4       0                               0D   2774
     100    2530       0       0       0            2773        01010000D   2775
     100       0       0       1       0                               0D   2776
     102    2531       0       0       0                        01010500D   2777
     102       0       0       1       0                               0D   2778
     102    2532       0       0       0                        01010000D   2779
     102       0       0       1       0                               0D   2780
     142    2533       0       0       0                        00010500D   2781
     142       0       0       1       0                               0D   2782
     126    2534       0       0       0                        01010500D   2783
     126       0       0       2       0                               0D   2784
     110    2536       0       0       0                        01010000D   2785
     110       0       0       1       0                               0D   2786
     126    2537       0       0       0                        01010500D   2787
     126       0       0       7       0                               0D   2788
     100    2544       0       0       0                        01010000D   2789
     100       0       0       1       0                               0D   2790
     126    2545       0       0       0                        01010500D   2791
     126       0       0       2       0                               0D   2792
     110    2547       0       0       0                        01010000D   2793
     110       0       0       1       0                               0D   2794
     126    2548       0       0       0                        01010500D   2795
     126       0       0       7       0                               0D   2796
     124    2555       0       0       0                        00000000D   2797
     124       0       0       3       0                               0D   2798
     100    2558       0       0       0            2797        01010000D   2799
     100       0       0       1       0                               0D   2800
     126    2559       0       0       0                        01010500D   2801
     126       0       0       2       0                               0D   2802
     110    2561       0       0       0                        01010000D   2803
     110       0       0       1       0                               0D   2804
     126    2562       0       0       0                        01010500D   2805
     126       0       0       7       0                               0D   2806
     124    2569       0       0       0                        00000000D   2807
     124       0       0       4       0                               0D   2808
     100    2573       0       0       0            2807        01010000D   2809
     100       0       0       1       0                               0D   2810
     126    2574       0       0       0                        01010500D   2811
     126       0       0       2       0                               0D   2812
     110    2576       0       0       0                        01010000D   2813
     110       0       0       1       0                               0D   2814
     126    2577       0       0       0                        01010500D   2815
     126       0       0       7       0                               0D   2816
     124    2584       0       0       0                        00000000D   2817
     124       0       0       4       0                               0D   2818
     100    2588       0       0       0            2817        01010000D   2819
     100       0       0       1       0                               0D   2820
     126    2589       0       0       0                        01010500D   2821
     126       0       0       2       0                               0D   2822
     110    2591       0       0       0                        01010000D   2823
     110       0       0       1       0                               0D   2824
     126    2592       0       0       0                        01010500D   2825
     126       0       0       7       0                               0D   2826
     124    2599       0       0       0                        00000000D   2827
     124       0       0       2       0                               0D   2828
     100    2601       0       0       0            2827        01010000D   2829
     100       0       0       1       0                               0D   2830
     126    2602       0       0       0                        01010500D   2831
     126       0       0       2       0                               0D   2832
     110    2604       0       0       0                        01010000D   2833
     110       0       0       1       0                               0D   2834
     126    2605       0       0       0                        01010500D   2835
     126       0       0       7       0                               0D   2836
     100    2612       0       0       0                        01010000D   2837
     100       0       0       1       0                               0D   2838
     126    2613       0       0       0                        01010500D   2839
     126       0       0       2       0                               0D   2840
     110    2615       0       0       0                        01010000D   2841
     110       0       0       1       0                               0D   2842
     126    2616       0       0       0                        01010500D   2843
     126       0       0       7       0                               0D   2844
     100    2623       0       0       0                        01010000D   2845
     100       0       0       1       0                               0D   2846
     126    2624       0       0       0                        01010500D   2847
     126       0       0       2       0                               0D   2848
     110    2626       0       0       0                        01010000D   2849
     110       0       0       1       0                               0D   2850
     126    2627       0       0       0                        01010500D   2851
     126       0       0       7       0                               0D   2852
     124    2634       0       0       0                        00000000D   2853
     124       0       0       4       0                               0D   2854
     100    2638       0       0       0            2853        01010000D   2855
     100       0       0       1       0                               0D   2856
     126    2639       0       0       0                        01010500D   2857
     126       0       0       2       0                               0D   2858
     110    2641       0       0       0                        01010000D   2859
     110       0       0       1       0                               0D   2860
     126    2642       0       0       0                        01010500D   2861
     126       0       0       7       0                               0D   2862
     124    2649       0       0       0                        00000000D   2863
     124       0       0       2       0                               0D   2864
     100    2651       0       0       0            2863        01010000D   2865
     100       0       0       1       0                               0D   2866
     126    2652       0       0       0                        01010500D   2867
     126       0       0       2       0                               0D   2868
     110    2654       0       0       0                        01010000D   2869
     110       0       0       1       0                               0D   2870
     126    2655       0       0       0                        01010500D   2871
     126       0       0       7       0                               0D   2872
     124    2662       0       0       0                        00000000D   2873
     124       0       0       4       0                               0D   2874
     100    2666       0       0       0            2873        01010000D   2875
     100       0       0       1       0                               0D   2876
     126    2667       0       0       0                        01010500D   2877
     126       0       0       2       0                               0D   2878
     110    2669       0       0       0                        01010000D   2879
     110       0       0       1       0                               0D   2880
     126    2670       0       0       0                        01010500D   2881
     126       0       0       7       0                               0D   2882
     124    2677       0       0       0                        00000000D   2883
     124       0       0       4       0                               0D   2884
     100    2681       0       0       0            2883        01010000D   2885
     100       0       0       1       0                               0D   2886
     126    2682       0       0       0                        01010500D   2887
     126       0       0       2       0                               0D   2888
     110    2684       0       0       0                        01010000D   2889
     110       0       0       1       0                               0D   2890
     126    2685       0       0       0                        01010500D   2891
     126       0       0       7       0                               0D   2892
     100    2692       0       0       0                        01010000D   2893
     100       0       0       1       0                               0D   2894
     102    2693       0       0       0                        01010500D   2895
     102       0       0       3       0                               0D   2896
     102    2696       0       0       0                        01010000D   2897
     102       0       0       3       0                               0D   2898
     142    2699       0       0       0                        00010500D   2899
     142       0       0       1       0                               0D   2900
     144    2700       0       0       0                        00000000D   2901
     144       0      -1       3       0                               0D   2902
     128    2703       0       0       0                        01010000D   2903
     128       0       0       3       0                               0D   2904
     126    2706       0       0       0                        01010500D   2905
     126       0       0       2       0                               0D   2906
     110    2708       0       0       0                        01010000D   2907
     110       0       0       1       0                               0D   2908
     126    2709       0       0       0                        01010500D   2909
     126       0       0       6       0                               0D   2910
     100    2715       0       0       0                        01010000D   2911
     100       0       0       1       0                               0D   2912
     126    2716       0       0       0                        01010500D   2913
     126       0       0       2       0                               0D   2914
     110    2718       0       0       0                        01010000D   2915
     110       0       0       1       0                               0D   2916
     126    2719       0       0       0                        01010500D   2917
     126       0       0       6       0                               0D   2918
     100    2725       0       0       0                        01010000D   2919
     100       0       0       1       0                               0D   2920
     126    2726       0       0       0                        01010500D   2921
     126       0       0       2       0                               0D   2922
     110    2728       0       0       0                        01010000D   2923
     110       0       0       1       0                               0D   2924
     126    2729       0       0       0                        01010500D   2925
     126       0       0       6       0                               0D   2926
     100    2735       0       0       0                        01010000D   2927
     100       0       0       1       0                               0D   2928
     126    2736       0       0       0                        01010500D   2929
     126       0       0       2       0                               0D   2930
     110    2738       0       0       0                        01010000D   2931
     110       0       0       1       0                               0D   2932
     126    2739       0       0       0                        01010500D   2933
     126       0       0       6       0                               0D   2934
     100    2745       0       0       0                        01010000D   2935
     100       0       0       1       0                               0D   2936
     102    2746       0       0       0                        01010500D   2937
     102       0       0       1       0                               0D   2938
     102    2747       0       0       0                        01010000D   2939
     102       0       0       1       0                               0D   2940
     142    2748       0       0       0                        00010500D   2941
     142       0       0       1       0                               0D   2942
     126    2749       0       0       0                        01010500D   2943
     126       0       0      12       0                               0D   2944
     124    2761       0       0       0                        00000000D   2945
     124       0       0       4       0                               0D   2946
     100    2765       0       0       0            2945        01010000D   2947
     100       0       0       1       0                               0D   2948
     126    2766       0       0       0                        01010500D   2949
     126       0       0      12       0                               0D   2950
     124    2778       0       0       0                        00000000D   2951
     124       0       0       4       0                               0D   2952
     100    2782       0       0       0            2951        01010000D   2953
     100       0       0       1       0                               0D   2954
     102    2783       0       0       0                        01010500D   2955
     102       0       0       1       0                               0D   2956
     102    2784       0       0       0                        01010000D   2957
     102       0       0       1       0                               0D   2958
     142    2785       0       0       0                        00010500D   2959
     142       0       0       1       0                               0D   2960
     126    2786       0       0       0                        01010500D   2961
     126       0       0      11       0                               0D   2962
     124    2797       0       0       0                        00000000D   2963
     124       0       0       4       0                               0D   2964
     100    2801       0       0       0            2963        01010000D   2965
     100       0       0       1       0                               0D   2966
     126    2802       0       0       0                        01010500D   2967
     126       0       0      12       0                               0D   2968
     124    2814       0       0       0                        00000000D   2969
     124       0       0       4       0                               0D   2970
     100    2818       0       0       0            2969        01010000D   2971
     100       0       0       1       0                               0D   2972
     102    2819       0       0       0                        01010500D   2973
     102       0       0       1       0                               0D   2974
     102    2820       0       0       0                        01010000D   2975
     102       0       0       1       0                               0D   2976
     142    2821       0       0       0                        00010500D   2977
     142       0       0       1       0                               0D   2978
     126    2822       0       0       0                        01010500D   2979
     126       0       0      12       0                               0D   2980
     124    2834       0       0       0                        00000000D   2981
     124       0       0       4       0                               0D   2982
     100    2838       0       0       0            2981        01010000D   2983
     100       0       0       1       0                               0D   2984
     126    2839       0       0       0                        01010500D   2985
     126       0       0      12       0                               0D   2986
     124    2851       0       0       0                        00000000D   2987
     124       0       0       4       0                               0D   2988
     100    2855       0       0       0            2987        01010000D   2989
     100       0       0       1       0                               0D   2990
     102    2856       0       0       0                        01010500D   2991
     102       0       0       1       0                               0D   2992
     102    2857       0       0       0                        01010000D   2993
     102       0       0       1       0                               0D   2994
     142    2858       0       0       0                        00010500D   2995
     142       0       0       1       0                               0D   2996
     126    2859       0       0       0                        01010500D   2997
     126       0       0      12       0                               0D   2998
     124    2871       0       0       0                        00000000D   2999
     124       0       0       4       0                               0D   3000
     100    2875       0       0       0            2999        01010000D   3001
     100       0       0       1       0                               0D   3002
     126    2876       0       0       0                        01010500D   3003
     126       0       0      12       0                               0D   3004
     124    2888       0       0       0                        00000000D   3005
     124       0       0       4       0                               0D   3006
     100    2892       0       0       0            3005        01010000D   3007
     100       0       0       1       0                               0D   3008
     102    2893       0       0       0                        01010500D   3009
     102       0       0       1       0                               0D   3010
     102    2894       0       0       0                        01010000D   3011
     102       0       0       1       0                               0D   3012
     142    2895       0       0       0                        00010500D   3013
     142       0       0       1       0                               0D   3014
     126    2896       0       0       0                        01010500D   3015
     126       0       0      12       0                               0D   3016
     124    2908       0       0       0                        00000000D   3017
     124       0       0       4       0                               0D   3018
     100    2912       0       0       0            3017        01010000D   3019
     100       0       0       1       0                               0D   3020
     126    2913       0       0       0                        01010500D   3021
     126       0       0      11       0                               0D   3022
     124    2924       0       0       0                        00000000D   3023
     124       0       0       4       0                               0D   3024
     100    2928       0       0       0            3023        01010000D   3025
     100       0       0       1       0                               0D   3026
     102    2929       0       0       0                        01010500D   3027
     102       0       0       1       0                               0D   3028
     102    2930       0       0       0                        01010000D   3029
     102       0       0       1       0                               0D   3030
     142    2931       0       0       0                        00010500D   3031
     142       0       0       1       0                               0D   3032
     126    2932       0       0       0                        01010500D   3033
     126       0       0      12       0                               0D   3034
     124    2944       0       0       0                        00000000D   3035
     124       0       0       4       0                               0D   3036
     100    2948       0       0       0            3035        01010000D   3037
     100       0       0       1       0                               0D   3038
     126    2949       0       0       0                        01010500D   3039
     126       0       0      12       0                               0D   3040
     124    2961       0       0       0                        00000000D   3041
     124       0       0       4       0                               0D   3042
     100    2965       0       0       0            3041        01010000D   3043
     100       0       0       1       0                               0D   3044
     102    2966       0       0       0                        01010500D   3045
     102       0       0       1       0                               0D   3046
     102    2967       0       0       0                        01010000D   3047
     102       0       0       1       0                               0D   3048
     142    2968       0       0       0                        00010500D   3049
     142       0       0       1       0                               0D   3050
     126    2969       0       0       0                        01010500D   3051
     126       0       0      11       0                               0D   3052
     124    2980       0       0       0                        00000000D   3053
     124       0       0       4       0                               0D   3054
     100    2984       0       0       0            3053        01010000D   3055
     100       0       0       1       0                               0D   3056
     126    2985       0       0       0                        01010500D   3057
     126       0       0      12       0                               0D   3058
     124    2997       0       0       0                        00000000D   3059
     124       0       0       4       0                               0D   3060
     100    3001       0       0       0            3059        01010000D   3061
     100       0       0       1       0                               0D   3062
     102    3002       0       0       0                        01010500D   3063
     102       0       0       1       0                               0D   3064
     102    3003       0       0       0                        01010000D   3065
     102       0       0       1       0                               0D   3066
     142    3004       0       0       0                        00010500D   3067
     142       0       0       1       0                               0D   3068
     126    3005       0       0       0                        01010500D   3069
     126       0       0      12       0                               0D   3070
     124    3017       0       0       0                        00000000D   3071
     124       0       0       4       0                               0D   3072
     100    3021       0       0       0            3071        01010000D   3073
     100       0       0       1       0                               0D   3074
     126    3022       0       0       0                        01010500D   3075
     126       0       0      12       0                               0D   3076
     124    3034       0       0       0                        00000000D   3077
     124       0       0       4       0                               0D   3078
     100    3038       0       0       0            3077        01010000D   3079
     100       0       0       1       0                               0D   3080
     102    3039       0       0       0                        01010500D   3081
     102       0       0       1       0                               0D   3082
     102    3040       0       0       0                        01010000D   3083
     102       0       0       1       0                               0D   3084
     142    3041       0       0       0                        00010500D   3085
     142       0       0       1       0                               0D   3086
     126    3042       0       0       0                        01010500D   3087
     126       0       0      11       0                               0D   3088
     124    3053       0       0       0                        00000000D   3089
     124       0       0       4       0                               0D   3090
     100    3057       0       0       0            3089        01010000D   3091
     100       0       0       1       0                               0D   3092
     126    3058       0       0       0                        01010500D   3093
     126       0       0      11       0                               0D   3094
     124    3069       0       0       0                        00000000D   3095
     124       0       0       3       0                               0D   3096
     100    3072       0       0       0            3095        01010000D   3097
     100       0       0       1       0                               0D   3098
     102    3073       0       0       0                        01010500D   3099
     102       0       0       1       0                               0D   3100
     102    3074       0       0       0                        01010000D   3101
     102       0       0       1       0                               0D   3102
     142    3075       0       0       0                        00010500D   3103
     142       0       0       1       0                               0D   3104
     126    3076       0       0       0                        01010500D   3105
     126       0       0      12       0                               0D   3106
     124    3088       0       0       0                        00000000D   3107
     124       0       0       4       0                               0D   3108
     100    3092       0       0       0            3107        01010000D   3109
     100       0       0       1       0                               0D   3110
     126    3093       0       0       0                        01010500D   3111
     126       0       0      12       0                               0D   3112
     124    3105       0       0       0                        00000000D   3113
     124       0       0       4       0                               0D   3114
     100    3109       0       0       0            3113        01010000D   3115
     100       0       0       1       0                               0D   3116
     102    3110       0       0       0                        01010500D   3117
     102       0       0       1       0                               0D   3118
     102    3111       0       0       0                        01010000D   3119
     102       0       0       1       0                               0D   3120
     142    3112       0       0       0                        00010500D   3121
     142       0       0       1       0                               0D   3122
     126    3113       0       0       0                        01010500D   3123
     126       0       0      12       0                               0D   3124
     124    3125       0       0       0                        00000000D   3125
     124       0       0       4       0                               0D   3126
     100    3129       0       0       0            3125        01010000D   3127
     100       0       0       1       0                               0D   3128
     126    3130       0       0       0                        01010500D   3129
     126       0       0      12       0                               0D   3130
     124    3142       0       0       0                        00000000D   3131
     124       0       0       4       0                               0D   3132
     100    3146       0       0       0            3131        01010000D   3133
     100       0       0       1       0                               0D   3134
     102    3147       0       0       0                        01010500D   3135
     102       0       0       1       0                               0D   3136
     102    3148       0       0       0                        01010000D   3137
     102       0       0       1       0                               0D   3138
     142    3149       0       0       0                        00010500D   3139
     142       0       0       1       0                               0D   3140
     126    3150       0       0       0                        01010500D   3141
     126       0       0      11       0                               0D   3142
     124    3161       0       0       0                        00000000D   3143
     124       0       0       4       0                               0D   3144
     100    3165       0       0       0            3143        01010000D   3145
     100       0       0       1       0                               0D   3146
     126    3166       0       0       0                        01010500D   3147
     126       0       0      12       0                               0D   3148
     124    3178       0       0       0                        00000000D   3149
     124       0       0       4       0                               0D   3150
     100    3182       0       0       0            3149        01010000D   3151
     100       0       0       1       0                               0D   3152
     102    3183       0       0       0                        01010500D   3153
     102       0       0       1       0                               0D   3154
     102    3184       0       0       0                        01010000D   3155
     102       0       0       1       0                               0D   3156
     142    3185       0       0       0                        00010500D   3157
     142       0       0       1       0                               0D   3158
     126    3186       0       0       0                        01010500D   3159
     126       0       0      12       0                               0D   3160
     124    3198       0       0       0                        00000000D   3161
     124       0       0       4       0                               0D   3162
     100    3202       0       0       0            3161        01010000D   3163
     100       0       0       1       0                               0D   3164
     126    3203       0       0       0                        01010500D   3165
     126       0       0      12       0                               0D   3166
     124    3215       0       0       0                        00000000D   3167
     124       0       0       4       0                               0D   3168
     100    3219       0       0       0            3167        01010000D   3169
     100       0       0       1       0                               0D   3170
     102    3220       0       0       0                        01010500D   3171
     102       0       0       1       0                               0D   3172
     102    3221       0       0       0                        01010000D   3173
     102       0       0       1       0                               0D   3174
     142    3222       0       0       0                        00010500D   3175
     142       0       0       1       0                               0D   3176
     126    3223       0       0       0                        01010500D   3177
     126       0       0      12       0                               0D   3178
     124    3235       0       0       0                        00000000D   3179
     124       0       0       4       0                               0D   3180
     100    3239       0       0       0            3179        01010000D   3181
     100       0       0       1       0                               0D   3182
     126    3240       0       0       0                        01010500D   3183
     126       0       0      12       0                               0D   3184
     124    3252       0       0       0                        00000000D   3185
     124       0       0       4       0                               0D   3186
     100    3256       0       0       0            3185        01010000D   3187
     100       0       0       1       0                               0D   3188
     102    3257       0       0       0                        01010500D   3189
     102       0       0       1       0                               0D   3190
     102    3258       0       0       0                        01010000D   3191
     102       0       0       1       0                               0D   3192
     142    3259       0       0       0                        00010500D   3193
     142       0       0       1       0                               0D   3194
     126    3260       0       0       0                        01010500D   3195
     126       0       0      12       0                               0D   3196
     124    3272       0       0       0                        00000000D   3197
     124       0       0       4       0                               0D   3198
     100    3276       0       0       0            3197        01010000D   3199
     100       0       0       1       0                               0D   3200
     126    3277       0       0       0                        01010500D   3201
     126       0       0      11       0                               0D   3202
     124    3288       0       0       0                        00000000D   3203
     124       0       0       4       0                               0D   3204
     100    3292       0       0       0            3203        01010000D   3205
     100       0       0       1       0                               0D   3206
     102    3293       0       0       0                        01010500D   3207
     102       0       0       1       0                               0D   3208
     102    3294       0       0       0                        01010000D   3209
     102       0       0       1       0                               0D   3210
     142    3295       0       0       0                        00010500D   3211
     142       0       0       1       0                               0D   3212
     126    3296       0       0       0                        01010500D   3213
     126       0       0      12       0                               0D   3214
     124    3308       0       0       0                        00000000D   3215
     124       0       0       4       0                               0D   3216
     100    3312       0       0       0            3215        01010000D   3217
     100       0       0       1       0                               0D   3218
     126    3313       0       0       0                        01010500D   3219
     126       0       0      12       0                               0D   3220
     124    3325       0       0       0                        00000000D   3221
     124       0       0       4       0                               0D   3222
     100    3329       0       0       0            3221        01010000D   3223
     100       0       0       1       0                               0D   3224
     102    3330       0       0       0                        01010500D   3225
     102       0       0       1       0                               0D   3226
     102    3331       0       0       0                        01010000D   3227
     102       0       0       1       0                               0D   3228
     142    3332       0       0       0                        00010500D   3229
     142       0       0       1       0                               0D   3230
     126    3333       0       0       0                        01010500D   3231
     126       0       0      12       0                               0D   3232
     124    3345       0       0       0                        00000000D   3233
     124       0       0       4       0                               0D   3234
     100    3349       0       0       0            3233        01010000D   3235
     100       0       0       1       0                               0D   3236
     126    3350       0       0       0                        01010500D   3237
     126       0       0      12       0                               0D   3238
     124    3362       0       0       0                        00000000D   3239
     124       0       0       4       0                               0D   3240
     100    3366       0       0       0            3239        01010000D   3241
     100       0       0       1       0                               0D   3242
     102    3367       0       0       0                        01010500D   3243
     102       0       0       1       0                               0D   3244
     102    3368       0       0       0                        01010000D   3245
     102       0       0       1       0                               0D   3246
     142    3369       0       0       0                        00010500D   3247
     142       0       0       1       0                               0D   3248
     126    3370       0       0       0                        01010500D   3249
     126       0       0      12       0                               0D   3250
     124    3382       0       0       0                        00000000D   3251
     124       0       0       4       0                               0D   3252
     100    3386       0       0       0            3251        01010000D   3253
     100       0       0       1       0                               0D   3254
     126    3387       0       0       0                        01010500D   3255
     126       0       0      12       0                               0D   3256
     124    3399       0       0       0                        00000000D   3257
     124       0       0       4       0                               0D   3258
     100    3403       0       0       0            3257        01010000D   3259
     100       0       0       1       0                               0D   3260
     102    3404       0       0       0                        01010500D   3261
     102       0       0       1       0                               0D   3262
     102    3405       0       0       0                        01010000D   3263
     102       0       0       1       0                               0D   3264
     142    3406       0       0       0                        00010500D   3265
     142       0       0       1       0                               0D   3266
     126    3407       0       0       0                        01010500D   3267
     126       0       0      11       0                               0D   3268
     124    3418       0       0       0                        00000000D   3269
     124       0       0       4       0                               0D   3270
     100    3422       0       0       0            3269        01010000D   3271
     100       0       0       1       0                               0D   3272
     126    3423       0       0       0                        01010500D   3273
     126       0       0      11       0                               0D   3274
     124    3434       0       0       0                        00000000D   3275
     124       0       0       3       0                               0D   3276
     100    3437       0       0       0            3275        01010000D   3277
     100       0       0       1       0                               0D   3278
     102    3438       0       0       0                        01010500D   3279
     102       0       0       1       0                               0D   3280
     102    3439       0       0       0                        01010000D   3281
     102       0       0       1       0                               0D   3282
     142    3440       0       0       0                        00010500D   3283
     142       0       0       1       0                               0D   3284
     126    3441       0       0       0                        01010500D   3285
     126       0       0      12       0                               0D   3286
     124    3453       0       0       0                        00000000D   3287
     124       0       0       4       0                               0D   3288
     100    3457       0       0       0            3287        01010000D   3289
     100       0       0       1       0                               0D   3290
     126    3458       0       0       0                        01010500D   3291
     126       0       0      12       0                               0D   3292
     124    3470       0       0       0                        00000000D   3293
     124       0       0       4       0                               0D   3294
     100    3474       0       0       0            3293        01010000D   3295
     100       0       0       1       0                               0D   3296
     102    3475       0       0       0                        01010500D   3297
     102       0       0       1       0                               0D   3298
     102    3476       0       0       0                        01010000D   3299
     102       0       0       1       0                               0D   3300
     142    3477       0       0       0                        00010500D   3301
     142       0       0       1       0                               0D   3302
     126    3478       0       0       0                        01010500D   3303
     126       0       0      12       0                               0D   3304
     124    3490       0       0       0                        00000000D   3305
     124       0       0       4       0                               0D   3306
     100    3494       0       0       0            3305        01010000D   3307
     100       0       0       1       0                               0D   3308
     126    3495       0       0       0                        01010500D   3309
     126       0       0      11       0                               0D   3310
     124    3506       0       0       0                        00000000D   3311
     124       0       0       4       0                               0D   3312
     100    3510       0       0       0            3311        01010000D   3313
     100       0       0       1       0                               0D   3314
     102    3511       0       0       0                        01010500D   3315
     102       0       0       1       0                               0D   3316
     102    3512       0       0       0                        01010000D   3317
     102       0       0       1       0                               0D   3318
     142    3513       0       0       0                        00010500D   3319
     142       0       0       1       0                               0D   3320
     126    3514       0       0       0                        01010500D   3321
     126       0       0      12       0                               0D   3322
     124    3526       0       0       0                        00000000D   3323
     124       0       0       4       0                               0D   3324
     100    3530       0       0       0            3323        01010000D   3325
     100       0       0       1       0                               0D   3326
     126    3531       0       0       0                        01010500D   3327
     126       0       0      12       0                               0D   3328
     124    3543       0       0       0                        00000000D   3329
     124       0       0       4       0                               0D   3330
     100    3547       0       0       0            3329        01010000D   3331
     100       0       0       1       0                               0D   3332
     102    3548       0       0       0                        01010500D   3333
     102       0       0       1       0                               0D   3334
     102    3549       0       0       0                        01010000D   3335
     102       0       0       1       0                               0D   3336
     142    3550       0       0       0                        00010500D   3337
     142       0       0       1       0                               0D   3338
     144    3551       0       0       0                        00000000D   3339
     144       0      -1       3       0                               0D   3340
     128    3554       0       0       0                        01010000D   3341
     128       0       0       3       0                               0D   3342
     126    3557       0       0       0                        01010500D   3343
     126       0       0       2       0                               0D   3344
     110    3559       0       0       0                        01010000D   3345
     110       0       0       1       0                               0D   3346
     126    3560       0       0       0                        01010500D   3347
     126       0       0       2       0                               0D   3348
     110    3562       0       0       0                        01010000D   3349
     110       0       0       1       0                               0D   3350
     126    3563       0       0       0                        01010500D   3351
     126       0       0       2       0                               0D   3352
     110    3565       0       0       0                        01010000D   3353
     110       0       0       1       0                               0D   3354
     126    3566       0       0       0                        01010500D   3355
     126       0       0       2       0                               0D   3356
     110    3568       0       0       0                        01010000D   3357
     110       0       0       1       0                               0D   3358
     102    3569       0       0       0                        01010500D   3359
     102       0       0       1       0                               0D   3360
     102    3570       0       0       0                        01010000D   3361
     102       0       0       1       0                               0D   3362
     142    3571       0       0       0                        00010500D   3363
     142       0       0       1       0                               0D   3364
     144    3572       0       0       0                        00000000D   3365
     144       0      -1       1       0                               0D   3366
     128    3573       0       0       0                        01010000D   3367
     128       0       0       3       0                               0D   3368
     126    3576       0       0       0                        01010500D   3369
     126       0       0       2       0                               0D   3370
     110    3578       0       0       0                        01010000D   3371
     110       0       0       1       0                               0D   3372
     126    3579       0       0       0                        01010500D   3373
     126       0       0       2       0                               0D   3374
     110    3581       0       0       0                        01010000D   3375
     110       0       0       1       0                               0D   3376
     126    3582       0       0       0                        01010500D   3377
     126       0       0       2       0                               0D   3378
     110    3584       0       0       0                        01010000D   3379
     110       0       0       1       0                               0D   3380
     126    3585       0       0       0                        01010500D   3381
     126       0       0       2       0                               0D   3382
     110    3587       0       0       0                        01010000D   3383
     110       0       0       1       0                               0D   3384
     102    3588       0       0       0                        01010500D   3385
     102       0       0       1       0                               0D   3386
     102    3589       0       0       0                        01010000D   3387
     102       0       0       1       0                               0D   3388
     142    3590       0       0       0                        00010500D   3389
     142       0       0       1       0                               0D   3390
     144    3591       0       0       0                        00000000D   3391
     144       0      -1       1       0                               0D   3392
     128    3592       0       0       0                        01010000D   3393
     128       0       0       3       0                               0D   3394
     126    3595       0       0       0                        01010500D   3395
     126       0       0       2       0                               0D   3396
     110    3597       0       0       0                        01010000D   3397
     110       0       0       1       0                               0D   3398
     126    3598       0       0       0                        01010500D   3399
     126       0       0       2       0                               0D   3400
     110    3600       0       0       0                        01010000D   3401
     110       0       0       1       0                               0D   3402
     126    3601       0       0       0                        01010500D   3403
     126       0       0       2       0                               0D   3404
     110    3603       0       0       0                        01010000D   3405
     110       0       0       1       0                               0D   3406
     126    3604       0       0       0                        01010500D   3407
     126       0       0       2       0                               0D   3408
     110    3606       0       0       0                        01010000D   3409
     110       0       0       1       0                               0D   3410
     102    3607       0       0       0                        01010500D   3411
     102       0       0       1       0                               0D   3412
     102    3608       0       0       0                        01010000D   3413
     102       0       0       1       0                               0D   3414
     142    3609       0       0       0                        00010500D   3415
     142       0       0       1       0                               0D   3416
     144    3610       0       0       0                        00000000D   3417
     144       0      -1       1       0                               0D   3418
     128    3611       0       0       0                        01010000D   3419
     128       0       0       3       0                               0D   3420
     126    3614       0       0       0                        01010500D   3421
     126       0       0       2       0                               0D   3422
     110    3616       0       0       0                        01010000D   3423
     110       0       0       1       0                               0D   3424
     126    3617       0       0       0                        01010500D   3425
     126       0       0       2       0                               0D   3426
     110    3619       0       0       0                        01010000D   3427
     110       0       0       1       0                               0D   3428
     126    3620       0       0       0                        01010500D   3429
     126       0       0       2       0                               0D   3430
     110    3622       0       0       0                        01010000D   3431
     110       0       0       1       0                               0D   3432
     126    3623       0       0       0                        01010500D   3433
     126       0       0       2       0                               0D   3434
     110    3625       0       0       0                        01010000D   3435
     110       0       0       1       0                               0D   3436
     102    3626       0       0       0                        01010500D   3437
     102       0       0       1       0                               0D   3438
     102    3627       0       0       0                        01010000D   3439
     102       0       0       1       0                               0D   3440
     142    3628       0       0       0                        00010500D   3441
     142       0       0       1       0                               0D   3442
     144    3629       0       0       0                        00000000D   3443
     144       0      -1       1       0                               0D   3444
     128    3630       0       0       0                        01010000D   3445
     128       0       0       3       0                               0D   3446
     126    3633       0       0       0                        01010500D   3447
     126       0       0       2       0                               0D   3448
     110    3635       0       0       0                        01010000D   3449
     110       0       0       1       0                               0D   3450
     126    3636       0       0       0                        01010500D   3451
     126       0       0       2       0                               0D   3452
     110    3638       0       0       0                        01010000D   3453
     110       0       0       1       0                               0D   3454
     126    3639       0       0       0                        01010500D   3455
     126       0       0       2       0                               0D   3456
     110    3641       0       0       0                        01010000D   3457
     110       0       0       1       0                               0D   3458
     126    3642       0       0       0                        01010500D   3459
     126       0       0       2       0                               0D   3460
     110    3644       0       0       0                        01010000D   3461
     110       0       0       1       0                               0D   3462
     102    3645       0       0       0                        01010500D   3463
     102       0       0       1       0                               0D   3464
     102    3646       0       0       0                        01010000D   3465
     102       0       0       1       0                               0D   3466
     142    3647       0       0       0                        00010500D   3467
     142       0       0       1       0                               0D   3468
     144    3648       0       0       0                        00000000D   3469
     144       0      -1       1       0                               0D   3470
     128    3649       0       0       0                        01010000D   3471
     128       0       0       3       0                               0D   3472
     126    3652       0       0       0                        01010500D   3473
     126       0       0       2       0                               0D   3474
     110    3654       0       0       0                        01010000D   3475
     110       0       0       1       0                               0D   3476
     126    3655       0       0       0                        01010500D   3477
     126       0       0       2       0                               0D   3478
     110    3657       0       0       0                        01010000D   3479
     110       0       0       1       0                               0D   3480
     126    3658       0       0       0                        01010500D   3481
     126       0       0       2       0                               0D   3482
     110    3660       0       0       0                        01010000D   3483
     110       0       0       1       0                               0D   3484
     126    3661       0       0       0                        01010500D   3485
     126       0       0       2       0                               0D   3486
     110    3663       0       0       0                        01010000D   3487
     110       0       0       1       0                               0D   3488
     102    3664       0       0       0                        01010500D   3489
     102       0       0       1       0                               0D   3490
     102    3665       0       0       0                        01010000D   3491
     102       0       0       1       0                               0D   3492
     142    3666       0       0       0                        00010500D   3493
     142       0       0       1       0                               0D   3494
     144    3667       0       0       0                        00000000D   3495
     144       0      -1       1       0                               0D   3496
     128    3668       0       0       0                        01010000D   3497
     128       0       0       3       0                               0D   3498
     126    3671       0       0       0                        01010500D   3499
     126       0       0       2       0                               0D   3500
     110    3673       0       0       0                        01010000D   3501
     110       0       0       1       0                               0D   3502
     126    3674       0       0       0                        01010500D   3503
     126       0       0       2       0                               0D   3504
     110    3676       0       0       0                        01010000D   3505
     110       0       0       1       0                               0D   3506
     126    3677       0       0       0                        01010500D   3507
     126       0       0       2       0                               0D   3508
     110    3679       0       0       0                        01010000D   3509
     110       0       0       1       0                               0D   3510
     126    3680       0       0       0                        01010500D   3511
     126       0       0       2       0                               0D   3512
     110    3682       0       0       0                        01010000D   3513
     110       0       0       1       0                               0D   3514
     102    3683       0       0       0                        01010500D   3515
     102       0       0       1       0                               0D   3516
     102    3684       0       0       0                        01010000D   3517
     102       0       0       1       0                               0D   3518
     142    3685       0       0       0                        00010500D   3519
     142       0       0       1       0                               0D   3520
     144    3686       0       0       0                        00000000D   3521
     144       0      -1       1       0                               0D   3522
     128    3687       0       0       0                        01010000D   3523
     128       0       0       3       0                               0D   3524
     126    3690       0       0       0                        01010500D   3525
     126       0       0       2       0                               0D   3526
     110    3692       0       0       0                        01010000D   3527
     110       0       0       1       0                               0D   3528
     126    3693       0       0       0                        01010500D   3529
     126       0       0       2       0                               0D   3530
     110    3695       0       0       0                        01010000D   3531
     110       0       0       1       0                               0D   3532
     126    3696       0       0       0                        01010500D   3533
     126       0       0       2       0                               0D   3534
     110    3698       0       0       0                        01010000D   3535
     110       0       0       1       0                               0D   3536
     126    3699       0       0       0                        01010500D   3537
     126       0       0       2       0                               0D   3538
     110    3701       0       0       0                        01010000D   3539
     110       0       0       1       0                               0D   3540
     102    3702       0       0       0                        01010500D   3541
     102       0       0       1       0                               0D   3542
     102    3703       0       0       0                        01010000D   3543
     102       0       0       1       0                               0D   3544
     142    3704       0       0       0                        00010500D   3545
     142       0       0       1       0                               0D   3546
     144    3705       0       0       0                        00000000D   3547
     144       0      -1       1       0                               0D   3548
     128    3706       0       0       0                        01010000D   3549
     128       0       0       3       0                               0D   3550
     126    3709       0       0       0                        01010500D   3551
     126       0       0       2       0                               0D   3552
     110    3711       0       0       0                        01010000D   3553
     110       0       0       1       0                               0D   3554
     126    3712       0       0       0                        01010500D   3555
     126       0       0       2       0                               0D   3556
     110    3714       0       0       0                        01010000D   3557
     110       0       0       1       0                               0D   3558
     126    3715       0       0       0                        01010500D   3559
     126       0       0       2       0                               0D   3560
     110    3717       0       0       0                        01010000D   3561
     110       0       0       1       0                               0D   3562
     126    3718       0       0       0                        01010500D   3563
     126       0       0       2       0                               0D   3564
     110    3720       0       0       0                        01010000D   3565
     110       0       0       1       0                               0D   3566
     102    3721       0       0       0                        01010500D   3567
     102       0       0       1       0                               0D   3568
     102    3722       0       0       0                        01010000D   3569
     102       0       0       1       0                               0D   3570
     142    3723       0       0       0                        00010500D   3571
     142       0       0       1       0                               0D   3572
     144    3724       0       0       0                        00000000D   3573
     144       0      -1       1       0                               0D   3574
     128    3725       0       0       0                        01010000D   3575
     128       0       0       3       0                               0D   3576
     126    3728       0       0       0                        01010500D   3577
     126       0       0       2       0                               0D   3578
     110    3730       0       0       0                        01010000D   3579
     110       0       0       1       0                               0D   3580
     126    3731       0       0       0                        01010500D   3581
     126       0       0       2       0                               0D   3582
     110    3733       0       0       0                        01010000D   3583
     110       0       0       1       0                               0D   3584
     126    3734       0       0       0                        01010500D   3585
     126       0       0       2       0                               0D   3586
     110    3736       0       0       0                        01010000D   3587
     110       0       0       1       0                               0D   3588
     126    3737       0       0       0                        01010500D   3589
     126       0       0       2       0                               0D   3590
     110    3739       0       0       0                        01010000D   3591
     110       0       0       1       0                               0D   3592
     102    3740       0       0       0                        01010500D   3593
     102       0       0       1       0                               0D   3594
     102    3741       0       0       0                        01010000D   3595
     102       0       0       1       0                               0D   3596
     142    3742       0       0       0                        00010500D   3597
     142       0       0       1       0                               0D   3598
     144    3743       0       0       0                        00000000D   3599
     144       0      -1       1       0                               0D   3600
     128    3744       0       0       0                        01010000D   3601
     128       0       0       3       0                               0D   3602
     126    3747       0       0       0                        01010500D   3603
     126       0       0       2       0                               0D   3604
     110    3749       0       0       0                        01010000D   3605
     110       0       0       1       0                               0D   3606
     126    3750       0       0       0                        01010500D   3607
     126       0       0       2       0                               0D   3608
     110    3752       0       0       0                        01010000D   3609
     110       0       0       1       0                               0D   3610
     126    3753       0       0       0                        01010500D   3611
     126       0       0       2       0                               0D   3612
     110    3755       0       0       0                        01010000D   3613
     110       0       0       1       0                               0D   3614
     126    3756       0       0       0                        01010500D   3615
     126       0       0       2       0                               0D   3616
     110    3758       0       0       0                        01010000D   3617
     110       0       0       1       0                               0D   3618
     102    3759       0       0       0                        01010500D   3619
     102       0       0       1       0                               0D   3620
     102    3760       0       0       0                        01010000D   3621
     102       0       0       1       0                               0D   3622
     142    3761       0       0       0                        00010500D   3623
     142       0       0       1       0                               0D   3624
     144    3762       0       0       0                        00000000D   3625
     144       0      -1       1       0                               0D   3626
     128    3763       0       0       0                        01010000D   3627
     128       0       0       3       0                               0D   3628
     126    3766       0       0       0                        01010500D   3629
     126       0       0       2       0                               0D   3630
     110    3768       0       0       0                        01010000D   3631
     110       0       0       1       0                               0D   3632
     126    3769       0       0       0                        01010500D   3633
     126       0       0       2       0                               0D   3634
     110    3771       0       0       0                        01010000D   3635
     110       0       0       1       0                               0D   3636
     126    3772       0       0       0                        01010500D   3637
     126       0       0       2       0                               0D   3638
     110    3774       0       0       0                        01010000D   3639
     110       0       0       1       0                               0D   3640
     126    3775       0       0       0                        01010500D   3641
     126       0       0       2       0                               0D   3642
     110    3777       0       0       0                        01010000D   3643
     110       0       0       1       0                               0D   3644
     102    3778       0       0       0                        01010500D   3645
     102       0       0       1       0                               0D   3646
     102    3779       0       0       0                        01010000D   3647
     102       0       0       1       0                               0D   3648
     142    3780       0       0       0                        00010500D   3649
     142       0       0       1       0                               0D   3650
     144    3781       0       0       0                        00000000D   3651
     144       0      -1       1       0                               0D   3652
     128    3782       0       0       0                        01010000D   3653
     128       0       0       3       0                               0D   3654
     126    3785       0       0       0                        01010500D   3655
     126       0       0       6       0                               0D   3656
     124    3791       0       0       0                        00000000D   3657
     124       0       0       4       0                               0D   3658
     100    3795       0       0       0            3657        01010000D   3659
     100       0       0       1       0                               0D   3660
     126    3796       0       0       0                        01010500D   3661
     126       0       0       2       0                               0D   3662
     110    3798       0       0       0                        01010000D   3663
     110       0       0       1       0                               0D   3664
     126    3799       0       0       0                        01010500D   3665
     126       0       0       6       0                               0D   3666
     124    3805       0       0       0                        00000000D   3667
     124       0       0       4       0                               0D   3668
     100    3809       0       0       0            3667        01010000D   3669
     100       0       0       1       0                               0D   3670
     126    3810       0       0       0                        01010500D   3671
     126       0       0       2       0                               0D   3672
     110    3812       0       0       0                        01010000D   3673
     110       0       0       1       0                               0D   3674
     126    3813       0       0       0                        01010500D   3675
     126       0       0       6       0                               0D   3676
     124    3819       0       0       0                        00000000D   3677
     124       0       0       2       0                               0D   3678
     100    3821       0       0       0            3677        01010000D   3679
     100       0       0       1       0                               0D   3680
     126    3822       0       0       0                        01010500D   3681
     126       0       0       2       0                               0D   3682
     110    3824       0       0       0                        01010000D   3683
     110       0       0       1       0                               0D   3684
     126    3825       0       0       0                        01010500D   3685
     126       0       0       6       0                               0D   3686
     100    3831       0       0       0                        01010000D   3687
     100       0       0       1       0                               0D   3688
     126    3832       0       0       0                        01010500D   3689
     126       0       0       2       0                               0D   3690
     110    3834       0       0       0                        01010000D   3691
     110       0       0       1       0                               0D   3692
     126    3835       0       0       0                        01010500D   3693
     126       0       0       6       0                               0D   3694
     100    3841       0       0       0                        01010000D   3695
     100       0       0       1       0                               0D   3696
     126    3842       0       0       0                        01010500D   3697
     126       0       0       2       0                               0D   3698
     110    3844       0       0       0                        01010000D   3699
     110       0       0       1       0                               0D   3700
     126    3845       0       0       0                        01010500D   3701
     126       0       0       6       0                               0D   3702
     124    3851       0       0       0                        00000000D   3703
     124       0       0       4       0                               0D   3704
     100    3855       0       0       0            3703        01010000D   3705
     100       0       0       1       0                               0D   3706
     126    3856       0       0       0                        01010500D   3707
     126       0       0       2       0                               0D   3708
     110    3858       0       0       0                        01010000D   3709
     110       0       0       1       0                               0D   3710
     126    3859       0       0       0                        01010500D   3711
     126       0       0       6       0                               0D   3712
     124    3865       0       0       0                        00000000D   3713
     124       0       0       2       0                               0D   3714
     100    3867       0       0       0            3713        01010000D   3715
     100       0       0       1       0                               0D   3716
     126    3868       0       0       0                        01010500D   3717
     126       0       0       2       0                               0D   3718
     110    3870       0       0       0                        01010000D   3719
     110       0       0       1       0                               0D   3720
     126    3871       0       0       0                        01010500D   3721
     126       0       0       6       0                               0D   3722
     124    3877       0       0       0                        00000000D   3723
     124       0       0       4       0                               0D   3724
     100    3881       0       0       0            3723        01010000D   3725
     100       0       0       1       0                               0D   3726
     126    3882       0       0       0                        01010500D   3727
     126       0       0       2       0                               0D   3728
     110    3884       0       0       0                        01010000D   3729
     110       0       0       1       0                               0D   3730
     126    3885       0       0       0                        01010500D   3731
     126       0       0       6       0                               0D   3732
     124    3891       0       0       0                        00000000D   3733
     124       0       0       4       0                               0D   3734
     100    3895       0       0       0            3733        01010000D   3735
     100       0       0       1       0                               0D   3736
     126    3896       0       0       0                        01010500D   3737
     126       0       0       2       0                               0D   3738
     110    3898       0       0       0                        01010000D   3739
     110       0       0       1       0                               0D   3740
     126    3899       0       0       0                        01010500D   3741
     126       0       0       6       0                               0D   3742
     100    3905       0       0       0                        01010000D   3743
     100       0       0       1       0                               0D   3744
     126    3906       0       0       0                        01010500D   3745
     126       0       0       2       0                               0D   3746
     110    3908       0       0       0                        01010000D   3747
     110       0       0       1       0                               0D   3748
     126    3909       0       0       0                        01010500D   3749
     126       0       0       6       0                               0D   3750
     100    3915       0       0       0                        01010000D   3751
     100       0       0       1       0                               0D   3752
     126    3916       0       0       0                        01010500D   3753
     126       0       0       2       0                               0D   3754
     110    3918       0       0       0                        01010000D   3755
     110       0       0       1       0                               0D   3756
     126    3919       0       0       0                        01010500D   3757
     126       0       0       6       0                               0D   3758
     124    3925       0       0       0                        00000000D   3759
     124       0       0       3       0                               0D   3760
     100    3928       0       0       0            3759        01010000D   3761
     100       0       0       1       0                               0D   3762
     126    3929       0       0       0                        01010500D   3763
     126       0       0       2       0                               0D   3764
     110    3931       0       0       0                        01010000D   3765
     110       0       0       1       0                               0D   3766
     102    3932       0       0       0                        01010500D   3767
     102       0       0       3       0                               0D   3768
     102    3935       0       0       0                        01010000D   3769
     102       0       0       3       0                               0D   3770
     142    3938       0       0       0                        00010500D   3771
     142       0       0       1       0                               0D   3772
     144    3939       0       0       0                        00000000D   3773
     144       0      -1       1       0                               0D   3774
     110    3940       0       0       0                        01010000D   3775
     110       0       0       1       0                               0D   3776
     110    3941       0       0       0                        01010000D   3777
     110       0       0       1       0                               0D   3778
     120    3942       0       0       0                        01010000D   3779
     120       0       0       1       0                               0D   3780
     126    3943       0       0       0                        01010500D   3781
     126       0       0       2       0                               0D   3782
     124    3945       0       0       0                        00000000D   3783
     124       0       0       4       0                               0D   3784
     100    3949       0       0       0            3783        01010000D   3785
     100       0       0       1       0                               0D   3786
     126    3950       0       0       0                        01010500D   3787
     126       0       0       2       0                               0D   3788
     110    3952       0       0       0                        01010000D   3789
     110       0       0       1       0                               0D   3790
     126    3953       0       0       0                        01010500D   3791
     126       0       0       2       0                               0D   3792
     100    3955       0       0       0                        01010000D   3793
     100       0       0       1       0                               0D   3794
     126    3956       0       0       0                        01010500D   3795
     126       0       0       2       0                               0D   3796
     110    3958       0       0       0                        01010000D   3797
     110       0       0       1       0                               0D   3798
     102    3959       0       0       0                        01010500D   3799
     102       0       0       1       0                               0D   3800
     102    3960       0       0       0                        01010000D   3801
     102       0       0       1       0                               0D   3802
     142    3961       0       0       0                        00010500D   3803
     142       0       0       1       0                               0D   3804
     144    3962       0       0       0                        00000000D   3805
     144       0      -1       1       0                               0D   3806
     110    3963       0       0       0                        01010000D   3807
     110       0       0       1       0                               0D   3808
     110    3964       0       0       0                        01010000D   3809
     110       0       0       1       0                               0D   3810
     120    3965       0       0       0                        01010000D   3811
     120       0       0       1       0                               0D   3812
     126    3966       0       0       0                        01010500D   3813
     126       0       0       2       0                               0D   3814
     100    3968       0       0       0                        01010000D   3815
     100       0       0       1       0                               0D   3816
     126    3969       0       0       0                        01010500D   3817
     126       0       0       2       0                               0D   3818
     110    3971       0       0       0                        01010000D   3819
     110       0       0       1       0                               0D   3820
     126    3972       0       0       0                        01010500D   3821
     126       0       0       2       0                               0D   3822
     124    3974       0       0       0                        00000000D   3823
     124       0       0       4       0                               0D   3824
     100    3978       0       0       0            3823        01010000D   3825
     100       0       0       1       0                               0D   3826
     126    3979       0       0       0                        01010500D   3827
     126       0       0       2       0                               0D   3828
     110    3981       0       0       0                        01010000D   3829
     110       0       0       1       0                               0D   3830
     102    3982       0       0       0                        01010500D   3831
     102       0       0       1       0                               0D   3832
     102    3983       0       0       0                        01010000D   3833
     102       0       0       1       0                               0D   3834
     142    3984       0       0       0                        00010500D   3835
     142       0       0       1       0                               0D   3836
     144    3985       0       0       0                        00000000D   3837
     144       0      -1       1       0                               0D   3838
     110    3986       0       0       0                        01010000D   3839
     110       0       0       1       0                               0D   3840
     110    3987       0       0       0                        01010000D   3841
     110       0       0       1       0                               0D   3842
     120    3988       0       0       0                        01010000D   3843
     120       0       0       1       0                               0D   3844
     126    3989       0       0       0                        01010500D   3845
     126       0       0       2       0                               0D   3846
     100    3991       0       0       0                        01010000D   3847
     100       0       0       1       0                               0D   3848
     126    3992       0       0       0                        01010500D   3849
     126       0       0       2       0                               0D   3850
     110    3994       0       0       0                        01010000D   3851
     110       0       0       1       0                               0D   3852
     126    3995       0       0       0                        01010500D   3853
     126       0       0       2       0                               0D   3854
     124    3997       0       0       0                        00000000D   3855
     124       0       0       4       0                               0D   3856
     100    4001       0       0       0            3855        01010000D   3857
     100       0       0       1       0                               0D   3858
     126    4002       0       0       0                        01010500D   3859
     126       0       0       2       0                               0D   3860
     110    4004       0       0       0                        01010000D   3861
     110       0       0       1       0                               0D   3862
     102    4005       0       0       0                        01010500D   3863
     102       0       0       1       0                               0D   3864
     102    4006       0       0       0                        01010000D   3865
     102       0       0       1       0                               0D   3866
     142    4007       0       0       0                        00010500D   3867
     142       0       0       1       0                               0D   3868
     144    4008       0       0       0                        00000000D   3869
     144       0      -1       1       0                               0D   3870
     110    4009       0       0       0                        01010000D   3871
     110       0       0       1       0                               0D   3872
     110    4010       0       0       0                        01010000D   3873
     110       0       0       1       0                               0D   3874
     120    4011       0       0       0                        01010000D   3875
     120       0       0       1       0                               0D   3876
     126    4012       0       0       0                        01010500D   3877
     126       0       0       2       0                               0D   3878
     124    4014       0       0       0                        00000000D   3879
     124       0       0       4       0                               0D   3880
     100    4018       0       0       0            3879        01010000D   3881
     100       0       0       1       0                               0D   3882
     126    4019       0       0       0                        01010500D   3883
     126       0       0       2       0                               0D   3884
     110    4021       0       0       0                        01010000D   3885
     110       0       0       1       0                               0D   3886
     126    4022       0       0       0                        01010500D   3887
     126       0       0       2       0                               0D   3888
     100    4024       0       0       0                        01010000D   3889
     100       0       0       1       0                               0D   3890
     126    4025       0       0       0                        01010500D   3891
     126       0       0       2       0                               0D   3892
     110    4027       0       0       0                        01010000D   3893
     110       0       0       1       0                               0D   3894
     102    4028       0       0       0                        01010500D   3895
     102       0       0       1       0                               0D   3896
     102    4029       0       0       0                        01010000D   3897
     102       0       0       1       0                               0D   3898
     142    4030       0       0       0                        00010500D   3899
     142       0       0       1       0                               0D   3900
     144    4031       0       0       0                        00000000D   3901
     144       0      -1       1       0                               0D   3902
     110    4032       0       0       0                        01010000D   3903
     110       0       0       1       0                               0D   3904
     110    4033       0       0       0                        01010000D   3905
     110       0       0       1       0                               0D   3906
     120    4034       0       0       0                        01010000D   3907
     120       0       0       1       0                               0D   3908
     126    4035       0       0       0                        01010500D   3909
     126       0       0       2       0                               0D   3910
     100    4037       0       0       0                        01010000D   3911
     100       0       0       1       0                               0D   3912
     126    4038       0       0       0                        01010500D   3913
     126       0       0       2       0                               0D   3914
     110    4040       0       0       0                        01010000D   3915
     110       0       0       1       0                               0D   3916
     126    4041       0       0       0                        01010500D   3917
     126       0       0       2       0                               0D   3918
     124    4043       0       0       0                        00000000D   3919
     124       0       0       4       0                               0D   3920
     100    4047       0       0       0            3919        01010000D   3921
     100       0       0       1       0                               0D   3922
     126    4048       0       0       0                        01010500D   3923
     126       0       0       2       0                               0D   3924
     110    4050       0       0       0                        01010000D   3925
     110       0       0       1       0                               0D   3926
     102    4051       0       0       0                        01010500D   3927
     102       0       0       1       0                               0D   3928
     102    4052       0       0       0                        01010000D   3929
     102       0       0       1       0                               0D   3930
     142    4053       0       0       0                        00010500D   3931
     142       0       0       1       0                               0D   3932
     144    4054       0       0       0                        00000000D   3933
     144       0      -1       1       0                               0D   3934
     110    4055       0       0       0                        01010000D   3935
     110       0       0       1       0                               0D   3936
     110    4056       0       0       0                        01010000D   3937
     110       0       0       1       0                               0D   3938
     120    4057       0       0       0                        01010000D   3939
     120       0       0       1       0                               0D   3940
     126    4058       0       0       0                        01010500D   3941
     126       0       0       2       0                               0D   3942
     100    4060       0       0       0                        01010000D   3943
     100       0       0       1       0                               0D   3944
     126    4061       0       0       0                        01010500D   3945
     126       0       0       2       0                               0D   3946
     110    4063       0       0       0                        01010000D   3947
     110       0       0       1       0                               0D   3948
     126    4064       0       0       0                        01010500D   3949
     126       0       0       2       0                               0D   3950
     124    4066       0       0       0                        00000000D   3951
     124       0       0       4       0                               0D   3952
     100    4070       0       0       0            3951        01010000D   3953
     100       0       0       1       0                               0D   3954
     126    4071       0       0       0                        01010500D   3955
     126       0       0       2       0                               0D   3956
     110    4073       0       0       0                        01010000D   3957
     110       0       0       1       0                               0D   3958
     102    4074       0       0       0                        01010500D   3959
     102       0       0       1       0                               0D   3960
     102    4075       0       0       0                        01010000D   3961
     102       0       0       1       0                               0D   3962
     142    4076       0       0       0                        00010500D   3963
     142       0       0       1       0                               0D   3964
     144    4077       0       0       0                        00000000D   3965
     144       0      -1       1       0                               0D   3966
     110    4078       0       0       0                        01010000D   3967
     110       0       0       1       0                               0D   3968
     110    4079       0       0       0                        01010000D   3969
     110       0       0       1       0                               0D   3970
     120    4080       0       0       0                        01010000D   3971
     120       0       0       1       0                               0D   3972
     126    4081       0       0       0                        01010500D   3973
     126       0       0       2       0                               0D   3974
     124    4083       0       0       0                        00000000D   3975
     124       0       0       4       0                               0D   3976
     100    4087       0       0       0            3975        01010000D   3977
     100       0       0       1       0                               0D   3978
     126    4088       0       0       0                        01010500D   3979
     126       0       0       2       0                               0D   3980
     110    4090       0       0       0                        01010000D   3981
     110       0       0       1       0                               0D   3982
     126    4091       0       0       0                        01010500D   3983
     126       0       0       2       0                               0D   3984
     100    4093       0       0       0                        01010000D   3985
     100       0       0       1       0                               0D   3986
     126    4094       0       0       0                        01010500D   3987
     126       0       0       2       0                               0D   3988
     110    4096       0       0       0                        01010000D   3989
     110       0       0       1       0                               0D   3990
     102    4097       0       0       0                        01010500D   3991
     102       0       0       1       0                               0D   3992
     102    4098       0       0       0                        01010000D   3993
     102       0       0       1       0                               0D   3994
     142    4099       0       0       0                        00010500D   3995
     142       0       0       1       0                               0D   3996
     144    4100       0       0       0                        00000000D   3997
     144       0      -1       1       0                               0D   3998
     110    4101       0       0       0                        01010000D   3999
     110       0       0       1       0                               0D   4000
     110    4102       0       0       0                        01010000D   4001
     110       0       0       1       0                               0D   4002
     120    4103       0       0       0                        01010000D   4003
     120       0       0       1       0                               0D   4004
     126    4104       0       0       0                        01010500D   4005
     126       0       0       2       0                               0D   4006
     100    4106       0       0       0                        01010000D   4007
     100       0       0       1       0                               0D   4008
     126    4107       0       0       0                        01010500D   4009
     126       0       0       2       0                               0D   4010
     110    4109       0       0       0                        01010000D   4011
     110       0       0       1       0                               0D   4012
     126    4110       0       0       0                        01010500D   4013
     126       0       0       2       0                               0D   4014
     124    4112       0       0       0                        00000000D   4015
     124       0       0       4       0                               0D   4016
     100    4116       0       0       0            4015        01010000D   4017
     100       0       0       1       0                               0D   4018
     126    4117       0       0       0                        01010500D   4019
     126       0       0       2       0                               0D   4020
     110    4119       0       0       0                        01010000D   4021
     110       0       0       1       0                               0D   4022
     102    4120       0       0       0                        01010500D   4023
     102       0       0       1       0                               0D   4024
     102    4121       0       0       0                        01010000D   4025
     102       0       0       1       0                               0D   4026
     142    4122       0       0       0                        00010500D   4027
     142       0       0       1       0                               0D   4028
     144    4123       0       0       0                        00000000D   4029
     144       0      -1       1       0                               0D   4030
     110    4124       0       0       0                        01010000D   4031
     110       0       0       1       0                               0D   4032
     110    4125       0       0       0                        01010000D   4033
     110       0       0       1       0                               0D   4034
     120    4126       0       0       0                        01010000D   4035
     120       0       0       1       0                               0D   4036
     126    4127       0       0       0                        01010500D   4037
     126       0       0       2       0                               0D   4038
     100    4129       0       0       0                        01010000D   4039
     100       0       0       1       0                               0D   4040
     126    4130       0       0       0                        01010500D   4041
     126       0       0       2       0                               0D   4042
     110    4132       0       0       0                        01010000D   4043
     110       0       0       1       0                               0D   4044
     126    4133       0       0       0                        01010500D   4045
     126       0       0       2       0                               0D   4046
     124    4135       0       0       0                        00000000D   4047
     124       0       0       4       0                               0D   4048
     100    4139       0       0       0            4047        01010000D   4049
     100       0       0       1       0                               0D   4050
     126    4140       0       0       0                        01010500D   4051
     126       0       0       2       0                               0D   4052
     110    4142       0       0       0                        01010000D   4053
     110       0       0       1       0                               0D   4054
     102    4143       0       0       0                        01010500D   4055
     102       0       0       1       0                               0D   4056
     102    4144       0       0       0                        01010000D   4057
     102       0       0       1       0                               0D   4058
     142    4145       0       0       0                        00010500D   4059
     142       0       0       1       0                               0D   4060
     144    4146       0       0       0                        00000000D   4061
     144       0      -1       1       0                               0D   4062
     110    4147       0       0       0                        01010000D   4063
     110       0       0       1       0                               0D   4064
     110    4148       0       0       0                        01010000D   4065
     110       0       0       1       0                               0D   4066
     120    4149       0       0       0                        01010000D   4067
     120       0       0       1       0                               0D   4068
     126    4150       0       0       0                        01010500D   4069
     126       0       0       2       0                               0D   4070
     124    4152       0       0       0                        00000000D   4071
     124       0       0       4       0                               0D   4072
     100    4156       0       0       0            4071        01010000D   4073
     100       0       0       1       0                               0D   4074
     126    4157       0       0       0                        01010500D   4075
     126       0       0       2       0                               0D   4076
     110    4159       0       0       0                        01010000D   4077
     110       0       0       1       0                               0D   4078
     126    4160       0       0       0                        01010500D   4079
     126       0       0       2       0                               0D   4080
     100    4162       0       0       0                        01010000D   4081
     100       0       0       1       0                               0D   4082
     126    4163       0       0       0                        01010500D   4083
     126       0       0       2       0                               0D   4084
     110    4165       0       0       0                        01010000D   4085
     110       0       0       1       0                               0D   4086
     102    4166       0       0       0                        01010500D   4087
     102       0       0       1       0                               0D   4088
     102    4167       0       0       0                        01010000D   4089
     102       0       0       1       0                               0D   4090
     142    4168       0       0       0                        00010500D   4091
     142       0       0       1       0                               0D   4092
     144    4169       0       0       0                        00000000D   4093
     144       0      -1       1       0                               0D   4094
     110    4170       0       0       0                        01010000D   4095
     110       0       0       1       0                               0D   4096
     110    4171       0       0       0                        01010000D   4097
     110       0       0       1       0                               0D   4098
     120    4172       0       0       0                        01010000D   4099
     120       0       0       1       0                               0D   4100
     126    4173       0       0       0                        01010500D   4101
     126       0       0       2       0                               0D   4102
     100    4175       0       0       0                        01010000D   4103
     100       0       0       1       0                               0D   4104
     126    4176       0       0       0                        01010500D   4105
     126       0       0       2       0                               0D   4106
     110    4178       0       0       0                        01010000D   4107
     110       0       0       1       0                               0D   4108
     126    4179       0       0       0                        01010500D   4109
     126       0       0       2       0                               0D   4110
     124    4181       0       0       0                        00000000D   4111
     124       0       0       4       0                               0D   4112
     100    4185       0       0       0            4111        01010000D   4113
     100       0       0       1       0                               0D   4114
     126    4186       0       0       0                        01010500D   4115
     126       0       0       2       0                               0D   4116
     110    4188       0       0       0                        01010000D   4117
     110       0       0       1       0                               0D   4118
     102    4189       0       0       0                        01010500D   4119
     102       0       0       1       0                               0D   4120
     102    4190       0       0       0                        01010000D   4121
     102       0       0       1       0                               0D   4122
     142    4191       0       0       0                        00010500D   4123
     142       0       0       1       0                               0D   4124
     144    4192       0       0       0                        00000000D   4125
     144       0      -1       1       0                               0D   4126
     110    4193       0       0       0                        01010000D   4127
     110       0       0       1       0                               0D   4128
     110    4194       0       0       0                        01010000D   4129
     110       0       0       1       0                               0D   4130
     120    4195       0       0       0                        01010000D   4131
     120       0       0       1       0                               0D   4132
     126    4196       0       0       0                        01010500D   4133
     126       0       0       2       0                               0D   4134
     100    4198       0       0       0                        01010000D   4135
     100       0       0       1       0                               0D   4136
     126    4199       0       0       0                        01010500D   4137
     126       0       0       2       0                               0D   4138
     110    4201       0       0       0                        01010000D   4139
     110       0       0       1       0                               0D   4140
     126    4202       0       0       0                        01010500D   4141
     126       0       0       2       0                               0D   4142
     124    4204       0       0       0                        00000000D   4143
     124       0       0       4       0                               0D   4144
     100    4208       0       0       0            4143        01010000D   4145
     100       0       0       1       0                               0D   4146
     126    4209       0       0       0                        01010500D   4147
     126       0       0       2       0                               0D   4148
     110    4211       0       0       0                        01010000D   4149
     110       0       0       1       0                               0D   4150
     102    4212       0       0       0                        01010500D   4151
     102       0       0       1       0                               0D   4152
     102    4213       0       0       0                        01010000D   4153
     102       0       0       1       0                               0D   4154
     142    4214       0       0       0                        00010500D   4155
     142       0       0       1       0                               0D   4156
     144    4215       0       0       0                        00000000D   4157
     144       0      -1       1       0                               0D   4158
     110    4216       0       0       0                        01010000D   4159
     110       0       0       1       0                               0D   4160
     110    4217       0       0       0                        01010000D   4161
     110       0       0       1       0                               0D   4162
     120    4218       0       0       0                        01010000D   4163
     120       0       0       1       0                               0D   4164
     126    4219       0       0       0                        01010500D   4165
     126       0       0       2       0                               0D   4166
     124    4221       0       0       0                        00000000D   4167
     124       0       0       4       0                               0D   4168
     100    4225       0       0       0            4167        01010000D   4169
     100       0       0       1       0                               0D   4170
     126    4226       0       0       0                        01010500D   4171
     126       0       0       2       0                               0D   4172
     110    4228       0       0       0                        01010000D   4173
     110       0       0       1       0                               0D   4174
     126    4229       0       0       0                        01010500D   4175
     126       0       0       2       0                               0D   4176
     100    4231       0       0       0                        01010000D   4177
     100       0       0       1       0                               0D   4178
     126    4232       0       0       0                        01010500D   4179
     126       0       0       2       0                               0D   4180
     110    4234       0       0       0                        01010000D   4181
     110       0       0       1       0                               0D   4182
     102    4235       0       0       0                        01010500D   4183
     102       0       0       1       0                               0D   4184
     102    4236       0       0       0                        01010000D   4185
     102       0       0       1       0                               0D   4186
     142    4237       0       0       0                        00010500D   4187
     142       0       0       1       0                               0D   4188
     144    4238       0       0       0                        00000000D   4189
     144       0      -1       1       0                               0D   4190
     110    4239       0       0       0                        01010000D   4191
     110       0       0       1       0                               0D   4192
     110    4240       0       0       0                        01010000D   4193
     110       0       0       1       0                               0D   4194
     120    4241       0       0       0                        01010000D   4195
     120       0       0       1       0                               0D   4196
     126    4242       0       0       0                        01010500D   4197
     126       0       0       2       0                               0D   4198
     100    4244       0       0       0                        01010000D   4199
     100       0       0       1       0                               0D   4200
     126    4245       0       0       0                        01010500D   4201
     126       0       0       2       0                               0D   4202
     110    4247       0       0       0                        01010000D   4203
     110       0       0       1       0                               0D   4204
     126    4248       0       0       0                        01010500D   4205
     126       0       0       2       0                               0D   4206
     124    4250       0       0       0                        00000000D   4207
     124       0       0       4       0                               0D   4208
     100    4254       0       0       0            4207        01010000D   4209
     100       0       0       1       0                               0D   4210
     126    4255       0       0       0                        01010500D   4211
     126       0       0       2       0                               0D   4212
     110    4257       0       0       0                        01010000D   4213
     110       0       0       1       0                               0D   4214
     102    4258       0       0       0                        01010500D   4215
     102       0       0       1       0                               0D   4216
     102    4259       0       0       0                        01010000D   4217
     102       0       0       1       0                               0D   4218
     142    4260       0       0       0                        00010500D   4219
     142       0       0       1       0                               0D   4220
     144    4261       0       0       0                        00000000D   4221
     144       0      -1       1       0                               0D   4222
     110    4262       0       0       0                        01010000D   4223
     110       0       0       1       0                               0D   4224
     110    4263       0       0       0                        01010000D   4225
     110       0       0       1       0                               0D   4226
     120    4264       0       0       0                        01010000D   4227
     120       0       0       1       0                               0D   4228
     126    4265       0       0       0                        01010500D   4229
     126       0       0       2       0                               0D   4230
     100    4267       0       0       0                        01010000D   4231
     100       0       0       1       0                               0D   4232
     126    4268       0       0       0                        01010500D   4233
     126       0       0       2       0                               0D   4234
     110    4270       0       0       0                        01010000D   4235
     110       0       0       1       0                               0D   4236
     126    4271       0       0       0                        01010500D   4237
     126       0       0       2       0                               0D   4238
     124    4273       0       0       0                        00000000D   4239
     124       0       0       4       0                               0D   4240
     100    4277       0       0       0            4239        01010000D   4241
     100       0       0       1       0                               0D   4242
     126    4278       0       0       0                        01010500D   4243
     126       0       0       2       0                               0D   4244
     110    4280       0       0       0                        01010000D   4245
     110       0       0       1       0                               0D   4246
     102    4281       0       0       0                        01010500D   4247
     102       0       0       1       0                               0D   4248
     102    4282       0       0       0                        01010000D   4249
     102       0       0       1       0                               0D   4250
     142    4283       0       0       0                        00010500D   4251
     142       0       0       1       0                               0D   4252
     144    4284       0       0       0                        00000000D   4253
     144       0      -1       1       0                               0D   4254
     110    4285       0       0       0                        01010000D   4255
     110       0       0       1       0                               0D   4256
     110    4286       0       0       0                        01010000D   4257
     110       0       0       1       0                               0D   4258
     120    4287       0       0       0                        01010000D   4259
     120       0       0       1       0                               0D   4260
     126    4288       0       0       0                        01010500D   4261
     126       0       0       2       0                               0D   4262
     124    4290       0       0       0                        00000000D   4263
     124       0       0       4       0                               0D   4264
     100    4294       0       0       0            4263        01010000D   4265
     100       0       0       1       0                               0D   4266
     126    4295       0       0       0                        01010500D   4267
     126       0       0       2       0                               0D   4268
     110    4297       0       0       0                        01010000D   4269
     110       0       0       1       0                               0D   4270
     126    4298       0       0       0                        01010500D   4271
     126       0       0       2       0                               0D   4272
     100    4300       0       0       0                        01010000D   4273
     100       0       0       1       0                               0D   4274
     126    4301       0       0       0                        01010500D   4275
     126       0       0       2       0                               0D   4276
     110    4303       0       0       0                        01010000D   4277
     110       0       0       1       0                               0D   4278
     102    4304       0       0       0                        01010500D   4279
     102       0       0       1       0                               0D   4280
     102    4305       0       0       0                        01010000D   4281
     102       0       0       1       0                               0D   4282
     142    4306       0       0       0                        00010500D   4283
     142       0       0       1       0                               0D   4284
     144    4307       0       0       0                        00000000D   4285
     144       0      -1       1       0                               0D   4286
     110    4308       0       0       0                        01010000D   4287
     110       0       0       1       0                               0D   4288
     110    4309       0       0       0                        01010000D   4289
     110       0       0       1       0                               0D   4290
     120    4310       0       0       0                        01010000D   4291
     120       0       0       1       0                               0D   4292
     126    4311       0       0       0                        01010500D   4293
     126       0       0       2       0                               0D   4294
     100    4313       0       0       0                        01010000D   4295
     100       0       0       1       0                               0D   4296
     126    4314       0       0       0                        01010500D   4297
     126       0       0       2       0                               0D   4298
     110    4316       0       0       0                        01010000D   4299
     110       0       0       1       0                               0D   4300
     126    4317       0       0       0                        01010500D   4301
     126       0       0       2       0                               0D   4302
     124    4319       0       0       0                        00000000D   4303
     124       0       0       4       0                               0D   4304
     100    4323       0       0       0            4303        01010000D   4305
     100       0       0       1       0                               0D   4306
     126    4324       0       0       0                        01010500D   4307
     126       0       0       2       0                               0D   4308
     110    4326       0       0       0                        01010000D   4309
     110       0       0       1       0                               0D   4310
     102    4327       0       0       0                        01010500D   4311
     102       0       0       1       0                               0D   4312
     102    4328       0       0       0                        01010000D   4313
     102       0       0       1       0                               0D   4314
     142    4329       0       0       0                        00010500D   4315
     142       0       0       1       0                               0D   4316
     144    4330       0       0       0                        00000000D   4317
     144       0      -1       1       0                               0D   4318
     110    4331       0       0       0                        01010000D   4319
     110       0       0       1       0                               0D   4320
     110    4332       0       0       0                        01010000D   4321
     110       0       0       1       0                               0D   4322
     120    4333       0       0       0                        01010000D   4323
     120       0       0       1       0                               0D   4324
     126    4334       0       0       0                        01010500D   4325
     126       0       0       2       0                               0D   4326
     100    4336       0       0       0                        01010000D   4327
     100       0       0       1       0                               0D   4328
     126    4337       0       0       0                        01010500D   4329
     126       0       0       2       0                               0D   4330
     110    4339       0       0       0                        01010000D   4331
     110       0       0       1       0                               0D   4332
     126    4340       0       0       0                        01010500D   4333
     126       0       0       2       0                               0D   4334
     124    4342       0       0       0                        00000000D   4335
     124       0       0       4       0                               0D   4336
     100    4346       0       0       0            4335        01010000D   4337
     100       0       0       1       0                               0D   4338
     126    4347       0       0       0                        01010500D   4339
     126       0       0       2       0                               0D   4340
     110    4349       0       0       0                        01010000D   4341
     110       0       0       1       0                               0D   4342
     102    4350       0       0       0                        01010500D   4343
     102       0       0       1       0                               0D   4344
     102    4351       0       0       0                        01010000D   4345
     102       0       0       1       0                               0D   4346
     142    4352       0       0       0                        00010500D   4347
     142       0       0       1       0                               0D   4348
     144    4353       0       0       0                        00000000D   4349
     144       0      -1       1       0                               0D   4350
     110    4354       0       0       0                        01010000D   4351
     110       0       0       1       0                               0D   4352
     110    4355       0       0       0                        01010000D   4353
     110       0       0       1       0                               0D   4354
     120    4356       0       0       0                        01010000D   4355
     120       0       0       1       0                               0D   4356
     126    4357       0       0       0                        01010500D   4357
     126       0       0       2       0                               0D   4358
     124    4359       0       0       0                        00000000D   4359
     124       0       0       4       0                               0D   4360
     100    4363       0       0       0            4359        01010000D   4361
     100       0       0       1       0                               0D   4362
     126    4364       0       0       0                        01010500D   4363
     126       0       0       2       0                               0D   4364
     110    4366       0       0       0                        01010000D   4365
     110       0       0       1       0                               0D   4366
     126    4367       0       0       0                        01010500D   4367
     126       0       0       2       0                               0D   4368
     100    4369       0       0       0                        01010000D   4369
     100       0       0       1       0                               0D   4370
     126    4370       0       0       0                        01010500D   4371
     126       0       0       2       0                               0D   4372
     110    4372       0       0       0                        01010000D   4373
     110       0       0       1       0                               0D   4374
     102    4373       0       0       0                        01010500D   4375
     102       0       0       1       0                               0D   4376
     102    4374       0       0       0                        01010000D   4377
     102       0       0       1       0                               0D   4378
     142    4375       0       0       0                        00010500D   4379
     142       0       0       1       0                               0D   4380
     144    4376       0       0       0                        00000000D   4381
     144       0      -1       1       0                               0D   4382
     110    4377       0       0       0                        01010000D   4383
     110       0       0       1       0                               0D   4384
     110    4378       0       0       0                        01010000D   4385
     110       0       0       1       0                               0D   4386
     120    4379       0       0       0                        01010000D   4387
     120       0       0       1       0                               0D   4388
     126    4380       0       0       0                        01010500D   4389
     126       0       0       2       0                               0D   4390
     100    4382       0       0       0                        01010000D   4391
     100       0       0       1       0                               0D   4392
     126    4383       0       0       0                        01010500D   4393
     126       0       0       2       0                               0D   4394
     110    4385       0       0       0                        01010000D   4395
     110       0       0       1       0                               0D   4396
     126    4386       0       0       0                        01010500D   4397
     126       0       0       2       0                               0D   4398
     124    4388       0       0       0                        00000000D   4399
     124       0       0       4       0                               0D   4400
     100    4392       0       0       0            4399        01010000D   4401
     100       0       0       1       0                               0D   4402
     126    4393       0       0       0                        01010500D   4403
     126       0       0       2       0                               0D   4404
     110    4395       0       0       0                        01010000D   4405
     110       0       0       1       0                               0D   4406
     102    4396       0       0       0                        01010500D   4407
     102       0       0       1       0                               0D   4408
     102    4397       0       0       0                        01010000D   4409
     102       0       0       1       0                               0D   4410
     142    4398       0       0       0                        00010500D   4411
     142       0       0       1       0                               0D   4412
     144    4399       0       0       0                        00000000D   4413
     144       0      -1       1       0                               0D   4414
     110    4400       0       0       0                        01010000D   4415
     110       0       0       1       0                               0D   4416
     110    4401       0       0       0                        01010000D   4417
     110       0       0       1       0                               0D   4418
     120    4402       0       0       0                        01010000D   4419
     120       0       0       1       0                               0D   4420
     126    4403       0       0       0                        01010500D   4421
     126       0       0       2       0                               0D   4422
     100    4405       0       0       0                        01010000D   4423
     100       0       0       1       0                               0D   4424
     126    4406       0       0       0                        01010500D   4425
     126       0       0       2       0                               0D   4426
     110    4408       0       0       0                        01010000D   4427
     110       0       0       1       0                               0D   4428
     126    4409       0       0       0                        01010500D   4429
     126       0       0       2       0                               0D   4430
     124    4411       0       0       0                        00000000D   4431
     124       0       0       4       0                               0D   4432
     100    4415       0       0       0            4431        01010000D   4433
     100       0       0       1       0                               0D   4434
     126    4416       0       0       0                        01010500D   4435
     126       0       0       2       0                               0D   4436
     110    4418       0       0       0                        01010000D   4437
     110       0       0       1       0                               0D   4438
     102    4419       0       0       0                        01010500D   4439
     102       0       0       1       0                               0D   4440
     102    4420       0       0       0                        01010000D   4441
     102       0       0       1       0                               0D   4442
     142    4421       0       0       0                        00010500D   4443
     142       0       0       1       0                               0D   4444
     144    4422       0       0       0                        00000000D   4445
     144       0      -1       1       0                               0D   4446
     110    4423       0       0       0                        01010000D   4447
     110       0       0       1       0                               0D   4448
     110    4424       0       0       0                        01010000D   4449
     110       0       0       1       0                               0D   4450
     120    4425       0       0       0                        01010000D   4451
     120       0       0       1       0                               0D   4452
     126    4426       0       0       0                        01010500D   4453
     126       0       0       2       0                               0D   4454
     124    4428       0       0       0                        00000000D   4455
     124       0       0       4       0                               0D   4456
     100    4432       0       0       0            4455        01010000D   4457
     100       0       0       1       0                               0D   4458
     126    4433       0       0       0                        01010500D   4459
     126       0       0       2       0                               0D   4460
     110    4435       0       0       0                        01010000D   4461
     110       0       0       1       0                               0D   4462
     126    4436       0       0       0                        01010500D   4463
     126       0       0       2       0                               0D   4464
     100    4438       0       0       0                        01010000D   4465
     100       0       0       1       0                               0D   4466
     126    4439       0       0       0                        01010500D   4467
     126       0       0       2       0                               0D   4468
     110    4441       0       0       0                        01010000D   4469
     110       0       0       1       0                               0D   4470
     102    4442       0       0       0                        01010500D   4471
     102       0       0       1       0                               0D   4472
     102    4443       0       0       0                        01010000D   4473
     102       0       0       1       0                               0D   4474
     142    4444       0       0       0                        00010500D   4475
     142       0       0       1       0                               0D   4476
     144    4445       0       0       0                        00000000D   4477
     144       0      -1       1       0                               0D   4478
     110    4446       0       0       0                        01010000D   4479
     110       0       0       1       0                               0D   4480
     110    4447       0       0       0                        01010000D   4481
     110       0       0       1       0                               0D   4482
     120    4448       0       0       0                        01010000D   4483
     120       0       0       1       0                               0D   4484
     126    4449       0       0       0                        01010500D   4485
     126       0       0       2       0                               0D   4486
     100    4451       0       0       0                        01010000D   4487
     100       0       0       1       0                               0D   4488
     126    4452       0       0       0                        01010500D   4489
     126       0       0       2       0                               0D   4490
     110    4454       0       0       0                        01010000D   4491
     110       0       0       1       0                               0D   4492
     126    4455       0       0       0                        01010500D   4493
     126       0       0       2       0                               0D   4494
     124    4457       0       0       0                        00000000D   4495
     124       0       0       4       0                               0D   4496
     100    4461       0       0       0            4495        01010000D   4497
     100       0       0       1       0                               0D   4498
     126    4462       0       0       0                        01010500D   4499
     126       0       0       2       0                               0D   4500
     110    4464       0       0       0                        01010000D   4501
     110       0       0       1       0                               0D   4502
     102    4465       0       0       0                        01010500D   4503
     102       0       0       1       0                               0D   4504
     102    4466       0       0       0                        01010000D   4505
     102       0       0       1       0                               0D   4506
     142    4467       0       0       0                        00010500D   4507
     142       0       0       1       0                               0D   4508
     144    4468       0       0       0                        00000000D   4509
     144       0      -1       1       0                               0D   4510
     110    4469       0       0       0                        01010000D   4511
     110       0       0       1       0                               0D   4512
     110    4470       0       0       0                        01010000D   4513
     110       0       0       1       0                               0D   4514
     120    4471       0       0       0                        01010000D   4515
     120       0       0       1       0                               0D   4516
     126    4472       0       0       0                        01010500D   4517
     126       0       0       2       0                               0D   4518
     100    4474       0       0       0                        01010000D   4519
     100       0       0       1       0                               0D   4520
     126    4475       0       0       0                        01010500D   4521
     126       0       0       2       0                               0D   4522
     110    4477       0       0       0                        01010000D   4523
     110       0       0       1       0                               0D   4524
     126    4478       0       0       0                        01010500D   4525
     126       0       0       2       0                               0D   4526
     124    4480       0       0       0                        00000000D   4527
     124       0       0       4       0                               0D   4528
     100    4484       0       0       0            4527        01010000D   4529
     100       0       0       1       0                               0D   4530
     126    4485       0       0       0                        01010500D   4531
     126       0       0       2       0                               0D   4532
     110    4487       0       0       0                        01010000D   4533
     110       0       0       1       0                               0D   4534
     102    4488       0       0       0                        01010500D   4535
     102       0       0       1       0                               0D   4536
     102    4489       0       0       0                        01010000D   4537
     102       0       0       1       0                               0D   4538
     142    4490       0       0       0                        00010500D   4539
     142       0       0       1       0                               0D   4540
     144    4491       0       0       0                        00000000D   4541
     144       0      -1       1       0                               0D   4542
     110    4492       0       0       0                        01010000D   4543
     110       0       0       1       0                               0D   4544
     110    4493       0       0       0                        01010000D   4545
     110       0       0       1       0                               0D   4546
     120    4494       0       0       0                        01010000D   4547
     120       0       0       1       0                               0D   4548
     126    4495       0       0       0                        01010500D   4549
     126       0       0       2       0                               0D   4550
     124    4497       0       0       0                        00000000D   4551
     124       0       0       4       0                               0D   4552
     100    4501       0       0       0            4551        01010000D   4553
     100       0       0       1       0                               0D   4554
     126    4502       0       0       0                        01010500D   4555
     126       0       0       2       0                               0D   4556
     110    4504       0       0       0                        01010000D   4557
     110       0       0       1       0                               0D   4558
     126    4505       0       0       0                        01010500D   4559
     126       0       0       2       0                               0D   4560
     100    4507       0       0       0                        01010000D   4561
     100       0       0       1       0                               0D   4562
     126    4508       0       0       0                        01010500D   4563
     126       0       0       2       0                               0D   4564
     110    4510       0       0       0                        01010000D   4565
     110       0       0       1       0                               0D   4566
     102    4511       0       0       0                        01010500D   4567
     102       0       0       1       0                               0D   4568
     102    4512       0       0       0                        01010000D   4569
     102       0       0       1       0                               0D   4570
     142    4513       0       0       0                        00010500D   4571
     142       0       0       1       0                               0D   4572
     144    4514       0       0       0                        00000000D   4573
     144       0      -1       1       0                               0D   4574
     110    4515       0       0       0                        01010000D   4575
     110       0       0       1       0                               0D   4576
     110    4516       0       0       0                        01010000D   4577
     110       0       0       1       0                               0D   4578
     120    4517       0       0       0                        01010000D   4579
     120       0       0       1       0                               0D   4580
     126    4518       0       0       0                        01010500D   4581
     126       0       0       2       0                               0D   4582
     100    4520       0       0       0                        01010000D   4583
     100       0       0       1       0                               0D   4584
     126    4521       0       0       0                        01010500D   4585
     126       0       0       2       0                               0D   4586
     110    4523       0       0       0                        01010000D   4587
     110       0       0       1       0                               0D   4588
     126    4524       0       0       0                        01010500D   4589
     126       0       0       2       0                               0D   4590
     124    4526       0       0       0                        00000000D   4591
     124       0       0       4       0                               0D   4592
     100    4530       0       0       0            4591        01010000D   4593
     100       0       0       1       0                               0D   4594
     126    4531       0       0       0                        01010500D   4595
     126       0       0       2       0                               0D   4596
     110    4533       0       0       0                        01010000D   4597
     110       0       0       1       0                               0D   4598
     102    4534       0       0       0                        01010500D   4599
     102       0       0       1       0                               0D   4600
     102    4535       0       0       0                        01010000D   4601
     102       0       0       1       0                               0D   4602
     142    4536       0       0       0                        00010500D   4603
     142       0       0       1       0                               0D   4604
     144    4537       0       0       0                        00000000D   4605
     144       0      -1       1       0                               0D   4606
     110    4538       0       0       0                        01010000D   4607
     110       0       0       1       0                               0D   4608
     110    4539       0       0       0                        01010000D   4609
     110       0       0       1       0                               0D   4610
     120    4540       0       0       0                        01010000D   4611
     120       0       0       1       0                               0D   4612
     126    4541       0       0       0                        01010500D   4613
     126       0       0       2       0                               0D   4614
     100    4543       0       0       0                        01010000D   4615
     100       0       0       1       0                               0D   4616
     126    4544       0       0       0                        01010500D   4617
     126       0       0       2       0                               0D   4618
     110    4546       0       0       0                        01010000D   4619
     110       0       0       1       0                               0D   4620
     126    4547       0       0       0                        01010500D   4621
     126       0       0       2       0                               0D   4622
     124    4549       0       0       0                        00000000D   4623
     124       0       0       4       0                               0D   4624
     100    4553       0       0       0            4623        01010000D   4625
     100       0       0       1       0                               0D   4626
     126    4554       0       0       0                        01010500D   4627
     126       0       0       2       0                               0D   4628
     110    4556       0       0       0                        01010000D   4629
     110       0       0       1       0                               0D   4630
     102    4557       0       0       0                        01010500D   4631
     102       0       0       1       0                               0D   4632
     102    4558       0       0       0                        01010000D   4633
     102       0       0       1       0                               0D   4634
     142    4559       0       0       0                        00010500D   4635
     142       0       0       1       0                               0D   4636
     144    4560       0       0       0                        00000000D   4637
     144       0      -1       1       0                               0D   4638
     110    4561       0       0       0                        01010000D   4639
     110       0       0       1       0                               0D   4640
     110    4562       0       0       0                        01010000D   4641
     110       0       0       1       0                               0D   4642
     120    4563       0       0       0                        01010000D   4643
     120       0       0       1       0                               0D   4644
     126    4564       0       0       0                        01010500D   4645
     126       0       0       2       0                               0D   4646
     124    4566       0       0       0                        00000000D   4647
     124       0       0       4       0                               0D   4648
     100    4570       0       0       0            4647        01010000D   4649
     100       0       0       1       0                               0D   4650
     126    4571       0       0       0                        01010500D   4651
     126       0       0       2       0                               0D   4652
     110    4573       0       0       0                        01010000D   4653
     110       0       0       1       0                               0D   4654
     126    4574       0       0       0                        01010500D   4655
     126       0       0       2       0                               0D   4656
     100    4576       0       0       0                        01010000D   4657
     100       0       0       1       0                               0D   4658
     126    4577       0       0       0                        01010500D   4659
     126       0       0       2       0                               0D   4660
     110    4579       0       0       0                        01010000D   4661
     110       0       0       1       0                               0D   4662
     102    4580       0       0       0                        01010500D   4663
     102       0       0       1       0                               0D   4664
     102    4581       0       0       0                        01010000D   4665
     102       0       0       1       0                               0D   4666
     142    4582       0       0       0                        00010500D   4667
     142       0       0       1       0                               0D   4668
     144    4583       0       0       0                        00000000D   4669
     144       0      -1       1       0                               0D   4670
     110    4584       0       0       0                        01010000D   4671
     110       0       0       1       0                               0D   4672
     110    4585       0       0       0                        01010000D   4673
     110       0       0       1       0                               0D   4674
     120    4586       0       0       0                        01010000D   4675
     120       0       0       1       0                               0D   4676
     126    4587       0       0       0                        01010500D   4677
     126       0       0       2       0                               0D   4678
     100    4589       0       0       0                        01010000D   4679
     100       0       0       1       0                               0D   4680
     126    4590       0       0       0                        01010500D   4681
     126       0       0       2       0                               0D   4682
     110    4592       0       0       0                        01010000D   4683
     110       0       0       1       0                               0D   4684
     126    4593       0       0       0                        01010500D   4685
     126       0       0       2       0                               0D   4686
     124    4595       0       0       0                        00000000D   4687
     124       0       0       4       0                               0D   4688
     100    4599       0       0       0            4687        01010000D   4689
     100       0       0       1       0                               0D   4690
     126    4600       0       0       0                        01010500D   4691
     126       0       0       2       0                               0D   4692
     110    4602       0       0       0                        01010000D   4693
     110       0       0       1       0                               0D   4694
     102    4603       0       0       0                        01010500D   4695
     102       0       0       1       0                               0D   4696
     102    4604       0       0       0                        01010000D   4697
     102       0       0       1       0                               0D   4698
     142    4605       0       0       0                        00010500D   4699
     142       0       0       1       0                               0D   4700
     144    4606       0       0       0                        00000000D   4701
     144       0      -1       1       0                               0D   4702
     110    4607       0       0       0                        01010000D   4703
     110       0       0       1       0                               0D   4704
     110    4608       0       0       0                        01010000D   4705
     110       0       0       1       0                               0D   4706
     120    4609       0       0       0                        01010000D   4707
     120       0       0       1       0                               0D   4708
     126    4610       0       0       0                        01010500D   4709
     126       0       0       2       0                               0D   4710
     100    4612       0       0       0                        01010000D   4711
     100       0       0       1       0                               0D   4712
     126    4613       0       0       0                        01010500D   4713
     126       0       0       2       0                               0D   4714
     110    4615       0       0       0                        01010000D   4715
     110       0       0       1       0                               0D   4716
     126    4616       0       0       0                        01010500D   4717
     126       0       0       2       0                               0D   4718
     124    4618       0       0       0                        00000000D   4719
     124       0       0       4       0                               0D   4720
     100    4622       0       0       0            4719        01010000D   4721
     100       0       0       1       0                               0D   4722
     126    4623       0       0       0                        01010500D   4723
     126       0       0       2       0                               0D   4724
     110    4625       0       0       0                        01010000D   4725
     110       0       0       1       0                               0D   4726
     102    4626       0       0       0                        01010500D   4727
     102       0       0       1       0                               0D   4728
     102    4627       0       0       0                        01010000D   4729
     102       0       0       1       0                               0D   4730
     142    4628       0       0       0                        00010500D   4731
     142       0       0       1       0                               0D   4732
     144    4629       0       0       0                        00000000D   4733
     144       0      -1       1       0                               0D   4734
     110    4630       0       0       0                        01010000D   4735
     110       0       0       1       0                               0D   4736
     110    4631       0       0       0                        01010000D   4737
     110       0       0       1       0                               0D   4738
     120    4632       0       0       0                        01010000D   4739
     120       0       0       1       0                               0D   4740
     126    4633       0       0       0                        01010500D   4741
     126       0       0       2       0                               0D   4742
     124    4635       0       0       0                        00000000D   4743
     124       0       0       4       0                               0D   4744
     100    4639       0       0       0            4743        01010000D   4745
     100       0       0       1       0                               0D   4746
     126    4640       0       0       0                        01010500D   4747
     126       0       0       2       0                               0D   4748
     110    4642       0       0       0                        01010000D   4749
     110       0       0       1       0                               0D   4750
     126    4643       0       0       0                        01010500D   4751
     126       0       0       2       0                               0D   4752
     100    4645       0       0       0                        01010000D   4753
     100       0       0       1       0                               0D   4754
     126    4646       0       0       0                        01010500D   4755
     126       0       0       2       0                               0D   4756
     110    4648       0       0       0                        01010000D   4757
     110       0       0       1       0                               0D   4758
     102    4649       0       0       0                        01010500D   4759
     102       0       0       1       0                               0D   4760
     102    4650       0       0       0                        01010000D   4761
     102       0       0       1       0                               0D   4762
     142    4651       0       0       0                        00010500D   4763
     142       0       0       1       0                               0D   4764
     144    4652       0       0       0                        00000000D   4765
     144       0      -1       1       0                               0D   4766
     110    4653       0       0       0                        01010000D   4767
     110       0       0       1       0                               0D   4768
     110    4654       0       0       0                        01010000D   4769
     110       0       0       1       0                               0D   4770
     120    4655       0       0       0                        01010000D   4771
     120       0       0       1       0                               0D   4772
     126    4656       0       0       0                        01010500D   4773
     126       0       0       2       0                               0D   4774
     100    4658       0       0       0                        01010000D   4775
     100       0       0       1       0                               0D   4776
     126    4659       0       0       0                        01010500D   4777
     126       0       0       2       0                               0D   4778
     110    4661       0       0       0                        01010000D   4779
     110       0       0       1       0                               0D   4780
     126    4662       0       0       0                        01010500D   4781
     126       0       0       2       0                               0D   4782
     124    4664       0       0       0                        00000000D   4783
     124       0       0       4       0                               0D   4784
     100    4668       0       0       0            4783        01010000D   4785
     100       0       0       1       0                               0D   4786
     126    4669       0       0       0                        01010500D   4787
     126       0       0       2       0                               0D   4788
     110    4671       0       0       0                        01010000D   4789
     110       0       0       1       0                               0D   4790
     102    4672       0       0       0                        01010500D   4791
     102       0       0       1       0                               0D   4792
     102    4673       0       0       0                        01010000D   4793
     102       0       0       1       0                               0D   4794
     142    4674       0       0       0                        00010500D   4795
     142       0       0       1       0                               0D   4796
     144    4675       0       0       0                        00000000D   4797
     144       0      -1       1       0                               0D   4798
     110    4676       0       0       0                        01010000D   4799
     110       0       0       1       0                               0D   4800
     110    4677       0       0       0                        01010000D   4801
     110       0       0       1       0                               0D   4802
     120    4678       0       0       0                        01010000D   4803
     120       0       0       1       0                               0D   4804
     126    4679       0       0       0                        01010500D   4805
     126       0       0       2       0                               0D   4806
     100    4681       0       0       0                        01010000D   4807
     100       0       0       1       0                               0D   4808
     126    4682       0       0       0                        01010500D   4809
     126       0       0       2       0                               0D   4810
     110    4684       0       0       0                        01010000D   4811
     110       0       0       1       0                               0D   4812
     126    4685       0       0       0                        01010500D   4813
     126       0       0       2       0                               0D   4814
     124    4687       0       0       0                        00000000D   4815
     124       0       0       4       0                               0D   4816
     100    4691       0       0       0            4815        01010000D   4817
     100       0       0       1       0                               0D   4818
     126    4692       0       0       0                        01010500D   4819
     126       0       0       2       0                               0D   4820
     110    4694       0       0       0                        01010000D   4821
     110       0       0       1       0                               0D   4822
     102    4695       0       0       0                        01010500D   4823
     102       0       0       1       0                               0D   4824
     102    4696       0       0       0                        01010000D   4825
     102       0       0       1       0                               0D   4826
     142    4697       0       0       0                        00010500D   4827
     142       0       0       1       0                               0D   4828
     144    4698       0       0       0                        00000000D   4829
     144       0      -1       1       0                               0D   4830
     110    4699       0       0       0                        01010000D   4831
     110       0       0       1       0                               0D   4832
     110    4700       0       0       0                        01010000D   4833
     110       0       0       1       0                               0D   4834
     120    4701       0       0       0                        01010000D   4835
     120       0       0       1       0                               0D   4836
     126    4702       0       0       0                        01010500D   4837
     126       0       0       2       0                               0D   4838
     124    4704       0       0       0                        00000000D   4839
     124       0       0       4       0                               0D   4840
     100    4708       0       0       0            4839        01010000D   4841
     100       0       0       1       0                               0D   4842
     126    4709       0       0       0                        01010500D   4843
     126       0       0       2       0                               0D   4844
     110    4711       0       0       0                        01010000D   4845
     110       0       0       1       0                               0D   4846
     126    4712       0       0       0                        01010500D   4847
     126       0       0       2       0                               0D   4848
     100    4714       0       0       0                        01010000D   4849
     100       0       0       1       0                               0D   4850
     126    4715       0       0       0                        01010500D   4851
     126       0       0       2       0                               0D   4852
     110    4717       0       0       0                        01010000D   4853
     110       0       0       1       0                               0D   4854
     102    4718       0       0       0                        01010500D   4855
     102       0       0       1       0                               0D   4856
     102    4719       0       0       0                        01010000D   4857
     102       0       0       1       0                               0D   4858
     142    4720       0       0       0                        00010500D   4859
     142       0       0       1       0                               0D   4860
     144    4721       0       0       0                        00000000D   4861
     144       0      -1       1       0                               0D   4862
     110    4722       0       0       0                        01010000D   4863
     110       0       0       1       0                               0D   4864
     110    4723       0       0       0                        01010000D   4865
     110       0       0       1       0                               0D   4866
     120    4724       0       0       0                        01010000D   4867
     120       0       0       1       0                               0D   4868
     126    4725       0       0       0                        01010500D   4869
     126       0       0       2       0                               0D   4870
     100    4727       0       0       0                        01010000D   4871
     100       0       0       1       0                               0D   4872
     126    4728       0       0       0                        01010500D   4873
     126       0       0       2       0                               0D   4874
     110    4730       0       0       0                        01010000D   4875
     110       0       0       1       0                               0D   4876
     126    4731       0       0       0                        01010500D   4877
     126       0       0       2       0                               0D   4878
     124    4733       0       0       0                        00000000D   4879
     124       0       0       4       0                               0D   4880
     100    4737       0       0       0            4879        01010000D   4881
     100       0       0       1       0                               0D   4882
     126    4738       0       0       0                        01010500D   4883
     126       0       0       2       0                               0D   4884
     110    4740       0       0       0                        01010000D   4885
     110       0       0       1       0                               0D   4886
     102    4741       0       0       0                        01010500D   4887
     102       0       0       1       0                               0D   4888
     102    4742       0       0       0                        01010000D   4889
     102       0       0       1       0                               0D   4890
     142    4743       0       0       0                        00010500D   4891
     142       0       0       1       0                               0D   4892
     144    4744       0       0       0                        00000000D   4893
     144       0      -1       1       0                               0D   4894
     110    4745       0       0       0                        01010000D   4895
     110       0       0       1       0                               0D   4896
     110    4746       0       0       0                        01010000D   4897
     110       0       0       1       0                               0D   4898
     120    4747       0       0       0                        01010000D   4899
     120       0       0       1       0                               0D   4900
     126    4748       0       0       0                        01010500D   4901
     126       0       0       2       0                               0D   4902
     100    4750       0       0       0                        01010000D   4903
     100       0       0       1       0                               0D   4904
     126    4751       0       0       0                        01010500D   4905
     126       0       0       2       0                               0D   4906
     110    4753       0       0       0                        01010000D   4907
     110       0       0       1       0                               0D   4908
     126    4754       0       0       0                        01010500D   4909
     126       0       0       2       0                               0D   4910
     124    4756       0       0       0                        00000000D   4911
     124       0       0       4       0                               0D   4912
     100    4760       0       0       0            4911        01010000D   4913
     100       0       0       1       0                               0D   4914
     126    4761       0       0       0                        01010500D   4915
     126       0       0       2       0                               0D   4916
     110    4763       0       0       0                        01010000D   4917
     110       0       0       1       0                               0D   4918
     102    4764       0       0       0                        01010500D   4919
     102       0       0       1       0                               0D   4920
     102    4765       0       0       0                        01010000D   4921
     102       0       0       1       0                               0D   4922
     142    4766       0       0       0                        00010500D   4923
     142       0       0       1       0                               0D   4924
     144    4767       0       0       0                        00000000D   4925
     144       0      -1       1       0                               0D   4926
     110    4768       0       0       0                        01010000D   4927
     110       0       0       1       0                               0D   4928
     110    4769       0       0       0                        01010000D   4929
     110       0       0       1       0                               0D   4930
     120    4770       0       0       0                        01010000D   4931
     120       0       0       1       0                               0D   4932
     126    4771       0       0       0                        01010500D   4933
     126       0       0       2       0                               0D   4934
     124    4773       0       0       0                        00000000D   4935
     124       0       0       4       0                               0D   4936
     100    4777       0       0       0            4935        01010000D   4937
     100       0       0       1       0                               0D   4938
     126    4778       0       0       0                        01010500D   4939
     126       0       0       2       0                               0D   4940
     110    4780       0       0       0                        01010000D   4941
     110       0       0       1       0                               0D   4942
     126    4781       0       0       0                        01010500D   4943
     126       0       0       2       0                               0D   4944
     100    4783       0       0       0                        01010000D   4945
     100       0       0       1       0                               0D   4946
     126    4784       0       0       0                        01010500D   4947
     126       0       0       2       0                               0D   4948
     110    4786       0       0       0                        01010000D   4949
     110       0       0       1       0                               0D   4950
     102    4787       0       0       0                        01010500D   4951
     102       0       0       1       0                               0D   4952
     102    4788       0       0       0                        01010000D   4953
     102       0       0       1       0                               0D   4954
     142    4789       0       0       0                        00010500D   4955
     142       0       0       1       0                               0D   4956
     144    4790       0       0       0                        00000000D   4957
     144       0      -1       1       0                               0D   4958
     110    4791       0       0       0                        01010000D   4959
     110       0       0       1       0                               0D   4960
     110    4792       0       0       0                        01010000D   4961
     110       0       0       1       0                               0D   4962
     120    4793       0       0       0                        01010000D   4963
     120       0       0       1       0                               0D   4964
     126    4794       0       0       0                        01010500D   4965
     126       0       0       2       0                               0D   4966
     100    4796       0       0       0                        01010000D   4967
     100       0       0       1       0                               0D   4968
     126    4797       0       0       0                        01010500D   4969
     126       0       0       2       0                               0D   4970
     110    4799       0       0       0                        01010000D   4971
     110       0       0       1       0                               0D   4972
     126    4800       0       0       0                        01010500D   4973
     126       0       0       2       0                               0D   4974
     124    4802       0       0       0                        00000000D   4975
     124       0       0       4       0                               0D   4976
     100    4806       0       0       0            4975        01010000D   4977
     100       0       0       1       0                               0D   4978
     126    4807       0       0       0                        01010500D   4979
     126       0       0       2       0                               0D   4980
     110    4809       0       0       0                        01010000D   4981
     110       0       0       1       0                               0D   4982
     102    4810       0       0       0                        01010500D   4983
     102       0       0       1       0                               0D   4984
     102    4811       0       0       0                        01010000D   4985
     102       0       0       1       0                               0D   4986
     142    4812       0       0       0                        00010500D   4987
     142       0       0       1       0                               0D   4988
     144    4813       0       0       0                        00000000D   4989
     144       0      -1       1       0                               0D   4990
     110    4814       0       0       0                        01010000D   4991
     110       0       0       1       0                               0D   4992
     110    4815       0       0       0                        01010000D   4993
     110       0       0       1       0                               0D   4994
     120    4816       0       0       0                        01010000D   4995
     120       0       0       1       0                               0D   4996
     126    4817       0       0       0                        01010500D   4997
     126       0       0       2       0                               0D   4998
     100    4819       0       0       0                        01010000D   4999
     100       0       0       1       0                               0D   5000
     126    4820       0       0       0                        01010500D   5001
     126       0       0       2       0                               0D   5002
     110    4822       0       0       0                        01010000D   5003
     110       0       0       1       0                               0D   5004
     126    4823       0       0       0                        01010500D   5005
     126       0       0       2       0                               0D   5006
     124    4825       0       0       0                        00000000D   5007
     124       0       0       4       0                               0D   5008
     100    4829       0       0       0            5007        01010000D   5009
     100       0       0       1       0                               0D   5010
     126    4830       0       0       0                        01010500D   5011
     126       0       0       2       0                               0D   5012
     110    4832       0       0       0                        01010000D   5013
     110       0       0       1       0                               0D   5014
     102    4833       0       0       0                        01010500D   5015
     102       0       0       1       0                               0D   5016
     102    4834       0       0       0                        01010000D   5017
     102       0       0       1       0                               0D   5018
     142    4835       0       0       0                        00010500D   5019
     142       0       0       1       0                               0D   5020
     144    4836       0       0       0                        00000000D   5021
     144       0      -1       1       0                               0D   5022
     110    4837       0       0       0                        01010000D   5023
     110       0       0       1       0                               0D   5024
     110    4838       0       0       0                        01010000D   5025
     110       0       0       1       0                               0D   5026
     120    4839       0       0       0                        01010000D   5027
     120       0       0       1       0                               0D   5028
     126    4840       0       0       0                        01010500D   5029
     126       0       0       2       0                               0D   5030
     124    4842       0       0       0                        00000000D   5031
     124       0       0       4       0                               0D   5032
     100    4846       0       0       0            5031        01010000D   5033
     100       0       0       1       0                               0D   5034
     126    4847       0       0       0                        01010500D   5035
     126       0       0       2       0                               0D   5036
     110    4849       0       0       0                        01010000D   5037
     110       0       0       1       0                               0D   5038
     126    4850       0       0       0                        01010500D   5039
     126       0       0       2       0                               0D   5040
     100    4852       0       0       0                        01010000D   5041
     100       0       0       1       0                               0D   5042
     126    4853       0       0       0                        01010500D   5043
     126       0       0       2       0                               0D   5044
     110    4855       0       0       0                        01010000D   5045
     110       0       0       1       0                               0D   5046
     102    4856       0       0       0                        01010500D   5047
     102       0       0       1       0                               0D   5048
     102    4857       0       0       0                        01010000D   5049
     102       0       0       1       0                               0D   5050
     142    4858       0       0       0                        00010500D   5051
     142       0       0       1       0                               0D   5052
     144    4859       0       0       0                        00000000D   5053
     144       0      -1       1       0                               0D   5054
     110    4860       0       0       0                        01010000D   5055
     110       0       0       1       0                               0D   5056
     110    4861       0       0       0                        01010000D   5057
     110       0       0       1       0                               0D   5058
     120    4862       0       0       0                        01010000D   5059
     120       0       0       1       0                               0D   5060
     126    4863       0       0       0                        01010500D   5061
     126       0       0       2       0                               0D   5062
     100    4865       0       0       0                        01010000D   5063
     100       0       0       1       0                               0D   5064
     126    4866       0       0       0                        01010500D   5065
     126       0       0       2       0                               0D   5066
     110    4868       0       0       0                        01010000D   5067
     110       0       0       1       0                               0D   5068
     126    4869       0       0       0                        01010500D   5069
     126       0       0       2       0                               0D   5070
     124    4871       0       0       0                        00000000D   5071
     124       0       0       4       0                               0D   5072
     100    4875       0       0       0            5071        01010000D   5073
     100       0       0       1       0                               0D   5074
     126    4876       0       0       0                        01010500D   5075
     126       0       0       2       0                               0D   5076
     110    4878       0       0       0                        01010000D   5077
     110       0       0       1       0                               0D   5078
     102    4879       0       0       0                        01010500D   5079
     102       0       0       1       0                               0D   5080
     102    4880       0       0       0                        01010000D   5081
     102       0       0       1       0                               0D   5082
     142    4881       0       0       0                        00010500D   5083
     142       0       0       1       0                               0D   5084
     144    4882       0       0       0                        00000000D   5085
     144       0      -1       1       0                               0D   5086
     110    4883       0       0       0                        01010000D   5087
     110       0       0       1       0                               0D   5088
     110    4884       0       0       0                        01010000D   5089
     110       0       0       1       0                               0D   5090
     120    4885       0       0       0                        01010000D   5091
     120       0       0       1       0                               0D   5092
     126    4886       0       0       0                        01010500D   5093
     126       0       0       2       0                               0D   5094
     100    4888       0       0       0                        01010000D   5095
     100       0       0       1       0                               0D   5096
     126    4889       0       0       0                        01010500D   5097
     126       0       0       2       0                               0D   5098
     110    4891       0       0       0                        01010000D   5099
     110       0       0       1       0                               0D   5100
     126    4892       0       0       0                        01010500D   5101
     126       0       0       2       0                               0D   5102
     124    4894       0       0       0                        00000000D   5103
     124       0       0       4       0                               0D   5104
     100    4898       0       0       0            5103        01010000D   5105
     100       0       0       1       0                               0D   5106
     126    4899       0       0       0                        01010500D   5107
     126       0       0       2       0                               0D   5108
     110    4901       0       0       0                        01010000D   5109
     110       0       0       1       0                               0D   5110
     102    4902       0       0       0                        01010500D   5111
     102       0       0       1       0                               0D   5112
     102    4903       0       0       0                        01010000D   5113
     102       0       0       1       0                               0D   5114
     142    4904       0       0       0                        00010500D   5115
     142       0       0       1       0                               0D   5116
     144    4905       0       0       0                        00000000D   5117
     144       0      -1       1       0                               0D   5118
     110    4906       0       0       0                        01010000D   5119
     110       0       0       1       0                               0D   5120
     110    4907       0       0       0                        01010000D   5121
     110       0       0       1       0                               0D   5122
     120    4908       0       0       0                        01010000D   5123
     120       0       0       1       0                               0D   5124
     126    4909       0       0       0                        01010500D   5125
     126       0       0       2       0                               0D   5126
     124    4911       0       0       0                        00000000D   5127
     124       0       0       4       0                               0D   5128
     100    4915       0       0       0            5127        01010000D   5129
     100       0       0       1       0                               0D   5130
     126    4916       0       0       0                        01010500D   5131
     126       0       0       2       0                               0D   5132
     110    4918       0       0       0                        01010000D   5133
     110       0       0       1       0                               0D   5134
     126    4919       0       0       0                        01010500D   5135
     126       0       0       2       0                               0D   5136
     100    4921       0       0       0                        01010000D   5137
     100       0       0       1       0                               0D   5138
     126    4922       0       0       0                        01010500D   5139
     126       0       0       2       0                               0D   5140
     110    4924       0       0       0                        01010000D   5141
     110       0       0       1       0                               0D   5142
     102    4925       0       0       0                        01010500D   5143
     102       0       0       1       0                               0D   5144
     102    4926       0       0       0                        01010000D   5145
     102       0       0       1       0                               0D   5146
     142    4927       0       0       0                        00010500D   5147
     142       0       0       1       0                               0D   5148
     144    4928       0       0       0                        00000000D   5149
     144       0      -1       1       0                               0D   5150
     110    4929       0       0       0                        01010000D   5151
     110       0       0       1       0                               0D   5152
     110    4930       0       0       0                        01010000D   5153
     110       0       0       1       0                               0D   5154
     120    4931       0       0       0                        01010000D   5155
     120       0       0       1       0                               0D   5156
     126    4932       0       0       0                        01010500D   5157
     126       0       0       2       0                               0D   5158
     100    4934       0       0       0                        01010000D   5159
     100       0       0       1       0                               0D   5160
     126    4935       0       0       0                        01010500D   5161
     126       0       0       2       0                               0D   5162
     110    4937       0       0       0                        01010000D   5163
     110       0       0       1       0                               0D   5164
     126    4938       0       0       0                        01010500D   5165
     126       0       0       2       0                               0D   5166
     124    4940       0       0       0                        00000000D   5167
     124       0       0       4       0                               0D   5168
     100    4944       0       0       0            5167        01010000D   5169
     100       0       0       1       0                               0D   5170
     126    4945       0       0       0                        01010500D   5171
     126       0       0       2       0                               0D   5172
     110    4947       0       0       0                        01010000D   5173
     110       0       0       1       0                               0D   5174
     102    4948       0       0       0                        01010500D   5175
     102       0       0       1       0                               0D   5176
     102    4949       0       0       0                        01010000D   5177
     102       0       0       1       0                               0D   5178
     142    4950       0       0       0                        00010500D   5179
     142       0       0       1       0                               0D   5180
     144    4951       0       0       0                        00000000D   5181
     144       0      -1       1       0                               0D   5182
     110    4952       0       0       0                        01010000D   5183
     110       0       0       1       0                               0D   5184
     110    4953       0       0       0                        01010000D   5185
     110       0       0       1       0                               0D   5186
     120    4954       0       0       0                        01010000D   5187
     120       0       0       1       0                               0D   5188
     126    4955       0       0       0                        01010500D   5189
     126       0       0       2       0                               0D   5190
     100    4957       0       0       0                        01010000D   5191
     100       0       0       1       0                               0D   5192
     126    4958       0       0       0                        01010500D   5193
     126       0       0       2       0                               0D   5194
     110    4960       0       0       0                        01010000D   5195
     110       0       0       1       0                               0D   5196
     126    4961       0       0       0                        01010500D   5197
     126       0       0       2       0                               0D   5198
     124    4963       0       0       0                        00000000D   5199
     124       0       0       4       0                               0D   5200
     100    4967       0       0       0            5199        01010000D   5201
     100       0       0       1       0                               0D   5202
     126    4968       0       0       0                        01010500D   5203
     126       0       0       2       0                               0D   5204
     110    4970       0       0       0                        01010000D   5205
     110       0       0       1       0                               0D   5206
     102    4971       0       0       0                        01010500D   5207
     102       0       0       1       0                               0D   5208
     102    4972       0       0       0                        01010000D   5209
     102       0       0       1       0                               0D   5210
     142    4973       0       0       0                        00010500D   5211
     142       0       0       1       0                               0D   5212
     144    4974       0       0       0                        00000000D   5213
     144       0      -1       1       0                               0D   5214
     110    4975       0       0       0                        01010000D   5215
     110       0       0       1       0                               0D   5216
     110    4976       0       0       0                        01010000D   5217
     110       0       0       1       0                               0D   5218
     120    4977       0       0       0                        01010000D   5219
     120       0       0       1       0                               0D   5220
     126    4978       0       0       0                        01010500D   5221
     126       0       0       2       0                               0D   5222
     124    4980       0       0       0                        00000000D   5223
     124       0       0       4       0                               0D   5224
     100    4984       0       0       0            5223        01010000D   5225
     100       0       0       1       0                               0D   5226
     126    4985       0       0       0                        01010500D   5227
     126       0       0       2       0                               0D   5228
     110    4987       0       0       0                        01010000D   5229
     110       0       0       1       0                               0D   5230
     126    4988       0       0       0                        01010500D   5231
     126       0       0       2       0                               0D   5232
     100    4990       0       0       0                        01010000D   5233
     100       0       0       1       0                               0D   5234
     126    4991       0       0       0                        01010500D   5235
     126       0       0       2       0                               0D   5236
     110    4993       0       0       0                        01010000D   5237
     110       0       0       1       0                               0D   5238
     102    4994       0       0       0                        01010500D   5239
     102       0       0       1       0                               0D   5240
     102    4995       0       0       0                        01010000D   5241
     102       0       0       1       0                               0D   5242
     142    4996       0       0       0                        00010500D   5243
     142       0       0       1       0                               0D   5244
     144    4997       0       0       0                        00000000D   5245
     144       0      -1       1       0                               0D   5246
     110    4998       0       0       0                        01010000D   5247
     110       0       0       1       0                               0D   5248
     110    4999       0       0       0                        01010000D   5249
     110       0       0       1       0                               0D   5250
     120    5000       0       0       0                        01010000D   5251
     120       0       0       1       0                               0D   5252
     126    5001       0       0       0                        01010500D   5253
     126       0       0       2       0                               0D   5254
     100    5003       0       0       0                        01010000D   5255
     100       0       0       1       0                               0D   5256
     126    5004       0       0       0                        01010500D   5257
     126       0       0       2       0                               0D   5258
     110    5006       0       0       0                        01010000D   5259
     110       0       0       1       0                               0D   5260
     126    5007       0       0       0                        01010500D   5261
     126       0       0       2       0                               0D   5262
     124    5009       0       0       0                        00000000D   5263
     124       0       0       4       0                               0D   5264
     100    5013       0       0       0            5263        01010000D   5265
     100       0       0       1       0                               0D   5266
     126    5014       0       0       0                        01010500D   5267
     126       0       0       2       0                               0D   5268
     110    5016       0       0       0                        01010000D   5269
     110       0       0       1       0                               0D   5270
     102    5017       0       0       0                        01010500D   5271
     102       0       0       1       0                               0D   5272
     102    5018       0       0       0                        01010000D   5273
     102       0       0       1       0                               0D   5274
     142    5019       0       0       0                        00010500D   5275
     142       0       0       1       0                               0D   5276
     144    5020       0       0       0                        00000000D   5277
     144       0      -1       1       0                               0D   5278
     110    5021       0       0       0                        01010000D   5279
     110       0       0       1       0                               0D   5280
     110    5022       0       0       0                        01010000D   5281
     110       0       0       1       0                               0D   5282
     120    5023       0       0       0                        01010000D   5283
     120       0       0       1       0                               0D   5284
     126    5024       0       0       0                        01010500D   5285
     126       0       0       2       0                               0D   5286
     100    5026       0       0       0                        01010000D   5287
     100       0       0       1       0                               0D   5288
     126    5027       0       0       0                        01010500D   5289
     126       0       0       2       0                               0D   5290
     110    5029       0       0       0                        01010000D   5291
     110       0       0       1       0                               0D   5292
     126    5030       0       0       0                        01010500D   5293
     126       0       0       2       0                               0D   5294
     124    5032       0       0       0                        00000000D   5295
     124       0       0       4       0                               0D   5296
     100    5036       0       0       0            5295        01010000D   5297
     100       0       0       1       0                               0D   5298
     126    5037       0       0       0                        01010500D   5299
     126       0       0       2       0                               0D   5300
     110    5039       0       0       0                        01010000D   5301
     110       0       0       1       0                               0D   5302
     102    5040       0       0       0                        01010500D   5303
     102       0       0       1       0                               0D   5304
     102    5041       0       0       0                        01010000D   5305
     102       0       0       1       0                               0D   5306
     142    5042       0       0       0                        00010500D   5307
     142       0       0       1       0                               0D   5308
     144    5043       0       0       0                        00000000D   5309
     144       0      -1       1       0                               0D   5310
     110    5044       0       0       0                        01010000D   5311
     110       0       0       1       0                               0D   5312
     110    5045       0       0       0                        01010000D   5313
     110       0       0       1       0                               0D   5314
     120    5046       0       0       0                        01010000D   5315
     120       0       0       1       0                               0D   5316
     126    5047       0       0       0                        01010500D   5317
     126       0       0       2       0                               0D   5318
     124    5049       0       0       0                        00000000D   5319
     124       0       0       4       0                               0D   5320
     100    5053       0       0       0            5319        01010000D   5321
     100       0       0       1       0                               0D   5322
     126    5054       0       0       0                        01010500D   5323
     126       0       0       2       0                               0D   5324
     110    5056       0       0       0                        01010000D   5325
     110       0       0       1       0                               0D   5326
     126    5057       0       0       0                        01010500D   5327
     126       0       0       2       0                               0D   5328
     100    5059       0       0       0                        01010000D   5329
     100       0       0       1       0                               0D   5330
     126    5060       0       0       0                        01010500D   5331
     126       0       0       2       0                               0D   5332
     110    5062       0       0       0                        01010000D   5333
     110       0       0       1       0                               0D   5334
     102    5063       0       0       0                        01010500D   5335
     102       0       0       1       0                               0D   5336
     102    5064       0       0       0                        01010000D   5337
     102       0       0       1       0                               0D   5338
     142    5065       0       0       0                        00010500D   5339
     142       0       0       1       0                               0D   5340
     144    5066       0       0       0                        00000000D   5341
     144       0      -1       1       0                               0D   5342
     110    5067       0       0       0                        01010000D   5343
     110       0       0       1       0                               0D   5344
     110    5068       0       0       0                        01010000D   5345
     110       0       0       1       0                               0D   5346
     120    5069       0       0       0                        01010000D   5347
     120       0       0       1       0                               0D   5348
     126    5070       0       0       0                        01010500D   5349
     126       0       0       2       0                               0D   5350
     100    5072       0       0       0                        01010000D   5351
     100       0       0       1       0                               0D   5352
     126    5073       0       0       0                        01010500D   5353
     126       0       0       2       0                               0D   5354
     110    5075       0       0       0                        01010000D   5355
     110       0       0       1       0                               0D   5356
     126    5076       0       0       0                        01010500D   5357
     126       0       0       2       0                               0D   5358
     124    5078       0       0       0                        00000000D   5359
     124       0       0       4       0                               0D   5360
     100    5082       0       0       0            5359        01010000D   5361
     100       0       0       1       0                               0D   5362
     126    5083       0       0       0                        01010500D   5363
     126       0       0       2       0                               0D   5364
     110    5085       0       0       0                        01010000D   5365
     110       0       0       1       0                               0D   5366
     102    5086       0       0       0                        01010500D   5367
     102       0       0       1       0                               0D   5368
     102    5087       0       0       0                        01010000D   5369
     102       0       0       1       0                               0D   5370
     142    5088       0       0       0                        00010500D   5371
     142       0       0       1       0                               0D   5372
     144    5089       0       0       0                        00000000D   5373
     144       0      -1       1       0                               0D   5374
     110    5090       0       0       0                        01010000D   5375
     110       0       0       1       0                               0D   5376
     110    5091       0       0       0                        01010000D   5377
     110       0       0       1       0                               0D   5378
     120    5092       0       0       0                        01010000D   5379
     120       0       0       1       0                               0D   5380
     126    5093       0       0       0                        01010500D   5381
     126       0       0       2       0                               0D   5382
     100    5095       0       0       0                        01010000D   5383
     100       0       0       1       0                               0D   5384
     126    5096       0       0       0                        01010500D   5385
     126       0       0       2       0                               0D   5386
     110    5098       0       0       0                        01010000D   5387
     110       0       0       1       0                               0D   5388
     126    5099       0       0       0                        01010500D   5389
     126       0       0       2       0                               0D   5390
     124    5101       0       0       0                        00000000D   5391
     124       0       0       4       0                               0D   5392
     100    5105       0       0       0            5391        01010000D   5393
     100       0       0       1       0                               0D   5394
     126    5106       0       0       0                        01010500D   5395
     126       0       0       2       0                               0D   5396
     110    5108       0       0       0                        01010000D   5397
     110       0       0       1       0                               0D   5398
     102    5109       0       0       0                        01010500D   5399
     102       0       0       1       0                               0D   5400
     102    5110       0       0       0                        01010000D   5401
     102       0       0       1       0                               0D   5402
     142    5111       0       0       0                        00010500D   5403
     142       0       0       1       0                               0D   5404
     144    5112       0       0       0                        00000000D   5405
     144       0      -1       1       0                               0D   5406
     110    5113       0       0       0                        01010000D   5407
     110       0       0       1       0                               0D   5408
     110    5114       0       0       0                        01010000D   5409
     110       0       0       1       0                               0D   5410
     120    5115       0       0       0                        01010000D   5411
     120       0       0       1       0                               0D   5412
     126    5116       0       0       0                        01010500D   5413
     126       0       0       2       0                               0D   5414
     124    5118       0       0       0                        00000000D   5415
     124       0       0       4       0                               0D   5416
     100    5122       0       0       0            5415        01010000D   5417
     100       0       0       1       0                               0D   5418
     126    5123       0       0       0                        01010500D   5419
     126       0       0       2       0                               0D   5420
     110    5125       0       0       0                        01010000D   5421
     110       0       0       1       0                               0D   5422
     126    5126       0       0       0                        01010500D   5423
     126       0       0       2       0                               0D   5424
     100    5128       0       0       0                        01010000D   5425
     100       0       0       1       0                               0D   5426
     126    5129       0       0       0                        01010500D   5427
     126       0       0       2       0                               0D   5428
     110    5131       0       0       0                        01010000D   5429
     110       0       0       1       0                               0D   5430
     102    5132       0       0       0                        01010500D   5431
     102       0       0       1       0                               0D   5432
     102    5133       0       0       0                        01010000D   5433
     102       0       0       1       0                               0D   5434
     142    5134       0       0       0                        00010500D   5435
     142       0       0       1       0                               0D   5436
     144    5135       0       0       0                        00000000D   5437
     144       0      -1       1       0                               0D   5438
     110    5136       0       0       0                        01010000D   5439
     110       0       0       1       0                               0D   5440
     110    5137       0       0       0                        01010000D   5441
     110       0       0       1       0                               0D   5442
     120    5138       0       0       0                        01010000D   5443
     120       0       0       1       0                               0D   5444
     126    5139       0       0       0                        01010500D   5445
     126       0       0       2       0                               0D   5446
     100    5141       0       0       0                        01010000D   5447
     100       0       0       1       0                               0D   5448
     126    5142       0       0       0                        01010500D   5449
     126       0       0       2       0                               0D   5450
     110    5144       0       0       0                        01010000D   5451
     110       0       0       1       0                               0D   5452
     126    5145       0       0       0                        01010500D   5453
     126       0       0       2       0                               0D   5454
     124    5147       0       0       0                        00000000D   5455
     124       0       0       4       0                               0D   5456
     100    5151       0       0       0            5455        01010000D   5457
     100       0       0       1       0                               0D   5458
     126    5152       0       0       0                        01010500D   5459
     126       0       0       2       0                               0D   5460
     110    5154       0       0       0                        01010000D   5461
     110       0       0       1       0                               0D   5462
     102    5155       0       0       0                        01010500D   5463
     102       0       0       1       0                               0D   5464
     102    5156       0       0       0                        01010000D   5465
     102       0       0       1       0                               0D   5466
     142    5157       0       0       0                        00010500D   5467
     142       0       0       1       0                               0D   5468
     144    5158       0       0       0                        00000000D   5469
     144       0      -1       1       0                               0D   5470
     110    5159       0       0       0                        01010000D   5471
     110       0       0       1       0                               0D   5472
     110    5160       0       0       0                        01010000D   5473
     110       0       0       1       0                               0D   5474
     120    5161       0       0       0                        01010000D   5475
     120       0       0       1       0                               0D   5476
     126    5162       0       0       0                        01010500D   5477
     126       0       0       2       0                               0D   5478
     100    5164       0       0       0                        01010000D   5479
     100       0       0       1       0                               0D   5480
     126    5165       0       0       0                        01010500D   5481
     126       0       0       2       0                               0D   5482
     110    5167       0       0       0                        01010000D   5483
     110       0       0       1       0                               0D   5484
     126    5168       0       0       0                        01010500D   5485
     126       0       0       2       0                               0D   5486
     124    5170       0       0       0                        00000000D   5487
     124       0       0       4       0                               0D   5488
     100    5174       0       0       0            5487        01010000D   5489
     100       0       0       1       0                               0D   5490
     126    5175       0       0       0                        01010500D   5491
     126       0       0       2       0                               0D   5492
     110    5177       0       0       0                        01010000D   5493
     110       0       0       1       0                               0D   5494
     102    5178       0       0       0                        01010500D   5495
     102       0       0       1       0                               0D   5496
     102    5179       0       0       0                        01010000D   5497
     102       0       0       1       0                               0D   5498
     142    5180       0       0       0                        00010500D   5499
     142       0       0       1       0                               0D   5500
     144    5181       0       0       0                        00000000D   5501
     144       0      -1       1       0                               0D   5502
     110    5182       0       0       0                        01010000D   5503
     110       0       0       1       0                               0D   5504
     110    5183       0       0       0                        01010000D   5505
     110       0       0       1       0                               0D   5506
     120    5184       0       0       0                        01010000D   5507
     120       0       0       1       0                               0D   5508
     126    5185       0       0       0                        01010500D   5509
     126       0       0       2       0                               0D   5510
     124    5187       0       0       0                        00000000D   5511
     124       0       0       4       0                               0D   5512
     100    5191       0       0       0            5511        01010000D   5513
     100       0       0       1       0                               0D   5514
     126    5192       0       0       0                        01010500D   5515
     126       0       0       2       0                               0D   5516
     110    5194       0       0       0                        01010000D   5517
     110       0       0       1       0                               0D   5518
     126    5195       0       0       0                        01010500D   5519
     126       0       0       2       0                               0D   5520
     100    5197       0       0       0                        01010000D   5521
     100       0       0       1       0                               0D   5522
     126    5198       0       0       0                        01010500D   5523
     126       0       0       2       0                               0D   5524
     110    5200       0       0       0                        01010000D   5525
     110       0       0       1       0                               0D   5526
     102    5201       0       0       0                        01010500D   5527
     102       0       0       1       0                               0D   5528
     102    5202       0       0       0                        01010000D   5529
     102       0       0       1       0                               0D   5530
     142    5203       0       0       0                        00010500D   5531
     142       0       0       1       0                               0D   5532
     144    5204       0       0       0                        00000000D   5533
     144       0      -1       1       0                               0D   5534
     110    5205       0       0       0                        01010000D   5535
     110       0       0       1       0                               0D   5536
     110    5206       0       0       0                        01010000D   5537
     110       0       0       1       0                               0D   5538
     120    5207       0       0       0                        01010000D   5539
     120       0       0       1       0                               0D   5540
     126    5208       0       0       0                        01010500D   5541
     126       0       0       2       0                               0D   5542
     100    5210       0       0       0                        01010000D   5543
     100       0       0       1       0                               0D   5544
     126    5211       0       0       0                        01010500D   5545
     126       0       0       2       0                               0D   5546
     110    5213       0       0       0                        01010000D   5547
     110       0       0       1       0                               0D   5548
     126    5214       0       0       0                        01010500D   5549
     126       0       0       2       0                               0D   5550
     124    5216       0       0       0                        00000000D   5551
     124       0       0       4       0                               0D   5552
     100    5220       0       0       0            5551        01010000D   5553
     100       0       0       1       0                               0D   5554
     126    5221       0       0       0                        01010500D   5555
     126       0       0       2       0                               0D   5556
     110    5223       0       0       0                        01010000D   5557
     110       0       0       1       0                               0D   5558
     102    5224       0       0       0                        01010500D   5559
     102       0       0       1       0                               0D   5560
     102    5225       0       0       0                        01010000D   5561
     102       0       0       1       0                               0D   5562
     142    5226       0       0       0                        00010500D   5563
     142       0       0       1       0                               0D   5564
     144    5227       0       0       0                        00000000D   5565
     144       0      -1       1       0                               0D   5566
     110    5228       0       0       0                        01010000D   5567
     110       0       0       1       0                               0D   5568
     110    5229       0       0       0                        01010000D   5569
     110       0       0       1       0                               0D   5570
     120    5230       0       0       0                        01010000D   5571
     120       0       0       1       0                               0D   5572
     126    5231       0       0       0                        01010500D   5573
     126       0       0       2       0                               0D   5574
     100    5233       0       0       0                        01010000D   5575
     100       0       0       1       0                               0D   5576
     126    5234       0       0       0                        01010500D   5577
     126       0       0       2       0                               0D   5578
     110    5236       0       0       0                        01010000D   5579
     110       0       0       1       0                               0D   5580
     126    5237       0       0       0                        01010500D   5581
     126       0       0       2       0                               0D   5582
     124    5239       0       0       0                        00000000D   5583
     124       0       0       4       0                               0D   5584
     100    5243       0       0       0            5583        01010000D   5585
     100       0       0       1       0                               0D   5586
     126    5244       0       0       0                        01010500D   5587
     126       0       0       2       0                               0D   5588
     110    5246       0       0       0                        01010000D   5589
     110       0       0       1       0                               0D   5590
     102    5247       0       0       0                        01010500D   5591
     102       0       0       1       0                               0D   5592
     102    5248       0       0       0                        01010000D   5593
     102       0       0       1       0                               0D   5594
     142    5249       0       0       0                        00010500D   5595
     142       0       0       1       0                               0D   5596
     144    5250       0       0       0                        00000000D   5597
     144       0      -1       1       0                               0D   5598
     110    5251       0       0       0                        01010000D   5599
     110       0       0       1       0                               0D   5600
     110    5252       0       0       0                        01010000D   5601
     110       0       0       1       0                               0D   5602
     120    5253       0       0       0                        01010000D   5603
     120       0       0       1       0                               0D   5604
     126    5254       0       0       0                        01010500D   5605
     126       0       0       2       0                               0D   5606
     124    5256       0       0       0                        00000000D   5607
     124       0       0       4       0                               0D   5608
     100    5260       0       0       0            5607        01010000D   5609
     100       0       0       1       0                               0D   5610
     126    5261       0       0       0                        01010500D   5611
     126       0       0       2       0                               0D   5612
     110    5263       0       0       0                        01010000D   5613
     110       0       0       1       0                               0D   5614
     126    5264       0       0       0                        01010500D   5615
     126       0       0       2       0                               0D   5616
     100    5266       0       0       0                        01010000D   5617
     100       0       0       1       0                               0D   5618
     126    5267       0       0       0                        01010500D   5619
     126       0       0       2       0                               0D   5620
     110    5269       0       0       0                        01010000D   5621
     110       0       0       1       0                               0D   5622
     102    5270       0       0       0                        01010500D   5623
     102       0       0       1       0                               0D   5624
     102    5271       0       0       0                        01010000D   5625
     102       0       0       1       0                               0D   5626
     142    5272       0       0       0                        00010500D   5627
     142       0       0       1       0                               0D   5628
     144    5273       0       0       0                        00000000D   5629
     144       0      -1       1       0                               0D   5630
     110    5274       0       0       0                        01010000D   5631
     110       0       0       1       0                               0D   5632
     110    5275       0       0       0                        01010000D   5633
     110       0       0       1       0                               0D   5634
     120    5276       0       0       0                        01010000D   5635
     120       0       0       1       0                               0D   5636
     126    5277       0       0       0                        01010500D   5637
     126       0       0       2       0                               0D   5638
     100    5279       0       0       0                        01010000D   5639
     100       0       0       1       0                               0D   5640
     126    5280       0       0       0                        01010500D   5641
     126       0       0       2       0                               0D   5642
     110    5282       0       0       0                        01010000D   5643
     110       0       0       1       0                               0D   5644
     126    5283       0       0       0                        01010500D   5645
     126       0       0       2       0                               0D   5646
     124    5285       0       0       0                        00000000D   5647
     124       0       0       4       0                               0D   5648
     100    5289       0       0       0            5647        01010000D   5649
     100       0       0       1       0                               0D   5650
     126    5290       0       0       0                        01010500D   5651
     126       0       0       2       0                               0D   5652
     110    5292       0       0       0                        01010000D   5653
     110       0       0       1       0                               0D   5654
     102    5293       0       0       0                        01010500D   5655
     102       0       0       1       0                               0D   5656
     102    5294       0       0       0                        01010000D   5657
     102       0       0       1       0                               0D   5658
     142    5295       0       0       0                        00010500D   5659
     142       0       0       1       0                               0D   5660
     144    5296       0       0       0                        00000000D   5661
     144       0      -1       1       0                               0D   5662
     110    5297       0       0       0                        01010000D   5663
     110       0       0       1       0                               0D   5664
     110    5298       0       0       0                        01010000D   5665
     110       0       0       1       0                               0D   5666
     120    5299       0       0       0                        01010000D   5667
     120       0       0       1       0                               0D   5668
     126    5300       0       0       0                        01010500D   5669
     126       0       0       2       0                               0D   5670
     100    5302       0       0       0                        01010000D   5671
     100       0       0       1       0                               0D   5672
     126    5303       0       0       0                        01010500D   5673
     126       0       0       2       0                               0D   5674
     110    5305       0       0       0                        01010000D   5675
     110       0       0       1       0                               0D   5676
     126    5306       0       0       0                        01010500D   5677
     126       0       0       2       0                               0D   5678
     124    5308       0       0       0                        00000000D   5679
     124       0       0       4       0                               0D   5680
     100    5312       0       0       0            5679        01010000D   5681
     100       0       0       1       0                               0D   5682
     126    5313       0       0       0                        01010500D   5683
     126       0       0       2       0                               0D   5684
     110    5315       0       0       0                        01010000D   5685
     110       0       0       1       0                               0D   5686
     102    5316       0       0       0                        01010500D   5687
     102       0       0       1       0                               0D   5688
     102    5317       0       0       0                        01010000D   5689
     102       0       0       1       0                               0D   5690
     142    5318       0       0       0                        00010500D   5691
     142       0       0       1       0                               0D   5692
     144    5319       0       0       0                        00000000D   5693
     144       0      -1       1       0                               0D   5694
     110    5320       0       0       0                        01010000D   5695
     110       0       0       1       0                               0D   5696
     110    5321       0       0       0                        01010000D   5697
     110       0       0       1       0                               0D   5698
     120    5322       0       0       0                        01010000D   5699
     120       0       0       1       0                               0D   5700
     126    5323       0       0       0                        01010500D   5701
     126       0       0       2       0                               0D   5702
     124    5325       0       0       0                        00000000D   5703
     124       0       0       4       0                               0D   5704
     100    5329       0       0       0            5703        01010000D   5705
     100       0       0       1       0                               0D   5706
     126    5330       0       0       0                        01010500D   5707
     126       0       0       2       0                               0D   5708
     110    5332       0       0       0                        01010000D   5709
     110       0       0       1       0                               0D   5710
     126    5333       0       0       0                        01010500D   5711
     126       0       0       2       0                               0D   5712
     100    5335       0       0       0                        01010000D   5713
     100       0       0       1       0                               0D   5714
     126    5336       0       0       0                        01010500D   5715
     126       0       0       2       0                               0D   5716
     110    5338       0       0       0                        01010000D   5717
     110       0       0       1       0                               0D   5718
     102    5339       0       0       0                        01010500D   5719
     102       0       0       1       0                               0D   5720
     102    5340       0       0       0                        01010000D   5721
     102       0       0       1       0                               0D   5722
     142    5341       0       0       0                        00010500D   5723
     142       0       0       1       0                               0D   5724
     144    5342       0       0       0                        00000000D   5725
     144       0      -1       1       0                               0D   5726
     110    5343       0       0       0                        01010000D   5727
     110       0       0       1       0                               0D   5728
     110    5344       0       0       0                        01010000D   5729
     110       0       0       1       0                               0D   5730
     120    5345       0       0       0                        01010000D   5731
     120       0       0       1       0                               0D   5732
     126    5346       0       0       0                        01010500D   5733
     126       0       0       2       0                               0D   5734
     100    5348       0       0       0                        01010000D   5735
     100       0       0       1       0                               0D   5736
     126    5349       0       0       0                        01010500D   5737
     126       0       0       2       0                               0D   5738
     110    5351       0       0       0                        01010000D   5739
     110       0       0       1       0                               0D   5740
     126    5352       0       0       0                        01010500D   5741
     126       0       0       2       0                               0D   5742
     124    5354       0       0       0                        00000000D   5743
     124       0       0       4       0                               0D   5744
     100    5358       0       0       0            5743        01010000D   5745
     100       0       0       1       0                               0D   5746
     126    5359       0       0       0                        01010500D   5747
     126       0       0       2       0                               0D   5748
     110    5361       0       0       0                        01010000D   5749
     110       0       0       1       0                               0D   5750
     102    5362       0       0       0                        01010500D   5751
     102       0       0       1       0                               0D   5752
     102    5363       0       0       0                        01010000D   5753
     102       0       0       1       0                               0D   5754
     142    5364       0       0       0                        00010500D   5755
     142       0       0       1       0                               0D   5756
     144    5365       0       0       0                        00000000D   5757
     144       0      -1       1       0                               0D   5758
     110    5366       0       0       0                        01010000D   5759
     110       0       0       1       0                               0D   5760
     110    5367       0       0       0                        01010000D   5761
     110       0       0       1       0                               0D   5762
     120    5368       0       0       0                        01010000D   5763
     120       0       0       1       0                               0D   5764
     126    5369       0       0       0                        01010500D   5765
     126       0       0       2       0                               0D   5766
     100    5371       0       0       0                        01010000D   5767
     100       0       0       1       0                               0D   5768
     126    5372       0       0       0                        01010500D   5769
     126       0       0       2       0                               0D   5770
     110    5374       0       0       0                        01010000D   5771
     110       0       0       1       0                               0D   5772
     126    5375       0       0       0                        01010500D   5773
     126       0       0       2       0                               0D   5774
     124    5377       0       0       0                        00000000D   5775
     124       0       0       4       0                               0D   5776
     100    5381       0       0       0            5775        01010000D   5777
     100       0       0       1       0                               0D   5778
     126    5382       0       0       0                        01010500D   5779
     126       0       0       2       0                               0D   5780
     110    5384       0       0       0                        01010000D   5781
     110       0       0       1       0                               0D   5782
     102    5385       0       0       0                        01010500D   5783
     102       0       0       1       0                               0D   5784
     102    5386       0       0       0                        01010000D   5785
     102       0       0       1       0                               0D   5786
     142    5387       0       0       0                        00010500D   5787
     142       0       0       1       0                               0D   5788
     144    5388       0       0       0                        00000000D   5789
     144       0      -1       1       0                               0D   5790
     110    5389       0       0       0                        01010000D   5791
     110       0       0       1       0                               0D   5792
     110    5390       0       0       0                        01010000D   5793
     110       0       0       1       0                               0D   5794
     120    5391       0       0       0                        01010000D   5795
     120       0       0       1       0                               0D   5796
     126    5392       0       0       0                        01010500D   5797
     126       0       0       2       0                               0D   5798
     124    5394       0       0       0                        00000000D   5799
     124       0       0       4       0                               0D   5800
     100    5398       0       0       0            5799        01010000D   5801
     100       0       0       1       0                               0D   5802
     126    5399       0       0       0                        01010500D   5803
     126       0       0       2       0                               0D   5804
     110    5401       0       0       0                        01010000D   5805
     110       0       0       1       0                               0D   5806
     126    5402       0       0       0                        01010500D   5807
     126       0       0       2       0                               0D   5808
     100    5404       0       0       0                        01010000D   5809
     100       0       0       1       0                               0D   5810
     126    5405       0       0       0                        01010500D   5811
     126       0       0       2       0                               0D   5812
     110    5407       0       0       0                        01010000D   5813
     110       0       0       1       0                               0D   5814
     102    5408       0       0       0                        01010500D   5815
     102       0       0       1       0                               0D   5816
     102    5409       0       0       0                        01010000D   5817
     102       0       0       1       0                               0D   5818
     142    5410       0       0       0                        00010500D   5819
     142       0       0       1       0                               0D   5820
     144    5411       0       0       0                        00000000D   5821
     144       0      -1       1       0                               0D   5822
     110    5412       0       0       0                        01010000D   5823
     110       0       0       1       0                               0D   5824
     110    5413       0       0       0                        01010000D   5825
     110       0       0       1       0                               0D   5826
     120    5414       0       0       0                        01010000D   5827
     120       0       0       1       0                               0D   5828
     126    5415       0       0       0                        01010500D   5829
     126       0       0       2       0                               0D   5830
     100    5417       0       0       0                        01010000D   5831
     100       0       0       1       0                               0D   5832
     126    5418       0       0       0                        01010500D   5833
     126       0       0       2       0                               0D   5834
     110    5420       0       0       0                        01010000D   5835
     110       0       0       1       0                               0D   5836
     126    5421       0       0       0                        01010500D   5837
     126       0       0       2       0                               0D   5838
     124    5423       0       0       0                        00000000D   5839
     124       0       0       4       0                               0D   5840
     100    5427       0       0       0            5839        01010000D   5841
     100       0       0       1       0                               0D   5842
     126    5428       0       0       0                        01010500D   5843
     126       0       0       2       0                               0D   5844
     110    5430       0       0       0                        01010000D   5845
     110       0       0       1       0                               0D   5846
     102    5431       0       0       0                        01010500D   5847
     102       0       0       1       0                               0D   5848
     102    5432       0       0       0                        01010000D   5849
     102       0       0       1       0                               0D   5850
     142    5433       0       0       0                        00010500D   5851
     142       0       0       1       0                               0D   5852
     144    5434       0       0       0                        00000000D   5853
     144       0      -1       1       0                               0D   5854
     110    5435       0       0       0                        01010000D   5855
     110       0       0       1       0                               0D   5856
     110    5436       0       0       0                        01010000D   5857
     110       0       0       1       0                               0D   5858
     120    5437       0       0       0                        01010000D   5859
     120       0       0       1       0                               0D   5860
     126    5438       0       0       0                        01010500D   5861
     126       0       0       2       0                               0D   5862
     100    5440       0       0       0                        01010000D   5863
     100       0       0       1       0                               0D   5864
     126    5441       0       0       0                        01010500D   5865
     126       0       0       2       0                               0D   5866
     110    5443       0       0       0                        01010000D   5867
     110       0       0       1       0                               0D   5868
     126    5444       0       0       0                        01010500D   5869
     126       0       0       2       0                               0D   5870
     124    5446       0       0       0                        00000000D   5871
     124       0       0       4       0                               0D   5872
     100    5450       0       0       0            5871        01010000D   5873
     100       0       0       1       0                               0D   5874
     126    5451       0       0       0                        01010500D   5875
     126       0       0       2       0                               0D   5876
     110    5453       0       0       0                        01010000D   5877
     110       0       0       1       0                               0D   5878
     102    5454       0       0       0                        01010500D   5879
     102       0       0       1       0                               0D   5880
     102    5455       0       0       0                        01010000D   5881
     102       0       0       1       0                               0D   5882
     142    5456       0       0       0                        00010500D   5883
     142       0       0       1       0                               0D   5884
     144    5457       0       0       0                        00000000D   5885
     144       0      -1       1       0                               0D   5886
     110    5458       0       0       0                        01010000D   5887
     110       0       0       1       0                               0D   5888
     110    5459       0       0       0                        01010000D   5889
     110       0       0       1       0                               0D   5890
     120    5460       0       0       0                        01010000D   5891
     120       0       0       1       0                               0D   5892
     126    5461       0       0       0                        01010500D   5893
     126       0       0       2       0                               0D   5894
     100    5463       0       0       0                        01010000D   5895
     100       0       0       1       0                               0D   5896
     126    5464       0       0       0                        01010500D   5897
     126       0       0       2       0                               0D   5898
     110    5466       0       0       0                        01010000D   5899
     110       0       0       1       0                               0D   5900
     126    5467       0       0       0                        01010500D   5901
     126       0       0       2       0                               0D   5902
     124    5469       0       0       0                        00000000D   5903
     124       0       0       4       0                               0D   5904
     100    5473       0       0       0            5903        01010000D   5905
     100       0       0       1       0                               0D   5906
     126    5474       0       0       0                        01010500D   5907
     126       0       0       2       0                               0D   5908
     110    5476       0       0       0                        01010000D   5909
     110       0       0       1       0                               0D   5910
     102    5477       0       0       0                        01010500D   5911
     102       0       0       1       0                               0D   5912
     102    5478       0       0       0                        01010000D   5913
     102       0       0       1       0                               0D   5914
     142    5479       0       0       0                        00010500D   5915
     142       0       0       1       0                               0D   5916
     144    5480       0       0       0                        00000000D   5917
     144       0      -1       1       0                               0D   5918
     110    5481       0       0       0                        01010000D   5919
     110       0       0       1       0                               0D   5920
     110    5482       0       0       0                        01010000D   5921
     110       0       0       1       0                               0D   5922
     120    5483       0       0       0                        01010000D   5923
     120       0       0       1       0                               0D   5924
     126    5484       0       0       0                        01010500D   5925
     126       0       0       2       0                               0D   5926
     110    5486       0       0       0                        01010000D   5927
     110       0       0       1       0                               0D   5928
     126    5487       0       0       0                        01010500D   5929
     126       0       0       2       0                               0D   5930
     124    5489       0       0       0                        00000000D   5931
     124       0       0       3       0                               0D   5932
     100    5492       0       0       0            5931        01010000D   5933
     100       0       0       1       0                               0D   5934
     126    5493       0       0       0                        01010500D   5935
     126       0       0       2       0                               0D   5936
     110    5495       0       0       0                        01010000D   5937
     110       0       0       1       0                               0D   5938
     126    5496       0       0       0                        01010500D   5939
     126       0       0       2       0                               0D   5940
     100    5498       0       0       0                        01010000D   5941
     100       0       0       1       0                               0D   5942
     102    5499       0       0       0                        01010500D   5943
     102       0       0       1       0                               0D   5944
     102    5500       0       0       0                        01010000D   5945
     102       0       0       1       0                               0D   5946
     142    5501       0       0       0                        00010500D   5947
     142       0       0       1       0                               0D   5948
     144    5502       0       0       0                        00000000D   5949
     144       0      -1       1       0                               0D   5950
     110    5503       0       0       0                        01010000D   5951
     110       0       0       1       0                               0D   5952
     110    5504       0       0       0                        01010000D   5953
     110       0       0       1       0                               0D   5954
     120    5505       0       0       0                        01010000D   5955
     120       0       0       1       0                               0D   5956
     126    5506       0       0       0                        01010500D   5957
     126       0       0       2       0                               0D   5958
     110    5508       0       0       0                        01010000D   5959
     110       0       0       1       0                               0D   5960
     126    5509       0       0       0                        01010500D   5961
     126       0       0       2       0                               0D   5962
     124    5511       0       0       0                        00000000D   5963
     124       0       0       4       0                               0D   5964
     100    5515       0       0       0            5963        01010000D   5965
     100       0       0       1       0                               0D   5966
     126    5516       0       0       0                        01010500D   5967
     126       0       0       2       0                               0D   5968
     110    5518       0       0       0                        01010000D   5969
     110       0       0       1       0                               0D   5970
     126    5519       0       0       0                        01010500D   5971
     126       0       0       2       0                               0D   5972
     100    5521       0       0       0                        01010000D   5973
     100       0       0       1       0                               0D   5974
     102    5522       0       0       0                        01010500D   5975
     102       0       0       1       0                               0D   5976
     102    5523       0       0       0                        01010000D   5977
     102       0       0       1       0                               0D   5978
     142    5524       0       0       0                        00010500D   5979
     142       0       0       1       0                               0D   5980
     144    5525       0       0       0                        00000000D   5981
     144       0      -1       1       0                               0D   5982
     110    5526       0       0       0                        01010000D   5983
     110       0       0       1       0                               0D   5984
     110    5527       0       0       0                        01010000D   5985
     110       0       0       1       0                               0D   5986
     120    5528       0       0       0                        01010000D   5987
     120       0       0       1       0                               0D   5988
     126    5529       0       0       0                        01010500D   5989
     126       0       0       2       0                               0D   5990
     110    5531       0       0       0                        01010000D   5991
     110       0       0       1       0                               0D   5992
     126    5532       0       0       0                        01010500D   5993
     126       0       0       2       0                               0D   5994
     124    5534       0       0       0                        00000000D   5995
     124       0       0       4       0                               0D   5996
     100    5538       0       0       0            5995        01010000D   5997
     100       0       0       1       0                               0D   5998
     126    5539       0       0       0                        01010500D   5999
     126       0       0       2       0                               0D   6000
     110    5541       0       0       0                        01010000D   6001
     110       0       0       1       0                               0D   6002
     126    5542       0       0       0                        01010500D   6003
     126       0       0       2       0                               0D   6004
     100    5544       0       0       0                        01010000D   6005
     100       0       0       1       0                               0D   6006
     102    5545       0       0       0                        01010500D   6007
     102       0       0       1       0                               0D   6008
     102    5546       0       0       0                        01010000D   6009
     102       0       0       1       0                               0D   6010
     142    5547       0       0       0                        00010500D   6011
     142       0       0       1       0                               0D   6012
     144    5548       0       0       0                        00000000D   6013
     144       0      -1       1       0                               0D   6014
     110    5549       0       0       0                        01010000D   6015
     110       0       0       1       0                               0D   6016
     110    5550       0       0       0                        01010000D   6017
     110       0       0       1       0                               0D   6018
     120    5551       0       0       0                        01010000D   6019
     120       0       0       1       0                               0D   6020
     126    5552       0       0       0                        01010500D   6021
     126       0       0       2       0                               0D   6022
     110    5554       0       0       0                        01010000D   6023
     110       0       0       1       0                               0D   6024
     126    5555       0       0       0                        01010500D   6025
     126       0       0       2       0                               0D   6026
     124    5557       0       0       0                        00000000D   6027
     124       0       0       2       0                               0D   6028
     100    5559       0       0       0            6027        01010000D   6029
     100       0       0       1       0                               0D   6030
     126    5560       0       0       0                        01010500D   6031
     126       0       0       2       0                               0D   6032
     110    5562       0       0       0                        01010000D   6033
     110       0       0       1       0                               0D   6034
     126    5563       0       0       0                        01010500D   6035
     126       0       0       2       0                               0D   6036
     100    5565       0       0       0                        01010000D   6037
     100       0       0       1       0                               0D   6038
     102    5566       0       0       0                        01010500D   6039
     102       0       0       1       0                               0D   6040
     102    5567       0       0       0                        01010000D   6041
     102       0       0       1       0                               0D   6042
     142    5568       0       0       0                        00010500D   6043
     142       0       0       1       0                               0D   6044
     144    5569       0       0       0                        00000000D   6045
     144       0      -1       1       0                               0D   6046
     110    5570       0       0       0                        01010000D   6047
     110       0       0       1       0                               0D   6048
     110    5571       0       0       0                        01010000D   6049
     110       0       0       1       0                               0D   6050
     120    5572       0       0       0                        01010000D   6051
     120       0       0       1       0                               0D   6052
     126    5573       0       0       0                        01010500D   6053
     126       0       0       2       0                               0D   6054
     100    5575       0       0       0                        01010000D   6055
     100       0       0       1       0                               0D   6056
     126    5576       0       0       0                        01010500D   6057
     126       0       0       2       0                               0D   6058
     110    5578       0       0       0                        01010000D   6059
     110       0       0       1       0                               0D   6060
     126    5579       0       0       0                        01010500D   6061
     126       0       0       2       0                               0D   6062
     124    5581       0       0       0                        00000000D   6063
     124       0       0       4       0                               0D   6064
     100    5585       0       0       0            6063        01010000D   6065
     100       0       0       1       0                               0D   6066
     126    5586       0       0       0                        01010500D   6067
     126       0       0       2       0                               0D   6068
     110    5588       0       0       0                        01010000D   6069
     110       0       0       1       0                               0D   6070
     102    5589       0       0       0                        01010500D   6071
     102       0       0       1       0                               0D   6072
     102    5590       0       0       0                        01010000D   6073
     102       0       0       1       0                               0D   6074
     142    5591       0       0       0                        00010500D   6075
     142       0       0       1       0                               0D   6076
     144    5592       0       0       0                        00000000D   6077
     144       0      -1       1       0                               0D   6078
     110    5593       0       0       0                        01010000D   6079
     110       0       0       1       0                               0D   6080
     110    5594       0       0       0                        01010000D   6081
     110       0       0       1       0                               0D   6082
     120    5595       0       0       0                        01010000D   6083
     120       0       0       1       0                               0D   6084
     126    5596       0       0       0                        01010500D   6085
     126       0       0       2       0                               0D   6086
     100    5598       0       0       0                        01010000D   6087
     100       0       0       1       0                               0D   6088
     126    5599       0       0       0                        01010500D   6089
     126       0       0       2       0                               0D   6090
     110    5601       0       0       0                        01010000D   6091
     110       0       0       1       0                               0D   6092
     126    5602       0       0       0                        01010500D   6093
     126       0       0       2       0                               0D   6094
     124    5604       0       0       0                        00000000D   6095
     124       0       0       2       0                               0D   6096
     100    5606       0       0       0            6095        01010000D   6097
     100       0       0       1       0                               0D   6098
     126    5607       0       0       0                        01010500D   6099
     126       0       0       2       0                               0D   6100
     110    5609       0       0       0                        01010000D   6101
     110       0       0       1       0                               0D   6102
     102    5610       0       0       0                        01010500D   6103
     102       0       0       1       0                               0D   6104
     102    5611       0       0       0                        01010000D   6105
     102       0       0       1       0                               0D   6106
     142    5612       0       0       0                        00010500D   6107
     142       0       0       1       0                               0D   6108
     144    5613       0       0       0                        00000000D   6109
     144       0      -1       1       0                               0D   6110
     110    5614       0       0       0                        01010000D   6111
     110       0       0       1       0                               0D   6112
     110    5615       0       0       0                        01010000D   6113
     110       0       0       1       0                               0D   6114
     120    5616       0       0       0                        01010000D   6115
     120       0       0       1       0                               0D   6116
     126    5617       0       0       0                        01010500D   6117
     126       0       0       2       0                               0D   6118
     110    5619       0       0       0                        01010000D   6119
     110       0       0       1       0                               0D   6120
     126    5620       0       0       0                        01010500D   6121
     126       0       0       2       0                               0D   6122
     124    5622       0       0       0                        00000000D   6123
     124       0       0       4       0                               0D   6124
     100    5626       0       0       0            6123        01010000D   6125
     100       0       0       1       0                               0D   6126
     126    5627       0       0       0                        01010500D   6127
     126       0       0       2       0                               0D   6128
     110    5629       0       0       0                        01010000D   6129
     110       0       0       1       0                               0D   6130
     126    5630       0       0       0                        01010500D   6131
     126       0       0       2       0                               0D   6132
     100    5632       0       0       0                        01010000D   6133
     100       0       0       1       0                               0D   6134
     102    5633       0       0       0                        01010500D   6135
     102       0       0       1       0                               0D   6136
     102    5634       0       0       0                        01010000D   6137
     102       0       0       1       0                               0D   6138
     142    5635       0       0       0                        00010500D   6139
     142       0       0       1       0                               0D   6140
     144    5636       0       0       0                        00000000D   6141
     144       0      -1       1       0                               0D   6142
     110    5637       0       0       0                        01010000D   6143
     110       0       0       1       0                               0D   6144
     110    5638       0       0       0                        01010000D   6145
     110       0       0       1       0                               0D   6146
     120    5639       0       0       0                        01010000D   6147
     120       0       0       1       0                               0D   6148
     126    5640       0       0       0                        01010500D   6149
     126       0       0       2       0                               0D   6150
     110    5642       0       0       0                        01010000D   6151
     110       0       0       1       0                               0D   6152
     126    5643       0       0       0                        01010500D   6153
     126       0       0       2       0                               0D   6154
     124    5645       0       0       0                        00000000D   6155
     124       0       0       4       0                               0D   6156
     100    5649       0       0       0            6155        01010000D   6157
     100       0       0       1       0                               0D   6158
     126    5650       0       0       0                        01010500D   6159
     126       0       0       2       0                               0D   6160
     110    5652       0       0       0                        01010000D   6161
     110       0       0       1       0                               0D   6162
     126    5653       0       0       0                        01010500D   6163
     126       0       0       2       0                               0D   6164
     100    5655       0       0       0                        01010000D   6165
     100       0       0       1       0                               0D   6166
     102    5656       0       0       0                        01010500D   6167
     102       0       0       1       0                               0D   6168
     102    5657       0       0       0                        01010000D   6169
     102       0       0       1       0                               0D   6170
     142    5658       0       0       0                        00010500D   6171
     142       0       0       1       0                               0D   6172
     144    5659       0       0       0                        00000000D   6173
     144       0      -1       1       0                               0D   6174
     110    5660       0       0       0                        01010000D   6175
     110       0       0       1       0                               0D   6176
     110    5661       0       0       0                        01010000D   6177
     110       0       0       1       0                               0D   6178
     120    5662       0       0       0                        01010000D   6179
     120       0       0       1       0                               0D   6180
     126    5663       0       0       0                        01010500D   6181
     126       0       0       2       0                               0D   6182
     100    5665       0       0       0                        01010000D   6183
     100       0       0       1       0                               0D   6184
     126    5666       0       0       0                        01010500D   6185
     126       0       0       2       0                               0D   6186
     110    5668       0       0       0                        01010000D   6187
     110       0       0       1       0                               0D   6188
     126    5669       0       0       0                        01010500D   6189
     126       0       0       2       0                               0D   6190
     124    5671       0       0       0                        00000000D   6191
     124       0       0       4       0                               0D   6192
     100    5675       0       0       0            6191        01010000D   6193
     100       0       0       1       0                               0D   6194
     126    5676       0       0       0                        01010500D   6195
     126       0       0       2       0                               0D   6196
     110    5678       0       0       0                        01010000D   6197
     110       0       0       1       0                               0D   6198
     102    5679       0       0       0                        01010500D   6199
     102       0       0       1       0                               0D   6200
     102    5680       0       0       0                        01010000D   6201
     102       0       0       1       0                               0D   6202
     142    5681       0       0       0                        00010500D   6203
     142       0       0       1       0                               0D   6204
     144    5682       0       0       0                        00000000D   6205
     144       0      -1       1       0                               0D   6206
     110    5683       0       0       0                        01010000D   6207
     110       0       0       1       0                               0D   6208
     110    5684       0       0       0                        01010000D   6209
     110       0       0       1       0                               0D   6210
     120    5685       0       0       0                        01010000D   6211
     120       0       0       1       0                               0D   6212
     126    5686       0       0       0                        01010500D   6213
     126       0       0       2       0                               0D   6214
     110    5688       0       0       0                        01010000D   6215
     110       0       0       1       0                               0D   6216
     126    5689       0       0       0                        01010500D   6217
     126       0       0       2       0                               0D   6218
     124    5691       0       0       0                        00000000D   6219
     124       0       0       4       0                               0D   6220
     100    5695       0       0       0            6219        01010000D   6221
     100       0       0       1       0                               0D   6222
     126    5696       0       0       0                        01010500D   6223
     126       0       0       2       0                               0D   6224
     110    5698       0       0       0                        01010000D   6225
     110       0       0       1       0                               0D   6226
     126    5699       0       0       0                        01010500D   6227
     126       0       0       2       0                               0D   6228
     100    5701       0       0       0                        01010000D   6229
     100       0       0       1       0                               0D   6230
     102    5702       0       0       0                        01010500D   6231
     102       0       0       1       0                               0D   6232
     102    5703       0       0       0                        01010000D   6233
     102       0       0       1       0                               0D   6234
     142    5704       0       0       0                        00010500D   6235
     142       0       0       1       0                               0D   6236
     144    5705       0       0       0                        00000000D   6237
     144       0      -1       1       0                               0D   6238
     110    5706       0       0       0                        01010000D   6239
     110       0       0       1       0                               0D   6240
     110    5707       0       0       0                        01010000D   6241
     110       0       0       1       0                               0D   6242
     120    5708       0       0       0                        01010000D   6243
     120       0       0       1       0                               0D   6244
     126    5709       0       0       0                        01010500D   6245
     126       0       0       2       0                               0D   6246
     110    5711       0       0       0                        01010000D   6247
     110       0       0       1       0                               0D   6248
     126    5712       0       0       0                        01010500D   6249
     126       0       0       2       0                               0D   6250
     124    5714       0       0       0                        00000000D   6251
     124       0       0       2       0                               0D   6252
     100    5716       0       0       0            6251        01010000D   6253
     100       0       0       1       0                               0D   6254
     126    5717       0       0       0                        01010500D   6255
     126       0       0       2       0                               0D   6256
     110    5719       0       0       0                        01010000D   6257
     110       0       0       1       0                               0D   6258
     126    5720       0       0       0                        01010500D   6259
     126       0       0       2       0                               0D   6260
     100    5722       0       0       0                        01010000D   6261
     100       0       0       1       0                               0D   6262
     102    5723       0       0       0                        01010500D   6263
     102       0       0       1       0                               0D   6264
     102    5724       0       0       0                        01010000D   6265
     102       0       0       1       0                               0D   6266
     142    5725       0       0       0                        00010500D   6267
     142       0       0       1       0                               0D   6268
     144    5726       0       0       0                        00000000D   6269
     144       0      -1       1       0                               0D   6270
314,79.2156862745098,81.9607843137255,93.3333333333333,;               1P      1
110,232.,-235.,1000.,232.,-235.,0.;                                    3P      2
110,226.5,-235.,0.5,226.,-235.,0.;                                     5P      3
120,3,5,0.,6.28318530717959;                                           7P      4
126,1,1,1,0,1,0,0.,0.,1.,1.,1.,1.,0.,6.283185307,0.,1.,                9P      5
6.283185307,0.,0.,1.,0.,0.,1.;                                         9P      6
110,226.5,-235.,0.5,226.,-235.,0.;                                    11P      7
126,1,1,1,0,1,0,0.,0.,1.,1.,1.,1.,1.,6.283185307,0.,1.,               13P      8
3.141592654,0.,0.,1.,0.,0.,1.;                                        13P      9
100,0.,232.,-235.,226.,-235.,238.,-235.;                              15P     10
126,1,1,1,0,1,0,0.,0.,1.,1.,1.,1.,1.,3.141592654,0.,0.,               17P     11
3.141592654,0.,0.,1.,0.,0.,1.;                                        17P     12
110,238.,-235.,0.,237.5,-235.,0.5;                                    19P     13
126,1,1,1,0,1,0,0.,0.,1.,1.,1.,1.,0.,3.141592654,0.,0.,               21P     14
6.283185307,0.,0.,1.,0.,0.,1.;                                        21P     15
124,1.,-7.105427357601E-15,0.,-1.67421632113472E-12,                  23P     16
-7.105427357601E-15,-1.,6.98296267768627E-15,-469.999999999998,       23P     17
-4.96169340471387E-29,-6.98296267768627E-15,-1.,                      23P     18
0.999999999998349;                                                    23P     19
100,0.5,232.,-235.,237.5,-235.,226.5,-235.;                           25P     20
102,4,9,13,17,21;                                                     27P     21
102,4,11,15,19,25;                                                    29P     22
142,1,7,27,29,1;                                                      31P     23
144,7,1,0,31;                                                         33P     24
110,232.,-235.,0.,232.,-235.,-1000.;                                  35P     25
110,226.5,-235.,11.5,226.5,-235.,0.5;                                 37P     26
120,35,37,0.,6.28318530717959;                                        39P     27
126,1,1,1,0,1,0,0.,0.,1.,1.,1.,1.,0.,6.283185307,0.,1.,               41P     28
6.283185307,0.,0.,1.,0.,0.,1.;                                        41P     29
110,226.5,-235.,11.5,226.5,-235.,0.5;                                 43P     30
126,1,1,1,0,1,0,0.,0.,1.,1.,1.,1.,1.,6.283185307,0.,1.,               45P     31
3.141592654,0.,0.,1.,0.,0.,1.;                                        45P     32
100,0.5,232.,-235.,226.5,-235.,237.5,-235.;                           47P     33
126,1,1,1,0,1,0,0.,0.,1.,1.,1.,1.,1.,3.141592654,0.,0.,               49P     34
3.141592654,0.,0.,1.,0.,0.,1.;                                        49P     35
110,237.5,-235.,0.5,237.5,-235.,11.5;                                 51P     36
126,1,1,1,0,1,0,0.,0.,1.,1.,1.,1.,0.,3.141592654,0.,0.,               53P     37
6.283185307,0.,0.,1.,0.,0.,1.;                                        53P     38
124,1.,-7.105427357601E-15,0.,-1.67421632113472E-12,                  55P     39
-7.105427357601E-15,-1.,6.98296267768627E-15,-469.999999999998,       55P     40
-4.96169340471387E-29,-6.98296267768627E-15,-1.,                      55P     41
22.9999999999984;                                                     55P     42
100,11.5,232.,-235.,237.5,-235.,226.5,-235.;                          57P     43
102,4,41,45,49,53;                                                    59P     44
102,4,43,47,51,57;                                                    61P     45
142,1,39,59,61,1;                                                     63P     46
144,39,1,0,63;                                                        65P     47
110,232.,-235.,-988.5,232.,-235.,11.5;                                67P     48
110,237.5,-235.,11.5,238.,-235.,12.;                                  69P     49
120,67,69,0.,6.28318530717959;                                        71P     50
126,1,1,1,0,1,0,0.,0.,1.,1.,1.,1.,0.,6.283185307,0.,1.,               73P     51
6.283185307,0.,0.,1.,0.,0.,1.;                                        73P     52
110,237.5,-235.,11.5,238.,-235.,12.;                                  75P     53
126,1,1,1,0,1,0,0.,0.,1.,1.,1.,1.,1.,6.283185307,0.,1.,               77P     54
3.141592654,0.,0.,1.,0.,0.,1.;                                        77P     55
124,1.,-7.105427357601E-15,0.,-1.67421632113472E-12,                  79P     56
-7.105427357601E-15,-1.,6.98296267768627E-15,-469.999999999998,       79P     57
-4.96169340471387E-29,-6.98296267768627E-15,-1.,                      79P     58
23.9999999999984;                                                     79P     59
100,12.,232.,-235.,238.,-235.,226.,-235.;                             81P     60
126,1,1,1,0,1,0,0.,0.,1.,1.,1.,1.,1.,3.141592654,0.,0.,               83P     61
3.141592654,0.,0.,1.,0.,0.,1.;                                        83P     62
110,226.,-235.,12.,226.5,-235.,11.5;                                  85P     63
126,1,1,1,0,1,0,0.,0.,1.,1.,1.,1.,0.,3.141592654,0.,0.,               87P     64
6.283185307,0.,0.,1.,0.,0.,1.;                                        87P     65
100,11.5,232.,-235.,226.5,-235.,237.5,-235.;                          89P     66
102,4,73,77,83,87;                                                    91P     67
102,4,75,81,85,89;                                                    93P     68
142,1,71,91,93,1;                                                     95P     69
144,71,1,0,95;                                                        97P     70
110,232.,-141.,1000.,232.,-141.,0.;                                   99P     71
110,226.5,-141.,0.5,226.,-141.,0.;                                   101P     72
120,99,101,0.,6.28318530717959;                                      103P     73
126,1,1,1,0,1,0,0.,0.,1.,1.,1.,1.,0.,6.283185307,0.,1.,              105P     74
6.283185307,0.,0.,1.,0.,0.,1.;                                       105P     75
110,226.5,-141.,0.5,226.,-141.,0.;                                   107P     76
126,1,1,1,0,1,0,0.,0.,1.,1.,1.,1.,1.,6.283185307,0.,1.,              109P     77
3.141592654,0.,0.,1.,0.,0.,1.;                                       109P     78
100,0.,232.,-141.,226.,-141.,238.,-141.;                             111P     79
126,1,1,1,0,1,0,0.,0.,1.,1.,1.,1.,1.,3.141592654,0.,0.,              113P     80
3.141592654,0.,0.,1.,0.,0.,1.;                                       113P     81
110,238.,-141.,0.,237.5,-141.,0.5;                                   115P     82
126,1,1,1,0,1,0,0.,0.,1.,1.,1.,1.,0.,3.141592654,0.,0.,              117P     83
6.283185307,0.,0.,1.,0.,0.,1.;                                       117P     84
124,1.,-7.105427357601E-15,0.,-1.00452979268083E-12,                 119P     85
-7.105427357601E-15,-1.,6.98296267768627E-15,-281.999999999998,      119P     86
-4.96169340471387E-29,-6.98296267768627E-15,-1.,                     119P     87
0.999999999999006;                                                   119P     88
100,0.5,232.,-141.,237.5,-141.,226.5,-141.;                          121P     89
102,4,105,109,113,117;                                               123P     90
102,4,107,111,115,121;                                               125P     91
142,1,103,123,125,1;                                                 127P     92
144,103,1,0,127;                                                     129P     93
110,232.,-141.,0.,232.,-141.,-1000.;                                 131P     94
110,226.5,-141.,11.5,226.5,-141.,0.5;                                133P     95
120,131,133,0.,6.28318530717959;                                     135P     96
126,1,1,1,0,1,0,0.,0.,1.,1.,1.,1.,0.,6.283185307,0.,1.,              137P     97
6.283185307,0.,0.,1.,0.,0.,1.;                                       137P     98
110,226.5,-141.,11.5,226.5,-141.,0.5;                                139P     99
126,1,1,1,0,1,0,0.,0.,1.,1.,1.,1.,1.,6.283185307,0.,1.,              141P    100
3.141592654,0.,0.,1.,0.,0.,1.;                                       141P    101
100,0.5,232.,-141.,226.5,-141.,237.5,-141.;                          143P    102
126,1,1,1,0,1,0,0.,0.,1.,1.,1.,1.,1.,3.141592654,0.,0.,              145P    103
3.141592654,0.,0.,1.,0.,0.,1.;                                       145P    104
110,237.5,-141.,0.5,237.5,-141.,11.5;                                147P    105
126,1,1,1,0,1,0,0.,0.,1.,1.,1.,1.,0.,3.141592654,0.,0.,              149P    106
6.283185307,0.,0.,1.,0.,0.,1.;                                       149P    107
124,1.,-7.105427357601E-15,0.,-1.00452979268083E-12,                 151P    108
-7.105427357601E-15,-1.,6.98296267768627E-15,-281.999999999998,      151P    109
-4.96169340471387E-29,-6.98296267768627E-15,-1.,                     151P    110
22.999999999999;                                                     151P    111
100,11.5,232.,-141.,237.5,-141.,226.5,-141.;                         153P    112
102,4,137,141,145,149;                                               155P    113
102,4,139,143,147,153;                                               157P    114
142,1,135,155,157,1;                                                 159P    115
144,135,1,0,159;                                                     161P    116
110,232.,-141.,-988.5,232.,-141.,11.5;                               163P    117
110,237.5,-141.,11.5,238.,-141.,12.;                                 165P    118
120,163,165,0.,6.28318530717959;                                     167P    119
126,1,1,1,0,1,0,0.,0.,1.,1.,1.,1.,0.,6.283185307,0.,1.,              169P    120
6.283185307,0.,0.,1.,0.,0.,1.;                                       169P    121
110,237.5,-141.,11.5,238.,-141.,12.;                                 171P    122
126,1,1,1,0,1,0,0.,0.,1.,1.,1.,1.,1.,6.283185307,0.,1.,              173P    123
3.141592654,0.,0.,1.,0.,0.,1.;                                       173P    124
124,1.,-7.105427357601E-15,0.,-1.00452979268083E-12,                 175P    125
-7.105427357601E-15,-1.,6.98296267768627E-15,-281.999999999998,      175P    126
-4.96169340471387E-29,-6.98296267768627E-15,-1.,                     175P    127
23.999999999999;                                                     175P    128
100,12.,232.,-141.,238.,-141.,226.,-141.;                            177P    129
126,1,1,1,0,1,0,0.,0.,1.,1.,1.,1.,1.,3.141592654,0.,0.,              179P    130
3.141592654,0.,0.,1.,0.,0.,1.;                                       179P    131
110,226.,-141.,12.,226.5,-141.,11.5;                                 181P    132
126,1,1,1,0,1,0,0.,0.,1.,1.,1.,1.,0.,3.141592654,0.,0.,              183P    133
6.283185307,0.,0.,1.,0.,0.,1.;                                       183P    134
100,11.5,232.,-141.,226.5,-141.,237.5,-141.;                         185P    135
102,4,169,173,179,183;                                               187P    136
102,4,171,177,181,185;                                               189P    137
142,1,167,187,189,1;                                                 191P    138
144,167,1,0,191;                                                     193P    139
110,232.,-47.,1000.,232.,-47.,0.;                                    195P    140
110,226.5,-47.,0.5,226.,-47.,0.;                                     197P    141
120,195,197,0.,6.28318530717959;                                     199P    142
126,1,1,1,0,1,0,0.,0.,1.,1.,1.,1.,0.,6.283185307,0.,1.,              201P    143
6.283185307,0.,0.,1.,0.,0.,1.;                                       201P    144
110,226.5,-47.,0.5,226.,-47.,0.;                                     203P    145
126,1,1,1,0,1,0,0.,0.,1.,1.,1.,1.,1.,6.283185307,0.,1.,              205P    146
3.141592654,0.,0.,1.,0.,0.,1.;                                       205P    147
100,0.,232.,-47.,226.,-47.,238.,-47.;                                207P    148
126,1,1,1,0,1,0,0.,0.,1.,1.,1.,1.,1.,3.141592654,0.,0.,              209P    149
3.141592654,0.,0.,1.,0.,0.,1.;                                       209P    150
110,238.,-47.,0.,237.5,-47.,0.5;                                     211P    151
126,1,1,1,0,1,0,0.,0.,1.,1.,1.,1.,0.,3.141592654,0.,0.,              213P    152
6.283185307,0.,0.,1.,0.,0.,1.;                                       213P    153
124,1.,-7.105427357601E-15,0.,-3.34843264226936E-13,                 215P    154
-7.105427357601E-15,-1.,6.98296267768627E-15,-93.9999999999984,      215P    155
-4.96169340471387E-29,-6.98296267768627E-15,-1.,                     215P    156
0.999999999999662;                                                   215P    157
100,0.5,232.,-47.,237.5,-47.,226.5,-47.;                             217P    158
102,4,201,205,209,213;                                               219P    159
102,4,203,207,211,217;                                               221P    160
142,1,199,219,221,1;                                                 223P    161
144,199,1,0,223;                                                     225P    162
110,232.,-47.,0.,232.,-47.,-1000.;                                   227P    163
110,226.5,-47.,11.5,226.5,-47.,0.5;                                  229P    164
120,227,229,0.,6.28318530717959;                                     231P    165
126,1,1,1,0,1,0,0.,0.,1.,1.,1.,1.,0.,6.283185307,0.,1.,              233P    166
6.283185307,0.,0.,1.,0.,0.,1.;                                       233P    167
110,226.5,-47.,11.5,226.5,-47.,0.5;                                  235P    168
126,1,1,1,0,1,0,0.,0.,1.,1.,1.,1.,1.,6.283185307,0.,1.,              237P    169
3.141592654,0.,0.,1.,0.,0.,1.;                                       237P    170
100,0.5,232.,-47.,226.5,-47.,237.5,-47.;                             239P    171
126,1,1,1,0,1,0,0.,0.,1.,1.,1.,1.,1.,3.141592654,0.,0.,              241P    172
3.141592654,0.,0.,1.,0.,0.,1.;                                       241P    173
110,237.5,-47.,0.5,237.5,-47.,11.5;                                  243P    174
126,1,1,1,0,1,0,0.,0.,1.,1.,1.,1.,0.,3.141592654,0.,0.,              245P    175
6.283185307,0.,0.,1.,0.,0.,1.;                                       245P    176
124,1.,-7.105427357601E-15,0.,-3.34843264226935E-13,                 247P    177
-7.105427357601E-15,-1.,6.98296267768627E-15,-93.9999999999985,      247P    178
-4.96169340471387E-29,-6.98296267768627E-15,-1.,                     247P    179
22.9999999999997;                                                    247P    180
100,11.5,232.,-47.,237.5,-47.,226.5,-47.;                            249P    181
102,4,233,237,241,245;                                               251P    182
102,4,235,239,243,249;                                               253P    183
142,1,231,251,253,1;                                                 255P    184
144,231,1,0,255;                                                     257P    185
110,232.,-47.,-988.5,232.,-47.,11.5;                                 259P    186
110,237.5,-47.,11.5,238.,-47.,12.;                                   261P    187
120,259,261,0.,6.28318530717959;                                     263P    188
126,1,1,1,0,1,0,0.,0.,1.,1.,1.,1.,0.,6.283185307,0.,1.,              265P    189
6.283185307,0.,0.,1.,0.,0.,1.;                                       265P    190
110,237.5,-47.,11.5,238.,-47.,12.;                                   267P    191
126,1,1,1,0,1,0,0.,0.,1.,1.,1.,1.,1.,6.283185307,0.,1.,              269P    192
3.141592654,0.,0.,1.,0.,0.,1.;                                       269P    193
124,1.,-7.105427357601E-15,0.,-3.34843264226935E-13,                 271P    194
-7.105427357601E-15,-1.,6.98296267768627E-15,-93.9999999999985,      271P    195
-4.96169340471387E-29,-6.98296267768627E-15,-1.,                     271P    196
23.9999999999997;                                                    271P    197
100,12.,232.,-47.,238.,-47.,226.,-47.;                               273P    198
126,1,1,1,0,1,0,0.,0.,1.,1.,1.,1.,1.,3.141592654,0.,0.,              275P    199
3.141592654,0.,0.,1.,0.,0.,1.;                                       275P    200
110,226.,-47.,12.,226.5,-47.,11.5;                                   277P    201
126,1,1,1,0,1,0,0.,0.,1.,1.,1.,1.,0.,3.141592654,0.,0.,              279P    202
6.283185307,0.,0.,1.,0.,0.,1.;                                       279P    203
100,11.5,232.,-47.,226.5,-47.,237.5,-47.;                            281P    204
102,4,265,269,275,279;                                               283P    205
102,4,267,273,277,281;                                               285P    206
142,1,263,283,285,1;                                                 287P    207
144,263,1,0,287;                                                     289P    208
110,232.,47.,1000.,232.,47.,0.;                                      291P    209
110,226.5,47.,0.5,226.,47.,0.;                                       293P    210
120,291,293,0.,6.28318530717959;                                     295P    211
126,1,1,1,0,1,0,0.,0.,1.,1.,1.,1.,0.,6.283185307,0.,1.,              297P    212
6.283185307,0.,0.,1.,0.,0.,1.;                                       297P    213
110,226.5,47.,0.5,226.,47.,0.;                                       299P    214
126,1,1,1,0,1,0,0.,0.,1.,1.,1.,1.,1.,6.283185307,0.,1.,              301P    215
3.141592654,0.,0.,1.,0.,0.,1.;                                       301P    216
100,0.,232.,47.,226.,47.,238.,47.;                                   303P    217
126,1,1,1,0,1,0,0.,0.,1.,1.,1.,1.,1.,3.141592654,0.,0.,              305P    218
3.141592654,0.,0.,1.,0.,0.,1.;                                       305P    219
110,238.,47.,0.,237.5,47.,0.5;                                       307P    220
126,1,1,1,0,1,0,0.,0.,1.,1.,1.,1.,0.,3.141592654,0.,0.,              309P    221
6.283185307,0.,0.,1.,0.,0.,1.;                                       309P    222
124,1.,-7.105427357601E-15,0.,3.34843264226959E-13,                  311P    223
-7.105427357601E-15,-1.,6.98296267768627E-15,94.0000000000016,       311P    224
-4.96169340471387E-29,-6.98296267768627E-15,-1.,                     311P    225
1.00000000000032;                                                    311P    226
100,0.5,232.,47.,237.5,47.,226.5,47.;                                313P    227
102,4,297,301,305,309;                                               315P    228
102,4,299,303,307,313;                                               317P    229
142,1,295,315,317,1;                                                 319P    230
144,295,1,0,319;                                                     321P    231
110,232.,47.,0.,232.,47.,-1000.;                                     323P    232
110,226.5,47.,11.5,226.5,47.,0.5;                                    325P    233
120,323,325,0.,6.28318530717959;                                     327P    234
126,1,1,1,0,1,0,0.,0.,1.,1.,1.,1.,0.,6.283185307,0.,1.,              329P    235
6.283185307,0.,0.,1.,0.,0.,1.;                                       329P    236
110,226.5,47.,11.5,226.5,47.,0.5;                                    331P    237
126,1,1,1,0,1,0,0.,0.,1.,1.,1.,1.,1.,6.283185307,0.,1.,              333P    238
3.141592654,0.,0.,1.,0.,0.,1.;                                       333P    239
100,0.5,232.,47.,226.5,47.,237.5,47.;                                335P    240
126,1,1,1,0,1,0,0.,0.,1.,1.,1.,1.,1.,3.141592654,0.,0.,              337P    241
3.141592654,0.,0.,1.,0.,0.,1.;                                       337P    242
110,237.5,47.,0.5,237.5,47.,11.5;                                    339P    243
126,1,1,1,0,1,0,0.,0.,1.,1.,1.,1.,0.,3.141592654,0.,0.,              341P    244
6.283185307,0.,0.,1.,0.,0.,1.;                                       341P    245
124,1.,-7.105427357601E-15,0.,3.34843264226959E-13,                  343P    246
-7.105427357601E-15,-1.,6.98296267768627E-15,94.0000000000015,       343P    247
-4.96169340471387E-29,-6.98296267768627E-15,-1.,                     343P    248
23.0000000000003;                                                    343P    249
100,11.5,232.,47.,237.5,47.,226.5,47.;                               345P    250
102,4,329,333,337,341;                                               347P    251
102,4,331,335,339,345;                                               349P    252
142,1,327,347,349,1;                                                 351P    253
144,327,1,0,351;                                                     353P    254
110,232.,47.,-988.5,232.,47.,11.5;                                   355P    255
110,237.5,47.,11.5,238.,47.,12.;                                     357P    256
120,355,357,0.,6.28318530717959;                                     359P    257
126,1,1,1,0,1,0,0.,0.,1.,1.,1.,1.,0.,6.283185307,0.,1.,              361P    258
6.283185307,0.,0.,1.,0.,0.,1.;                                       361P    259
110,237.5,47.,11.5,238.,47.,12.;                                     363P    260
126,1,1,1,0,1,0,0.,0.,1.,1.,1.,1.,1.,6.283185307,0.,1.,              365P    261
3.141592654,0.,0.,1.,0.,0.,1.;                                       365P    262
124,1.,-7.105427357601E-15,0.,3.34843264226959E-13,                  367P    263
-7.105427357601E-15,-1.,6.98296267768627E-15,94.0000000000015,       367P    264
-4.96169340471387E-29,-6.98296267768627E-15,-1.,                     367P    265
24.0000000000003;                                                    367P    266
100,12.,232.,47.,238.,47.,226.,47.;                                  369P    267
126,1,1,1,0,1,0,0.,0.,1.,1.,1.,1.,1.,3.141592654,0.,0.,              371P    268
3.141592654,0.,0.,1.,0.,0.,1.;                                       371P    269
110,226.,47.,12.,226.5,47.,11.5;                                     373P    270
126,1,1,1,0,1,0,0.,0.,1.,1.,1.,1.,0.,3.141592654,0.,0.,              375P    271
6.283185307,0.,0.,1.,0.,0.,1.;                                       375P    272
100,11.5,232.,47.,226.5,47.,237.5,47.;                               377P    273
102,4,361,365,371,375;                                               379P    274
102,4,363,369,373,377;                                               381P    275
142,1,359,379,381,1;                                                 383P    276
144,359,1,0,383;                                                     385P    277
110,232.,141.,1000.,232.,141.,0.;                                    387P    278
110,226.5,141.,0.5,226.,141.,0.;                                     389P    279
120,387,389,0.,6.28318530717959;                                     391P    280
126,1,1,1,0,1,0,0.,0.,1.,1.,1.,1.,0.,6.283185307,0.,1.,              393P    281
6.283185307,0.,0.,1.,0.,0.,1.;                                       393P    282
110,226.5,141.,0.5,226.,141.,0.;                                     395P    283
126,1,1,1,0,1,0,0.,0.,1.,1.,1.,1.,1.,6.283185307,0.,1.,              397P    284
3.141592654,0.,0.,1.,0.,0.,1.;                                       397P    285
100,0.,232.,141.,226.,141.,238.,141.;                                399P    286
126,1,1,1,0,1,0,0.,0.,1.,1.,1.,1.,1.,3.141592654,0.,0.,              401P    287
3.141592654,0.,0.,1.,0.,0.,1.;                                       401P    288
110,238.,141.,0.,237.5,141.,0.5;                                     403P    289
126,1,1,1,0,1,0,0.,0.,1.,1.,1.,1.,0.,3.141592654,0.,0.,              405P    290
6.283185307,0.,0.,1.,0.,0.,1.;                                       405P    291
124,1.,-7.105427357601E-15,0.,1.00452979268085E-12,                  407P    292
-7.105427357601E-15,-1.,6.98296267768627E-15,282.000000000002,       407P    293
-4.96169340471387E-29,-6.98296267768627E-15,-1.,                     407P    294
1.00000000000098;                                                    407P    295
100,0.5,232.,141.,237.5,141.,226.5,141.;                             409P    296
102,4,393,397,401,405;                                               411P    297
102,4,395,399,403,409;                                               413P    298
142,1,391,411,413,1;                                                 415P    299
144,391,1,0,415;                                                     417P    300
110,232.,141.,0.,232.,141.,-1000.;                                   419P    301
110,226.5,141.,11.5,226.5,141.,0.5;                                  421P    302
120,419,421,0.,6.28318530717959;                                     423P    303
126,1,1,1,0,1,0,0.,0.,1.,1.,1.,1.,0.,6.283185307,0.,1.,              425P    304
6.283185307,0.,0.,1.,0.,0.,1.;                                       425P    305
110,226.5,141.,11.5,226.5,141.,0.5;                                  427P    306
126,1,1,1,0,1,0,0.,0.,1.,1.,1.,1.,1.,6.283185307,0.,1.,              429P    307
3.141592654,0.,0.,1.,0.,0.,1.;                                       429P    308
100,0.5,232.,141.,226.5,141.,237.5,141.;                             431P    309
126,1,1,1,0,1,0,0.,0.,1.,1.,1.,1.,1.,3.141592654,0.,0.,              433P    310
3.141592654,0.,0.,1.,0.,0.,1.;                                       433P    311
110,237.5,141.,0.5,237.5,141.,11.5;                                  435P    312
126,1,1,1,0,1,0,0.,0.,1.,1.,1.,1.,0.,3.141592654,0.,0.,              437P    313
6.283185307,0.,0.,1.,0.,0.,1.;                                       437P    314
124,1.,-7.105427357601E-15,0.,1.00452979268085E-12,                  439P    315
-7.105427357601E-15,-1.,6.98296267768627E-15,282.000000000001,       439P    316
-4.96169340471387E-29,-6.98296267768627E-15,-1.,                     439P    317
23.000000000001;                                                     439P    318
100,11.5,232.,141.,237.5,141.,226.5,141.;                            441P    319
102,4,425,429,433,437;                                               443P    320
102,4,427,431,435,441;                                               445P    321
142,1,423,443,445,1;                                                 447P    322
144,423,1,0,447;                                                     449P    323
110,232.,141.,-988.5,232.,141.,11.5;                                 451P    324
110,237.5,141.,11.5,238.,141.,12.;                                   453P    325
120,451,453,0.,6.28318530717959;                                     455P    326
126,1,1,1,0,1,0,0.,0.,1.,1.,1.,1.,0.,6.283185307,0.,1.,              457P    327
6.283185307,0.,0.,1.,0.,0.,1.;                                       457P    328
110,237.5,141.,11.5,238.,141.,12.;                                   459P    329
126,1,1,1,0,1,0,0.,0.,1.,1.,1.,1.,1.,6.283185307,0.,1.,              461P    330
3.141592654,0.,0.,1.,0.,0.,1.;                                       461P    331
124,1.,-7.105427357601E-15,0.,1.00452979268085E-12,                  463P    332
-7.105427357601E-15,-1.,6.98296267768627E-15,282.000000000001,       463P    333
-4.96169340471387E-29,-6.98296267768627E-15,-1.,                     463P    334
24.000000000001;                                                     463P    335
100,12.,232.,141.,238.,141.,226.,141.;                               465P    336
126,1,1,1,0,1,0,0.,0.,1.,1.,1.,1.,1.,3.141592654,0.,0.,              467P    337
3.141592654,0.,0.,1.,0.,0.,1.;                                       467P    338
110,226.,141.,12.,226.5,141.,11.5;                                   469P    339
126,1,1,1,0,1,0,0.,0.,1.,1.,1.,1.,0.,3.141592654,0.,0.,              471P    340
6.283185307,0.,0.,1.,0.,0.,1.;                                       471P    341
100,11.5,232.,141.,226.5,141.,237.5,141.;                            473P    342
102,4,457,461,467,471;                                               475P    343
102,4,459,465,469,473;                                               477P    344
142,1,455,475,477,1;                                                 479P    345
144,455,1,0,479;                                                     481P    346
110,232.,235.,1000.,232.,235.,0.;                                    483P    347
110,226.5,235.,0.5,226.,235.,0.;                                     485P    348
120,483,485,0.,6.28318530717959;                                     487P    349
126,1,1,1,0,1,0,0.,0.,1.,1.,1.,1.,0.,6.283185307,0.,1.,              489P    350
6.283185307,0.,0.,1.,0.,0.,1.;                                       489P    351
110,226.5,235.,0.5,226.,235.,0.;                                     491P    352
126,1,1,1,0,1,0,0.,0.,1.,1.,1.,1.,1.,6.283185307,0.,1.,              493P    353
3.141592654,0.,0.,1.,0.,0.,1.;                                       493P    354
100,0.,232.,235.,226.,235.,238.,235.;                                495P    355
126,1,1,1,0,1,0,0.,0.,1.,1.,1.,1.,1.,3.141592654,0.,0.,              497P    356
3.141592654,0.,0.,1.,0.,0.,1.;                                       497P    357
110,238.,235.,0.,237.5,235.,0.5;                                     499P    358
126,1,1,1,0,1,0,0.,0.,1.,1.,1.,1.,0.,3.141592654,0.,0.,              501P    359
6.283185307,0.,0.,1.,0.,0.,1.;                                       501P    360
124,1.,-7.105427357601E-15,0.,1.67421632113475E-12,                  503P    361
-7.105427357601E-15,-1.,6.98296267768627E-15,470.000000000002,       503P    362
-4.96169340471387E-29,-6.98296267768627E-15,-1.,                     503P    363
1.00000000000163;                                                    503P    364
100,0.5,232.,235.,237.5,235.,226.5,235.;                             505P    365
102,4,489,493,497,501;                                               507P    366
102,4,491,495,499,505;                                               509P    367
142,1,487,507,509,1;                                                 511P    368
144,487,1,0,511;                                                     513P    369
110,232.,235.,0.,232.,235.,-1000.;                                   515P    370
110,226.5,235.,11.5,226.5,235.,0.5;                                  517P    371
120,515,517,0.,6.28318530717959;                                     519P    372
126,1,1,1,0,1,0,0.,0.,1.,1.,1.,1.,0.,6.283185307,0.,1.,              521P    373
6.283185307,0.,0.,1.,0.,0.,1.;                                       521P    374
110,226.5,235.,11.5,226.5,235.,0.5;                                  523P    375
126,1,1,1,0,1,0,0.,0.,1.,1.,1.,1.,1.,6.283185307,0.,1.,              525P    376
3.141592654,0.,0.,1.,0.,0.,1.;                                       525P    377
100,0.5,232.,235.,226.5,235.,237.5,235.;                             527P    378
126,1,1,1,0,1,0,0.,0.,1.,1.,1.,1.,1.,3.141592654,0.,0.,              529P    379
3.141592654,0.,0.,1.,0.,0.,1.;                                       529P    380
110,237.5,235.,0.5,237.5,235.,11.5;                                  531P    381
126,1,1,1,0,1,0,0.,0.,1.,1.,1.,1.,0.,3.141592654,0.,0.,              533P    382
6.283185307,0.,0.,1.,0.,0.,1.;                                       533P    383
124,1.,-7.105427357601E-15,0.,1.67421632113475E-12,                  535P    384
-7.105427357601E-15,-1.,6.98296267768627E-15,470.000000000002,       535P    385
-4.96169340471387E-29,-6.98296267768627E-15,-1.,                     535P    386
23.0000000000016;                                                    535P    387
100,11.5,232.,235.,237.5,235.,226.5,235.;                            537P    388
102,4,521,525,529,533;                                               539P    389
102,4,523,527,531,537;                                               541P    390
142,1,519,539,541,1;                                                 543P    391
144,519,1,0,543;                                                     545P    392
110,232.,235.,-988.5,232.,235.,11.5;                                 547P    393
110,237.5,235.,11.5,238.,235.,12.;                                   549P    394
120,547,549,0.,6.28318530717959;                                     551P    395
126,1,1,1,0,1,0,0.,0.,1.,1.,1.,1.,0.,6.283185307,0.,1.,              553P    396
6.283185307,0.,0.,1.,0.,0.,1.;                                       553P    397
110,237.5,235.,11.5,238.,235.,12.;                                   555P    398
126,1,1,1,0,1,0,0.,0.,1.,1.,1.,1.,1.,6.283185307,0.,1.,              557P    399
3.141592654,0.,0.,1.,0.,0.,1.;                                       557P    400
124,1.,-7.105427357601E-15,0.,1.67421632113475E-12,                  559P    401
-7.105427357601E-15,-1.,6.98296267768627E-15,470.000000000002,       559P    402
-4.96169340471387E-29,-6.98296267768627E-15,-1.,                     559P    403
24.0000000000016;                                                    559P    404
100,12.,232.,235.,238.,235.,226.,235.;                               561P    405
126,1,1,1,0,1,0,0.,0.,1.,1.,1.,1.,1.,3.141592654,0.,0.,              563P    406
3.141592654,0.,0.,1.,0.,0.,1.;                                       563P    407
110,226.,235.,12.,226.5,235.,11.5;                                   565P    408
126,1,1,1,0,1,0,0.,0.,1.,1.,1.,1.,0.,3.141592654,0.,0.,              567P    409
6.283185307,0.,0.,1.,0.,0.,1.;                                       567P    410
100,11.5,232.,235.,226.5,235.,237.5,235.;                            569P    411
102,4,553,557,563,567;                                               571P    412
102,4,555,561,565,569;                                               573P    413
142,1,551,571,573,1;                                                 575P    414
144,551,1,0,575;                                                     577P    415
110,190.,-270.,1000.,190.,-270.,0.;                                  579P    416
110,184.5,-270.,0.5,184.,-270.,0.;                                   581P    417
120,579,581,0.,6.28318530717959;                                     583P    418
126,1,1,1,0,1,0,0.,0.,1.,1.,1.,1.,0.,6.283185307,0.,1.,              585P    419
6.283185307,0.,0.,1.,0.,0.,1.;                                       585P    420
110,184.5,-270.,0.5,184.,-270.,0.;                                   587P    421
126,1,1,1,0,1,0,0.,0.,1.,1.,1.,1.,1.,6.283185307,0.,1.,              589P    422
3.141592654,0.,0.,1.,0.,0.,1.;                                       589P    423
100,0.,190.,-270.,184.,-270.,196.,-270.;                             591P    424
126,1,1,1,0,1,0,0.,0.,1.,1.,1.,1.,1.,3.141592654,0.,0.,              593P    425
3.141592654,0.,0.,1.,0.,0.,1.;                                       593P    426
110,196.,-270.,0.,195.5,-270.,0.5;                                   595P    427
126,1,1,1,0,1,0,0.,0.,1.,1.,1.,1.,0.,3.141592654,0.,0.,              597P    428
6.283185307,0.,0.,1.,0.,0.,1.;                                       597P    429
124,1.,-7.105427357601E-15,0.,-1.92179605562614E-12,                 599P    430
-7.105427357601E-15,-1.,6.98296267768627E-15,-539.999999999999,      599P    431
-4.96169340471387E-29,-6.98296267768627E-15,-1.,                     599P    432
0.999999999998105;                                                   599P    433
100,0.5,190.,-270.,195.5,-270.,184.5,-270.;                          601P    434
102,4,585,589,593,597;                                               603P    435
102,4,587,591,595,601;                                               605P    436
142,1,583,603,605,1;                                                 607P    437
144,583,1,0,607;                                                     609P    438
110,190.,-270.,0.,190.,-270.,-1000.;                                 611P    439
110,184.5,-270.,11.5,184.5,-270.,0.5;                                613P    440
120,611,613,0.,6.28318530717959;                                     615P    441
126,1,1,1,0,1,0,0.,0.,1.,1.,1.,1.,0.,6.283185307,0.,1.,              617P    442
6.283185307,0.,0.,1.,0.,0.,1.;                                       617P    443
110,184.5,-270.,11.5,184.5,-270.,0.5;                                619P    444
126,1,1,1,0,1,0,0.,0.,1.,1.,1.,1.,1.,6.283185307,0.,1.,              621P    445
3.141592654,0.,0.,1.,0.,0.,1.;                                       621P    446
100,0.5,190.,-270.,184.5,-270.,195.5,-270.;                          623P    447
126,1,1,1,0,1,0,0.,0.,1.,1.,1.,1.,1.,3.141592654,0.,0.,              625P    448
3.141592654,0.,0.,1.,0.,0.,1.;                                       625P    449
110,195.5,-270.,0.5,195.5,-270.,11.5;                                627P    450
126,1,1,1,0,1,0,0.,0.,1.,1.,1.,1.,0.,3.141592654,0.,0.,              629P    451
6.283185307,0.,0.,1.,0.,0.,1.;                                       629P    452
124,1.,-7.105427357601E-15,0.,-1.92179605562614E-12,                 631P    453
-7.105427357601E-15,-1.,6.98296267768627E-15,-539.999999999999,      631P    454
-4.96169340471387E-29,-6.98296267768627E-15,-1.,                     631P    455
22.9999999999981;                                                    631P    456
100,11.5,190.,-270.,195.5,-270.,184.5,-270.;                         633P    457
102,4,617,621,625,629;                                               635P    458
102,4,619,623,627,633;                                               637P    459
142,1,615,635,637,1;                                                 639P    460
144,615,1,0,639;                                                     641P    461
110,190.,-270.,-988.5,190.,-270.,11.5;                               643P    462
110,195.5,-270.,11.5,196.,-270.,12.;                                 645P    463
120,643,645,0.,6.28318530717959;                                     647P    464
126,1,1,1,0,1,0,0.,0.,1.,1.,1.,1.,0.,6.283185307,0.,1.,              649P    465
6.283185307,0.,0.,1.,0.,0.,1.;                                       649P    466
110,195.5,-270.,11.5,196.,-270.,12.;                                 651P    467
126,1,1,1,0,1,0,0.,0.,1.,1.,1.,1.,1.,6.283185307,0.,1.,              653P    468
3.141592654,0.,0.,1.,0.,0.,1.;                                       653P    469
124,1.,-7.105427357601E-15,0.,-1.92179605562614E-12,                 655P    470
-7.105427357601E-15,-1.,6.98296267768627E-15,-539.999999999999,      655P    471
-4.96169340471387E-29,-6.98296267768627E-15,-1.,                     655P    472
23.9999999999981;                                                    655P    473
100,12.,190.,-270.,196.,-270.,184.,-270.;                            657P    474
126,1,1,1,0,1,0,0.,0.,1.,1.,1.,1.,1.,3.141592654,0.,0.,              659P    475
3.141592654,0.,0.,1.,0.,0.,1.;                                       659P    476
110,184.,-270.,12.,184.5,-270.,11.5;                                 661P    477
126,1,1,1,0,1,0,0.,0.,1.,1.,1.,1.,0.,3.141592654,0.,0.,              663P    478
6.283185307,0.,0.,1.,0.,0.,1.;                                       663P    479
100,11.5,190.,-270.,184.5,-270.,195.5,-270.;                         665P    480
102,4,649,653,659,663;                                               667P    481
102,4,651,657,661,665;                                               669P    482
142,1,647,667,669,1;                                                 671P    483
144,647,1,0,671;                                                     673P    484
110,95.,-270.,1000.,95.,-270.,0.;                                    675P    485
110,89.5,-270.,0.5,89.,-270.,0.;                                     677P    486
120,675,677,0.,6.28318530717959;                                     679P    487
126,1,1,1,0,1,0,0.,0.,1.,1.,1.,1.,0.,6.283185307,0.,1.,              681P    488
6.283185307,0.,0.,1.,0.,0.,1.;                                       681P    489
110,89.5,-270.,0.5,89.,-270.,0.;                                     683P    490
126,1,1,1,0,1,0,0.,0.,1.,1.,1.,1.,1.,6.283185307,0.,1.,              685P    491
3.141592654,0.,0.,1.,0.,0.,1.;                                       685P    492
100,0.,95.,-270.,89.,-270.,101.,-270.;                               687P    493
126,1,1,1,0,1,0,0.,0.,1.,1.,1.,1.,1.,3.141592654,0.,0.,              689P    494
3.141592654,0.,0.,1.,0.,0.,1.;                                       689P    495
110,101.,-270.,0.,100.5,-270.,0.5;                                   691P    496
126,1,1,1,0,1,0,0.,0.,1.,1.,1.,1.,0.,3.141592654,0.,0.,              693P    497
6.283185307,0.,0.,1.,0.,0.,1.;                                       693P    498
124,1.,-7.105427357601E-15,0.,-1.92179605562614E-12,                 695P    499
-7.105427357601E-15,-1.,6.98296267768627E-15,-539.999999999999,      695P    500
-4.96169340471387E-29,-6.98296267768627E-15,-1.,                     695P    501
0.999999999998105;                                                   695P    502
100,0.5,95.,-270.,100.5,-270.,89.5,-270.;                            697P    503
102,4,681,685,689,693;                                               699P    504
102,4,683,687,691,697;                                               701P    505
142,1,679,699,701,1;                                                 703P    506
144,679,1,0,703;                                                     705P    507
110,95.,-270.,0.,95.,-270.,-1000.;                                   707P    508
110,89.5,-270.,11.5,89.5,-270.,0.5;                                  709P    509
120,707,709,0.,6.28318530717959;                                     711P    510
126,1,1,1,0,1,0,0.,0.,1.,1.,1.,1.,0.,6.283185307,0.,1.,              713P    511
6.283185307,0.,0.,1.,0.,0.,1.;                                       713P    512
110,89.5,-270.,11.5,89.5,-270.,0.5;                                  715P    513
126,1,1,1,0,1,0,0.,0.,1.,1.,1.,1.,1.,6.283185307,0.,1.,              717P    514
3.141592654,0.,0.,1.,0.,0.,1.;                                       717P    515
100,0.5,95.,-270.,89.5,-270.,100.5,-270.;                            719P    516
126,1,1,1,0,1,0,0.,0.,1.,1.,1.,1.,1.,3.141592654,0.,0.,              721P    517
3.141592654,0.,0.,1.,0.,0.,1.;                                       721P    518
110,100.5,-270.,0.5,100.5,-270.,11.5;                                723P    519
126,1,1,1,0,1,0,0.,0.,1.,1.,1.,1.,0.,3.141592654,0.,0.,              725P    520
6.283185307,0.,0.,1.,0.,0.,1.;                                       725P    521
124,1.,-7.105427357601E-15,0.,-1.92179605562614E-12,                 727P    522
-7.105427357601E-15,-1.,6.98296267768627E-15,-539.999999999999,      727P    523
-4.96169340471387E-29,-6.98296267768627E-15,-1.,                     727P    524
22.9999999999981;                                                    727P    525
100,11.5,95.,-270.,100.5,-270.,89.5,-270.;                           729P    526
102,4,713,717,721,725;                                               731P    527
102,4,715,719,723,729;                                               733P    528
142,1,711,731,733,1;                                                 735P    529
144,711,1,0,735;                                                     737P    530
110,95.,-270.,-988.5,95.,-270.,11.5;                                 739P    531
110,100.5,-270.,11.5,101.,-270.,12.;                                 741P    532
120,739,741,0.,6.28318530717959;                                     743P    533
126,1,1,1,0,1,0,0.,0.,1.,1.,1.,1.,0.,6.283185307,0.,1.,              745P    534
6.283185307,0.,0.,1.,0.,0.,1.;                                       745P    535
110,100.5,-270.,11.5,101.,-270.,12.;                                 747P    536
126,1,1,1,0,1,0,0.,0.,1.,1.,1.,1.,1.,6.283185307,0.,1.,              749P    537
3.141592654,0.,0.,1.,0.,0.,1.;                                       749P    538
124,1.,-7.105427357601E-15,0.,-1.92179605562614E-12,                 751P    539
-7.105427357601E-15,-1.,6.98296267768627E-15,-539.999999999999,      751P    540
-4.96169340471387E-29,-6.98296267768627E-15,-1.,                     751P    541
23.9999999999981;                                                    751P    542
100,12.,95.,-270.,101.,-270.,89.,-270.;                              753P    543
126,1,1,1,0,1,0,0.,0.,1.,1.,1.,1.,1.,3.141592654,0.,0.,              755P    544
3.141592654,0.,0.,1.,0.,0.,1.;                                       755P    545
110,89.,-270.,12.,89.5,-270.,11.5;                                   757P    546
126,1,1,1,0,1,0,0.,0.,1.,1.,1.,1.,0.,3.141592654,0.,0.,              759P    547
6.283185307,0.,0.,1.,0.,0.,1.;                                       759P    548
100,11.5,95.,-270.,89.5,-270.,100.5,-270.;                           761P    549
102,4,745,749,755,759;                                               763P    550
102,4,747,753,757,761;                                               765P    551
142,1,743,763,765,1;                                                 767P    552
144,743,1,0,767;                                                     769P    553
110,0.,-270.,1000.,0.,-270.,0.;                                      771P    554
110,-5.5,-270.,0.5,-6.,-270.,0.;                                     773P    555
120,771,773,0.,6.28318530717959;                                     775P    556
126,1,1,1,0,1,0,0.,0.,1.,1.,1.,1.,0.,6.283185307,0.,1.,              777P    557
6.283185307,0.,0.,1.,0.,0.,1.;                                       777P    558
110,-5.5,-270.,0.5,-6.,-270.,0.;                                     779P    559
126,1,1,1,0,1,0,0.,0.,1.,1.,1.,1.,1.,6.283185307,0.,1.,              781P    560
3.141592654,0.,0.,1.,0.,0.,1.;                                       781P    561
100,0.,0.,-270.,-6.,-270.,6.,-270.;                                  783P    562
126,1,1,1,0,1,0,0.,0.,1.,1.,1.,1.,1.,3.141592654,0.,0.,              785P    563
3.141592654,0.,0.,1.,0.,0.,1.;                                       785P    564
110,6.,-270.,0.,5.5,-270.,0.5;                                       787P    565
126,1,1,1,0,1,0,0.,0.,1.,1.,1.,1.,0.,3.141592654,0.,0.,              789P    566
6.283185307,0.,0.,1.,0.,0.,1.;                                       789P    567
124,1.,-7.105427357601E-15,0.,-1.91846538655227E-12,                 791P    568
-7.105427357601E-15,-1.,6.98296267768627E-15,-540.,                  791P    569
-4.96169340471387E-29,-6.98296267768627E-15,-1.,                     791P    570
0.999999999998105;                                                   791P    571
100,0.5,0.,-270.,5.5,-270.,-5.5,-270.;                               793P    572
102,4,777,781,785,789;                                               795P    573
102,4,779,783,787,793;                                               797P    574
142,1,775,795,797,1;                                                 799P    575
144,775,1,0,799;                                                     801P    576
110,0.,-270.,0.,0.,-270.,-1000.;                                     803P    577
110,-5.5,-270.,11.5,-5.5,-270.,0.5;                                  805P    578
120,803,805,0.,6.28318530717959;                                     807P    579
126,1,1,1,0,1,0,0.,0.,1.,1.,1.,1.,0.,6.283185307,0.,1.,              809P    580
6.283185307,0.,0.,1.,0.,0.,1.;                                       809P    581
110,-5.5,-270.,11.5,-5.5,-270.,0.5;                                  811P    582
126,1,1,1,0,1,0,0.,0.,1.,1.,1.,1.,1.,6.283185307,0.,1.,              813P    583
3.141592654,0.,0.,1.,0.,0.,1.;                                       813P    584
100,0.5,0.,-270.,-5.5,-270.,5.5,-270.;                               815P    585
126,1,1,1,0,1,0,0.,0.,1.,1.,1.,1.,1.,3.141592654,0.,0.,              817P    586
3.141592654,0.,0.,1.,0.,0.,1.;                                       817P    587
110,5.5,-270.,0.5,5.5,-270.,11.5;                                    819P    588
126,1,1,1,0,1,0,0.,0.,1.,1.,1.,1.,0.,3.141592654,0.,0.,              821P    589
6.283185307,0.,0.,1.,0.,0.,1.;                                       821P    590
124,1.,-7.105427357601E-15,0.,-1.91846538655227E-12,                 823P    591
-7.105427357601E-15,-1.,6.98296267768627E-15,-540.,                  823P    592
-4.96169340471387E-29,-6.98296267768627E-15,-1.,                     823P    593
22.9999999999981;                                                    823P    594
100,11.5,0.,-270.,5.5,-270.,-5.5,-270.;                              825P    595
102,4,809,813,817,821;                                               827P    596
102,4,811,815,819,825;                                               829P    597
142,1,807,827,829,1;                                                 831P    598
144,807,1,0,831;                                                     833P    599
110,0.,-270.,-988.5,0.,-270.,11.5;                                   835P    600
110,5.5,-270.,11.5,6.,-270.,12.;                                     837P    601
120,835,837,0.,6.28318530717959;                                     839P    602
126,1,1,1,0,1,0,0.,0.,1.,1.,1.,1.,0.,6.283185307,0.,1.,              841P    603
6.283185307,0.,0.,1.,0.,0.,1.;                                       841P    604
110,5.5,-270.,11.5,6.,-270.,12.;                                     843P    605
126,1,1,1,0,1,0,0.,0.,1.,1.,1.,1.,1.,6.283185307,0.,1.,              845P    606
3.141592654,0.,0.,1.,0.,0.,1.;                                       845P    607
124,1.,-7.105427357601E-15,0.,-1.91846538655227E-12,                 847P    608
-7.105427357601E-15,-1.,6.98296267768627E-15,-540.,                  847P    609
-4.96169340471387E-29,-6.98296267768627E-15,-1.,                     847P    610
23.9999999999981;                                                    847P    611
100,12.,0.,-270.,6.,-270.,-6.,-270.;                                 849P    612
126,1,1,1,0,1,0,0.,0.,1.,1.,1.,1.,1.,3.141592654,0.,0.,              851P    613
3.141592654,0.,0.,1.,0.,0.,1.;                                       851P    614
110,-6.,-270.,12.,-5.5,-270.,11.5;                                   853P    615
126,1,1,1,0,1,0,0.,0.,1.,1.,1.,1.,0.,3.141592654,0.,0.,              855P    616
6.283185307,0.,0.,1.,0.,0.,1.;                                       855P    617
100,11.5,0.,-270.,-5.5,-270.,5.5,-270.;                              857P    618
102,4,841,845,851,855;                                               859P    619
102,4,843,849,853,857;                                               861P    620
142,1,839,859,861,1;                                                 863P    621
144,839,1,0,863;                                                     865P    622
110,-95.,-270.,1000.,-95.,-270.,0.;                                  867P    623
110,-100.5,-270.,0.5,-101.,-270.,0.;                                 869P    624
120,867,869,0.,6.28318530717959;                                     871P    625
126,1,1,1,0,1,0,0.,0.,1.,1.,1.,1.,0.,6.283185307,0.,1.,              873P    626
6.283185307,0.,0.,1.,0.,0.,1.;                                       873P    627
110,-100.5,-270.,0.5,-101.,-270.,0.;                                 875P    628
126,1,1,1,0,1,0,0.,0.,1.,1.,1.,1.,1.,6.283185307,0.,1.,              877P    629
3.141592654,0.,0.,1.,0.,0.,1.;                                       877P    630
100,0.,-95.,-270.,-101.,-270.,-89.,-270.;                            879P    631
126,1,1,1,0,1,0,0.,0.,1.,1.,1.,1.,1.,3.141592654,0.,0.,              881P    632
3.141592654,0.,0.,1.,0.,0.,1.;                                       881P    633
110,-89.,-270.,0.,-89.5,-270.,0.5;                                   883P    634
126,1,1,1,0,1,0,0.,0.,1.,1.,1.,1.,0.,3.141592654,0.,0.,              885P    635
6.283185307,0.,0.,1.,0.,0.,1.;                                       885P    636
124,1.,-7.105427357601E-15,0.,-1.92179605562615E-12,                 887P    637
-7.105427357601E-15,-1.,6.98296267768627E-15,-540.000000000001,      887P    638
-4.96169340471387E-29,-6.98296267768627E-15,-1.,                     887P    639
0.999999999998105;                                                   887P    640
100,0.5,-95.,-270.,-89.5,-270.,-100.5,-270.;                         889P    641
102,4,873,877,881,885;                                               891P    642
102,4,875,879,883,889;                                               893P    643
142,1,871,891,893,1;                                                 895P    644
144,871,1,0,895;                                                     897P    645
110,-95.,-270.,0.,-95.,-270.,-1000.;                                 899P    646
110,-100.5,-270.,11.5,-100.5,-270.,0.5;                              901P    647
120,899,901,0.,6.28318530717959;                                     903P    648
126,1,1,1,0,1,0,0.,0.,1.,1.,1.,1.,0.,6.283185307,0.,1.,              905P    649
6.283185307,0.,0.,1.,0.,0.,1.;                                       905P    650
110,-100.5,-270.,11.5,-100.5,-270.,0.5;                              907P    651
126,1,1,1,0,1,0,0.,0.,1.,1.,1.,1.,1.,6.283185307,0.,1.,              909P    652
3.141592654,0.,0.,1.,0.,0.,1.;                                       909P    653
100,0.5,-95.,-270.,-100.5,-270.,-89.5,-270.;                         911P    654
126,1,1,1,0,1,0,0.,0.,1.,1.,1.,1.,1.,3.141592654,0.,0.,              913P    655
3.141592654,0.,0.,1.,0.,0.,1.;                                       913P    656
110,-89.5,-270.,0.5,-89.5,-270.,11.5;                                915P    657
126,1,1,1,0,1,0,0.,0.,1.,1.,1.,1.,0.,3.141592654,0.,0.,              917P    658
6.283185307,0.,0.,1.,0.,0.,1.;                                       917P    659
124,1.,-7.105427357601E-15,0.,-1.92179605562615E-12,                 919P    660
-7.105427357601E-15,-1.,6.98296267768627E-15,-540.000000000001,      919P    661
-4.96169340471387E-29,-6.98296267768627E-15,-1.,                     919P    662
22.9999999999981;                                                    919P    663
100,11.5,-95.,-270.,-89.5,-270.,-100.5,-270.;                        921P    664
102,4,905,909,913,917;                                               923P    665
102,4,907,911,915,921;                                               925P    666
142,1,903,923,925,1;                                                 927P    667
144,903,1,0,927;                                                     929P    668
110,-95.,-270.,-988.5,-95.,-270.,11.5;                               931P    669
110,-89.5,-270.,11.5,-89.,-270.,12.;                                 933P    670
120,931,933,0.,6.28318530717959;                                     935P    671
126,1,1,1,0,1,0,0.,0.,1.,1.,1.,1.,0.,6.283185307,0.,1.,              937P    672
6.283185307,0.,0.,1.,0.,0.,1.;                                       937P    673
110,-89.5,-270.,11.5,-89.,-270.,12.;                                 939P    674
126,1,1,1,0,1,0,0.,0.,1.,1.,1.,1.,1.,6.283185307,0.,1.,              941P    675
3.141592654,0.,0.,1.,0.,0.,1.;                                       941P    676
124,1.,-7.105427357601E-15,0.,-1.92179605562615E-12,                 943P    677
-7.105427357601E-15,-1.,6.98296267768627E-15,-540.000000000001,      943P    678
-4.96169340471387E-29,-6.98296267768627E-15,-1.,                     943P    679
23.9999999999981;                                                    943P    680
100,12.,-95.,-270.,-89.,-270.,-101.,-270.;                           945P    681
126,1,1,1,0,1,0,0.,0.,1.,1.,1.,1.,1.,3.141592654,0.,0.,              947P    682
3.141592654,0.,0.,1.,0.,0.,1.;                                       947P    683
110,-101.,-270.,12.,-100.5,-270.,11.5;                               949P    684
126,1,1,1,0,1,0,0.,0.,1.,1.,1.,1.,0.,3.141592654,0.,0.,              951P    685
6.283185307,0.,0.,1.,0.,0.,1.;                                       951P    686
100,11.5,-95.,-270.,-100.5,-270.,-89.5,-270.;                        953P    687
102,4,937,941,947,951;                                               955P    688
102,4,939,945,949,953;                                               957P    689
142,1,935,955,957,1;                                                 959P    690
144,935,1,0,959;                                                     961P    691
110,-190.,-270.,1000.,-190.,-270.,0.;                                963P    692
110,-195.5,-270.,0.5,-196.,-270.,0.;                                 965P    693
120,963,965,0.,6.28318530717959;                                     967P    694
126,1,1,1,0,1,0,0.,0.,1.,1.,1.,1.,0.,6.283185307,0.,1.,              969P    695
6.283185307,0.,0.,1.,0.,0.,1.;                                       969P    696
110,-195.5,-270.,0.5,-196.,-270.,0.;                                 971P    697
126,1,1,1,0,1,0,0.,0.,1.,1.,1.,1.,1.,6.283185307,0.,1.,              973P    698
3.141592654,0.,0.,1.,0.,0.,1.;                                       973P    699
100,0.,-190.,-270.,-196.,-270.,-184.,-270.;                          975P    700
126,1,1,1,0,1,0,0.,0.,1.,1.,1.,1.,1.,3.141592654,0.,0.,              977P    701
3.141592654,0.,0.,1.,0.,0.,1.;                                       977P    702
110,-184.,-270.,0.,-184.5,-270.,0.5;                                 979P    703
126,1,1,1,0,1,0,0.,0.,1.,1.,1.,1.,0.,3.141592654,0.,0.,              981P    704
6.283185307,0.,0.,1.,0.,0.,1.;                                       981P    705
124,1.,-7.105427357601E-15,0.,-1.92179605562615E-12,                 983P    706
-7.105427357601E-15,-1.,6.98296267768627E-15,-540.000000000001,      983P    707
-4.96169340471387E-29,-6.98296267768627E-15,-1.,                     983P    708
0.999999999998105;                                                   983P    709
100,0.5,-190.,-270.,-184.5,-270.,-195.5,-270.;                       985P    710
102,4,969,973,977,981;                                               987P    711
102,4,971,975,979,985;                                               989P    712
142,1,967,987,989,1;                                                 991P    713
144,967,1,0,991;                                                     993P    714
110,-190.,-270.,0.,-190.,-270.,-1000.;                               995P    715
110,-195.5,-270.,11.5,-195.5,-270.,0.5;                              997P    716
120,995,997,0.,6.28318530717959;                                     999P    717
126,1,1,1,0,1,0,0.,0.,1.,1.,1.,1.,0.,6.283185307,0.,1.,             1001P    718
6.283185307,0.,0.,1.,0.,0.,1.;                                      1001P    719
110,-195.5,-270.,11.5,-195.5,-270.,0.5;                             1003P    720
126,1,1,1,0,1,0,0.,0.,1.,1.,1.,1.,1.,6.283185307,0.,1.,             1005P    721
3.141592654,0.,0.,1.,0.,0.,1.;                                      1005P    722
100,0.5,-190.,-270.,-195.5,-270.,-184.5,-270.;                      1007P    723
126,1,1,1,0,1,0,0.,0.,1.,1.,1.,1.,1.,3.141592654,0.,0.,             1009P    724
3.141592654,0.,0.,1.,0.,0.,1.;                                      1009P    725
110,-184.5,-270.,0.5,-184.5,-270.,11.5;                             1011P    726
126,1,1,1,0,1,0,0.,0.,1.,1.,1.,1.,0.,3.141592654,0.,0.,             1013P    727
6.283185307,0.,0.,1.,0.,0.,1.;                                      1013P    728
124,1.,-7.105427357601E-15,0.,-1.92179605562615E-12,                1015P    729
-7.105427357601E-15,-1.,6.98296267768627E-15,-540.000000000001,     1015P    730
-4.96169340471387E-29,-6.98296267768627E-15,-1.,                    1015P    731
22.9999999999981;                                                   1015P    732
100,11.5,-190.,-270.,-184.5,-270.,-195.5,-270.;                     1017P    733
102,4,1001,1005,1009,1013;                                          1019P    734
102,4,1003,1007,1011,1017;                                          1021P    735
142,1,999,1019,1021,1;                                              1023P    736
144,999,1,0,1023;                                                   1025P    737
110,-190.,-270.,-988.5,-190.,-270.,11.5;                            1027P    738
110,-184.5,-270.,11.5,-184.,-270.,12.;                              1029P    739
120,1027,1029,0.,6.28318530717959;                                  1031P    740
126,1,1,1,0,1,0,0.,0.,1.,1.,1.,1.,0.,6.283185307,0.,1.,             1033P    741
6.283185307,0.,0.,1.,0.,0.,1.;                                      1033P    742
110,-184.5,-270.,11.5,-184.,-270.,12.;                              1035P    743
126,1,1,1,0,1,0,0.,0.,1.,1.,1.,1.,1.,6.283185307,0.,1.,             1037P    744
3.141592654,0.,0.,1.,0.,0.,1.;                                      1037P    745
124,1.,-7.105427357601E-15,0.,-1.92179605562615E-12,                1039P    746
-7.105427357601E-15,-1.,6.98296267768627E-15,-540.000000000001,     1039P    747
-4.96169340471387E-29,-6.98296267768627E-15,-1.,                    1039P    748
23.9999999999981;                                                   1039P    749
100,12.,-190.,-270.,-184.,-270.,-196.,-270.;                        1041P    750
126,1,1,1,0,1,0,0.,0.,1.,1.,1.,1.,1.,3.141592654,0.,0.,             1043P    751
3.141592654,0.,0.,1.,0.,0.,1.;                                      1043P    752
110,-196.,-270.,12.,-195.5,-270.,11.5;                              1045P    753
126,1,1,1,0,1,0,0.,0.,1.,1.,1.,1.,0.,3.141592654,0.,0.,             1047P    754
6.283185307,0.,0.,1.,0.,0.,1.;                                      1047P    755
100,11.5,-190.,-270.,-195.5,-270.,-184.5,-270.;                     1049P    756
102,4,1033,1037,1043,1047;                                          1051P    757
102,4,1035,1041,1045,1049;                                          1053P    758
142,1,1031,1051,1053,1;                                             1055P    759
144,1031,1,0,1055;                                                  1057P    760
110,-232.,-141.,1000.,-232.,-141.,0.;                               1059P    761
110,-237.5,-141.,0.5,-238.,-141.,0.;                                1061P    762
120,1059,1061,0.,6.28318530717959;                                  1063P    763
126,1,1,1,0,1,0,0.,0.,1.,1.,1.,1.,0.,6.283185307,0.,1.,             1065P    764
6.283185307,0.,0.,1.,0.,0.,1.;                                      1065P    765
110,-237.5,-141.,0.5,-238.,-141.,0.;                                1067P    766
126,1,1,1,0,1,0,0.,0.,1.,1.,1.,1.,1.,6.283185307,0.,1.,             1069P    767
3.141592654,0.,0.,1.,0.,0.,1.;                                      1069P    768
100,0.,-232.,-141.,-238.,-141.,-226.,-141.;                         1071P    769
126,1,1,1,0,1,0,0.,0.,1.,1.,1.,1.,1.,3.141592654,0.,0.,             1073P    770
3.141592654,0.,0.,1.,0.,0.,1.;                                      1073P    771
110,-226.,-141.,0.,-226.5,-141.,0.5;                                1075P    772
126,1,1,1,0,1,0,0.,0.,1.,1.,1.,1.,0.,3.141592654,0.,0.,             1077P    773
6.283185307,0.,0.,1.,0.,0.,1.;                                      1077P    774
124,1.,-7.105427357601E-15,0.,-1.00452979268085E-12,                1079P    775
-7.105427357601E-15,-1.,6.98296267768627E-15,-282.000000000002,     1079P    776
-4.96169340471387E-29,-6.98296267768627E-15,-1.,                    1079P    777
0.999999999999006;                                                  1079P    778
100,0.5,-232.,-141.,-226.5,-141.,-237.5,-141.;                      1081P    779
102,4,1065,1069,1073,1077;                                          1083P    780
102,4,1067,1071,1075,1081;                                          1085P    781
142,1,1063,1083,1085,1;                                             1087P    782
144,1063,1,0,1087;                                                  1089P    783
110,-232.,-141.,0.,-232.,-141.,-1000.;                              1091P    784
110,-237.5,-141.,11.5,-237.5,-141.,0.5;                             1093P    785
120,1091,1093,0.,6.28318530717959;                                  1095P    786
126,1,1,1,0,1,0,0.,0.,1.,1.,1.,1.,0.,6.283185307,0.,1.,             1097P    787
6.283185307,0.,0.,1.,0.,0.,1.;                                      1097P    788
110,-237.5,-141.,11.5,-237.5,-141.,0.5;                             1099P    789
126,1,1,1,0,1,0,0.,0.,1.,1.,1.,1.,1.,6.283185307,0.,1.,             1101P    790
3.141592654,0.,0.,1.,0.,0.,1.;                                      1101P    791
100,0.5,-232.,-141.,-237.5,-141.,-226.5,-141.;                      1103P    792
126,1,1,1,0,1,0,0.,0.,1.,1.,1.,1.,1.,3.141592654,0.,0.,             1105P    793
3.141592654,0.,0.,1.,0.,0.,1.;                                      1105P    794
110,-226.5,-141.,0.5,-226.5,-141.,11.5;                             1107P    795
126,1,1,1,0,1,0,0.,0.,1.,1.,1.,1.,0.,3.141592654,0.,0.,             1109P    796
6.283185307,0.,0.,1.,0.,0.,1.;                                      1109P    797
124,1.,-7.105427357601E-15,0.,-1.00452979268085E-12,                1111P    798
-7.105427357601E-15,-1.,6.98296267768627E-15,-282.000000000002,     1111P    799
-4.96169340471387E-29,-6.98296267768627E-15,-1.,                    1111P    800
22.999999999999;                                                    1111P    801
100,11.5,-232.,-141.,-226.5,-141.,-237.5,-141.;                     1113P    802
102,4,1097,1101,1105,1109;                                          1115P    803
102,4,1099,1103,1107,1113;                                          1117P    804
142,1,1095,1115,1117,1;                                             1119P    805
144,1095,1,0,1119;                                                  1121P    806
110,-232.,-141.,-988.5,-232.,-141.,11.5;                            1123P    807
110,-226.5,-141.,11.5,-226.,-141.,12.;                              1125P    808
120,1123,1125,0.,6.28318530717959;                                  1127P    809
126,1,1,1,0,1,0,0.,0.,1.,1.,1.,1.,0.,6.283185307,0.,1.,             1129P    810
6.283185307,0.,0.,1.,0.,0.,1.;                                      1129P    811
110,-226.5,-141.,11.5,-226.,-141.,12.;                              1131P    812
126,1,1,1,0,1,0,0.,0.,1.,1.,1.,1.,1.,6.283185307,0.,1.,             1133P    813
3.141592654,0.,0.,1.,0.,0.,1.;                                      1133P    814
124,1.,-7.105427357601E-15,0.,-1.00452979268085E-12,                1135P    815
-7.105427357601E-15,-1.,6.98296267768627E-15,-282.000000000002,     1135P    816
-4.96169340471387E-29,-6.98296267768627E-15,-1.,                    1135P    817
23.999999999999;                                                    1135P    818
100,12.,-232.,-141.,-226.,-141.,-238.,-141.;                        1137P    819
126,1,1,1,0,1,0,0.,0.,1.,1.,1.,1.,1.,3.141592654,0.,0.,             1139P    820
3.141592654,0.,0.,1.,0.,0.,1.;                                      1139P    821
110,-238.,-141.,12.,-237.5,-141.,11.5;                              1141P    822
126,1,1,1,0,1,0,0.,0.,1.,1.,1.,1.,0.,3.141592654,0.,0.,             1143P    823
6.283185307,0.,0.,1.,0.,0.,1.;                                      1143P    824
100,11.5,-232.,-141.,-237.5,-141.,-226.5,-141.;                     1145P    825
102,4,1129,1133,1139,1143;                                          1147P    826
102,4,1131,1137,1141,1145;                                          1149P    827
142,1,1127,1147,1149,1;                                             1151P    828
144,1127,1,0,1151;                                                  1153P    829
110,-232.,-47.,1000.,-232.,-47.,0.;                                 1155P    830
110,-237.5,-47.,0.5,-238.,-47.,0.;                                  1157P    831
120,1155,1157,0.,6.28318530717959;                                  1159P    832
126,1,1,1,0,1,0,0.,0.,1.,1.,1.,1.,0.,6.283185307,0.,1.,             1161P    833
6.283185307,0.,0.,1.,0.,0.,1.;                                      1161P    834
110,-237.5,-47.,0.5,-238.,-47.,0.;                                  1163P    835
126,1,1,1,0,1,0,0.,0.,1.,1.,1.,1.,1.,6.283185307,0.,1.,             1165P    836
3.141592654,0.,0.,1.,0.,0.,1.;                                      1165P    837
100,0.,-232.,-47.,-238.,-47.,-226.,-47.;                            1167P    838
126,1,1,1,0,1,0,0.,0.,1.,1.,1.,1.,1.,3.141592654,0.,0.,             1169P    839
3.141592654,0.,0.,1.,0.,0.,1.;                                      1169P    840
110,-226.,-47.,0.,-226.5,-47.,0.5;                                  1171P    841
126,1,1,1,0,1,0,0.,0.,1.,1.,1.,1.,0.,3.141592654,0.,0.,             1173P    842
6.283185307,0.,0.,1.,0.,0.,1.;                                      1173P    843
124,1.,-7.105427357601E-15,0.,-3.34843264226959E-13,                1175P    844
-7.105427357601E-15,-1.,6.98296267768627E-15,-94.0000000000017,     1175P    845
-4.96169340471387E-29,-6.98296267768627E-15,-1.,                    1175P    846
0.999999999999662;                                                  1175P    847
100,0.5,-232.,-47.,-226.5,-47.,-237.5,-47.;                         1177P    848
102,4,1161,1165,1169,1173;                                          1179P    849
102,4,1163,1167,1171,1177;                                          1181P    850
142,1,1159,1179,1181,1;                                             1183P    851
144,1159,1,0,1183;                                                  1185P    852
110,-232.,-47.,0.,-232.,-47.,-1000.;                                1187P    853
110,-237.5,-47.,11.5,-237.5,-47.,0.5;                               1189P    854
120,1187,1189,0.,6.28318530717959;                                  1191P    855
126,1,1,1,0,1,0,0.,0.,1.,1.,1.,1.,0.,6.283185307,0.,1.,             1193P    856
6.283185307,0.,0.,1.,0.,0.,1.;                                      1193P    857
110,-237.5,-47.,11.5,-237.5,-47.,0.5;                               1195P    858
126,1,1,1,0,1,0,0.,0.,1.,1.,1.,1.,1.,6.283185307,0.,1.,             1197P    859
3.141592654,0.,0.,1.,0.,0.,1.;                                      1197P    860
100,0.5,-232.,-47.,-237.5,-47.,-226.5,-47.;                         1199P    861
126,1,1,1,0,1,0,0.,0.,1.,1.,1.,1.,1.,3.141592654,0.,0.,             1201P    862
3.141592654,0.,0.,1.,0.,0.,1.;                                      1201P    863
110,-226.5,-47.,0.5,-226.5,-47.,11.5;                               1203P    864
126,1,1,1,0,1,0,0.,0.,1.,1.,1.,1.,0.,3.141592654,0.,0.,             1205P    865
6.283185307,0.,0.,1.,0.,0.,1.;                                      1205P    866
124,1.,-7.105427357601E-15,0.,-3.34843264226959E-13,                1207P    867
-7.105427357601E-15,-1.,6.98296267768627E-15,-94.0000000000018,     1207P    868
-4.96169340471387E-29,-6.98296267768627E-15,-1.,                    1207P    869
22.9999999999997;                                                   1207P    870
100,11.5,-232.,-47.,-226.5,-47.,-237.5,-47.;                        1209P    871
102,4,1193,1197,1201,1205;                                          1211P    872
102,4,1195,1199,1203,1209;                                          1213P    873
142,1,1191,1211,1213,1;                                             1215P    874
144,1191,1,0,1215;                                                  1217P    875
110,-232.,-47.,-988.5,-232.,-47.,11.5;                              1219P    876
110,-226.5,-47.,11.5,-226.,-47.,12.;                                1221P    877
120,1219,1221,0.,6.28318530717959;                                  1223P    878
126,1,1,1,0,1,0,0.,0.,1.,1.,1.,1.,0.,6.283185307,0.,1.,             1225P    879
6.283185307,0.,0.,1.,0.,0.,1.;                                      1225P    880
110,-226.5,-47.,11.5,-226.,-47.,12.;                                1227P    881
126,1,1,1,0,1,0,0.,0.,1.,1.,1.,1.,1.,6.283185307,0.,1.,             1229P    882
3.141592654,0.,0.,1.,0.,0.,1.;                                      1229P    883
124,1.,-7.105427357601E-15,0.,-3.34843264226959E-13,                1231P    884
-7.105427357601E-15,-1.,6.98296267768627E-15,-94.0000000000018,     1231P    885
-4.96169340471387E-29,-6.98296267768627E-15,-1.,                    1231P    886
23.9999999999997;                                                   1231P    887
100,12.,-232.,-47.,-226.,-47.,-238.,-47.;                           1233P    888
126,1,1,1,0,1,0,0.,0.,1.,1.,1.,1.,1.,3.141592654,0.,0.,             1235P    889
3.141592654,0.,0.,1.,0.,0.,1.;                                      1235P    890
110,-238.,-47.,12.,-237.5,-47.,11.5;                                1237P    891
126,1,1,1,0,1,0,0.,0.,1.,1.,1.,1.,0.,3.141592654,0.,0.,             1239P    892
6.283185307,0.,0.,1.,0.,0.,1.;                                      1239P    893
100,11.5,-232.,-47.,-237.5,-47.,-226.5,-47.;                        1241P    894
102,4,1225,1229,1235,1239;                                          1243P    895
102,4,1227,1233,1237,1241;                                          1245P    896
142,1,1223,1243,1245,1;                                             1247P    897
144,1223,1,0,1247;                                                  1249P    898
110,-232.,47.,1000.,-232.,47.,0.;                                   1251P    899
110,-237.5,47.,0.5,-238.,47.,0.;                                    1253P    900
120,1251,1253,0.,6.28318530717959;                                  1255P    901
126,1,1,1,0,1,0,0.,0.,1.,1.,1.,1.,0.,6.283185307,0.,1.,             1257P    902
6.283185307,0.,0.,1.,0.,0.,1.;                                      1257P    903
110,-237.5,47.,0.5,-238.,47.,0.;                                    1259P    904
126,1,1,1,0,1,0,0.,0.,1.,1.,1.,1.,1.,6.283185307,0.,1.,             1261P    905
3.141592654,0.,0.,1.,0.,0.,1.;                                      1261P    906
100,0.,-232.,47.,-238.,47.,-226.,47.;                               1263P    907
126,1,1,1,0,1,0,0.,0.,1.,1.,1.,1.,1.,3.141592654,0.,0.,             1265P    908
3.141592654,0.,0.,1.,0.,0.,1.;                                      1265P    909
110,-226.,47.,0.,-226.5,47.,0.5;                                    1267P    910
126,1,1,1,0,1,0,0.,0.,1.,1.,1.,1.,0.,3.141592654,0.,0.,             1269P    911
6.283185307,0.,0.,1.,0.,0.,1.;                                      1269P    912
124,1.,-7.105427357601E-15,0.,3.34843264226935E-13,                 1271P    913
-7.105427357601E-15,-1.,6.98296267768627E-15,93.9999999999983,      1271P    914
-4.96169340471387E-29,-6.98296267768627E-15,-1.,                    1271P    915
1.00000000000032;                                                   1271P    916
100,0.5,-232.,47.,-226.5,47.,-237.5,47.;                            1273P    917
102,4,1257,1261,1265,1269;                                          1275P    918
102,4,1259,1263,1267,1273;                                          1277P    919
142,1,1255,1275,1277,1;                                             1279P    920
144,1255,1,0,1279;                                                  1281P    921
110,-232.,47.,0.,-232.,47.,-1000.;                                  1283P    922
110,-237.5,47.,11.5,-237.5,47.,0.5;                                 1285P    923
120,1283,1285,0.,6.28318530717959;                                  1287P    924
126,1,1,1,0,1,0,0.,0.,1.,1.,1.,1.,0.,6.283185307,0.,1.,             1289P    925
6.283185307,0.,0.,1.,0.,0.,1.;                                      1289P    926
110,-237.5,47.,11.5,-237.5,47.,0.5;                                 1291P    927
126,1,1,1,0,1,0,0.,0.,1.,1.,1.,1.,1.,6.283185307,0.,1.,             1293P    928
3.141592654,0.,0.,1.,0.,0.,1.;                                      1293P    929
100,0.5,-232.,47.,-237.5,47.,-226.5,47.;                            1295P    930
126,1,1,1,0,1,0,0.,0.,1.,1.,1.,1.,1.,3.141592654,0.,0.,             1297P    931
3.141592654,0.,0.,1.,0.,0.,1.;                                      1297P    932
110,-226.5,47.,0.5,-226.5,47.,11.5;                                 1299P    933
126,1,1,1,0,1,0,0.,0.,1.,1.,1.,1.,0.,3.141592654,0.,0.,             1301P    934
6.283185307,0.,0.,1.,0.,0.,1.;                                      1301P    935
124,1.,-7.105427357601E-15,0.,3.34843264226936E-13,                 1303P    936
-7.105427357601E-15,-1.,6.98296267768627E-15,93.9999999999982,      1303P    937
-4.96169340471387E-29,-6.98296267768627E-15,-1.,                    1303P    938
23.0000000000003;                                                   1303P    939
100,11.5,-232.,47.,-226.5,47.,-237.5,47.;                           1305P    940
102,4,1289,1293,1297,1301;                                          1307P    941
102,4,1291,1295,1299,1305;                                          1309P    942
142,1,1287,1307,1309,1;                                             1311P    943
144,1287,1,0,1311;                                                  1313P    944
110,-232.,47.,-988.5,-232.,47.,11.5;                                1315P    945
110,-226.5,47.,11.5,-226.,47.,12.;                                  1317P    946
120,1315,1317,0.,6.28318530717959;                                  1319P    947
126,1,1,1,0,1,0,0.,0.,1.,1.,1.,1.,0.,6.283185307,0.,1.,             1321P    948
6.283185307,0.,0.,1.,0.,0.,1.;                                      1321P    949
110,-226.5,47.,11.5,-226.,47.,12.;                                  1323P    950
126,1,1,1,0,1,0,0.,0.,1.,1.,1.,1.,1.,6.283185307,0.,1.,             1325P    951
3.141592654,0.,0.,1.,0.,0.,1.;                                      1325P    952
124,1.,-7.105427357601E-15,0.,3.34843264226936E-13,                 1327P    953
-7.105427357601E-15,-1.,6.98296267768627E-15,93.9999999999982,      1327P    954
-4.96169340471387E-29,-6.98296267768627E-15,-1.,                    1327P    955
24.0000000000003;                                                   1327P    956
100,12.,-232.,47.,-226.,47.,-238.,47.;                              1329P    957
126,1,1,1,0,1,0,0.,0.,1.,1.,1.,1.,1.,3.141592654,0.,0.,             1331P    958
3.141592654,0.,0.,1.,0.,0.,1.;                                      1331P    959
110,-238.,47.,12.,-237.5,47.,11.5;                                  1333P    960
126,1,1,1,0,1,0,0.,0.,1.,1.,1.,1.,0.,3.141592654,0.,0.,             1335P    961
6.283185307,0.,0.,1.,0.,0.,1.;                                      1335P    962
100,11.5,-232.,47.,-237.5,47.,-226.5,47.;                           1337P    963
102,4,1321,1325,1331,1335;                                          1339P    964
102,4,1323,1329,1333,1337;                                          1341P    965
142,1,1319,1339,1341,1;                                             1343P    966
144,1319,1,0,1343;                                                  1345P    967
110,-232.,141.,1000.,-232.,141.,0.;                                 1347P    968
110,-237.5,141.,0.5,-238.,141.,0.;                                  1349P    969
120,1347,1349,0.,6.28318530717959;                                  1351P    970
126,1,1,1,0,1,0,0.,0.,1.,1.,1.,1.,0.,6.283185307,0.,1.,             1353P    971
6.283185307,0.,0.,1.,0.,0.,1.;                                      1353P    972
110,-237.5,141.,0.5,-238.,141.,0.;                                  1355P    973
126,1,1,1,0,1,0,0.,0.,1.,1.,1.,1.,1.,6.283185307,0.,1.,             1357P    974
3.141592654,0.,0.,1.,0.,0.,1.;                                      1357P    975
100,0.,-232.,141.,-238.,141.,-226.,141.;                            1359P    976
126,1,1,1,0,1,0,0.,0.,1.,1.,1.,1.,1.,3.141592654,0.,0.,             1361P    977
3.141592654,0.,0.,1.,0.,0.,1.;                                      1361P    978
110,-226.,141.,0.,-226.5,141.,0.5;                                  1363P    979
126,1,1,1,0,1,0,0.,0.,1.,1.,1.,1.,0.,3.141592654,0.,0.,             1365P    980
6.283185307,0.,0.,1.,0.,0.,1.;                                      1365P    981
124,1.,-7.105427357601E-15,0.,1.00452979268083E-12,                 1367P    982
-7.105427357601E-15,-1.,6.98296267768627E-15,281.999999999998,      1367P    983
-4.96169340471387E-29,-6.98296267768627E-15,-1.,                    1367P    984
1.00000000000098;                                                   1367P    985
100,0.5,-232.,141.,-226.5,141.,-237.5,141.;                         1369P    986
102,4,1353,1357,1361,1365;                                          1371P    987
102,4,1355,1359,1363,1369;                                          1373P    988
142,1,1351,1371,1373,1;                                             1375P    989
144,1351,1,0,1375;                                                  1377P    990
110,-232.,141.,0.,-232.,141.,-1000.;                                1379P    991
110,-237.5,141.,11.5,-237.5,141.,0.5;                               1381P    992
120,1379,1381,0.,6.28318530717959;                                  1383P    993
126,1,1,1,0,1,0,0.,0.,1.,1.,1.,1.,0.,6.283185307,0.,1.,             1385P    994
6.283185307,0.,0.,1.,0.,0.,1.;                                      1385P    995
110,-237.5,141.,11.5,-237.5,141.,0.5;                               1387P    996
126,1,1,1,0,1,0,0.,0.,1.,1.,1.,1.,1.,6.283185307,0.,1.,             1389P    997
3.141592654,0.,0.,1.,0.,0.,1.;                                      1389P    998
100,0.5,-232.,141.,-237.5,141.,-226.5,141.;                         1391P    999
126,1,1,1,0,1,0,0.,0.,1.,1.,1.,1.,1.,3.141592654,0.,0.,             1393P   1000
3.141592654,0.,0.,1.,0.,0.,1.;                                      1393P   1001
110,-226.5,141.,0.5,-226.5,141.,11.5;                               1395P   1002
126,1,1,1,0,1,0,0.,0.,1.,1.,1.,1.,0.,3.141592654,0.,0.,             1397P   1003
6.283185307,0.,0.,1.,0.,0.,1.;                                      1397P   1004
124,1.,-7.105427357601E-15,0.,1.00452979268083E-12,                 1399P   1005
-7.105427357601E-15,-1.,6.98296267768627E-15,281.999999999998,      1399P   1006
-4.96169340471387E-29,-6.98296267768627E-15,-1.,                    1399P   1007
23.000000000001;                                                    1399P   1008
100,11.5,-232.,141.,-226.5,141.,-237.5,141.;                        1401P   1009
102,4,1385,1389,1393,1397;                                          1403P   1010
102,4,1387,1391,1395,1401;                                          1405P   1011
142,1,1383,1403,1405,1;                                             1407P   1012
144,1383,1,0,1407;                                                  1409P   1013
110,-232.,141.,-988.5,-232.,141.,11.5;                              1411P   1014
110,-226.5,141.,11.5,-226.,141.,12.;                                1413P   1015
120,1411,1413,0.,6.28318530717959;                                  1415P   1016
126,1,1,1,0,1,0,0.,0.,1.,1.,1.,1.,0.,6.283185307,0.,1.,             1417P   1017
6.283185307,0.,0.,1.,0.,0.,1.;                                      1417P   1018
110,-226.5,141.,11.5,-226.,141.,12.;                                1419P   1019
126,1,1,1,0,1,0,0.,0.,1.,1.,1.,1.,1.,6.283185307,0.,1.,             1421P   1020
3.141592654,0.,0.,1.,0.,0.,1.;                                      1421P   1021
124,1.,-7.105427357601E-15,0.,1.00452979268083E-12,                 1423P   1022
-7.105427357601E-15,-1.,6.98296267768627E-15,281.999999999998,      1423P   1023
-4.96169340471387E-29,-6.98296267768627E-15,-1.,                    1423P   1024
24.000000000001;                                                    1423P   1025
100,12.,-232.,141.,-226.,141.,-238.,141.;                           1425P   1026
126,1,1,1,0,1,0,0.,0.,1.,1.,1.,1.,1.,3.141592654,0.,0.,             1427P   1027
3.141592654,0.,0.,1.,0.,0.,1.;                                      1427P   1028
110,-238.,141.,12.,-237.5,141.,11.5;                                1429P   1029
126,1,1,1,0,1,0,0.,0.,1.,1.,1.,1.,0.,3.141592654,0.,0.,             1431P   1030
6.283185307,0.,0.,1.,0.,0.,1.;                                      1431P   1031
100,11.5,-232.,141.,-237.5,141.,-226.5,141.;                        1433P   1032
102,4,1417,1421,1427,1431;                                          1435P   1033
102,4,1419,1425,1429,1433;                                          1437P   1034
142,1,1415,1435,1437,1;                                             1439P   1035
144,1415,1,0,1439;                                                  1441P   1036
110,-232.,235.,1000.,-232.,235.,0.;                                 1443P   1037
110,-237.5,235.,0.5,-238.,235.,0.;                                  1445P   1038
120,1443,1445,0.,6.28318530717959;                                  1447P   1039
126,1,1,1,0,1,0,0.,0.,1.,1.,1.,1.,0.,6.283185307,0.,1.,             1449P   1040
6.283185307,0.,0.,1.,0.,0.,1.;                                      1449P   1041
110,-237.5,235.,0.5,-238.,235.,0.;                                  1451P   1042
126,1,1,1,0,1,0,0.,0.,1.,1.,1.,1.,1.,6.283185307,0.,1.,             1453P   1043
3.141592654,0.,0.,1.,0.,0.,1.;                                      1453P   1044
100,0.,-232.,235.,-238.,235.,-226.,235.;                            1455P   1045
126,1,1,1,0,1,0,0.,0.,1.,1.,1.,1.,1.,3.141592654,0.,0.,             1457P   1046
3.141592654,0.,0.,1.,0.,0.,1.;                                      1457P   1047
110,-226.,235.,0.,-226.5,235.,0.5;                                  1459P   1048
126,1,1,1,0,1,0,0.,0.,1.,1.,1.,1.,0.,3.141592654,0.,0.,             1461P   1049
6.283185307,0.,0.,1.,0.,0.,1.;                                      1461P   1050
124,1.,-7.105427357601E-15,0.,1.67421632113472E-12,                 1463P   1051
-7.105427357601E-15,-1.,6.98296267768627E-15,469.999999999998,      1463P   1052
-4.96169340471387E-29,-6.98296267768627E-15,-1.,                    1463P   1053
1.00000000000163;                                                   1463P   1054
100,0.5,-232.,235.,-226.5,235.,-237.5,235.;                         1465P   1055
102,4,1449,1453,1457,1461;                                          1467P   1056
102,4,1451,1455,1459,1465;                                          1469P   1057
142,1,1447,1467,1469,1;                                             1471P   1058
144,1447,1,0,1471;                                                  1473P   1059
110,-232.,235.,0.,-232.,235.,-1000.;                                1475P   1060
110,-237.5,235.,11.5,-237.5,235.,0.5;                               1477P   1061
120,1475,1477,0.,6.28318530717959;                                  1479P   1062
126,1,1,1,0,1,0,0.,0.,1.,1.,1.,1.,0.,6.283185307,0.,1.,             1481P   1063
6.283185307,0.,0.,1.,0.,0.,1.;                                      1481P   1064
110,-237.5,235.,11.5,-237.5,235.,0.5;                               1483P   1065
126,1,1,1,0,1,0,0.,0.,1.,1.,1.,1.,1.,6.283185307,0.,1.,             1485P   1066
3.141592654,0.,0.,1.,0.,0.,1.;                                      1485P   1067
100,0.5,-232.,235.,-237.5,235.,-226.5,235.;                         1487P   1068
126,1,1,1,0,1,0,0.,0.,1.,1.,1.,1.,1.,3.141592654,0.,0.,             1489P   1069
3.141592654,0.,0.,1.,0.,0.,1.;                                      1489P   1070
110,-226.5,235.,0.5,-226.5,235.,11.5;                               1491P   1071
126,1,1,1,0,1,0,0.,0.,1.,1.,1.,1.,0.,3.141592654,0.,0.,             1493P   1072
6.283185307,0.,0.,1.,0.,0.,1.;                                      1493P   1073
124,1.,-7.105427357601E-15,0.,1.67421632113472E-12,                 1495P   1074
-7.105427357601E-15,-1.,6.98296267768627E-15,469.999999999998,      1495P   1075
-4.96169340471387E-29,-6.98296267768627E-15,-1.,                    1495P   1076
23.0000000000016;                                                   1495P   1077
100,11.5,-232.,235.,-226.5,235.,-237.5,235.;                        1497P   1078
102,4,1481,1485,1489,1493;                                          1499P   1079
102,4,1483,1487,1491,1497;                                          1501P   1080
142,1,1479,1499,1501,1;                                             1503P   1081
144,1479,1,0,1503;                                                  1505P   1082
110,-232.,235.,-988.5,-232.,235.,11.5;                              1507P   1083
110,-226.5,235.,11.5,-226.,235.,12.;                                1509P   1084
120,1507,1509,0.,6.28318530717959;                                  1511P   1085
126,1,1,1,0,1,0,0.,0.,1.,1.,1.,1.,0.,6.283185307,0.,1.,             1513P   1086
6.283185307,0.,0.,1.,0.,0.,1.;                                      1513P   1087
110,-226.5,235.,11.5,-226.,235.,12.;                                1515P   1088
126,1,1,1,0,1,0,0.,0.,1.,1.,1.,1.,1.,6.283185307,0.,1.,             1517P   1089
3.141592654,0.,0.,1.,0.,0.,1.;                                      1517P   1090
124,1.,-7.105427357601E-15,0.,1.67421632113472E-12,                 1519P   1091
-7.105427357601E-15,-1.,6.98296267768627E-15,469.999999999998,      1519P   1092
-4.96169340471387E-29,-6.98296267768627E-15,-1.,                    1519P   1093
24.0000000000016;                                                   1519P   1094
100,12.,-232.,235.,-226.,235.,-238.,235.;                           1521P   1095
126,1,1,1,0,1,0,0.,0.,1.,1.,1.,1.,1.,3.141592654,0.,0.,             1523P   1096
3.141592654,0.,0.,1.,0.,0.,1.;                                      1523P   1097
110,-238.,235.,12.,-237.5,235.,11.5;                                1525P   1098
126,1,1,1,0,1,0,0.,0.,1.,1.,1.,1.,0.,3.141592654,0.,0.,             1527P   1099
6.283185307,0.,0.,1.,0.,0.,1.;                                      1527P   1100
100,11.5,-232.,235.,-237.5,235.,-226.5,235.;                        1529P   1101
102,4,1513,1517,1523,1527;                                          1531P   1102
102,4,1515,1521,1525,1529;                                          1533P   1103
142,1,1511,1531,1533,1;                                             1535P   1104
144,1511,1,0,1535;                                                  1537P   1105
110,190.,270.,1000.,190.,270.,0.;                                   1539P   1106
110,184.5,270.,0.5,184.,270.,0.;                                    1541P   1107
120,1539,1541,0.,6.28318530717959;                                  1543P   1108
126,1,1,1,0,1,0,0.,0.,1.,1.,1.,1.,0.,6.283185307,0.,1.,             1545P   1109
6.283185307,0.,0.,1.,0.,0.,1.;                                      1545P   1110
110,184.5,270.,0.5,184.,270.,0.;                                    1547P   1111
126,1,1,1,0,1,0,0.,0.,1.,1.,1.,1.,1.,6.283185307,0.,1.,             1549P   1112
3.141592654,0.,0.,1.,0.,0.,1.;                                      1549P   1113
100,0.,190.,270.,184.,270.,196.,270.;                               1551P   1114
126,1,1,1,0,1,0,0.,0.,1.,1.,1.,1.,1.,3.141592654,0.,0.,             1553P   1115
3.141592654,0.,0.,1.,0.,0.,1.;                                      1553P   1116
110,196.,270.,0.,195.5,270.,0.5;                                    1555P   1117
126,1,1,1,0,1,0,0.,0.,1.,1.,1.,1.,0.,3.141592654,0.,0.,             1557P   1118
6.283185307,0.,0.,1.,0.,0.,1.;                                      1557P   1119
124,1.,-7.105427357601E-15,0.,1.92179605562615E-12,                 1559P   1120
-7.105427357601E-15,-1.,6.98296267768627E-15,540.000000000001,      1559P   1121
-4.96169340471387E-29,-6.98296267768627E-15,-1.,                    1559P   1122
1.00000000000188;                                                   1559P   1123
100,0.5,190.,270.,195.5,270.,184.5,270.;                            1561P   1124
102,4,1545,1549,1553,1557;                                          1563P   1125
102,4,1547,1551,1555,1561;                                          1565P   1126
142,1,1543,1563,1565,1;                                             1567P   1127
144,1543,1,0,1567;                                                  1569P   1128
110,190.,270.,0.,190.,270.,-1000.;                                  1571P   1129
110,184.5,270.,11.5,184.5,270.,0.5;                                 1573P   1130
120,1571,1573,0.,6.28318530717959;                                  1575P   1131
126,1,1,1,0,1,0,0.,0.,1.,1.,1.,1.,0.,6.283185307,0.,1.,             1577P   1132
6.283185307,0.,0.,1.,0.,0.,1.;                                      1577P   1133
110,184.5,270.,11.5,184.5,270.,0.5;                                 1579P   1134
126,1,1,1,0,1,0,0.,0.,1.,1.,1.,1.,1.,6.283185307,0.,1.,             1581P   1135
3.141592654,0.,0.,1.,0.,0.,1.;                                      1581P   1136
100,0.5,190.,270.,184.5,270.,195.5,270.;                            1583P   1137
126,1,1,1,0,1,0,0.,0.,1.,1.,1.,1.,1.,3.141592654,0.,0.,             1585P   1138
3.141592654,0.,0.,1.,0.,0.,1.;                                      1585P   1139
110,195.5,270.,0.5,195.5,270.,11.5;                                 1587P   1140
126,1,1,1,0,1,0,0.,0.,1.,1.,1.,1.,0.,3.141592654,0.,0.,             1589P   1141
6.283185307,0.,0.,1.,0.,0.,1.;                                      1589P   1142
124,1.,-7.105427357601E-15,0.,1.92179605562616E-12,                 1591P   1143
-7.105427357601E-15,-1.,6.98296267768627E-15,540.000000000001,      1591P   1144
-4.96169340471387E-29,-6.98296267768627E-15,-1.,                    1591P   1145
23.0000000000019;                                                   1591P   1146
100,11.5,190.,270.,195.5,270.,184.5,270.;                           1593P   1147
102,4,1577,1581,1585,1589;                                          1595P   1148
102,4,1579,1583,1587,1593;                                          1597P   1149
142,1,1575,1595,1597,1;                                             1599P   1150
144,1575,1,0,1599;                                                  1601P   1151
110,190.,270.,-988.5,190.,270.,11.5;                                1603P   1152
110,195.5,270.,11.5,196.,270.,12.;                                  1605P   1153
120,1603,1605,0.,6.28318530717959;                                  1607P   1154
126,1,1,1,0,1,0,0.,0.,1.,1.,1.,1.,0.,6.283185307,0.,1.,             1609P   1155
6.283185307,0.,0.,1.,0.,0.,1.;                                      1609P   1156
110,195.5,270.,11.5,196.,270.,12.;                                  1611P   1157
126,1,1,1,0,1,0,0.,0.,1.,1.,1.,1.,1.,6.283185307,0.,1.,             1613P   1158
3.141592654,0.,0.,1.,0.,0.,1.;                                      1613P   1159
124,1.,-7.105427357601E-15,0.,1.92179605562616E-12,                 1615P   1160
-7.105427357601E-15,-1.,6.98296267768627E-15,540.000000000001,      1615P   1161
-4.96169340471387E-29,-6.98296267768627E-15,-1.,                    1615P   1162
24.0000000000019;                                                   1615P   1163
100,12.,190.,270.,196.,270.,184.,270.;                              1617P   1164
126,1,1,1,0,1,0,0.,0.,1.,1.,1.,1.,1.,3.141592654,0.,0.,             1619P   1165
3.141592654,0.,0.,1.,0.,0.,1.;                                      1619P   1166
110,184.,270.,12.,184.5,270.,11.5;                                  1621P   1167
126,1,1,1,0,1,0,0.,0.,1.,1.,1.,1.,0.,3.141592654,0.,0.,             1623P   1168
6.283185307,0.,0.,1.,0.,0.,1.;                                      1623P   1169
100,11.5,190.,270.,184.5,270.,195.5,270.;                           1625P   1170
102,4,1609,1613,1619,1623;                                          1627P   1171
102,4,1611,1617,1621,1625;                                          1629P   1172
142,1,1607,1627,1629,1;                                             1631P   1173
144,1607,1,0,1631;                                                  1633P   1174
110,95.,270.,1000.,95.,270.,0.;                                     1635P   1175
110,89.5,270.,0.5,89.,270.,0.;                                      1637P   1176
120,1635,1637,0.,6.28318530717959;                                  1639P   1177
126,1,1,1,0,1,0,0.,0.,1.,1.,1.,1.,0.,6.283185307,0.,1.,             1641P   1178
6.283185307,0.,0.,1.,0.,0.,1.;                                      1641P   1179
110,89.5,270.,0.5,89.,270.,0.;                                      1643P   1180
126,1,1,1,0,1,0,0.,0.,1.,1.,1.,1.,1.,6.283185307,0.,1.,             1645P   1181
3.141592654,0.,0.,1.,0.,0.,1.;                                      1645P   1182
100,0.,95.,270.,89.,270.,101.,270.;                                 1647P   1183
126,1,1,1,0,1,0,0.,0.,1.,1.,1.,1.,1.,3.141592654,0.,0.,             1649P   1184
3.141592654,0.,0.,1.,0.,0.,1.;                                      1649P   1185
110,101.,270.,0.,100.5,270.,0.5;                                    1651P   1186
126,1,1,1,0,1,0,0.,0.,1.,1.,1.,1.,0.,3.141592654,0.,0.,             1653P   1187
6.283185307,0.,0.,1.,0.,0.,1.;                                      1653P   1188
124,1.,-7.105427357601E-15,0.,1.92179605562615E-12,                 1655P   1189
-7.105427357601E-15,-1.,6.98296267768627E-15,540.000000000001,      1655P   1190
-4.96169340471387E-29,-6.98296267768627E-15,-1.,                    1655P   1191
1.00000000000188;                                                   1655P   1192
100,0.5,95.,270.,100.5,270.,89.5,270.;                              1657P   1193
102,4,1641,1645,1649,1653;                                          1659P   1194
102,4,1643,1647,1651,1657;                                          1661P   1195
142,1,1639,1659,1661,1;                                             1663P   1196
144,1639,1,0,1663;                                                  1665P   1197
110,95.,270.,0.,95.,270.,-1000.;                                    1667P   1198
110,89.5,270.,11.5,89.5,270.,0.5;                                   1669P   1199
120,1667,1669,0.,6.28318530717959;                                  1671P   1200
126,1,1,1,0,1,0,0.,0.,1.,1.,1.,1.,0.,6.283185307,0.,1.,             1673P   1201
6.283185307,0.,0.,1.,0.,0.,1.;                                      1673P   1202
110,89.5,270.,11.5,89.5,270.,0.5;                                   1675P   1203
126,1,1,1,0,1,0,0.,0.,1.,1.,1.,1.,1.,6.283185307,0.,1.,             1677P   1204
3.141592654,0.,0.,1.,0.,0.,1.;                                      1677P   1205
100,0.5,95.,270.,89.5,270.,100.5,270.;                              1679P   1206
126,1,1,1,0,1,0,0.,0.,1.,1.,1.,1.,1.,3.141592654,0.,0.,             1681P   1207
3.141592654,0.,0.,1.,0.,0.,1.;                                      1681P   1208
110,100.5,270.,0.5,100.5,270.,11.5;                                 1683P   1209
126,1,1,1,0,1,0,0.,0.,1.,1.,1.,1.,0.,3.141592654,0.,0.,             1685P   1210
6.283185307,0.,0.,1.,0.,0.,1.;                                      1685P   1211
124,1.,-7.105427357601E-15,0.,1.92179605562615E-12,                 1687P   1212
-7.105427357601E-15,-1.,6.98296267768627E-15,540.000000000001,      1687P   1213
-4.96169340471387E-29,-6.98296267768627E-15,-1.,                    1687P   1214
23.0000000000019;                                                   1687P   1215
100,11.5,95.,270.,100.5,270.,89.5,270.;                             1689P   1216
102,4,1673,1677,1681,1685;                                          1691P   1217
102,4,1675,1679,1683,1689;                                          1693P   1218
142,1,1671,1691,1693,1;                                             1695P   1219
144,1671,1,0,1695;                                                  1697P   1220
110,95.,270.,-988.5,95.,270.,11.5;                                  1699P   1221
110,100.5,270.,11.5,101.,270.,12.;                                  1701P   1222
120,1699,1701,0.,6.28318530717959;                                  1703P   1223
126,1,1,1,0,1,0,0.,0.,1.,1.,1.,1.,0.,6.283185307,0.,1.,             1705P   1224
6.283185307,0.,0.,1.,0.,0.,1.;                                      1705P   1225
110,100.5,270.,11.5,101.,270.,12.;                                  1707P   1226
126,1,1,1,0,1,0,0.,0.,1.,1.,1.,1.,1.,6.283185307,0.,1.,             1709P   1227
3.141592654,0.,0.,1.,0.,0.,1.;                                      1709P   1228
124,1.,-7.105427357601E-15,0.,1.92179605562615E-12,                 1711P   1229
-7.105427357601E-15,-1.,6.98296267768627E-15,540.,                  1711P   1230
-4.96169340471387E-29,-6.98296267768627E-15,-1.,                    1711P   1231
24.0000000000019;                                                   1711P   1232
100,12.,95.,270.,101.,270.,89.,270.;                                1713P   1233
126,1,1,1,0,1,0,0.,0.,1.,1.,1.,1.,1.,3.141592654,0.,0.,             1715P   1234
3.141592654,0.,0.,1.,0.,0.,1.;                                      1715P   1235
110,89.,270.,12.,89.5,270.,11.5;                                    1717P   1236
126,1,1,1,0,1,0,0.,0.,1.,1.,1.,1.,0.,3.141592654,0.,0.,             1719P   1237
6.283185307,0.,0.,1.,0.,0.,1.;                                      1719P   1238
100,11.5,95.,270.,89.5,270.,100.5,270.;                             1721P   1239
102,4,1705,1709,1715,1719;                                          1723P   1240
102,4,1707,1713,1717,1721;                                          1725P   1241
142,1,1703,1723,1725,1;                                             1727P   1242
144,1703,1,0,1727;                                                  1729P   1243
110,0.,270.,1000.,0.,270.,0.;                                       1731P   1244
110,-5.5,270.,0.5,-6.,270.,0.;                                      1733P   1245
120,1731,1733,0.,6.28318530717959;                                  1735P   1246
126,1,1,1,0,1,0,0.,0.,1.,1.,1.,1.,0.,6.283185307,0.,1.,             1737P   1247
6.283185307,0.,0.,1.,0.,0.,1.;                                      1737P   1248
110,-5.5,270.,0.5,-6.,270.,0.;                                      1739P   1249
126,1,1,1,0,1,0,0.,0.,1.,1.,1.,1.,1.,6.283185307,0.,1.,             1741P   1250
3.141592654,0.,0.,1.,0.,0.,1.;                                      1741P   1251
100,0.,0.,270.,-6.,270.,6.,270.;                                    1743P   1252
126,1,1,1,0,1,0,0.,0.,1.,1.,1.,1.,1.,3.141592654,0.,0.,             1745P   1253
3.141592654,0.,0.,1.,0.,0.,1.;                                      1745P   1254
110,6.,270.,0.,5.5,270.,0.5;                                        1747P   1255
126,1,1,1,0,1,0,0.,0.,1.,1.,1.,1.,0.,3.141592654,0.,0.,             1749P   1256
6.283185307,0.,0.,1.,0.,0.,1.;                                      1749P   1257
124,1.,-7.105427357601E-15,0.,1.91846538655227E-12,                 1751P   1258
-7.105427357601E-15,-1.,6.98296267768627E-15,540.,                  1751P   1259
-4.96169340471387E-29,-6.98296267768627E-15,-1.,                    1751P   1260
1.00000000000188;                                                   1751P   1261
100,0.5,0.,270.,5.5,270.,-5.5,270.;                                 1753P   1262
102,4,1737,1741,1745,1749;                                          1755P   1263
102,4,1739,1743,1747,1753;                                          1757P   1264
142,1,1735,1755,1757,1;                                             1759P   1265
144,1735,1,0,1759;                                                  1761P   1266
110,0.,270.,0.,0.,270.,-1000.;                                      1763P   1267
110,-5.5,270.,11.5,-5.5,270.,0.5;                                   1765P   1268
120,1763,1765,0.,6.28318530717959;                                  1767P   1269
126,1,1,1,0,1,0,0.,0.,1.,1.,1.,1.,0.,6.283185307,0.,1.,             1769P   1270
6.283185307,0.,0.,1.,0.,0.,1.;                                      1769P   1271
110,-5.5,270.,11.5,-5.5,270.,0.5;                                   1771P   1272
126,1,1,1,0,1,0,0.,0.,1.,1.,1.,1.,1.,6.283185307,0.,1.,             1773P   1273
3.141592654,0.,0.,1.,0.,0.,1.;                                      1773P   1274
100,0.5,0.,270.,-5.5,270.,5.5,270.;                                 1775P   1275
126,1,1,1,0,1,0,0.,0.,1.,1.,1.,1.,1.,3.141592654,0.,0.,             1777P   1276
3.141592654,0.,0.,1.,0.,0.,1.;                                      1777P   1277
110,5.5,270.,0.5,5.5,270.,11.5;                                     1779P   1278
126,1,1,1,0,1,0,0.,0.,1.,1.,1.,1.,0.,3.141592654,0.,0.,             1781P   1279
6.283185307,0.,0.,1.,0.,0.,1.;                                      1781P   1280
124,1.,-7.105427357601E-15,0.,1.91846538655227E-12,                 1783P   1281
-7.105427357601E-15,-1.,6.98296267768627E-15,540.,                  1783P   1282
-4.96169340471387E-29,-6.98296267768627E-15,-1.,                    1783P   1283
23.0000000000019;                                                   1783P   1284
100,11.5,0.,270.,5.5,270.,-5.5,270.;                                1785P   1285
102,4,1769,1773,1777,1781;                                          1787P   1286
102,4,1771,1775,1779,1785;                                          1789P   1287
142,1,1767,1787,1789,1;                                             1791P   1288
144,1767,1,0,1791;                                                  1793P   1289
110,0.,270.,-988.5,0.,270.,11.5;                                    1795P   1290
110,5.5,270.,11.5,6.,270.,12.;                                      1797P   1291
120,1795,1797,0.,6.28318530717959;                                  1799P   1292
126,1,1,1,0,1,0,0.,0.,1.,1.,1.,1.,0.,6.283185307,0.,1.,             1801P   1293
6.283185307,0.,0.,1.,0.,0.,1.;                                      1801P   1294
110,5.5,270.,11.5,6.,270.,12.;                                      1803P   1295
126,1,1,1,0,1,0,0.,0.,1.,1.,1.,1.,1.,6.283185307,0.,1.,             1805P   1296
3.141592654,0.,0.,1.,0.,0.,1.;                                      1805P   1297
124,1.,-7.105427357601E-15,0.,1.91846538655227E-12,                 1807P   1298
-7.105427357601E-15,-1.,6.98296267768627E-15,540.,                  1807P   1299
-4.96169340471387E-29,-6.98296267768627E-15,-1.,                    1807P   1300
24.0000000000019;                                                   1807P   1301
100,12.,0.,270.,6.,270.,-6.,270.;                                   1809P   1302
126,1,1,1,0,1,0,0.,0.,1.,1.,1.,1.,1.,3.141592654,0.,0.,             1811P   1303
3.141592654,0.,0.,1.,0.,0.,1.;                                      1811P   1304
110,-6.,270.,12.,-5.5,270.,11.5;                                    1813P   1305
126,1,1,1,0,1,0,0.,0.,1.,1.,1.,1.,0.,3.141592654,0.,0.,             1815P   1306
6.283185307,0.,0.,1.,0.,0.,1.;                                      1815P   1307
100,11.5,0.,270.,-5.5,270.,5.5,270.;                                1817P   1308
102,4,1801,1805,1811,1815;                                          1819P   1309
102,4,1803,1809,1813,1817;                                          1821P   1310
142,1,1799,1819,1821,1;                                             1823P   1311
144,1799,1,0,1823;                                                  1825P   1312
110,-95.,270.,1000.,-95.,270.,0.;                                   1827P   1313
110,-100.5,270.,0.5,-101.,270.,0.;                                  1829P   1314
120,1827,1829,0.,6.28318530717959;                                  1831P   1315
126,1,1,1,0,1,0,0.,0.,1.,1.,1.,1.,0.,6.283185307,0.,1.,             1833P   1316
6.283185307,0.,0.,1.,0.,0.,1.;                                      1833P   1317
110,-100.5,270.,0.5,-101.,270.,0.;                                  1835P   1318
126,1,1,1,0,1,0,0.,0.,1.,1.,1.,1.,1.,6.283185307,0.,1.,             1837P   1319
3.141592654,0.,0.,1.,0.,0.,1.;                                      1837P   1320
100,0.,-95.,270.,-101.,270.,-89.,270.;                              1839P   1321
126,1,1,1,0,1,0,0.,0.,1.,1.,1.,1.,1.,3.141592654,0.,0.,             1841P   1322
3.141592654,0.,0.,1.,0.,0.,1.;                                      1841P   1323
110,-89.,270.,0.,-89.5,270.,0.5;                                    1843P   1324
126,1,1,1,0,1,0,0.,0.,1.,1.,1.,1.,0.,3.141592654,0.,0.,             1845P   1325
6.283185307,0.,0.,1.,0.,0.,1.;                                      1845P   1326
124,1.,-7.105427357601E-15,0.,1.92179605562614E-12,                 1847P   1327
-7.105427357601E-15,-1.,6.98296267768627E-15,539.999999999999,      1847P   1328
-4.96169340471387E-29,-6.98296267768627E-15,-1.,                    1847P   1329
1.00000000000188;                                                   1847P   1330
100,0.5,-95.,270.,-89.5,270.,-100.5,270.;                           1849P   1331
102,4,1833,1837,1841,1845;                                          1851P   1332
102,4,1835,1839,1843,1849;                                          1853P   1333
142,1,1831,1851,1853,1;                                             1855P   1334
144,1831,1,0,1855;                                                  1857P   1335
110,-95.,270.,0.,-95.,270.,-1000.;                                  1859P   1336
110,-100.5,270.,11.5,-100.5,270.,0.5;                               1861P   1337
120,1859,1861,0.,6.28318530717959;                                  1863P   1338
126,1,1,1,0,1,0,0.,0.,1.,1.,1.,1.,0.,6.283185307,0.,1.,             1865P   1339
6.283185307,0.,0.,1.,0.,0.,1.;                                      1865P   1340
110,-100.5,270.,11.5,-100.5,270.,0.5;                               1867P   1341
126,1,1,1,0,1,0,0.,0.,1.,1.,1.,1.,1.,6.283185307,0.,1.,             1869P   1342
3.141592654,0.,0.,1.,0.,0.,1.;                                      1869P   1343
100,0.5,-95.,270.,-100.5,270.,-89.5,270.;                           1871P   1344
126,1,1,1,0,1,0,0.,0.,1.,1.,1.,1.,1.,3.141592654,0.,0.,             1873P   1345
3.141592654,0.,0.,1.,0.,0.,1.;                                      1873P   1346
110,-89.5,270.,0.5,-89.5,270.,11.5;                                 1875P   1347
126,1,1,1,0,1,0,0.,0.,1.,1.,1.,1.,0.,3.141592654,0.,0.,             1877P   1348
6.283185307,0.,0.,1.,0.,0.,1.;                                      1877P   1349
124,1.,-7.105427357601E-15,0.,1.92179605562614E-12,                 1879P   1350
-7.105427357601E-15,-1.,6.98296267768627E-15,539.999999999999,      1879P   1351
-4.96169340471387E-29,-6.98296267768627E-15,-1.,                    1879P   1352
23.0000000000019;                                                   1879P   1353
100,11.5,-95.,270.,-89.5,270.,-100.5,270.;                          1881P   1354
102,4,1865,1869,1873,1877;                                          1883P   1355
102,4,1867,1871,1875,1881;                                          1885P   1356
142,1,1863,1883,1885,1;                                             1887P   1357
144,1863,1,0,1887;                                                  1889P   1358
110,-95.,270.,-988.5,-95.,270.,11.5;                                1891P   1359
110,-89.5,270.,11.5,-89.,270.,12.;                                  1893P   1360
120,1891,1893,0.,6.28318530717959;                                  1895P   1361
126,1,1,1,0,1,0,0.,0.,1.,1.,1.,1.,0.,6.283185307,0.,1.,             1897P   1362
6.283185307,0.,0.,1.,0.,0.,1.;                                      1897P   1363
110,-89.5,270.,11.5,-89.,270.,12.;                                  1899P   1364
126,1,1,1,0,1,0,0.,0.,1.,1.,1.,1.,1.,6.283185307,0.,1.,             1901P   1365
3.141592654,0.,0.,1.,0.,0.,1.;                                      1901P   1366
124,1.,-7.105427357601E-15,0.,1.92179605562614E-12,                 1903P   1367
-7.105427357601E-15,-1.,6.98296267768627E-15,539.999999999999,      1903P   1368
-4.96169340471387E-29,-6.98296267768627E-15,-1.,                    1903P   1369
24.0000000000019;                                                   1903P   1370
100,12.,-95.,270.,-89.,270.,-101.,270.;                             1905P   1371
126,1,1,1,0,1,0,0.,0.,1.,1.,1.,1.,1.,3.141592654,0.,0.,             1907P   1372
3.141592654,0.,0.,1.,0.,0.,1.;                                      1907P   1373
110,-101.,270.,12.,-100.5,270.,11.5;                                1909P   1374
126,1,1,1,0,1,0,0.,0.,1.,1.,1.,1.,0.,3.141592654,0.,0.,             1911P   1375
6.283185307,0.,0.,1.,0.,0.,1.;                                      1911P   1376
100,11.5,-95.,270.,-100.5,270.,-89.5,270.;                          1913P   1377
102,4,1897,1901,1907,1911;                                          1915P   1378
102,4,1899,1905,1909,1913;                                          1917P   1379
142,1,1895,1915,1917,1;                                             1919P   1380
144,1895,1,0,1919;                                                  1921P   1381
110,-190.,270.,1000.,-190.,270.,0.;                                 1923P   1382
110,-195.5,270.,0.5,-196.,270.,0.;                                  1925P   1383
120,1923,1925,0.,6.28318530717959;                                  1927P   1384
126,1,1,1,0,1,0,0.,0.,1.,1.,1.,1.,0.,6.283185307,0.,1.,             1929P   1385
6.283185307,0.,0.,1.,0.,0.,1.;                                      1929P   1386
110,-195.5,270.,0.5,-196.,270.,0.;                                  1931P   1387
126,1,1,1,0,1,0,0.,0.,1.,1.,1.,1.,1.,6.283185307,0.,1.,             1933P   1388
3.141592654,0.,0.,1.,0.,0.,1.;                                      1933P   1389
100,0.,-190.,270.,-196.,270.,-184.,270.;                            1935P   1390
126,1,1,1,0,1,0,0.,0.,1.,1.,1.,1.,1.,3.141592654,0.,0.,             1937P   1391
3.141592654,0.,0.,1.,0.,0.,1.;                                      1937P   1392
110,-184.,270.,0.,-184.5,270.,0.5;                                  1939P   1393
126,1,1,1,0,1,0,0.,0.,1.,1.,1.,1.,0.,3.141592654,0.,0.,             1941P   1394
6.283185307,0.,0.,1.,0.,0.,1.;                                      1941P   1395
124,1.,-7.105427357601E-15,0.,1.92179605562614E-12,                 1943P   1396
-7.105427357601E-15,-1.,6.98296267768627E-15,539.999999999999,      1943P   1397
-4.96169340471387E-29,-6.98296267768627E-15,-1.,                    1943P   1398
1.00000000000188;                                                   1943P   1399
100,0.5,-190.,270.,-184.5,270.,-195.5,270.;                         1945P   1400
102,4,1929,1933,1937,1941;                                          1947P   1401
102,4,1931,1935,1939,1945;                                          1949P   1402
142,1,1927,1947,1949,1;                                             1951P   1403
144,1927,1,0,1951;                                                  1953P   1404
110,-190.,270.,0.,-190.,270.,-1000.;                                1955P   1405
110,-195.5,270.,11.5,-195.5,270.,0.5;                               1957P   1406
120,1955,1957,0.,6.28318530717959;                                  1959P   1407
126,1,1,1,0,1,0,0.,0.,1.,1.,1.,1.,0.,6.283185307,0.,1.,             1961P   1408
6.283185307,0.,0.,1.,0.,0.,1.;                                      1961P   1409
110,-195.5,270.,11.5,-195.5,270.,0.5;                               1963P   1410
126,1,1,1,0,1,0,0.,0.,1.,1.,1.,1.,1.,6.283185307,0.,1.,             1965P   1411
3.141592654,0.,0.,1.,0.,0.,1.;                                      1965P   1412
100,0.5,-190.,270.,-195.5,270.,-184.5,270.;                         1967P   1413
126,1,1,1,0,1,0,0.,0.,1.,1.,1.,1.,1.,3.141592654,0.,0.,             1969P   1414
3.141592654,0.,0.,1.,0.,0.,1.;                                      1969P   1415
110,-184.5,270.,0.5,-184.5,270.,11.5;                               1971P   1416
126,1,1,1,0,1,0,0.,0.,1.,1.,1.,1.,0.,3.141592654,0.,0.,             1973P   1417
6.283185307,0.,0.,1.,0.,0.,1.;                                      1973P   1418
124,1.,-7.105427357601E-15,0.,1.92179605562614E-12,                 1975P   1419
-7.105427357601E-15,-1.,6.98296267768627E-15,539.999999999999,      1975P   1420
-4.96169340471387E-29,-6.98296267768627E-15,-1.,                    1975P   1421
23.0000000000019;                                                   1975P   1422
100,11.5,-190.,270.,-184.5,270.,-195.5,270.;                        1977P   1423
102,4,1961,1965,1969,1973;                                          1979P   1424
102,4,1963,1967,1971,1977;                                          1981P   1425
142,1,1959,1979,1981,1;                                             1983P   1426
144,1959,1,0,1983;                                                  1985P   1427
110,-190.,270.,-988.5,-190.,270.,11.5;                              1987P   1428
110,-184.5,270.,11.5,-184.,270.,12.;                                1989P   1429
120,1987,1989,0.,6.28318530717959;                                  1991P   1430
126,1,1,1,0,1,0,0.,0.,1.,1.,1.,1.,0.,6.283185307,0.,1.,             1993P   1431
6.283185307,0.,0.,1.,0.,0.,1.;                                      1993P   1432
110,-184.5,270.,11.5,-184.,270.,12.;                                1995P   1433
126,1,1,1,0,1,0,0.,0.,1.,1.,1.,1.,1.,6.283185307,0.,1.,             1997P   1434
3.141592654,0.,0.,1.,0.,0.,1.;                                      1997P   1435
124,1.,-7.105427357601E-15,0.,1.92179605562614E-12,                 1999P   1436
-7.105427357601E-15,-1.,6.98296267768627E-15,539.999999999999,      1999P   1437
-4.96169340471387E-29,-6.98296267768627E-15,-1.,                    1999P   1438
24.0000000000019;                                                   1999P   1439
100,12.,-190.,270.,-184.,270.,-196.,270.;                           2001P   1440
126,1,1,1,0,1,0,0.,0.,1.,1.,1.,1.,1.,3.141592654,0.,0.,             2003P   1441
3.141592654,0.,0.,1.,0.,0.,1.;                                      2003P   1442
110,-196.,270.,12.,-195.5,270.,11.5;                                2005P   1443
126,1,1,1,0,1,0,0.,0.,1.,1.,1.,1.,0.,3.141592654,0.,0.,             2007P   1444
6.283185307,0.,0.,1.,0.,0.,1.;                                      2007P   1445
100,11.5,-190.,270.,-195.5,270.,-184.5,270.;                        2009P   1446
102,4,1993,1997,2003,2007;                                          2011P   1447
102,4,1995,2001,2005,2009;                                          2013P   1448
142,1,1991,2011,2013,1;                                             2015P   1449
144,1991,1,0,2015;                                                  2017P   1450
110,-232.,-235.,1000.,-232.,-235.,0.;                               2019P   1451
110,-237.5,-235.,0.5,-238.,-235.,0.;                                2021P   1452
120,2019,2021,0.,6.28318530717959;                                  2023P   1453
126,1,1,1,0,1,0,0.,0.,1.,1.,1.,1.,0.,6.283185307,0.,1.,             2025P   1454
6.283185307,0.,0.,1.,0.,0.,1.;                                      2025P   1455
110,-237.5,-235.,0.5,-238.,-235.,0.;                                2027P   1456
126,1,1,1,0,1,0,0.,0.,1.,1.,1.,1.,1.,6.283185307,0.,1.,             2029P   1457
3.141592654,0.,0.,1.,0.,0.,1.;                                      2029P   1458
100,0.,-232.,-235.,-238.,-235.,-226.,-235.;                         2031P   1459
126,1,1,1,0,1,0,0.,0.,1.,1.,1.,1.,1.,3.141592654,0.,0.,             2033P   1460
3.141592654,0.,0.,1.,0.,0.,1.;                                      2033P   1461
110,-226.,-235.,0.,-226.5,-235.,0.5;                                2035P   1462
126,1,1,1,0,1,0,0.,0.,1.,1.,1.,1.,0.,3.141592654,0.,0.,             2037P   1463
6.283185307,0.,0.,1.,0.,0.,1.;                                      2037P   1464
124,1.,-7.105427357601E-15,0.,-1.67421632113475E-12,                2039P   1465
-7.105427357601E-15,-1.,6.98296267768627E-15,-470.000000000002,     2039P   1466
-4.96169340471387E-29,-6.98296267768627E-15,-1.,                    2039P   1467
0.999999999998349;                                                  2039P   1468
100,0.5,-232.,-235.,-226.5,-235.,-237.5,-235.;                      2041P   1469
102,4,2025,2029,2033,2037;                                          2043P   1470
102,4,2027,2031,2035,2041;                                          2045P   1471
142,1,2023,2043,2045,1;                                             2047P   1472
144,2023,1,0,2047;                                                  2049P   1473
110,-232.,-235.,0.,-232.,-235.,-1000.;                              2051P   1474
110,-237.5,-235.,11.5,-237.5,-235.,0.5;                             2053P   1475
120,2051,2053,0.,6.28318530717959;                                  2055P   1476
126,1,1,1,0,1,0,0.,0.,1.,1.,1.,1.,0.,6.283185307,0.,1.,             2057P   1477
6.283185307,0.,0.,1.,0.,0.,1.;                                      2057P   1478
110,-237.5,-235.,11.5,-237.5,-235.,0.5;                             2059P   1479
126,1,1,1,0,1,0,0.,0.,1.,1.,1.,1.,1.,6.283185307,0.,1.,             2061P   1480
3.141592654,0.,0.,1.,0.,0.,1.;                                      2061P   1481
100,0.5,-232.,-235.,-237.5,-235.,-226.5,-235.;                      2063P   1482
126,1,1,1,0,1,0,0.,0.,1.,1.,1.,1.,1.,3.141592654,0.,0.,             2065P   1483
3.141592654,0.,0.,1.,0.,0.,1.;                                      2065P   1484
110,-226.5,-235.,0.5,-226.5,-235.,11.5;                             2067P   1485
126,1,1,1,0,1,0,0.,0.,1.,1.,1.,1.,0.,3.141592654,0.,0.,             2069P   1486
6.283185307,0.,0.,1.,0.,0.,1.;                                      2069P   1487
124,1.,-7.105427357601E-15,0.,-1.67421632113475E-12,                2071P   1488
-7.105427357601E-15,-1.,6.98296267768627E-15,-470.000000000002,     2071P   1489
-4.96169340471387E-29,-6.98296267768627E-15,-1.,                    2071P   1490
22.9999999999984;                                                   2071P   1491
100,11.5,-232.,-235.,-226.5,-235.,-237.5,-235.;                     2073P   1492
102,4,2057,2061,2065,2069;                                          2075P   1493
102,4,2059,2063,2067,2073;                                          2077P   1494
142,1,2055,2075,2077,1;                                             2079P   1495
144,2055,1,0,2079;                                                  2081P   1496
110,-232.,-235.,-988.5,-232.,-235.,11.5;                            2083P   1497
110,-226.5,-235.,11.5,-226.,-235.,12.;                              2085P   1498
120,2083,2085,0.,6.28318530717959;                                  2087P   1499
126,1,1,1,0,1,0,0.,0.,1.,1.,1.,1.,0.,6.283185307,0.,1.,             2089P   1500
6.283185307,0.,0.,1.,0.,0.,1.;                                      2089P   1501
110,-226.5,-235.,11.5,-226.,-235.,12.;                              2091P   1502
126,1,1,1,0,1,0,0.,0.,1.,1.,1.,1.,1.,6.283185307,0.,1.,             2093P   1503
3.141592654,0.,0.,1.,0.,0.,1.;                                      2093P   1504
124,1.,-7.105427357601E-15,0.,-1.67421632113475E-12,                2095P   1505
-7.105427357601E-15,-1.,6.98296267768627E-15,-470.000000000002,     2095P   1506
-4.96169340471387E-29,-6.98296267768627E-15,-1.,                    2095P   1507
23.9999999999984;                                                   2095P   1508
100,12.,-232.,-235.,-226.,-235.,-238.,-235.;                        2097P   1509
126,1,1,1,0,1,0,0.,0.,1.,1.,1.,1.,1.,3.141592654,0.,0.,             2099P   1510
3.141592654,0.,0.,1.,0.,0.,1.;                                      2099P   1511
110,-238.,-235.,12.,-237.5,-235.,11.5;                              2101P   1512
126,1,1,1,0,1,0,0.,0.,1.,1.,1.,1.,0.,3.141592654,0.,0.,             2103P   1513
6.283185307,0.,0.,1.,0.,0.,1.;                                      2103P   1514
100,11.5,-232.,-235.,-237.5,-235.,-226.5,-235.;                     2105P   1515
102,4,2089,2093,2099,2103;                                          2107P   1516
102,4,2091,2097,2101,2105;                                          2109P   1517
142,1,2087,2107,2109,1;                                             2111P   1518
144,2087,1,0,2111;                                                  2113P   1519
110,242.,-280.,12.,242.,-280.,-988.;                                2115P   1520
110,237.,-280.,12.,237.,-280.,0.;                                   2117P   1521
120,2115,2117,0.,6.28318530717959;                                  2119P   1522
126,1,1,1,0,1,0,0.,0.,1.,1.,1.,1.,1.,4.71238898,0.,1.,              2121P   1523
3.141592654,0.,0.,1.,0.,0.,1.;                                      2121P   1524
100,0.,242.,-280.,242.,-285.,247.,-280.;                            2123P   1525
126,1,1,1,0,1,0,0.,0.,1.,1.,1.,1.,1.,3.141592654,0.,0.,             2125P   1526
3.141592654,0.,0.,1.,0.,0.,1.;                                      2125P   1527
110,247.,-280.,0.,247.,-280.,12.;                                   2127P   1528
126,1,1,1,0,1,0,0.,0.,1.,1.,1.,1.,0.,3.141592654,0.,0.,             2129P   1529
4.71238898,0.,0.,1.,0.,0.,1.;                                       2129P   1530
124,1.,-1.40883900352873E-14,-6.98296267768627E-15,                 2131P   1531
-3.86388230492392E-12,-1.40883900352873E-14,-1.,0.,                 2131P   1532
-559.999999999997,-6.98296267768627E-15,9.83787018050981E-29,       2131P   1533
-1.,24.0000000000017;                                               2131P   1534
100,12.,242.,-280.,247.,-280.,242.,-275.;                           2133P   1535
126,1,1,1,0,1,0,0.,0.,1.,1.,1.,1.,0.,4.71238898,0.,1.,              2135P   1536
4.71238898,0.,0.,1.,0.,0.,1.;                                       2135P   1537
110,242.,-285.,12.,242.,-285.,0.;                                   2137P   1538
102,4,2121,2125,2129,2135;                                          2139P   1539
102,4,2123,2127,2133,2137;                                          2141P   1540
142,1,2119,2139,2141,1;                                             2143P   1541
144,2119,1,0,2143;                                                  2145P   1542
128,1,1,1,1,0,0,1,0,0,0.,0.,1.,1.,0.,0.,1.,1.,1.,1.,1.,1.,247.,     2147P   1543
280.,0.,247.,-280.,0.,247.,280.,12.,247.,-280.,12.,0.,1.,0.,1.;     2147P   1544
126,1,1,1,0,1,0,0.,0.,1.,1.,1.,1.,1.,0.,0.,1.,1.,0.,0.,1.,0.,       2149P   1545
0.,1.;                                                              2149P   1546
110,247.,-280.,0.,247.,-280.,12.;                                   2151P   1547
126,1,1,1,0,1,0,0.,0.,1.,1.,1.,1.,1.,1.,0.,0.,1.,0.,0.,1.,0.,       2153P   1548
0.,1.;                                                              2153P   1549
110,247.,-280.,12.,247.,280.,12.;                                   2155P   1550
126,1,1,1,0,1,0,0.,0.,1.,1.,1.,1.,0.,1.,0.,0.,0.,0.,0.,1.,0.,       2157P   1551
0.,1.;                                                              2157P   1552
110,247.,280.,12.,247.,280.,0.;                                     2159P   1553
126,1,1,1,0,1,0,0.,0.,1.,1.,1.,1.,0.,0.,0.,1.,0.,0.,0.,1.,0.,       2161P   1554
0.,1.;                                                              2161P   1555
110,247.,280.,0.,247.,-280.,0.;                                     2163P   1556
102,4,2149,2153,2157,2161;                                          2165P   1557
102,4,2151,2155,2159,2163;                                          2167P   1558
142,1,2147,2165,2167,1;                                             2169P   1559
144,2147,1,0,2169;                                                  2171P   1560
110,242.,280.,12.,242.,280.,-988.;                                  2173P   1561
110,237.,280.,12.,237.,280.,0.;                                     2175P   1562
120,2173,2175,0.,6.28318530717959;                                  2177P   1563
126,1,1,1,0,1,0,0.,0.,1.,1.,1.,1.,1.,3.141592654,0.,1.,             2179P   1564
1.570796327,0.,0.,1.,0.,0.,1.;                                      2179P   1565
100,0.,242.,280.,247.,280.,242.,285.;                               2181P   1566
126,1,1,1,0,1,0,0.,0.,1.,1.,1.,1.,1.,1.570796327,0.,0.,             2183P   1567
1.570796327,0.,0.,1.,0.,0.,1.;                                      2183P   1568
110,242.,285.,0.,242.,285.,12.;                                     2185P   1569
126,1,1,1,0,1,0,0.,0.,1.,1.,1.,1.,0.,1.570796327,0.,0.,             2187P   1570
3.141592654,0.,0.,1.,0.,0.,1.;                                      2187P   1571
124,6.12323399573677E-17,1.,0.,-38.,1.,-6.12323399573677E-17,       2189P   1572
-6.98296267768627E-15,38.0000000000001,-6.98296267768627E-15,       2189P   1573
4.27583144589696E-31,-1.,24.0000000000017;                          2189P   1574
100,12.,242.,280.,247.,280.,242.,285.;                              2191P   1575
126,1,1,1,0,1,0,0.,0.,1.,1.,1.,1.,0.,3.141592654,0.,1.,             2193P   1576
3.141592654,0.,0.,1.,0.,0.,1.;                                      2193P   1577
110,247.,280.,12.,247.,280.,0.;                                     2195P   1578
102,4,2179,2183,2187,2193;                                          2197P   1579
102,4,2181,2185,2191,2195;                                          2199P   1580
142,1,2177,2197,2199,1;                                             2201P   1581
144,2177,1,0,2201;                                                  2203P   1582
128,1,1,1,1,0,0,1,0,0,0.,0.,1.,1.,0.,0.,1.,1.,1.,1.,1.,1.,          2205P   1583
-242.,285.,12.,-242.,285.,0.,242.,285.,12.,242.,285.,0.,0.,1.,      2205P   1584
0.,1.;                                                              2205P   1585
126,1,1,1,0,1,0,0.,0.,1.,1.,1.,1.,1.,1.,0.,0.,1.,0.,0.,1.,0.,       2207P   1586
0.,1.;                                                              2207P   1587
110,242.,285.,0.,242.,285.,12.;                                     2209P   1588
126,1,1,1,0,1,0,0.,0.,1.,1.,1.,1.,0.,1.,0.,0.,0.,0.,0.,1.,0.,       2211P   1589
0.,1.;                                                              2211P   1590
110,242.,285.,12.,-242.,285.,12.;                                   2213P   1591
126,1,1,1,0,1,0,0.,0.,1.,1.,1.,1.,0.,0.,0.,1.,0.,0.,0.,1.,0.,       2215P   1592
0.,1.;                                                              2215P   1593
110,-242.,285.,12.,-242.,285.,0.;                                   2217P   1594
126,1,1,1,0,1,0,0.,0.,1.,1.,1.,1.,1.,0.,0.,1.,1.,0.,0.,1.,0.,       2219P   1595
0.,1.;                                                              2219P   1596
110,-242.,285.,0.,242.,285.,0.;                                     2221P   1597
102,4,2207,2211,2215,2219;                                          2223P   1598
102,4,2209,2213,2217,2221;                                          2225P   1599
142,1,2205,2223,2225,1;                                             2227P   1600
144,2205,1,0,2227;                                                  2229P   1601
110,-242.,280.,12.,-242.,280.,-988.;                                2231P   1602
110,-247.,280.,12.,-247.,280.,0.;                                   2233P   1603
120,2231,2233,0.,6.28318530717959;                                  2235P   1604
126,1,1,1,0,1,0,0.,0.,1.,1.,1.,1.,1.,1.570796327,0.,1.,0.,0.,       2237P   1605
0.,1.,0.,0.,1.;                                                     2237P   1606
100,0.,-242.,280.,-242.,285.,-247.,280.;                            2239P   1607
126,1,1,1,0,1,0,0.,0.,1.,1.,1.,1.,1.,0.,0.,0.,0.,0.,0.,1.,0.,       2241P   1608
0.,1.;                                                              2241P   1609
110,-247.,280.,0.,-247.,280.,12.;                                   2243P   1610
126,1,1,1,0,1,0,0.,0.,1.,1.,1.,1.,0.,0.,0.,0.,1.570796327,0.,       2245P   1611
0.,1.,0.,0.,1.;                                                     2245P   1612
124,-1.,0.,6.98296267768627E-15,-484.,0.,1.,0.,0.,                  2247P   1613
-6.98296267768627E-15,0.,-1.,23.9999999999983;                      2247P   1614
100,12.,-242.,280.,-237.,280.,-242.,285.;                           2249P   1615
126,1,1,1,0,1,0,0.,0.,1.,1.,1.,1.,0.,1.570796327,0.,1.,             2251P   1616
1.570796327,0.,0.,1.,0.,0.,1.;                                      2251P   1617
110,-242.,285.,12.,-242.,285.,0.;                                   2253P   1618
102,4,2237,2241,2245,2251;                                          2255P   1619
102,4,2239,2243,2249,2253;                                          2257P   1620
142,1,2235,2255,2257,1;                                             2259P   1621
144,2235,1,0,2259;                                                  2261P   1622
128,1,1,1,1,0,0,1,0,0,0.,0.,1.,1.,0.,0.,1.,1.,1.,1.,1.,1.,          2263P   1623
-247.,-280.,0.,-247.,280.,0.,-247.,-280.,12.,-247.,280.,12.,0.,     2263P   1624
1.,0.,1.;                                                           2263P   1625
126,1,1,1,0,1,0,0.,0.,1.,1.,1.,1.,1.,0.,0.,1.,1.,0.,0.,1.,0.,       2265P   1626
0.,1.;                                                              2265P   1627
110,-247.,280.,0.,-247.,280.,12.;                                   2267P   1628
126,1,1,1,0,1,0,0.,0.,1.,1.,1.,1.,1.,1.,0.,0.,1.,0.,0.,1.,0.,       2269P   1629
0.,1.;                                                              2269P   1630
110,-247.,280.,12.,-247.,-280.,12.;                                 2271P   1631
126,1,1,1,0,1,0,0.,0.,1.,1.,1.,1.,0.,1.,0.,0.,0.,0.,0.,1.,0.,       2273P   1632
0.,1.;                                                              2273P   1633
110,-247.,-280.,12.,-247.,-280.,0.;                                 2275P   1634
126,1,1,1,0,1,0,0.,0.,1.,1.,1.,1.,0.,0.,0.,1.,0.,0.,0.,1.,0.,       2277P   1635
0.,1.;                                                              2277P   1636
110,-247.,-280.,0.,-247.,280.,0.;                                   2279P   1637
102,4,2265,2269,2273,2277;                                          2281P   1638
102,4,2267,2271,2275,2279;                                          2283P   1639
142,1,2263,2281,2283,1;                                             2285P   1640
144,2263,1,0,2285;                                                  2287P   1641
110,-242.,-280.,12.,-242.,-280.,-988.;                              2289P   1642
110,-247.,-280.,12.,-247.,-280.,0.;                                 2291P   1643
120,2289,2291,0.,6.28318530717959;                                  2293P   1644
126,1,1,1,0,1,0,0.,0.,1.,1.,1.,1.,1.,6.283185307,0.,1.,             2295P   1645
4.71238898,0.,0.,1.,0.,0.,1.;                                       2295P   1646
100,0.,-242.,-280.,-247.,-280.,-242.,-285.;                         2297P   1647
126,1,1,1,0,1,0,0.,0.,1.,1.,1.,1.,1.,4.71238898,0.,0.,              2299P   1648
4.71238898,0.,0.,1.,0.,0.,1.;                                       2299P   1649
110,-242.,-285.,0.,-242.,-285.,12.;                                 2301P   1650
126,1,1,1,0,1,0,0.,0.,1.,1.,1.,1.,0.,4.71238898,0.,0.,              2303P   1651
6.283185307,0.,0.,1.,0.,0.,1.;                                      2303P   1652
124,-7.04419501764363E-15,-1.,0.,-522.000000000002,-1.,             2305P   1653
7.04419501764363E-15,6.98296267768627E-15,-521.999999999998,        2305P   1654
-6.98296267768627E-15,4.91893509025491E-29,-1.,                     2305P   1655
23.9999999999983;                                                   2305P   1656
100,12.,-242.,-280.,-237.,-280.,-242.,-275.;                        2307P   1657
126,1,1,1,0,1,0,0.,0.,1.,1.,1.,1.,0.,6.283185307,0.,1.,             2309P   1658
6.283185307,0.,0.,1.,0.,0.,1.;                                      2309P   1659
110,-247.,-280.,12.,-247.,-280.,0.;                                 2311P   1660
102,4,2295,2299,2303,2309;                                          2313P   1661
102,4,2297,2301,2307,2311;                                          2315P   1662
142,1,2293,2313,2315,1;                                             2317P   1663
144,2293,1,0,2317;                                                  2319P   1664
128,1,1,1,1,0,0,1,0,0,0.,0.,1.,1.,0.,0.,1.,1.,1.,1.,1.,1.,          2321P   1665
-242.,-285.,0.,-242.,-285.,12.,242.,-285.,0.,242.,-285.,12.,0.,     2321P   1666
1.,0.,1.;                                                           2321P   1667
126,1,1,1,0,1,0,0.,0.,1.,1.,1.,1.,0.,0.,0.,1.,0.,0.,0.,1.,0.,       2323P   1668
0.,1.;                                                              2323P   1669
110,-242.,-285.,0.,-242.,-285.,12.;                                 2325P   1670
126,1,1,1,0,1,0,0.,0.,1.,1.,1.,1.,1.,0.,0.,1.,1.,0.,0.,1.,0.,       2327P   1671
0.,1.;                                                              2327P   1672
110,-242.,-285.,12.,242.,-285.,12.;                                 2329P   1673
126,1,1,1,0,1,0,0.,0.,1.,1.,1.,1.,1.,1.,0.,0.,1.,0.,0.,1.,0.,       2331P   1674
0.,1.;                                                              2331P   1675
110,242.,-285.,12.,242.,-285.,0.;                                   2333P   1676
126,1,1,1,0,1,0,0.,0.,1.,1.,1.,1.,0.,1.,0.,0.,0.,0.,0.,1.,0.,       2335P   1677
0.,1.;                                                              2335P   1678
110,242.,-285.,0.,-242.,-285.,0.;                                   2337P   1679
102,4,2323,2327,2331,2335;                                          2339P   1680
102,4,2325,2329,2333,2337;                                          2341P   1681
142,1,2321,2339,2341,1;                                             2343P   1682
144,2321,1,0,2343;                                                  2345P   1683
128,1,1,1,1,0,0,1,0,0,0.,0.,1.,1.,0.,0.,1.,1.,1.,1.,1.,1.,          2347P   1684
-247.,-285.,12.,247.,-285.,12.,-247.,285.,12.,247.,285.,12.,0.,     2347P   1685
1.,0.,1.;                                                           2347P   1686
126,8,2,1,0,1,0,0.,0.,0.,0.25,0.25,0.5,0.5,0.75,0.75,1.,1.,1.,      2349P   1687
1.,1.,1.,1.,1.,1.,1.,1.,1.,0.989878543,0.,0.,0.991891826,0.,0.,     2349P   1688
0.993751857,0.000667723,0.,0.995611888,0.001335447,0.,              2349P   1689
0.997035494,0.002569239,0.,0.9984591,0.003803031,0.,0.99922955,     2349P   1690
0.005415058,0.,1.,0.007027084,0.,1.,0.00877193,0.,0.,1.,0.,0.,      2349P   1691
-1.;                                                                2349P   1692
100,12.,242.,-280.,242.,-285.,247.,-280.;                           2351P   1693
126,1,1,1,0,1,0,0.,0.,1.,1.,1.,1.,1.,0.00877193,0.,1.,              2353P   1694
0.99122807,0.,0.,1.,0.,0.,1.;                                       2353P   1695
110,247.,-280.,12.,247.,280.,12.;                                   2355P   1696
126,8,2,1,0,1,0,0.,0.,0.,0.25,0.25,0.5,0.5,0.75,0.75,1.,1.,1.,      2357P   1697
1.,1.,1.,1.,1.,1.,1.,1.,1.,1.,0.99122807,0.,1.,0.992972916,0.,      2357P   1698
0.99922955,0.994584942,0.,0.9984591,0.996196969,0.,0.997035494,     2357P   1699
0.997430761,0.,0.995611888,0.998664553,0.,0.993751857,              2357P   1700
0.999332277,0.,0.991891826,1.,0.,0.989878543,1.,0.,0.,1.,0.,0.,     2357P   1701
-1.;                                                                2357P   1702
100,12.,242.,280.,247.,280.,242.,285.;                              2359P   1703
126,1,1,1,0,1,0,0.,0.,1.,1.,1.,1.,0.989878543,1.,0.,                2361P   1704
0.010121457,1.,0.,0.,1.,0.,0.,1.;                                   2361P   1705
110,242.,285.,12.,-242.,285.,12.;                                   2363P   1706
126,8,2,1,0,1,0,0.,0.,0.,0.25,0.25,0.5,0.5,0.75,0.75,1.,1.,1.,      2365P   1707
1.,1.,1.,1.,1.,1.,1.,1.,1.,0.010121457,1.,0.,0.008108174,1.,0.,     2365P   1708
0.006248143,0.999332277,0.,0.004388112,0.998664553,0.,              2365P   1709
0.002964506,0.997430761,0.,0.0015409,0.996196969,0.,0.00077045,     2365P   1710
0.994584942,0.,0.,0.992972916,0.,0.,0.99122807,0.,0.,1.,0.,0.,      2365P   1711
-1.;                                                                2365P   1712
100,12.,-242.,280.,-242.,285.,-247.,280.;                           2367P   1713
126,1,1,1,0,1,0,0.,0.,1.,1.,1.,1.,0.,0.99122807,0.,0.,              2369P   1714
0.00877193,0.,0.,1.,0.,0.,1.;                                       2369P   1715
110,-247.,280.,12.,-247.,-280.,12.;                                 2371P   1716
126,8,2,1,0,1,0,0.,0.,0.,0.25,0.25,0.5,0.5,0.75,0.75,1.,1.,1.,      2373P   1717
1.,1.,1.,1.,1.,1.,1.,1.,1.,0.,0.00877193,0.,0.,0.007027084,0.,      2373P   1718
0.00077045,0.005415058,0.,0.0015409,0.003803031,0.,0.002964506,     2373P   1719
0.002569239,0.,0.004388112,0.001335447,0.,0.006248143,              2373P   1720
0.000667723,0.,0.008108174,0.,0.,0.010121457,0.,0.,0.,1.,0.,0.,     2373P   1721
-1.;                                                                2373P   1722
100,12.,-242.,-280.,-247.,-280.,-242.,-285.;                        2375P   1723
126,1,1,1,0,1,0,0.,0.,1.,1.,1.,1.,0.010121457,0.,0.,                2377P   1724
0.989878543,0.,0.,0.,1.,0.,0.,1.;                                   2377P   1725
110,-242.,-285.,12.,242.,-285.,12.;                                 2379P   1726
102,8,2349,2353,2357,2361,2365,2369,2373,2377;                      2381P   1727
102,8,2351,2355,2359,2363,2367,2371,2375,2379;                      2383P   1728
142,1,2347,2381,2383,1;                                             2385P   1729
126,16,2,1,0,1,0,0.,0.,0.,0.125,0.125,0.25,0.25,0.375,0.375,        2387P   1730
0.5,0.5,0.625,0.625,0.75,0.75,0.875,0.875,1.,1.,1.,1.,1.,1.,1.,     2387P   1731
1.,1.,1.,1.,1.,1.,1.,1.,1.,1.,1.,1.,1.,0.981781377,0.087719298,     2387P   1732
0.,0.981781377,0.085625484,0.,0.980856836,0.083691052,0.,           2387P   1733
0.979932296,0.081756619,0.,0.978223969,0.080276069,0.,              2387P   1734
0.976515642,0.078795519,0.,0.974283604,0.077994251,0.,              2387P   1735
0.972051567,0.077192982,0.,0.969635628,0.077192982,0.,              2387P   1736
0.967219688,0.077192982,0.,0.964987651,0.077994251,0.,              2387P   1737
0.962755613,0.078795519,0.,0.961047286,0.080276069,0.,              2387P   1738
0.959338959,0.081756619,0.,0.958414419,0.083691052,0.,              2387P   1739
0.957489879,0.085625484,0.,0.957489879,0.087719298,0.,0.,1.,0.,     2387P   1740
0.,1.;                                                              2387P   1741
124,1.,-7.105427357601E-15,0.,-1.67421632113472E-12,                2389P   1742
-7.105427357601E-15,-1.,6.98296267768627E-15,-469.999999999998,     2389P   1743
-4.96169340471387E-29,-6.98296267768627E-15,-1.,                    2389P   1744
23.9999999999984;                                                   2389P   1745
100,12.,232.,-235.,238.,-235.,226.,-235.;                           2391P   1746
126,16,2,1,0,1,0,0.,0.,0.,0.125,0.125,0.25,0.25,0.375,0.375,        2393P   1747
0.5,0.5,0.625,0.625,0.75,0.75,0.875,0.875,1.,1.,1.,1.,1.,1.,1.,     2393P   1748
1.,1.,1.,1.,1.,1.,1.,1.,1.,1.,1.,1.,1.,0.957489879,0.087719298,     2393P   1749
0.,0.957489879,0.089813113,0.,0.958414419,0.091747545,0.,           2393P   1750
0.959338959,0.093681977,0.,0.961047286,0.095162528,0.,              2393P   1751
0.962755613,0.096643078,0.,0.964987651,0.097444346,0.,              2393P   1752
0.967219688,0.098245614,0.,0.969635628,0.098245614,0.,              2393P   1753
0.972051567,0.098245614,0.,0.974283604,0.097444346,0.,              2393P   1754
0.976515642,0.096643078,0.,0.978223969,0.095162528,0.,              2393P   1755
0.979932296,0.093681977,0.,0.980856836,0.091747545,0.,              2393P   1756
0.981781377,0.089813113,0.,0.981781377,0.087719298,0.,0.,1.,0.,     2393P   1757
0.,1.;                                                              2393P   1758
124,-1.,-6.98296267768627E-15,0.,463.999999999998,                  2395P   1759
-6.98296267768627E-15,1.,-6.98296267768627E-15,                     2395P   1760
1.71459567415751E-12,4.87617677579594E-29,                          2395P   1761
-6.98296267768627E-15,-1.,23.9999999999984;                         2395P   1762
100,12.,232.,-235.,238.,-235.,226.,-235.;                           2397P   1763
102,2,2387,2393;                                                    2399P   1764
102,2,2391,2397;                                                    2401P   1765
142,1,2347,2399,2401,1;                                             2403P   1766
126,16,2,1,0,1,0,0.,0.,0.,0.125,0.125,0.25,0.25,0.375,0.375,        2405P   1767
0.5,0.5,0.625,0.625,0.75,0.75,0.875,0.875,1.,1.,1.,1.,1.,1.,1.,     2405P   1768
1.,1.,1.,1.,1.,1.,1.,1.,1.,1.,1.,1.,1.,0.981781377,0.252631579,     2405P   1769
0.,0.981781377,0.250537765,0.,0.980856836,0.248603332,0.,           2405P   1770
0.979932296,0.2466689,0.,0.978223969,0.24518835,0.,0.976515642,     2405P   1771
0.243707799,0.,0.974283604,0.242906531,0.,0.972051567,              2405P   1772
0.242105263,0.,0.969635628,0.242105263,0.,0.967219688,              2405P   1773
0.242105263,0.,0.964987651,0.242906531,0.,0.962755613,              2405P   1774
0.243707799,0.,0.961047286,0.24518835,0.,0.959338959,0.2466689,     2405P   1775
0.,0.958414419,0.248603332,0.,0.957489879,0.250537765,0.,           2405P   1776
0.957489879,0.252631579,0.,0.,1.,0.,0.,1.;                          2405P   1777
124,1.,-7.105427357601E-15,0.,-1.00452979268083E-12,                2407P   1778
-7.105427357601E-15,-1.,6.98296267768627E-15,-281.999999999998,     2407P   1779
-4.96169340471387E-29,-6.98296267768627E-15,-1.,                    2407P   1780
23.999999999999;                                                    2407P   1781
100,12.,232.,-141.,238.,-141.,226.,-141.;                           2409P   1782
126,16,2,1,0,1,0,0.,0.,0.,0.125,0.125,0.25,0.25,0.375,0.375,        2411P   1783
0.5,0.5,0.625,0.625,0.75,0.75,0.875,0.875,1.,1.,1.,1.,1.,1.,1.,     2411P   1784
1.,1.,1.,1.,1.,1.,1.,1.,1.,1.,1.,1.,1.,0.957489879,0.252631579,     2411P   1785
0.,0.957489879,0.254725393,0.,0.958414419,0.256659826,0.,           2411P   1786
0.959338959,0.258594258,0.,0.961047286,0.260074808,0.,              2411P   1787
0.962755613,0.261555359,0.,0.964987651,0.262356627,0.,              2411P   1788
0.967219688,0.263157895,0.,0.969635628,0.263157895,0.,              2411P   1789
0.972051567,0.263157895,0.,0.974283604,0.262356627,0.,              2411P   1790
0.976515642,0.261555359,0.,0.978223969,0.260074808,0.,              2411P   1791
0.979932296,0.258594258,0.,0.980856836,0.256659826,0.,              2411P   1792
0.981781377,0.254725393,0.,0.981781377,0.252631579,0.,0.,1.,0.,     2411P   1793
0.,1.;                                                              2411P   1794
124,-1.,-6.98296267768627E-15,0.,463.999999999999,                  2413P   1795
-6.98296267768627E-15,1.,-6.98296267768627E-15,                     2413P   1796
1.71459567415752E-12,4.87617677579594E-29,                          2413P   1797
-6.98296267768627E-15,-1.,23.999999999999;                          2413P   1798
100,12.,232.,-141.,238.,-141.,226.,-141.;                           2415P   1799
102,2,2405,2411;                                                    2417P   1800
102,2,2409,2415;                                                    2419P   1801
142,1,2347,2417,2419,1;                                             2421P   1802
126,16,2,1,0,1,0,0.,0.,0.,0.125,0.125,0.25,0.25,0.375,0.375,        2423P   1803
0.5,0.5,0.625,0.625,0.75,0.75,0.875,0.875,1.,1.,1.,1.,1.,1.,1.,     2423P   1804
1.,1.,1.,1.,1.,1.,1.,1.,1.,1.,1.,1.,1.,0.981781377,0.41754386,      2423P   1805
0.,0.981781377,0.415450045,0.,0.980856836,0.413515613,0.,           2423P   1806
0.979932296,0.411581181,0.,0.978223969,0.41010063,0.,               2423P   1807
0.976515642,0.40862008,0.,0.974283604,0.407818812,0.,               2423P   1808
0.972051567,0.407017544,0.,0.969635628,0.407017544,0.,              2423P   1809
0.967219688,0.407017544,0.,0.964987651,0.407818812,0.,              2423P   1810
0.962755613,0.40862008,0.,0.961047286,0.41010063,0.,                2423P   1811
0.959338959,0.411581181,0.,0.958414419,0.413515613,0.,              2423P   1812
0.957489879,0.415450045,0.,0.957489879,0.41754386,0.,0.,1.,0.,      2423P   1813
0.,1.;                                                              2423P   1814
124,1.,-7.105427357601E-15,0.,-3.34843264226935E-13,                2425P   1815
-7.105427357601E-15,-1.,6.98296267768627E-15,-93.9999999999985,     2425P   1816
-4.96169340471387E-29,-6.98296267768627E-15,-1.,                    2425P   1817
23.9999999999997;                                                   2425P   1818
100,12.,232.,-47.,238.,-47.,226.,-47.;                              2427P   1819
126,16,2,1,0,1,0,0.,0.,0.,0.125,0.125,0.25,0.25,0.375,0.375,        2429P   1820
0.5,0.5,0.625,0.625,0.75,0.75,0.875,0.875,1.,1.,1.,1.,1.,1.,1.,     2429P   1821
1.,1.,1.,1.,1.,1.,1.,1.,1.,1.,1.,1.,1.,0.957489879,0.41754386,      2429P   1822
0.,0.957489879,0.419637674,0.,0.958414419,0.421572106,0.,           2429P   1823
0.959338959,0.423506539,0.,0.961047286,0.424987089,0.,              2429P   1824
0.962755613,0.426467639,0.,0.964987651,0.427268907,0.,              2429P   1825
0.967219688,0.428070175,0.,0.969635628,0.428070175,0.,              2429P   1826
0.972051567,0.428070175,0.,0.974283604,0.427268907,0.,              2429P   1827
0.976515642,0.426467639,0.,0.978223969,0.424987089,0.,              2429P   1828
0.979932296,0.423506539,0.,0.980856836,0.421572106,0.,              2429P   1829
0.981781377,0.419637674,0.,0.981781377,0.41754386,0.,0.,1.,0.,      2429P   1830
0.,1.;                                                              2429P   1831
124,-1.,-6.98296267768627E-15,0.,464.,-6.98296267768627E-15,1.,     2431P   1832
-6.98296267768627E-15,1.70765678025362E-12,                         2431P   1833
4.87617677579594E-29,-6.98296267768627E-15,-1.,                     2431P   1834
23.9999999999997;                                                   2431P   1835
100,12.,232.,-47.,238.,-47.,226.,-47.;                              2433P   1836
102,2,2423,2429;                                                    2435P   1837
102,2,2427,2433;                                                    2437P   1838
142,1,2347,2435,2437,1;                                             2439P   1839
126,16,2,1,0,1,0,0.,0.,0.,0.125,0.125,0.25,0.25,0.375,0.375,        2441P   1840
0.5,0.5,0.625,0.625,0.75,0.75,0.875,0.875,1.,1.,1.,1.,1.,1.,1.,     2441P   1841
1.,1.,1.,1.,1.,1.,1.,1.,1.,1.,1.,1.,1.,0.981781377,0.58245614,      2441P   1842
0.,0.981781377,0.580362326,0.,0.980856836,0.578427894,0.,           2441P   1843
0.979932296,0.576493461,0.,0.978223969,0.575012911,0.,              2441P   1844
0.976515642,0.573532361,0.,0.974283604,0.572731093,0.,              2441P   1845
0.972051567,0.571929825,0.,0.969635628,0.571929825,0.,              2441P   1846
0.967219688,0.571929825,0.,0.964987651,0.572731093,0.,              2441P   1847
0.962755613,0.573532361,0.,0.961047286,0.575012911,0.,              2441P   1848
0.959338959,0.576493461,0.,0.958414419,0.578427894,0.,              2441P   1849
0.957489879,0.580362326,0.,0.957489879,0.58245614,0.,0.,1.,0.,      2441P   1850
0.,1.;                                                              2441P   1851
124,1.,-7.105427357601E-15,0.,3.34843264226959E-13,                 2443P   1852
-7.105427357601E-15,-1.,6.98296267768627E-15,94.0000000000015,      2443P   1853
-4.96169340471387E-29,-6.98296267768627E-15,-1.,                    2443P   1854
24.0000000000003;                                                   2443P   1855
100,12.,232.,47.,238.,47.,226.,47.;                                 2445P   1856
126,16,2,1,0,1,0,0.,0.,0.,0.125,0.125,0.25,0.25,0.375,0.375,        2447P   1857
0.5,0.5,0.625,0.625,0.75,0.75,0.875,0.875,1.,1.,1.,1.,1.,1.,1.,     2447P   1858
1.,1.,1.,1.,1.,1.,1.,1.,1.,1.,1.,1.,1.,0.957489879,0.58245614,      2447P   1859
0.,0.957489879,0.584549955,0.,0.958414419,0.586484387,0.,           2447P   1860
0.959338959,0.588418819,0.,0.961047286,0.58989937,0.,               2447P   1861
0.962755613,0.59137992,0.,0.964987651,0.592181188,0.,               2447P   1862
0.967219688,0.592982456,0.,0.969635628,0.592982456,0.,              2447P   1863
0.972051567,0.592982456,0.,0.974283604,0.592181188,0.,              2447P   1864
0.976515642,0.59137992,0.,0.978223969,0.58989937,0.,                2447P   1865
0.979932296,0.588418819,0.,0.980856836,0.586484387,0.,              2447P   1866
0.981781377,0.584549955,0.,0.981781377,0.58245614,0.,0.,1.,0.,      2447P   1867
0.,1.;                                                              2447P   1868
124,-1.,-6.98296267768627E-15,0.,464.,-6.98296267768627E-15,1.,     2449P   1869
-6.98296267768627E-15,1.70765678025363E-12,                         2449P   1870
4.87617677579594E-29,-6.98296267768627E-15,-1.,                     2449P   1871
24.0000000000003;                                                   2449P   1872
100,12.,232.,47.,238.,47.,226.,47.;                                 2451P   1873
102,2,2441,2447;                                                    2453P   1874
102,2,2445,2451;                                                    2455P   1875
142,1,2347,2453,2455,1;                                             2457P   1876
126,16,2,1,0,1,0,0.,0.,0.,0.125,0.125,0.25,0.25,0.375,0.375,        2459P   1877
0.5,0.5,0.625,0.625,0.75,0.75,0.875,0.875,1.,1.,1.,1.,1.,1.,1.,     2459P   1878
1.,1.,1.,1.,1.,1.,1.,1.,1.,1.,1.,1.,1.,0.981781377,0.747368421,     2459P   1879
0.,0.981781377,0.745274607,0.,0.980856836,0.743340174,0.,           2459P   1880
0.979932296,0.741405742,0.,0.978223969,0.739925192,0.,              2459P   1881
0.976515642,0.738444641,0.,0.974283604,0.737643373,0.,              2459P   1882
0.972051567,0.736842105,0.,0.969635628,0.736842105,0.,              2459P   1883
0.967219688,0.736842105,0.,0.964987651,0.737643373,0.,              2459P   1884
0.962755613,0.738444641,0.,0.961047286,0.739925192,0.,              2459P   1885
0.959338959,0.741405742,0.,0.958414419,0.743340174,0.,              2459P   1886
0.957489879,0.745274607,0.,0.957489879,0.747368421,0.,0.,1.,0.,     2459P   1887
0.,1.;                                                              2459P   1888
124,1.,-7.105427357601E-15,0.,1.00452979268085E-12,                 2461P   1889
-7.105427357601E-15,-1.,6.98296267768627E-15,282.000000000001,      2461P   1890
-4.96169340471387E-29,-6.98296267768627E-15,-1.,                    2461P   1891
24.000000000001;                                                    2461P   1892
100,12.,232.,141.,238.,141.,226.,141.;                              2463P   1893
126,16,2,1,0,1,0,0.,0.,0.,0.125,0.125,0.25,0.25,0.375,0.375,        2465P   1894
0.5,0.5,0.625,0.625,0.75,0.75,0.875,0.875,1.,1.,1.,1.,1.,1.,1.,     2465P   1895
1.,1.,1.,1.,1.,1.,1.,1.,1.,1.,1.,1.,1.,0.957489879,0.747368421,     2465P   1896
0.,0.957489879,0.749462235,0.,0.958414419,0.751396668,0.,           2465P   1897
0.959338959,0.7533311,0.,0.961047286,0.75481165,0.,0.962755613,     2465P   1898
0.756292201,0.,0.964987651,0.757093469,0.,0.967219688,              2465P   1899
0.757894737,0.,0.969635628,0.757894737,0.,0.972051567,              2465P   1900
0.757894737,0.,0.974283604,0.757093469,0.,0.976515642,              2465P   1901
0.756292201,0.,0.978223969,0.75481165,0.,0.979932296,0.7533311,     2465P   1902
0.,0.980856836,0.751396668,0.,0.981781377,0.749462235,0.,           2465P   1903
0.981781377,0.747368421,0.,0.,1.,0.,0.,1.;                          2465P   1904
124,-1.,-6.98296267768627E-15,0.,464.000000000001,                  2467P   1905
-6.98296267768627E-15,1.,-6.98296267768627E-15,                     2467P   1906
1.71459567415755E-12,4.87617677579594E-29,                          2467P   1907
-6.98296267768627E-15,-1.,24.000000000001;                          2467P   1908
100,12.,232.,141.,238.,141.,226.,141.;                              2469P   1909
102,2,2459,2465;                                                    2471P   1910
102,2,2463,2469;                                                    2473P   1911
142,1,2347,2471,2473,1;                                             2475P   1912
126,16,2,1,0,1,0,0.,0.,0.,0.125,0.125,0.25,0.25,0.375,0.375,        2477P   1913
0.5,0.5,0.625,0.625,0.75,0.75,0.875,0.875,1.,1.,1.,1.,1.,1.,1.,     2477P   1914
1.,1.,1.,1.,1.,1.,1.,1.,1.,1.,1.,1.,1.,0.981781377,0.912280702,     2477P   1915
0.,0.981781377,0.910186887,0.,0.980856836,0.908252455,0.,           2477P   1916
0.979932296,0.906318023,0.,0.978223969,0.904837472,0.,              2477P   1917
0.976515642,0.903356922,0.,0.974283604,0.902555654,0.,              2477P   1918
0.972051567,0.901754386,0.,0.969635628,0.901754386,0.,              2477P   1919
0.967219688,0.901754386,0.,0.964987651,0.902555654,0.,              2477P   1920
0.962755613,0.903356922,0.,0.961047286,0.904837472,0.,              2477P   1921
0.959338959,0.906318023,0.,0.958414419,0.908252455,0.,              2477P   1922
0.957489879,0.910186887,0.,0.957489879,0.912280702,0.,0.,1.,0.,     2477P   1923
0.,1.;                                                              2477P   1924
124,1.,-7.105427357601E-15,0.,1.67421632113475E-12,                 2479P   1925
-7.105427357601E-15,-1.,6.98296267768627E-15,470.000000000002,      2479P   1926
-4.96169340471387E-29,-6.98296267768627E-15,-1.,                    2479P   1927
24.0000000000016;                                                   2479P   1928
100,12.,232.,235.,238.,235.,226.,235.;                              2481P   1929
126,16,2,1,0,1,0,0.,0.,0.,0.125,0.125,0.25,0.25,0.375,0.375,        2483P   1930
0.5,0.5,0.625,0.625,0.75,0.75,0.875,0.875,1.,1.,1.,1.,1.,1.,1.,     2483P   1931
1.,1.,1.,1.,1.,1.,1.,1.,1.,1.,1.,1.,1.,0.957489879,0.912280702,     2483P   1932
0.,0.957489879,0.914374516,0.,0.958414419,0.916308948,0.,           2483P   1933
0.959338959,0.918243381,0.,0.961047286,0.919723931,0.,              2483P   1934
0.962755613,0.921204481,0.,0.964987651,0.922005749,0.,              2483P   1935
0.967219688,0.922807018,0.,0.969635628,0.922807018,0.,              2483P   1936
0.972051567,0.922807018,0.,0.974283604,0.922005749,0.,              2483P   1937
0.976515642,0.921204481,0.,0.978223969,0.919723931,0.,              2483P   1938
0.979932296,0.918243381,0.,0.980856836,0.916308948,0.,              2483P   1939
0.981781377,0.914374516,0.,0.981781377,0.912280702,0.,0.,1.,0.,     2483P   1940
0.,1.;                                                              2483P   1941
124,-1.,-6.98296267768627E-15,0.,464.000000000002,                  2485P   1942
-6.98296267768627E-15,1.,-6.98296267768627E-15,                     2485P   1943
1.71459567415756E-12,4.87617677579594E-29,                          2485P   1944
-6.98296267768627E-15,-1.,24.0000000000016;                         2485P   1945
100,12.,232.,235.,238.,235.,226.,235.;                              2487P   1946
102,2,2477,2483;                                                    2489P   1947
102,2,2481,2487;                                                    2491P   1948
142,1,2347,2489,2491,1;                                             2493P   1949
126,16,2,1,0,1,0,0.,0.,0.,0.125,0.125,0.25,0.25,0.375,0.375,        2495P   1950
0.5,0.5,0.625,0.625,0.75,0.75,0.875,0.875,1.,1.,1.,1.,1.,1.,1.,     2495P   1951
1.,1.,1.,1.,1.,1.,1.,1.,1.,1.,1.,1.,1.,0.896761134,0.026315789,     2495P   1952
0.,0.896761134,0.024221975,0.,0.895836594,0.022287543,0.,           2495P   1953
0.894912053,0.020353111,0.,0.893203726,0.01887256,0.,               2495P   1954
0.891495399,0.01739201,0.,0.889263362,0.016590742,0.,               2495P   1955
0.887031324,0.015789474,0.,0.884615385,0.015789474,0.,              2495P   1956
0.882199445,0.015789474,0.,0.879967408,0.016590742,0.,              2495P   1957
0.87773537,0.01739201,0.,0.876027043,0.01887256,0.,0.874318716,     2495P   1958
0.020353111,0.,0.873394176,0.022287543,0.,0.872469636,              2495P   1959
0.024221975,0.,0.872469636,0.026315789,0.,0.,1.,0.,0.,1.;           2495P   1960
124,1.,-7.105427357601E-15,0.,-1.92179605562614E-12,                2497P   1961
-7.105427357601E-15,-1.,6.98296267768627E-15,-539.999999999999,     2497P   1962
-4.96169340471387E-29,-6.98296267768627E-15,-1.,                    2497P   1963
23.9999999999981;                                                   2497P   1964
100,12.,190.,-270.,196.,-270.,184.,-270.;                           2499P   1965
126,16,2,1,0,1,0,0.,0.,0.,0.125,0.125,0.25,0.25,0.375,0.375,        2501P   1966
0.5,0.5,0.625,0.625,0.75,0.75,0.875,0.875,1.,1.,1.,1.,1.,1.,1.,     2501P   1967
1.,1.,1.,1.,1.,1.,1.,1.,1.,1.,1.,1.,1.,0.872469636,0.026315789,     2501P   1968
0.,0.872469636,0.028409604,0.,0.873394176,0.030344036,0.,           2501P   1969
0.874318716,0.032278468,0.,0.876027043,0.033759019,0.,              2501P   1970
0.87773537,0.035239569,0.,0.879967408,0.036040837,0.,               2501P   1971
0.882199445,0.036842105,0.,0.884615385,0.036842105,0.,              2501P   1972
0.887031324,0.036842105,0.,0.889263362,0.036040837,0.,              2501P   1973
0.891495399,0.035239569,0.,0.893203726,0.033759019,0.,              2501P   1974
0.894912053,0.032278468,0.,0.895836594,0.030344036,0.,              2501P   1975
0.896761134,0.028409604,0.,0.896761134,0.026315789,0.,0.,1.,0.,     2501P   1976
0.,1.;                                                              2501P   1977
124,-1.,-6.98296267768627E-15,0.,379.999999999998,                  2503P   1978
-6.98296267768627E-15,1.,-6.98296267768627E-15,                     2503P   1979
1.37782698977252E-12,4.87617677579594E-29,                          2503P   1980
-6.98296267768627E-15,-1.,23.9999999999981;                         2503P   1981
100,12.,190.,-270.,196.,-270.,184.,-270.;                           2505P   1982
102,2,2495,2501;                                                    2507P   1983
102,2,2499,2505;                                                    2509P   1984
142,1,2347,2507,2509,1;                                             2511P   1985
126,16,2,1,0,1,0,0.,0.,0.,0.125,0.125,0.25,0.25,0.375,0.375,        2513P   1986
0.5,0.5,0.625,0.625,0.75,0.75,0.875,0.875,1.,1.,1.,1.,1.,1.,1.,     2513P   1987
1.,1.,1.,1.,1.,1.,1.,1.,1.,1.,1.,1.,1.,0.704453441,0.026315789,     2513P   1988
0.,0.704453441,0.024221975,0.,0.703528901,0.022287543,0.,           2513P   1989
0.702604361,0.020353111,0.,0.700896034,0.01887256,0.,               2513P   1990
0.699187706,0.01739201,0.,0.696955669,0.016590742,0.,               2513P   1991
0.694723632,0.015789474,0.,0.692307692,0.015789474,0.,              2513P   1992
0.689891753,0.015789474,0.,0.687659715,0.016590742,0.,              2513P   1993
0.685427678,0.01739201,0.,0.683719351,0.01887256,0.,                2513P   1994
0.682011024,0.020353111,0.,0.681086483,0.022287543,0.,              2513P   1995
0.680161943,0.024221975,0.,0.680161943,0.026315789,0.,0.,1.,0.,     2513P   1996
0.,1.;                                                              2513P   1997
124,1.,-7.105427357601E-15,0.,-1.92179605562614E-12,                2515P   1998
-7.105427357601E-15,-1.,6.98296267768627E-15,-539.999999999999,     2515P   1999
-4.96169340471387E-29,-6.98296267768627E-15,-1.,                    2515P   2000
23.9999999999981;                                                   2515P   2001
100,12.,95.,-270.,101.,-270.,89.,-270.;                             2517P   2002
126,16,2,1,0,1,0,0.,0.,0.,0.125,0.125,0.25,0.25,0.375,0.375,        2519P   2003
0.5,0.5,0.625,0.625,0.75,0.75,0.875,0.875,1.,1.,1.,1.,1.,1.,1.,     2519P   2004
1.,1.,1.,1.,1.,1.,1.,1.,1.,1.,1.,1.,1.,0.680161943,0.026315789,     2519P   2005
0.,0.680161943,0.028409604,0.,0.681086483,0.030344036,0.,           2519P   2006
0.682011024,0.032278468,0.,0.683719351,0.033759019,0.,              2519P   2007
0.685427678,0.035239569,0.,0.687659715,0.036040837,0.,              2519P   2008
0.689891753,0.036842105,0.,0.692307692,0.036842105,0.,              2519P   2009
0.694723632,0.036842105,0.,0.696955669,0.036040837,0.,              2519P   2010
0.699187706,0.035239569,0.,0.700896034,0.033759019,0.,              2519P   2011
0.702604361,0.032278468,0.,0.703528901,0.030344036,0.,              2519P   2012
0.704453441,0.028409604,0.,0.704453441,0.026315789,0.,0.,1.,0.,     2519P   2013
0.,1.;                                                              2519P   2014
124,-1.,-6.98296267768627E-15,0.,189.999999999998,                  2521P   2015
-6.98296267768627E-15,1.,-6.98296267768627E-15,                     2521P   2016
7.17197895787225E-13,4.87617677579594E-29,                          2521P   2017
-6.98296267768627E-15,-1.,23.9999999999981;                         2521P   2018
100,12.,95.,-270.,101.,-270.,89.,-270.;                             2523P   2019
102,2,2513,2519;                                                    2525P   2020
102,2,2517,2523;                                                    2527P   2021
142,1,2347,2525,2527,1;                                             2529P   2022
126,16,2,1,0,1,0,0.,0.,0.,0.125,0.125,0.25,0.25,0.375,0.375,        2531P   2023
0.5,0.5,0.625,0.625,0.75,0.75,0.875,0.875,1.,1.,1.,1.,1.,1.,1.,     2531P   2024
1.,1.,1.,1.,1.,1.,1.,1.,1.,1.,1.,1.,1.,0.512145749,0.026315789,     2531P   2025
0.,0.512145749,0.024221975,0.,0.511221209,0.022287543,0.,           2531P   2026
0.510296669,0.020353111,0.,0.508588341,0.01887256,0.,               2531P   2027
0.506880014,0.01739201,0.,0.504647977,0.016590742,0.,               2531P   2028
0.50241594,0.015789474,0.,0.5,0.015789474,0.,0.49758406,            2531P   2029
0.015789474,0.,0.495352023,0.016590742,0.,0.493119986,              2531P   2030
0.01739201,0.,0.491411659,0.01887256,0.,0.489703331,                2531P   2031
0.020353111,0.,0.488778791,0.022287543,0.,0.487854251,              2531P   2032
0.024221975,0.,0.487854251,0.026315789,0.,0.,1.,0.,0.,1.;           2531P   2033
124,1.,-7.105427357601E-15,0.,-1.91846538655227E-12,                2533P   2034
-7.105427357601E-15,-1.,6.98296267768627E-15,-540.,                 2533P   2035
-4.96169340471387E-29,-6.98296267768627E-15,-1.,                    2533P   2036
23.9999999999981;                                                   2533P   2037
100,12.,0.,-270.,6.,-270.,-6.,-270.;                                2535P   2038
126,16,2,1,0,1,0,0.,0.,0.,0.125,0.125,0.25,0.25,0.375,0.375,        2537P   2039
0.5,0.5,0.625,0.625,0.75,0.75,0.875,0.875,1.,1.,1.,1.,1.,1.,1.,     2537P   2040
1.,1.,1.,1.,1.,1.,1.,1.,1.,1.,1.,1.,1.,0.487854251,0.026315789,     2537P   2041
0.,0.487854251,0.028409604,0.,0.488778791,0.030344036,0.,           2537P   2042
0.489703331,0.032278468,0.,0.491411659,0.033759019,0.,              2537P   2043
0.493119986,0.035239569,0.,0.495352023,0.036040837,0.,              2537P   2044
0.49758406,0.036842105,0.,0.5,0.036842105,0.,0.50241594,            2537P   2045
0.036842105,0.,0.504647977,0.036040837,0.,0.506880014,              2537P   2046
0.035239569,0.,0.508588341,0.033759019,0.,0.510296669,              2537P   2047
0.032278468,0.,0.511221209,0.030344036,0.,0.512145749,              2537P   2048
0.028409604,0.,0.512145749,0.026315789,0.,0.,1.,0.,0.,1.;           2537P   2049
124,-1.,-6.98296267768627E-15,0.,-1.94091107420655E-12,             2539P   2050
-6.98296267768627E-15,1.,-6.98296267768627E-15,                     2539P   2051
5.65688018019281E-14,4.87617677579594E-29,                          2539P   2052
-6.98296267768627E-15,-1.,23.9999999999981;                         2539P   2053
100,12.,0.,-270.,6.,-270.,-6.,-270.;                                2541P   2054
102,2,2531,2537;                                                    2543P   2055
102,2,2535,2541;                                                    2545P   2056
142,1,2347,2543,2545,1;                                             2547P   2057
126,16,2,1,0,1,0,0.,0.,0.,0.125,0.125,0.25,0.25,0.375,0.375,        2549P   2058
0.5,0.5,0.625,0.625,0.75,0.75,0.875,0.875,1.,1.,1.,1.,1.,1.,1.,     2549P   2059
1.,1.,1.,1.,1.,1.,1.,1.,1.,1.,1.,1.,1.,0.319838057,0.026315789,     2549P   2060
0.,0.319838057,0.024221975,0.,0.318913517,0.022287543,0.,           2549P   2061
0.317988976,0.020353111,0.,0.316280649,0.01887256,0.,               2549P   2062
0.314572322,0.01739201,0.,0.312340285,0.016590742,0.,               2549P   2063
0.310108247,0.015789474,0.,0.307692308,0.015789474,0.,              2549P   2064
0.305276368,0.015789474,0.,0.303044331,0.016590742,0.,              2549P   2065
0.300812294,0.01739201,0.,0.299103966,0.01887256,0.,                2549P   2066
0.297395639,0.020353111,0.,0.296471099,0.022287543,0.,              2549P   2067
0.295546559,0.024221975,0.,0.295546559,0.026315789,0.,0.,1.,0.,     2549P   2068
0.,1.;                                                              2549P   2069
124,1.,-7.105427357601E-15,0.,-1.92179605562615E-12,                2551P   2070
-7.105427357601E-15,-1.,6.98296267768627E-15,-540.000000000001,     2551P   2071
-4.96169340471387E-29,-6.98296267768627E-15,-1.,                    2551P   2072
23.9999999999981;                                                   2551P   2073
100,12.,-95.,-270.,-89.,-270.,-101.,-270.;                          2553P   2074
126,16,2,1,0,1,0,0.,0.,0.,0.125,0.125,0.25,0.25,0.375,0.375,        2555P   2075
0.5,0.5,0.625,0.625,0.75,0.75,0.875,0.875,1.,1.,1.,1.,1.,1.,1.,     2555P   2076
1.,1.,1.,1.,1.,1.,1.,1.,1.,1.,1.,1.,1.,0.295546559,0.026315789,     2555P   2077
0.,0.295546559,0.028409604,0.,0.296471099,0.030344036,0.,           2555P   2078
0.297395639,0.032278468,0.,0.299103966,0.033759019,0.,              2555P   2079
0.300812294,0.035239569,0.,0.303044331,0.036040837,0.,              2555P   2080
0.305276368,0.036842105,0.,0.307692308,0.036842105,0.,              2555P   2081
0.310108247,0.036842105,0.,0.312340285,0.036040837,0.,              2555P   2082
0.314572322,0.035239569,0.,0.316280649,0.033759019,0.,              2555P   2083
0.317988976,0.032278468,0.,0.318913517,0.030344036,0.,              2555P   2084
0.319838057,0.028409604,0.,0.319838057,0.026315789,0.,0.,1.,0.,     2555P   2085
0.,1.;                                                              2555P   2086
124,-1.,-6.98296267768627E-15,0.,-190.000000000002,                 2557P   2087
-6.98296267768627E-15,1.,-6.98296267768627E-15,                     2557P   2088
-6.04060292183369E-13,4.87617677579594E-29,                         2557P   2089
-6.98296267768627E-15,-1.,23.9999999999981;                         2557P   2090
100,12.,-95.,-270.,-89.,-270.,-101.,-270.;                          2559P   2091
102,2,2549,2555;                                                    2561P   2092
102,2,2553,2559;                                                    2563P   2093
142,1,2347,2561,2563,1;                                             2565P   2094
126,16,2,1,0,1,0,0.,0.,0.,0.125,0.125,0.25,0.25,0.375,0.375,        2567P   2095
0.5,0.5,0.625,0.625,0.75,0.75,0.875,0.875,1.,1.,1.,1.,1.,1.,1.,     2567P   2096
1.,1.,1.,1.,1.,1.,1.,1.,1.,1.,1.,1.,1.,0.127530364,0.026315789,     2567P   2097
0.,0.127530364,0.024221975,0.,0.126605824,0.022287543,0.,           2567P   2098
0.125681284,0.020353111,0.,0.123972957,0.01887256,0.,               2567P   2099
0.12226463,0.01739201,0.,0.120032592,0.016590742,0.,                2567P   2100
0.117800555,0.015789474,0.,0.115384615,0.015789474,0.,              2567P   2101
0.112968676,0.015789474,0.,0.110736638,0.016590742,0.,              2567P   2102
0.108504601,0.01739201,0.,0.106796274,0.01887256,0.,                2567P   2103
0.105087947,0.020353111,0.,0.104163406,0.022287543,0.,              2567P   2104
0.103238866,0.024221975,0.,0.103238866,0.026315789,0.,0.,1.,0.,     2567P   2105
0.,1.;                                                              2567P   2106
124,1.,-7.105427357601E-15,0.,-1.92179605562615E-12,                2569P   2107
-7.105427357601E-15,-1.,6.98296267768627E-15,-540.000000000001,     2569P   2108
-4.96169340471387E-29,-6.98296267768627E-15,-1.,                    2569P   2109
23.9999999999981;                                                   2569P   2110
100,12.,-190.,-270.,-184.,-270.,-196.,-270.;                        2571P   2111
126,16,2,1,0,1,0,0.,0.,0.,0.125,0.125,0.25,0.25,0.375,0.375,        2573P   2112
0.5,0.5,0.625,0.625,0.75,0.75,0.875,0.875,1.,1.,1.,1.,1.,1.,1.,     2573P   2113
1.,1.,1.,1.,1.,1.,1.,1.,1.,1.,1.,1.,1.,0.103238866,0.026315789,     2573P   2114
0.,0.103238866,0.028409604,0.,0.104163406,0.030344036,0.,           2573P   2115
0.105087947,0.032278468,0.,0.106796274,0.033759019,0.,              2573P   2116
0.108504601,0.035239569,0.,0.110736638,0.036040837,0.,              2573P   2117
0.112968676,0.036842105,0.,0.115384615,0.036842105,0.,              2573P   2118
0.117800555,0.036842105,0.,0.120032592,0.036040837,0.,              2573P   2119
0.12226463,0.035239569,0.,0.123972957,0.033759019,0.,               2573P   2120
0.125681284,0.032278468,0.,0.126605824,0.030344036,0.,              2573P   2121
0.127530364,0.028409604,0.,0.127530364,0.026315789,0.,0.,1.,0.,     2573P   2122
0.,1.;                                                              2573P   2123
124,-1.,-6.98296267768627E-15,0.,-380.000000000002,                 2575P   2124
-6.98296267768627E-15,1.,-6.98296267768627E-15,                     2575P   2125
-1.26468938616867E-12,4.87617677579594E-29,                         2575P   2126
-6.98296267768627E-15,-1.,23.9999999999981;                         2575P   2127
100,12.,-190.,-270.,-184.,-270.,-196.,-270.;                        2577P   2128
102,2,2567,2573;                                                    2579P   2129
102,2,2571,2577;                                                    2581P   2130
142,1,2347,2579,2581,1;                                             2583P   2131
126,16,2,1,0,1,0,0.,0.,0.,0.125,0.125,0.25,0.25,0.375,0.375,        2585P   2132
0.5,0.5,0.625,0.625,0.75,0.75,0.875,0.875,1.,1.,1.,1.,1.,1.,1.,     2585P   2133
1.,1.,1.,1.,1.,1.,1.,1.,1.,1.,1.,1.,1.,0.042510121,0.252631579,     2585P   2134
0.,0.042510121,0.250537765,0.,0.041585581,0.248603332,0.,           2585P   2135
0.040661041,0.2466689,0.,0.038952714,0.24518835,0.,0.037244387,     2585P   2136
0.243707799,0.,0.035012349,0.242906531,0.,0.032780312,              2585P   2137
0.242105263,0.,0.030364372,0.242105263,0.,0.027948433,              2585P   2138
0.242105263,0.,0.025716396,0.242906531,0.,0.023484358,              2585P   2139
0.243707799,0.,0.021776031,0.24518835,0.,0.020067704,0.2466689,     2585P   2140
0.,0.019143164,0.248603332,0.,0.018218623,0.250537765,0.,           2585P   2141
0.018218623,0.252631579,0.,0.,1.,0.,0.,1.;                          2585P   2142
124,1.,-7.105427357601E-15,0.,-1.00452979268085E-12,                2587P   2143
-7.105427357601E-15,-1.,6.98296267768627E-15,-282.000000000002,     2587P   2144
-4.96169340471387E-29,-6.98296267768627E-15,-1.,                    2587P   2145
23.999999999999;                                                    2587P   2146
100,12.,-232.,-141.,-226.,-141.,-238.,-141.;                        2589P   2147
126,16,2,1,0,1,0,0.,0.,0.,0.125,0.125,0.25,0.25,0.375,0.375,        2591P   2148
0.5,0.5,0.625,0.625,0.75,0.75,0.875,0.875,1.,1.,1.,1.,1.,1.,1.,     2591P   2149
1.,1.,1.,1.,1.,1.,1.,1.,1.,1.,1.,1.,1.,0.018218623,0.252631579,     2591P   2150
0.,0.018218623,0.254725393,0.,0.019143164,0.256659826,0.,           2591P   2151
0.020067704,0.258594258,0.,0.021776031,0.260074808,0.,              2591P   2152
0.023484358,0.261555359,0.,0.025716396,0.262356627,0.,              2591P   2153
0.027948433,0.263157895,0.,0.030364372,0.263157895,0.,              2591P   2154
0.032780312,0.263157895,0.,0.035012349,0.262356627,0.,              2591P   2155
0.037244387,0.261555359,0.,0.038952714,0.260074808,0.,              2591P   2156
0.040661041,0.258594258,0.,0.041585581,0.256659826,0.,              2591P   2157
0.042510121,0.254725393,0.,0.042510121,0.252631579,0.,0.,1.,0.,     2591P   2158
0.,1.;                                                              2591P   2159
124,-1.,-6.98296267768627E-15,0.,-464.000000000001,                 2593P   2160
-6.98296267768627E-15,1.,-6.98296267768627E-15,                     2593P   2161
-1.54594691932238E-12,4.87617677579594E-29,                         2593P   2162
-6.98296267768627E-15,-1.,23.999999999999;                          2593P   2163
100,12.,-232.,-141.,-226.,-141.,-238.,-141.;                        2595P   2164
102,2,2585,2591;                                                    2597P   2165
102,2,2589,2595;                                                    2599P   2166
142,1,2347,2597,2599,1;                                             2601P   2167
126,16,2,1,0,1,0,0.,0.,0.,0.125,0.125,0.25,0.25,0.375,0.375,        2603P   2168
0.5,0.5,0.625,0.625,0.75,0.75,0.875,0.875,1.,1.,1.,1.,1.,1.,1.,     2603P   2169
1.,1.,1.,1.,1.,1.,1.,1.,1.,1.,1.,1.,1.,0.042510121,0.41754386,      2603P   2170
0.,0.042510121,0.415450045,0.,0.041585581,0.413515613,0.,           2603P   2171
0.040661041,0.411581181,0.,0.038952714,0.41010063,0.,               2603P   2172
0.037244387,0.40862008,0.,0.035012349,0.407818812,0.,               2603P   2173
0.032780312,0.407017544,0.,0.030364372,0.407017544,0.,              2603P   2174
0.027948433,0.407017544,0.,0.025716396,0.407818812,0.,              2603P   2175
0.023484358,0.40862008,0.,0.021776031,0.41010063,0.,                2603P   2176
0.020067704,0.411581181,0.,0.019143164,0.413515613,0.,              2603P   2177
0.018218623,0.415450045,0.,0.018218623,0.41754386,0.,0.,1.,0.,      2603P   2178
0.,1.;                                                              2603P   2179
124,1.,-7.105427357601E-15,0.,-3.34843264226959E-13,                2605P   2180
-7.105427357601E-15,-1.,6.98296267768627E-15,-94.0000000000018,     2605P   2181
-4.96169340471387E-29,-6.98296267768627E-15,-1.,                    2605P   2182
23.9999999999997;                                                   2605P   2183
100,12.,-232.,-47.,-226.,-47.,-238.,-47.;                           2607P   2184
126,16,2,1,0,1,0,0.,0.,0.,0.125,0.125,0.25,0.25,0.375,0.375,        2609P   2185
0.5,0.5,0.625,0.625,0.75,0.75,0.875,0.875,1.,1.,1.,1.,1.,1.,1.,     2609P   2186
1.,1.,1.,1.,1.,1.,1.,1.,1.,1.,1.,1.,1.,0.018218623,0.41754386,      2609P   2187
0.,0.018218623,0.419637674,0.,0.019143164,0.421572106,0.,           2609P   2188
0.020067704,0.423506539,0.,0.021776031,0.424987089,0.,              2609P   2189
0.023484358,0.426467639,0.,0.025716396,0.427268907,0.,              2609P   2190
0.027948433,0.428070175,0.,0.030364372,0.428070175,0.,              2609P   2191
0.032780312,0.428070175,0.,0.035012349,0.427268907,0.,              2609P   2192
0.037244387,0.426467639,0.,0.038952714,0.424987089,0.,              2609P   2193
0.040661041,0.423506539,0.,0.041585581,0.421572106,0.,              2609P   2194
0.042510121,0.419637674,0.,0.042510121,0.41754386,0.,0.,1.,0.,      2609P   2195
0.,1.;                                                              2609P   2196
124,-1.,-6.98296267768627E-15,0.,-464.,-6.98296267768627E-15,       2611P   2197
1.,-6.98296267768627E-15,-1.53900802541847E-12,                     2611P   2198
4.87617677579594E-29,-6.98296267768627E-15,-1.,                     2611P   2199
23.9999999999997;                                                   2611P   2200
100,12.,-232.,-47.,-226.,-47.,-238.,-47.;                           2613P   2201
102,2,2603,2609;                                                    2615P   2202
102,2,2607,2613;                                                    2617P   2203
142,1,2347,2615,2617,1;                                             2619P   2204
126,16,2,1,0,1,0,0.,0.,0.,0.125,0.125,0.25,0.25,0.375,0.375,        2621P   2205
0.5,0.5,0.625,0.625,0.75,0.75,0.875,0.875,1.,1.,1.,1.,1.,1.,1.,     2621P   2206
1.,1.,1.,1.,1.,1.,1.,1.,1.,1.,1.,1.,1.,0.042510121,0.58245614,      2621P   2207
0.,0.042510121,0.580362326,0.,0.041585581,0.578427894,0.,           2621P   2208
0.040661041,0.576493461,0.,0.038952714,0.575012911,0.,              2621P   2209
0.037244387,0.573532361,0.,0.035012349,0.572731093,0.,              2621P   2210
0.032780312,0.571929825,0.,0.030364372,0.571929825,0.,              2621P   2211
0.027948433,0.571929825,0.,0.025716396,0.572731093,0.,              2621P   2212
0.023484358,0.573532361,0.,0.021776031,0.575012911,0.,              2621P   2213
0.020067704,0.576493461,0.,0.019143164,0.578427894,0.,              2621P   2214
0.018218623,0.580362326,0.,0.018218623,0.58245614,0.,0.,1.,0.,      2621P   2215
0.,1.;                                                              2621P   2216
124,1.,-7.105427357601E-15,0.,3.34843264226936E-13,                 2623P   2217
-7.105427357601E-15,-1.,6.98296267768627E-15,93.9999999999982,      2623P   2218
-4.96169340471387E-29,-6.98296267768627E-15,-1.,                    2623P   2219
24.0000000000003;                                                   2623P   2220
100,12.,-232.,47.,-226.,47.,-238.,47.;                              2625P   2221
126,16,2,1,0,1,0,0.,0.,0.,0.125,0.125,0.25,0.25,0.375,0.375,        2627P   2222
0.5,0.5,0.625,0.625,0.75,0.75,0.875,0.875,1.,1.,1.,1.,1.,1.,1.,     2627P   2223
1.,1.,1.,1.,1.,1.,1.,1.,1.,1.,1.,1.,1.,0.018218623,0.58245614,      2627P   2224
0.,0.018218623,0.584549955,0.,0.019143164,0.586484387,0.,           2627P   2225
0.020067704,0.588418819,0.,0.021776031,0.58989937,0.,               2627P   2226
0.023484358,0.59137992,0.,0.025716396,0.592181188,0.,               2627P   2227
0.027948433,0.592982456,0.,0.030364372,0.592982456,0.,              2627P   2228
0.032780312,0.592982456,0.,0.035012349,0.592181188,0.,              2627P   2229
0.037244387,0.59137992,0.,0.038952714,0.58989937,0.,                2627P   2230
0.040661041,0.588418819,0.,0.041585581,0.586484387,0.,              2627P   2231
0.042510121,0.584549955,0.,0.042510121,0.58245614,0.,0.,1.,0.,      2627P   2232
0.,1.;                                                              2627P   2233
124,-1.,-6.98296267768627E-15,0.,-464.,-6.98296267768627E-15,       2629P   2234
1.,-6.98296267768627E-15,-1.53900802541846E-12,                     2629P   2235
4.87617677579594E-29,-6.98296267768627E-15,-1.,                     2629P   2236
24.0000000000003;                                                   2629P   2237
100,12.,-232.,47.,-226.,47.,-238.,47.;                              2631P   2238
102,2,2621,2627;                                                    2633P   2239
102,2,2625,2631;                                                    2635P   2240
142,1,2347,2633,2635,1;                                             2637P   2241
126,16,2,1,0,1,0,0.,0.,0.,0.125,0.125,0.25,0.25,0.375,0.375,        2639P   2242
0.5,0.5,0.625,0.625,0.75,0.75,0.875,0.875,1.,1.,1.,1.,1.,1.,1.,     2639P   2243
1.,1.,1.,1.,1.,1.,1.,1.,1.,1.,1.,1.,1.,0.042510121,0.747368421,     2639P   2244
0.,0.042510121,0.745274607,0.,0.041585581,0.743340174,0.,           2639P   2245
0.040661041,0.741405742,0.,0.038952714,0.739925192,0.,              2639P   2246
0.037244387,0.738444641,0.,0.035012349,0.737643373,0.,              2639P   2247
0.032780312,0.736842105,0.,0.030364372,0.736842105,0.,              2639P   2248
0.027948433,0.736842105,0.,0.025716396,0.737643373,0.,              2639P   2249
0.023484358,0.738444641,0.,0.021776031,0.739925192,0.,              2639P   2250
0.020067704,0.741405742,0.,0.019143164,0.743340174,0.,              2639P   2251
0.018218623,0.745274607,0.,0.018218623,0.747368421,0.,0.,1.,0.,     2639P   2252
0.,1.;                                                              2639P   2253
124,1.,-7.105427357601E-15,0.,1.00452979268083E-12,                 2641P   2254
-7.105427357601E-15,-1.,6.98296267768627E-15,281.999999999998,      2641P   2255
-4.96169340471387E-29,-6.98296267768627E-15,-1.,                    2641P   2256
24.000000000001;                                                    2641P   2257
100,12.,-232.,141.,-226.,141.,-238.,141.;                           2643P   2258
126,16,2,1,0,1,0,0.,0.,0.,0.125,0.125,0.25,0.25,0.375,0.375,        2645P   2259
0.5,0.5,0.625,0.625,0.75,0.75,0.875,0.875,1.,1.,1.,1.,1.,1.,1.,     2645P   2260
1.,1.,1.,1.,1.,1.,1.,1.,1.,1.,1.,1.,1.,0.018218623,0.747368421,     2645P   2261
0.,0.018218623,0.749462235,0.,0.019143164,0.751396668,0.,           2645P   2262
0.020067704,0.7533311,0.,0.021776031,0.75481165,0.,0.023484358,     2645P   2263
0.756292201,0.,0.025716396,0.757093469,0.,0.027948433,              2645P   2264
0.757894737,0.,0.030364372,0.757894737,0.,0.032780312,              2645P   2265
0.757894737,0.,0.035012349,0.757093469,0.,0.037244387,              2645P   2266
0.756292201,0.,0.038952714,0.75481165,0.,0.040661041,0.7533311,     2645P   2267
0.,0.041585581,0.751396668,0.,0.042510121,0.749462235,0.,           2645P   2268
0.042510121,0.747368421,0.,0.,1.,0.,0.,1.;                          2645P   2269
124,-1.,-6.98296267768627E-15,0.,-463.999999999999,                 2647P   2270
-6.98296267768627E-15,1.,-6.98296267768627E-15,                     2647P   2271
-1.54594691932235E-12,4.87617677579594E-29,                         2647P   2272
-6.98296267768627E-15,-1.,24.000000000001;                          2647P   2273
100,12.,-232.,141.,-226.,141.,-238.,141.;                           2649P   2274
102,2,2639,2645;                                                    2651P   2275
102,2,2643,2649;                                                    2653P   2276
142,1,2347,2651,2653,1;                                             2655P   2277
126,16,2,1,0,1,0,0.,0.,0.,0.125,0.125,0.25,0.25,0.375,0.375,        2657P   2278
0.5,0.5,0.625,0.625,0.75,0.75,0.875,0.875,1.,1.,1.,1.,1.,1.,1.,     2657P   2279
1.,1.,1.,1.,1.,1.,1.,1.,1.,1.,1.,1.,1.,0.042510121,0.912280702,     2657P   2280
0.,0.042510121,0.910186887,0.,0.041585581,0.908252455,0.,           2657P   2281
0.040661041,0.906318023,0.,0.038952714,0.904837472,0.,              2657P   2282
0.037244387,0.903356922,0.,0.035012349,0.902555654,0.,              2657P   2283
0.032780312,0.901754386,0.,0.030364372,0.901754386,0.,              2657P   2284
0.027948433,0.901754386,0.,0.025716396,0.902555654,0.,              2657P   2285
0.023484358,0.903356922,0.,0.021776031,0.904837472,0.,              2657P   2286
0.020067704,0.906318023,0.,0.019143164,0.908252455,0.,              2657P   2287
0.018218623,0.910186887,0.,0.018218623,0.912280702,0.,0.,1.,0.,     2657P   2288
0.,1.;                                                              2657P   2289
124,1.,-7.105427357601E-15,0.,1.67421632113472E-12,                 2659P   2290
-7.105427357601E-15,-1.,6.98296267768627E-15,469.999999999998,      2659P   2291
-4.96169340471387E-29,-6.98296267768627E-15,-1.,                    2659P   2292
24.0000000000016;                                                   2659P   2293
100,12.,-232.,235.,-226.,235.,-238.,235.;                           2661P   2294
126,16,2,1,0,1,0,0.,0.,0.,0.125,0.125,0.25,0.25,0.375,0.375,        2663P   2295
0.5,0.5,0.625,0.625,0.75,0.75,0.875,0.875,1.,1.,1.,1.,1.,1.,1.,     2663P   2296
1.,1.,1.,1.,1.,1.,1.,1.,1.,1.,1.,1.,1.,0.018218623,0.912280702,     2663P   2297
0.,0.018218623,0.914374516,0.,0.019143164,0.916308948,0.,           2663P   2298
0.020067704,0.918243381,0.,0.021776031,0.919723931,0.,              2663P   2299
0.023484358,0.921204481,0.,0.025716396,0.922005749,0.,              2663P   2300
0.027948433,0.922807018,0.,0.030364372,0.922807018,0.,              2663P   2301
0.032780312,0.922807018,0.,0.035012349,0.922005749,0.,              2663P   2302
0.037244387,0.921204481,0.,0.038952714,0.919723931,0.,              2663P   2303
0.040661041,0.918243381,0.,0.041585581,0.916308948,0.,              2663P   2304
0.042510121,0.914374516,0.,0.042510121,0.912280702,0.,0.,1.,0.,     2663P   2305
0.,1.;                                                              2663P   2306
124,-1.,-6.98296267768627E-15,0.,-463.999999999999,                 2665P   2307
-6.98296267768627E-15,1.,-6.98296267768627E-15,                     2665P   2308
-1.54594691932235E-12,4.87617677579594E-29,                         2665P   2309
-6.98296267768627E-15,-1.,24.0000000000016;                         2665P   2310
100,12.,-232.,235.,-226.,235.,-238.,235.;                           2667P   2311
102,2,2657,2663;                                                    2669P   2312
102,2,2661,2667;                                                    2671P   2313
142,1,2347,2669,2671,1;                                             2673P   2314
126,16,2,1,0,1,0,0.,0.,0.,0.125,0.125,0.25,0.25,0.375,0.375,        2675P   2315
0.5,0.5,0.625,0.625,0.75,0.75,0.875,0.875,1.,1.,1.,1.,1.,1.,1.,     2675P   2316
1.,1.,1.,1.,1.,1.,1.,1.,1.,1.,1.,1.,1.,0.896761134,0.973684211,     2675P   2317
0.,0.896761134,0.971590396,0.,0.895836594,0.969655964,0.,           2675P   2318
0.894912053,0.967721532,0.,0.893203726,0.966240981,0.,              2675P   2319
0.891495399,0.964760431,0.,0.889263362,0.963959163,0.,              2675P   2320
0.887031324,0.963157895,0.,0.884615385,0.963157895,0.,              2675P   2321
0.882199445,0.963157895,0.,0.879967408,0.963959163,0.,              2675P   2322
0.87773537,0.964760431,0.,0.876027043,0.966240981,0.,               2675P   2323
0.874318716,0.967721532,0.,0.873394176,0.969655964,0.,              2675P   2324
0.872469636,0.971590396,0.,0.872469636,0.973684211,0.,0.,1.,0.,     2675P   2325
0.,1.;                                                              2675P   2326
124,1.,-7.105427357601E-15,0.,1.92179605562616E-12,                 2677P   2327
-7.105427357601E-15,-1.,6.98296267768627E-15,540.000000000001,      2677P   2328
-4.96169340471387E-29,-6.98296267768627E-15,-1.,                    2677P   2329
24.0000000000019;                                                   2677P   2330
100,12.,190.,270.,196.,270.,184.,270.;                              2679P   2331
126,16,2,1,0,1,0,0.,0.,0.,0.125,0.125,0.25,0.25,0.375,0.375,        2681P   2332
0.5,0.5,0.625,0.625,0.75,0.75,0.875,0.875,1.,1.,1.,1.,1.,1.,1.,     2681P   2333
1.,1.,1.,1.,1.,1.,1.,1.,1.,1.,1.,1.,1.,0.872469636,0.973684211,     2681P   2334
0.,0.872469636,0.975778025,0.,0.873394176,0.977712457,0.,           2681P   2335
0.874318716,0.979646889,0.,0.876027043,0.98112744,0.,               2681P   2336
0.87773537,0.98260799,0.,0.879967408,0.983409258,0.,                2681P   2337
0.882199445,0.984210526,0.,0.884615385,0.984210526,0.,              2681P   2338
0.887031324,0.984210526,0.,0.889263362,0.983409258,0.,              2681P   2339
0.891495399,0.98260799,0.,0.893203726,0.98112744,0.,                2681P   2340
0.894912053,0.979646889,0.,0.895836594,0.977712457,0.,              2681P   2341
0.896761134,0.975778025,0.,0.896761134,0.973684211,0.,0.,1.,0.,     2681P   2342
0.,1.;                                                              2681P   2343
124,-1.,-6.98296267768627E-15,0.,380.000000000006,                  2683P   2344
-6.98296267768627E-15,1.,-6.98296267768627E-15,                     2683P   2345
1.3778269897726E-12,4.87617677579594E-29,-6.98296267768627E-15,     2683P   2346
-1.,24.0000000000019;                                               2683P   2347
100,12.,190.,270.,196.,270.,184.,270.;                              2685P   2348
102,2,2675,2681;                                                    2687P   2349
102,2,2679,2685;                                                    2689P   2350
142,1,2347,2687,2689,1;                                             2691P   2351
126,16,2,1,0,1,0,0.,0.,0.,0.125,0.125,0.25,0.25,0.375,0.375,        2693P   2352
0.5,0.5,0.625,0.625,0.75,0.75,0.875,0.875,1.,1.,1.,1.,1.,1.,1.,     2693P   2353
1.,1.,1.,1.,1.,1.,1.,1.,1.,1.,1.,1.,1.,0.704453441,0.973684211,     2693P   2354
0.,0.704453441,0.971590396,0.,0.703528901,0.969655964,0.,           2693P   2355
0.702604361,0.967721532,0.,0.700896034,0.966240981,0.,              2693P   2356
0.699187706,0.964760431,0.,0.696955669,0.963959163,0.,              2693P   2357
0.694723632,0.963157895,0.,0.692307692,0.963157895,0.,              2693P   2358
0.689891753,0.963157895,0.,0.687659715,0.963959163,0.,              2693P   2359
0.685427678,0.964760431,0.,0.683719351,0.966240981,0.,              2693P   2360
0.682011024,0.967721532,0.,0.681086483,0.969655964,0.,              2693P   2361
0.680161943,0.971590396,0.,0.680161943,0.973684211,0.,0.,1.,0.,     2693P   2362
0.,1.;                                                              2693P   2363
124,1.,-7.105427357601E-15,0.,1.92179605562615E-12,                 2695P   2364
-7.105427357601E-15,-1.,6.98296267768627E-15,540.,                  2695P   2365
-4.96169340471387E-29,-6.98296267768627E-15,-1.,                    2695P   2366
24.0000000000019;                                                   2695P   2367
100,12.,95.,270.,101.,270.,89.,270.;                                2697P   2368
126,16,2,1,0,1,0,0.,0.,0.,0.125,0.125,0.25,0.25,0.375,0.375,        2699P   2369
0.5,0.5,0.625,0.625,0.75,0.75,0.875,0.875,1.,1.,1.,1.,1.,1.,1.,     2699P   2370
1.,1.,1.,1.,1.,1.,1.,1.,1.,1.,1.,1.,1.,0.680161943,0.973684211,     2699P   2371
0.,0.680161943,0.975778025,0.,0.681086483,0.977712457,0.,           2699P   2372
0.682011024,0.979646889,0.,0.683719351,0.98112744,0.,               2699P   2373
0.685427678,0.98260799,0.,0.687659715,0.983409258,0.,               2699P   2374
0.689891753,0.984210526,0.,0.692307692,0.984210526,0.,              2699P   2375
0.694723632,0.984210526,0.,0.696955669,0.983409258,0.,              2699P   2376
0.699187706,0.98260799,0.,0.700896034,0.98112744,0.,                2699P   2377
0.702604361,0.979646889,0.,0.703528901,0.977712457,0.,              2699P   2378
0.704453441,0.975778025,0.,0.704453441,0.973684211,0.,0.,1.,0.,     2699P   2379
0.,1.;                                                              2699P   2380
124,-1.,-6.98296267768627E-15,0.,190.000000000006,                  2701P   2381
-6.98296267768627E-15,1.,-6.98296267768627E-15,                     2701P   2382
7.17197895787304E-13,4.87617677579594E-29,                          2701P   2383
-6.98296267768627E-15,-1.,24.0000000000019;                         2701P   2384
100,12.,95.,270.,101.,270.,89.,270.;                                2703P   2385
102,2,2693,2699;                                                    2705P   2386
102,2,2697,2703;                                                    2707P   2387
142,1,2347,2705,2707,1;                                             2709P   2388
126,16,2,1,0,1,0,0.,0.,0.,0.125,0.125,0.25,0.25,0.375,0.375,        2711P   2389
0.5,0.5,0.625,0.625,0.75,0.75,0.875,0.875,1.,1.,1.,1.,1.,1.,1.,     2711P   2390
1.,1.,1.,1.,1.,1.,1.,1.,1.,1.,1.,1.,1.,0.512145749,0.973684211,     2711P   2391
0.,0.512145749,0.971590396,0.,0.511221209,0.969655964,0.,           2711P   2392
0.510296669,0.967721532,0.,0.508588341,0.966240981,0.,              2711P   2393
0.506880014,0.964760431,0.,0.504647977,0.963959163,0.,              2711P   2394
0.50241594,0.963157895,0.,0.5,0.963157895,0.,0.49758406,            2711P   2395
0.963157895,0.,0.495352023,0.963959163,0.,0.493119986,              2711P   2396
0.964760431,0.,0.491411659,0.966240981,0.,0.489703331,              2711P   2397
0.967721532,0.,0.488778791,0.969655964,0.,0.487854251,              2711P   2398
0.971590396,0.,0.487854251,0.973684211,0.,0.,1.,0.,0.,1.;           2711P   2399
124,1.,-7.105427357601E-15,0.,1.91846538655227E-12,                 2713P   2400
-7.105427357601E-15,-1.,6.98296267768627E-15,540.,                  2713P   2401
-4.96169340471387E-29,-6.98296267768627E-15,-1.,                    2713P   2402
24.0000000000019;                                                   2713P   2403
100,12.,0.,270.,6.,270.,-6.,270.;                                   2715P   2404
126,16,2,1,0,1,0,0.,0.,0.,0.125,0.125,0.25,0.25,0.375,0.375,        2717P   2405
0.5,0.5,0.625,0.625,0.75,0.75,0.875,0.875,1.,1.,1.,1.,1.,1.,1.,     2717P   2406
1.,1.,1.,1.,1.,1.,1.,1.,1.,1.,1.,1.,1.,0.487854251,0.973684211,     2717P   2407
0.,0.487854251,0.975778025,0.,0.488778791,0.977712457,0.,           2717P   2408
0.489703331,0.979646889,0.,0.491411659,0.98112744,0.,               2717P   2409
0.493119986,0.98260799,0.,0.495352023,0.983409258,0.,               2717P   2410
0.49758406,0.984210526,0.,0.5,0.984210526,0.,0.50241594,            2717P   2411
0.984210526,0.,0.504647977,0.983409258,0.,0.506880014,              2717P   2412
0.98260799,0.,0.508588341,0.98112744,0.,0.510296669,                2717P   2413
0.979646889,0.,0.511221209,0.977712457,0.,0.512145749,              2717P   2414
0.975778025,0.,0.512145749,0.973684211,0.,0.,1.,0.,0.,1.;           2717P   2415
124,-1.,-6.98296267768627E-15,0.,5.56886018052952E-12,              2719P   2416
-6.98296267768627E-15,1.,-6.98296267768627E-15,                     2719P   2417
5.65688018020068E-14,4.87617677579594E-29,                          2719P   2418
-6.98296267768627E-15,-1.,24.0000000000019;                         2719P   2419
100,12.,0.,270.,6.,270.,-6.,270.;                                   2721P   2420
102,2,2711,2717;                                                    2723P   2421
102,2,2715,2721;                                                    2725P   2422
142,1,2347,2723,2725,1;                                             2727P   2423
126,16,2,1,0,1,0,0.,0.,0.,0.125,0.125,0.25,0.25,0.375,0.375,        2729P   2424
0.5,0.5,0.625,0.625,0.75,0.75,0.875,0.875,1.,1.,1.,1.,1.,1.,1.,     2729P   2425
1.,1.,1.,1.,1.,1.,1.,1.,1.,1.,1.,1.,1.,0.319838057,0.973684211,     2729P   2426
0.,0.319838057,0.971590396,0.,0.318913517,0.969655964,0.,           2729P   2427
0.317988976,0.967721532,0.,0.316280649,0.966240981,0.,              2729P   2428
0.314572322,0.964760431,0.,0.312340285,0.963959163,0.,              2729P   2429
0.310108247,0.963157895,0.,0.307692308,0.963157895,0.,              2729P   2430
0.305276368,0.963157895,0.,0.303044331,0.963959163,0.,              2729P   2431
0.300812294,0.964760431,0.,0.299103966,0.966240981,0.,              2729P   2432
0.297395639,0.967721532,0.,0.296471099,0.969655964,0.,              2729P   2433
0.295546559,0.971590396,0.,0.295546559,0.973684211,0.,0.,1.,0.,     2729P   2434
0.,1.;                                                              2729P   2435
124,1.,-7.105427357601E-15,0.,1.92179605562614E-12,                 2731P   2436
-7.105427357601E-15,-1.,6.98296267768627E-15,539.999999999999,      2731P   2437
-4.96169340471387E-29,-6.98296267768627E-15,-1.,                    2731P   2438
24.0000000000019;                                                   2731P   2439
100,12.,-95.,270.,-89.,270.,-101.,270.;                             2733P   2440
126,16,2,1,0,1,0,0.,0.,0.,0.125,0.125,0.25,0.25,0.375,0.375,        2735P   2441
0.5,0.5,0.625,0.625,0.75,0.75,0.875,0.875,1.,1.,1.,1.,1.,1.,1.,     2735P   2442
1.,1.,1.,1.,1.,1.,1.,1.,1.,1.,1.,1.,1.,0.295546559,0.973684211,     2735P   2443
0.,0.295546559,0.975778025,0.,0.296471099,0.977712457,0.,           2735P   2444
0.297395639,0.979646889,0.,0.299103966,0.98112744,0.,               2735P   2445
0.300812294,0.98260799,0.,0.303044331,0.983409258,0.,               2735P   2446
0.305276368,0.984210526,0.,0.307692308,0.984210526,0.,              2735P   2447
0.310108247,0.984210526,0.,0.312340285,0.983409258,0.,              2735P   2448
0.314572322,0.98260799,0.,0.316280649,0.98112744,0.,                2735P   2449
0.317988976,0.979646889,0.,0.318913517,0.977712457,0.,              2735P   2450
0.319838057,0.975778025,0.,0.319838057,0.973684211,0.,0.,1.,0.,     2735P   2451
0.,1.;                                                              2735P   2452
124,-1.,-6.98296267768627E-15,0.,-189.999999999994,                 2737P   2453
-6.98296267768627E-15,1.,-6.98296267768627E-15,                     2737P   2454
-6.0406029218329E-13,4.87617677579594E-29,                          2737P   2455
-6.98296267768627E-15,-1.,24.0000000000019;                         2737P   2456
100,12.,-95.,270.,-89.,270.,-101.,270.;                             2739P   2457
102,2,2729,2735;                                                    2741P   2458
102,2,2733,2739;                                                    2743P   2459
142,1,2347,2741,2743,1;                                             2745P   2460
126,16,2,1,0,1,0,0.,0.,0.,0.125,0.125,0.25,0.25,0.375,0.375,        2747P   2461
0.5,0.5,0.625,0.625,0.75,0.75,0.875,0.875,1.,1.,1.,1.,1.,1.,1.,     2747P   2462
1.,1.,1.,1.,1.,1.,1.,1.,1.,1.,1.,1.,1.,0.127530364,0.973684211,     2747P   2463
0.,0.127530364,0.971590396,0.,0.126605824,0.969655964,0.,           2747P   2464
0.125681284,0.967721532,0.,0.123972957,0.966240981,0.,              2747P   2465
0.12226463,0.964760431,0.,0.120032592,0.963959163,0.,               2747P   2466
0.117800555,0.963157895,0.,0.115384615,0.963157895,0.,              2747P   2467
0.112968676,0.963157895,0.,0.110736638,0.963959163,0.,              2747P   2468
0.108504601,0.964760431,0.,0.106796274,0.966240981,0.,              2747P   2469
0.105087947,0.967721532,0.,0.104163406,0.969655964,0.,              2747P   2470
0.103238866,0.971590396,0.,0.103238866,0.973684211,0.,0.,1.,0.,     2747P   2471
0.,1.;                                                              2747P   2472
124,1.,-7.105427357601E-15,0.,1.92179605562614E-12,                 2749P   2473
-7.105427357601E-15,-1.,6.98296267768627E-15,539.999999999999,      2749P   2474
-4.96169340471387E-29,-6.98296267768627E-15,-1.,                    2749P   2475
24.0000000000019;                                                   2749P   2476
100,12.,-190.,270.,-184.,270.,-196.,270.;                           2751P   2477
126,16,2,1,0,1,0,0.,0.,0.,0.125,0.125,0.25,0.25,0.375,0.375,        2753P   2478
0.5,0.5,0.625,0.625,0.75,0.75,0.875,0.875,1.,1.,1.,1.,1.,1.,1.,     2753P   2479
1.,1.,1.,1.,1.,1.,1.,1.,1.,1.,1.,1.,1.,0.103238866,0.973684211,     2753P   2480
0.,0.103238866,0.975778025,0.,0.104163406,0.977712457,0.,           2753P   2481
0.105087947,0.979646889,0.,0.106796274,0.98112744,0.,               2753P   2482
0.108504601,0.98260799,0.,0.110736638,0.983409258,0.,               2753P   2483
0.112968676,0.984210526,0.,0.115384615,0.984210526,0.,              2753P   2484
0.117800555,0.984210526,0.,0.120032592,0.983409258,0.,              2753P   2485
0.12226463,0.98260799,0.,0.123972957,0.98112744,0.,0.125681284,     2753P   2486
0.979646889,0.,0.126605824,0.977712457,0.,0.127530364,              2753P   2487
0.975778025,0.,0.127530364,0.973684211,0.,0.,1.,0.,0.,1.;           2753P   2488
124,-1.,-6.98296267768627E-15,0.,-379.999999999995,                 2755P   2489
-6.98296267768627E-15,1.,-6.98296267768627E-15,                     2755P   2490
-1.26468938616859E-12,4.87617677579594E-29,                         2755P   2491
-6.98296267768627E-15,-1.,24.0000000000019;                         2755P   2492
100,12.,-190.,270.,-184.,270.,-196.,270.;                           2757P   2493
102,2,2747,2753;                                                    2759P   2494
102,2,2751,2757;                                                    2761P   2495
142,1,2347,2759,2761,1;                                             2763P   2496
126,16,2,1,0,1,0,0.,0.,0.,0.125,0.125,0.25,0.25,0.375,0.375,        2765P   2497
0.5,0.5,0.625,0.625,0.75,0.75,0.875,0.875,1.,1.,1.,1.,1.,1.,1.,     2765P   2498
1.,1.,1.,1.,1.,1.,1.,1.,1.,1.,1.,1.,1.,0.042510121,0.087719298,     2765P   2499
0.,0.042510121,0.085625484,0.,0.041585581,0.083691052,0.,           2765P   2500
0.040661041,0.081756619,0.,0.038952714,0.080276069,0.,              2765P   2501
0.037244387,0.078795519,0.,0.035012349,0.077994251,0.,              2765P   2502
0.032780312,0.077192982,0.,0.030364372,0.077192982,0.,              2765P   2503
0.027948433,0.077192982,0.,0.025716396,0.077994251,0.,              2765P   2504
0.023484358,0.078795519,0.,0.021776031,0.080276069,0.,              2765P   2505
0.020067704,0.081756619,0.,0.019143164,0.083691052,0.,              2765P   2506
0.018218623,0.085625484,0.,0.018218623,0.087719298,0.,0.,1.,0.,     2765P   2507
0.,1.;                                                              2765P   2508
124,1.,-7.105427357601E-15,0.,-1.67421632113475E-12,                2767P   2509
-7.105427357601E-15,-1.,6.98296267768627E-15,-470.000000000002,     2767P   2510
-4.96169340471387E-29,-6.98296267768627E-15,-1.,                    2767P   2511
23.9999999999984;                                                   2767P   2512
100,12.,-232.,-235.,-226.,-235.,-238.,-235.;                        2769P   2513
126,16,2,1,0,1,0,0.,0.,0.,0.125,0.125,0.25,0.25,0.375,0.375,        2771P   2514
0.5,0.5,0.625,0.625,0.75,0.75,0.875,0.875,1.,1.,1.,1.,1.,1.,1.,     2771P   2515
1.,1.,1.,1.,1.,1.,1.,1.,1.,1.,1.,1.,1.,0.018218623,0.087719298,     2771P   2516
0.,0.018218623,0.089813113,0.,0.019143164,0.091747545,0.,           2771P   2517
0.020067704,0.093681977,0.,0.021776031,0.095162528,0.,              2771P   2518
0.023484358,0.096643078,0.,0.025716396,0.097444346,0.,              2771P   2519
0.027948433,0.098245614,0.,0.030364372,0.098245614,0.,              2771P   2520
0.032780312,0.098245614,0.,0.035012349,0.097444346,0.,              2771P   2521
0.037244387,0.096643078,0.,0.038952714,0.095162528,0.,              2771P   2522
0.040661041,0.093681977,0.,0.041585581,0.091747545,0.,              2771P   2523
0.042510121,0.089813113,0.,0.042510121,0.087719298,0.,0.,1.,0.,     2771P   2524
0.,1.;                                                              2771P   2525
124,-1.,-6.98296267768627E-15,0.,-464.000000000002,                 2773P   2526
-6.98296267768627E-15,1.,-6.98296267768627E-15,                     2773P   2527
-1.54594691932239E-12,4.87617677579594E-29,                         2773P   2528
-6.98296267768627E-15,-1.,23.9999999999984;                         2773P   2529
100,12.,-232.,-235.,-226.,-235.,-238.,-235.;                        2775P   2530
102,2,2765,2771;                                                    2777P   2531
102,2,2769,2775;                                                    2779P   2532
142,1,2347,2777,2779,1;                                             2781P   2533
126,1,1,1,0,1,0,0.,0.,1.,1.,1.,1.,0.930769231,0.91754386,0.,        2783P   2534
0.930769231,0.08245614,0.,0.,1.,0.,0.,1.;                           2783P   2535
110,212.8,238.,12.,212.8,-238.,12.;                                 2785P   2536
126,8,2,1,0,1,0,0.,0.,0.,0.25,0.25,0.5,0.5,0.75,0.75,1.,1.,1.,      2787P   2537
1.,1.,1.,1.,1.,1.,1.,1.,1.,0.930769231,0.08245614,0.,               2787P   2538
0.930769231,0.082107171,0.,0.930923321,0.081784766,0.,              2787P   2539
0.931077411,0.081462361,0.,0.931362132,0.081215602,0.,              2787P   2540
0.931646853,0.080968844,0.,0.932018859,0.080835299,0.,              2787P   2541
0.932390866,0.080701754,0.,0.932793522,0.080701754,0.,0.,1.,0.,     2787P   2542
0.,-1.;                                                             2787P   2543
100,12.,213.8,-238.,212.8,-238.,213.8,-239.;                        2789P   2544
126,1,1,1,0,1,0,0.,0.,1.,1.,1.,1.,0.932793522,0.080701754,0.,       2791P   2545
0.948987854,0.080701754,0.,0.,1.,0.,0.,1.;                          2791P   2546
110,213.8,-239.,12.,221.8,-239.,12.;                                2793P   2547
126,8,2,1,0,1,0,0.,0.,0.,0.25,0.25,0.5,0.5,0.75,0.75,1.,1.,1.,      2795P   2548
1.,1.,1.,1.,1.,1.,1.,1.,1.,0.948987854,0.080701754,0.,              2795P   2549
0.949390511,0.080701754,0.,0.949762517,0.08056821,0.,               2795P   2550
0.950134523,0.080434665,0.,0.950419244,0.080187907,0.,              2795P   2551
0.950703966,0.079941148,0.,0.950858056,0.079618743,0.,              2795P   2552
0.951012146,0.079296337,0.,0.951012146,0.078947368,0.,0.,1.,0.,     2795P   2553
0.,1.;                                                              2795P   2554
124,6.12323399573677E-17,1.,0.,461.8,1.,-6.12323399573677E-17,      2797P   2555
-6.98296267768627E-15,-461.8,-6.98296267768627E-15,                 2797P   2556
4.27583144589696E-31,-1.,24.0000000000015;                          2797P   2557
100,12.,221.8,-240.,222.8,-240.,221.8,-239.;                        2799P   2558
126,1,1,1,0,1,0,0.,0.,1.,1.,1.,1.,0.951012146,0.078947368,0.,       2801P   2559
0.951012146,0.063157895,0.,0.,1.,0.,0.,1.;                          2801P   2560
110,222.8,-240.,12.,222.8,-249.,12.;                                2803P   2561
126,8,2,1,0,1,0,0.,0.,0.,0.25,0.25,0.5,0.5,0.75,0.75,1.,1.,1.,      2805P   2562
1.,1.,1.,1.,1.,1.,1.,1.,1.,0.951012146,0.063157895,0.,              2805P   2563
0.951012146,0.062808926,0.,0.950858056,0.06248652,0.,               2805P   2564
0.950703966,0.062164115,0.,0.950419244,0.061917357,0.,              2805P   2565
0.950134523,0.061670598,0.,0.949762517,0.061537053,0.,              2805P   2566
0.949390511,0.061403509,0.,0.948987854,0.061403509,0.,0.,1.,0.,     2805P   2567
0.,1.;                                                              2805P   2568
124,1.,-1.40883900352873E-14,-6.98296267768627E-15,                 2807P   2569
-3.43449133258618E-12,-1.40883900352873E-14,-1.,0.,                 2807P   2570
-497.999999999997,-6.98296267768627E-15,9.83787018050981E-29,       2807P   2571
-1.,24.0000000000015;                                               2807P   2572
100,12.,221.8,-249.,222.8,-249.,221.8,-248.;                        2809P   2573
126,1,1,1,0,1,0,0.,0.,1.,1.,1.,1.,0.948987854,0.061403509,0.,       2811P   2574
0.051012146,0.061403509,0.,0.,1.,0.,0.,1.;                          2811P   2575
110,221.8,-250.,12.,-221.8,-250.,12.;                               2813P   2576
126,8,2,1,0,1,0,0.,0.,0.,0.25,0.25,0.5,0.5,0.75,0.75,1.,1.,1.,      2815P   2577
1.,1.,1.,1.,1.,1.,1.,1.,1.,0.051012146,0.061403509,0.,              2815P   2578
0.050609489,0.061403509,0.,0.050237483,0.061537053,0.,              2815P   2579
0.049865477,0.061670598,0.,0.049580756,0.061917357,0.,              2815P   2580
0.049296034,0.062164115,0.,0.049141944,0.06248652,0.,               2815P   2581
0.048987854,0.062808926,0.,0.048987854,0.063157895,0.,0.,1.,0.,     2815P   2582
0.,1.;                                                              2815P   2583
124,-7.04419501764363E-15,-1.,0.,-470.800000000001,-1.,             2817P   2584
7.04419501764363E-15,6.98296267768627E-15,-470.799999999998,        2817P   2585
-6.98296267768627E-15,4.91893509025491E-29,-1.,                     2817P   2586
23.9999999999985;                                                   2817P   2587
100,12.,-221.8,-249.,-220.8,-249.,-221.8,-248.;                     2819P   2588
126,1,1,1,0,1,0,0.,0.,1.,1.,1.,1.,0.048987854,0.063157895,0.,       2821P   2589
0.048987854,0.078947368,0.,0.,1.,0.,0.,1.;                          2821P   2590
110,-222.8,-249.,12.,-222.8,-240.,12.;                              2823P   2591
126,8,2,1,0,1,0,0.,0.,0.,0.25,0.25,0.5,0.5,0.75,0.75,1.,1.,1.,      2825P   2592
1.,1.,1.,1.,1.,1.,1.,1.,1.,0.048987854,0.078947368,0.,              2825P   2593
0.048987854,0.079296337,0.,0.049141944,0.079618743,0.,              2825P   2594
0.049296034,0.079941148,0.,0.049580756,0.080187907,0.,              2825P   2595
0.049865477,0.080434665,0.,0.050237483,0.08056821,0.,               2825P   2596
0.050609489,0.080701754,0.,0.051012146,0.080701754,0.,0.,1.,0.,     2825P   2597
0.,1.;                                                              2825P   2598
124,-1.,0.,6.98296267768627E-15,-443.6,0.,1.,0.,0.,                 2827P   2599
-6.98296267768627E-15,0.,-1.,23.9999999999985;                      2827P   2600
100,12.,-221.8,-240.,-220.8,-240.,-221.8,-239.;                     2829P   2601
126,1,1,1,0,1,0,0.,0.,1.,1.,1.,1.,0.051012146,0.080701754,0.,       2831P   2602
0.067206478,0.080701754,0.,0.,1.,0.,0.,1.;                          2831P   2603
110,-221.8,-239.,12.,-213.8,-239.,12.;                              2833P   2604
126,8,2,1,0,1,0,0.,0.,0.,0.25,0.25,0.5,0.5,0.75,0.75,1.,1.,1.,      2835P   2605
1.,1.,1.,1.,1.,1.,1.,1.,1.,0.067206478,0.080701754,0.,              2835P   2606
0.067609134,0.080701754,0.,0.067981141,0.080835299,0.,              2835P   2607
0.068353147,0.080968844,0.,0.068637868,0.081215602,0.,              2835P   2608
0.068922589,0.081462361,0.,0.069076679,0.081784766,0.,              2835P   2609
0.069230769,0.082107171,0.,0.069230769,0.08245614,0.,0.,1.,0.,      2835P   2610
0.,-1.;                                                             2835P   2611
100,12.,-213.8,-238.,-213.8,-239.,-212.8,-238.;                     2837P   2612
126,1,1,1,0,1,0,0.,0.,1.,1.,1.,1.,0.069230769,0.08245614,0.,        2839P   2613
0.069230769,0.91754386,0.,0.,1.,0.,0.,1.;                           2839P   2614
110,-212.8,-238.,12.,-212.8,238.,12.;                               2841P   2615
126,8,2,1,0,1,0,0.,0.,0.,0.25,0.25,0.5,0.5,0.75,0.75,1.,1.,1.,      2843P   2616
1.,1.,1.,1.,1.,1.,1.,1.,1.,0.069230769,0.91754386,0.,               2843P   2617
0.069230769,0.917892829,0.,0.069076679,0.918215234,0.,              2843P   2618
0.068922589,0.918537639,0.,0.068637868,0.918784398,0.,              2843P   2619
0.068353147,0.919031156,0.,0.067981141,0.919164701,0.,              2843P   2620
0.067609134,0.919298246,0.,0.067206478,0.919298246,0.,0.,1.,0.,     2843P   2621
0.,-1.;                                                             2843P   2622
100,12.,-213.8,238.,-212.8,238.,-213.8,239.;                        2845P   2623
126,1,1,1,0,1,0,0.,0.,1.,1.,1.,1.,0.067206478,0.919298246,0.,       2847P   2624
0.051012146,0.919298246,0.,0.,1.,0.,0.,1.;                          2847P   2625
110,-213.8,239.,12.,-221.8,239.,12.;                                2849P   2626
126,8,2,1,0,1,0,0.,0.,0.,0.25,0.25,0.5,0.5,0.75,0.75,1.,1.,1.,      2851P   2627
1.,1.,1.,1.,1.,1.,1.,1.,1.,0.051012146,0.919298246,0.,              2851P   2628
0.050609489,0.919298246,0.,0.050237483,0.91943179,0.,               2851P   2629
0.049865477,0.919565335,0.,0.049580756,0.919812093,0.,              2851P   2630
0.049296034,0.920058852,0.,0.049141944,0.920381257,0.,              2851P   2631
0.048987854,0.920703663,0.,0.048987854,0.921052632,0.,0.,1.,0.,     2851P   2632
0.,1.;                                                              2851P   2633
124,-7.04419501764363E-15,-1.,0.,18.1999999999984,-1.,              2853P   2634
7.04419501764363E-15,6.98296267768627E-15,18.1999999999982,         2853P   2635
-6.98296267768627E-15,4.91893509025491E-29,-1.,                     2853P   2636
23.9999999999985;                                                   2853P   2637
100,12.,-221.8,240.,-220.8,240.,-221.8,241.;                        2855P   2638
126,1,1,1,0,1,0,0.,0.,1.,1.,1.,1.,0.048987854,0.921052632,0.,       2857P   2639
0.048987854,0.936842105,0.,0.,1.,0.,0.,1.;                          2857P   2640
110,-222.8,240.,12.,-222.8,249.,12.;                                2859P   2641
126,8,2,1,0,1,0,0.,0.,0.,0.25,0.25,0.5,0.5,0.75,0.75,1.,1.,1.,      2861P   2642
1.,1.,1.,1.,1.,1.,1.,1.,1.,0.048987854,0.936842105,0.,              2861P   2643
0.048987854,0.937191074,0.,0.049141944,0.93751348,0.,               2861P   2644
0.049296034,0.937835885,0.,0.049580756,0.938082643,0.,              2861P   2645
0.049865477,0.938329402,0.,0.050237483,0.938462947,0.,              2861P   2646
0.050609489,0.938596491,0.,0.051012146,0.938596491,0.,0.,1.,0.,     2861P   2647
0.,1.;                                                              2861P   2648
124,-1.,0.,6.98296267768627E-15,-443.6,0.,1.,0.,0.,                 2863P   2649
-6.98296267768627E-15,0.,-1.,23.9999999999985;                      2863P   2650
100,12.,-221.8,249.,-220.8,249.,-221.8,250.;                        2865P   2651
126,1,1,1,0,1,0,0.,0.,1.,1.,1.,1.,0.051012146,0.938596491,0.,       2867P   2652
0.948987854,0.938596491,0.,0.,1.,0.,0.,1.;                          2867P   2653
110,-221.8,250.,12.,221.8,250.,12.;                                 2869P   2654
126,8,2,1,0,1,0,0.,0.,0.,0.25,0.25,0.5,0.5,0.75,0.75,1.,1.,1.,      2871P   2655
1.,1.,1.,1.,1.,1.,1.,1.,1.,0.948987854,0.938596491,0.,              2871P   2656
0.949390511,0.938596491,0.,0.949762517,0.938462947,0.,              2871P   2657
0.950134523,0.938329402,0.,0.950419244,0.938082643,0.,              2871P   2658
0.950703966,0.937835885,0.,0.950858056,0.93751348,0.,               2871P   2659
0.951012146,0.937191074,0.,0.951012146,0.936842105,0.,0.,1.,0.,     2871P   2660
0.,1.;                                                              2871P   2661
124,6.12323399573677E-17,1.,0.,-27.2000000000001,1.,                2873P   2662
-6.12323399573677E-17,-6.98296267768627E-15,27.2000000000001,       2873P   2663
-6.98296267768627E-15,4.27583144589696E-31,-1.,                     2873P   2664
24.0000000000015;                                                   2873P   2665
100,12.,221.8,249.,222.8,249.,221.8,250.;                           2875P   2666
126,1,1,1,0,1,0,0.,0.,1.,1.,1.,1.,0.951012146,0.936842105,0.,       2877P   2667
0.951012146,0.921052632,0.,0.,1.,0.,0.,1.;                          2877P   2668
110,222.8,249.,12.,222.8,240.,12.;                                  2879P   2669
126,8,2,1,0,1,0,0.,0.,0.,0.25,0.25,0.5,0.5,0.75,0.75,1.,1.,1.,      2881P   2670
1.,1.,1.,1.,1.,1.,1.,1.,1.,0.951012146,0.921052632,0.,              2881P   2671
0.951012146,0.920703663,0.,0.950858056,0.920381257,0.,              2881P   2672
0.950703966,0.920058852,0.,0.950419244,0.919812093,0.,              2881P   2673
0.950134523,0.919565335,0.,0.949762517,0.91943179,0.,               2881P   2674
0.949390511,0.919298246,0.,0.948987854,0.919298246,0.,0.,1.,0.,     2881P   2675
0.,1.;                                                              2881P   2676
124,1.,-1.40883900352873E-14,-6.98296267768627E-15,                 2883P   2677
3.4605713692488E-12,-1.40883900352873E-14,-1.,0.,                   2883P   2678
480.000000000003,-6.98296267768627E-15,9.83787018050981E-29,        2883P   2679
-1.,24.0000000000015;                                               2883P   2680
100,12.,221.8,240.,222.8,240.,221.8,241.;                           2885P   2681
126,1,1,1,0,1,0,0.,0.,1.,1.,1.,1.,0.948987854,0.919298246,0.,       2887P   2682
0.932793522,0.919298246,0.,0.,1.,0.,0.,1.;                          2887P   2683
110,221.8,239.,12.,213.8,239.,12.;                                  2889P   2684
126,8,2,1,0,1,0,0.,0.,0.,0.25,0.25,0.5,0.5,0.75,0.75,1.,1.,1.,      2891P   2685
1.,1.,1.,1.,1.,1.,1.,1.,1.,0.932793522,0.919298246,0.,              2891P   2686
0.932390866,0.919298246,0.,0.932018859,0.919164701,0.,              2891P   2687
0.931646853,0.919031156,0.,0.931362132,0.918784398,0.,              2891P   2688
0.931077411,0.918537639,0.,0.930923321,0.918215234,0.,              2891P   2689
0.930769231,0.917892829,0.,0.930769231,0.91754386,0.,0.,1.,0.,      2891P   2690
0.,-1.;                                                             2891P   2691
100,12.,213.8,238.,213.8,239.,212.8,238.;                           2893P   2692
102,24,2783,2787,2791,2795,2801,2805,2811,2815,2821,2825,2831,      2895P   2693
2835,2839,2843,2847,2851,2857,2861,2867,2871,2877,2881,2887,        2895P   2694
2891;                                                               2895P   2695
102,24,2785,2789,2793,2799,2803,2809,2813,2819,2823,2829,2833,      2897P   2696
2837,2841,2845,2849,2855,2859,2865,2869,2875,2879,2885,2889,        2897P   2697
2893;                                                               2897P   2698
142,1,2347,2895,2897,1;                                             2899P   2699
144,2347,1,23,2385,2403,2421,2439,2457,2475,2493,2511,2529,         2901P   2700
2547,2565,2583,2601,2619,2637,2655,2673,2691,2709,2727,2745,        2901P   2701
2763,2781,2899;                                                     2901P   2702
128,1,1,1,1,0,0,1,0,0,0.,0.,1.,1.,0.,0.,1.,1.,1.,1.,1.,1.,          2903P   2703
-247.,-285.,0.,247.,-285.,0.,-247.,285.,0.,247.,285.,0.,0.,1.,      2903P   2704
0.,1.;                                                              2903P   2705
126,1,1,1,0,1,0,0.,0.,1.,1.,1.,1.,1.,0.00877193,0.,1.,              2905P   2706
0.99122807,0.,0.,1.,0.,0.,1.;                                       2905P   2707
110,247.,-280.,0.,247.,280.,0.;                                     2907P   2708
126,8,2,1,0,1,0,0.,0.,0.,0.25,0.25,0.5,0.5,0.75,0.75,1.,1.,1.,      2909P   2709
1.,1.,1.,1.,1.,1.,1.,1.,1.,1.,0.99122807,0.,1.,0.992972916,0.,      2909P   2710
0.99922955,0.994584942,0.,0.9984591,0.996196969,0.,0.997035494,     2909P   2711
0.997430761,0.,0.995611888,0.998664553,0.,0.993751857,              2909P   2712
0.999332277,0.,0.991891826,1.,0.,0.989878543,1.,0.,0.,1.,0.,0.,     2909P   2713
-1.;                                                                2909P   2714
100,0.,242.,280.,247.,280.,242.,285.;                               2911P   2715
126,1,1,1,0,1,0,0.,0.,1.,1.,1.,1.,0.989878543,1.,0.,                2913P   2716
0.010121457,1.,0.,0.,1.,0.,0.,1.;                                   2913P   2717
110,242.,285.,0.,-242.,285.,0.;                                     2915P   2718
126,8,2,1,0,1,0,0.,0.,0.,0.25,0.25,0.5,0.5,0.75,0.75,1.,1.,1.,      2917P   2719
1.,1.,1.,1.,1.,1.,1.,1.,1.,0.010121457,1.,0.,0.008108174,1.,0.,     2917P   2720
0.006248143,0.999332277,0.,0.004388112,0.998664553,0.,              2917P   2721
0.002964506,0.997430761,0.,0.0015409,0.996196969,0.,0.00077045,     2917P   2722
0.994584942,0.,0.,0.992972916,0.,0.,0.99122807,0.,0.,1.,0.,0.,      2917P   2723
-1.;                                                                2917P   2724
100,0.,-242.,280.,-242.,285.,-247.,280.;                            2919P   2725
126,1,1,1,0,1,0,0.,0.,1.,1.,1.,1.,0.,0.99122807,0.,0.,              2921P   2726
0.00877193,0.,0.,1.,0.,0.,1.;                                       2921P   2727
110,-247.,280.,0.,-247.,-280.,0.;                                   2923P   2728
126,8,2,1,0,1,0,0.,0.,0.,0.25,0.25,0.5,0.5,0.75,0.75,1.,1.,1.,      2925P   2729
1.,1.,1.,1.,1.,1.,1.,1.,1.,0.,0.00877193,0.,0.,0.007027084,0.,      2925P   2730
0.00077045,0.005415058,0.,0.0015409,0.003803031,0.,0.002964506,     2925P   2731
0.002569239,0.,0.004388112,0.001335447,0.,0.006248143,              2925P   2732
0.000667723,0.,0.008108174,0.,0.,0.010121457,0.,0.,0.,1.,0.,0.,     2925P   2733
-1.;                                                                2925P   2734
100,0.,-242.,-280.,-247.,-280.,-242.,-285.;                         2927P   2735
126,1,1,1,0,1,0,0.,0.,1.,1.,1.,1.,0.010121457,0.,0.,                2929P   2736
0.989878543,0.,0.,0.,1.,0.,0.,1.;                                   2929P   2737
110,-242.,-285.,0.,242.,-285.,0.;                                   2931P   2738
126,8,2,1,0,1,0,0.,0.,0.,0.25,0.25,0.5,0.5,0.75,0.75,1.,1.,1.,      2933P   2739
1.,1.,1.,1.,1.,1.,1.,1.,1.,0.989878543,0.,0.,0.991891826,0.,0.,     2933P   2740
0.993751857,0.000667723,0.,0.995611888,0.001335447,0.,              2933P   2741
0.997035494,0.002569239,0.,0.9984591,0.003803031,0.,0.99922955,     2933P   2742
0.005415058,0.,1.,0.007027084,0.,1.,0.00877193,0.,0.,1.,0.,0.,      2933P   2743
-1.;                                                                2933P   2744
100,0.,242.,-280.,242.,-285.,247.,-280.;                            2935P   2745
102,8,2905,2909,2913,2917,2921,2925,2929,2933;                      2937P   2746
102,8,2907,2911,2915,2919,2923,2927,2931,2935;                      2939P   2747
142,1,2903,2937,2939,1;                                             2941P   2748
126,16,2,1,0,1,0,0.,0.,0.,0.125,0.125,0.25,0.25,0.375,0.375,        2943P   2749
0.5,0.5,0.625,0.625,0.75,0.75,0.875,0.875,1.,1.,1.,1.,1.,1.,1.,     2943P   2750
1.,1.,1.,1.,1.,1.,1.,1.,1.,1.,1.,1.,1.,0.981781377,0.087719298,     2943P   2751
0.,0.981781377,0.085625484,0.,0.980856836,0.083691052,0.,           2943P   2752
0.979932296,0.081756619,0.,0.978223969,0.080276069,0.,              2943P   2753
0.976515642,0.078795519,0.,0.974283604,0.077994251,0.,              2943P   2754
0.972051567,0.077192982,0.,0.969635628,0.077192982,0.,              2943P   2755
0.967219688,0.077192982,0.,0.964987651,0.077994251,0.,              2943P   2756
0.962755613,0.078795519,0.,0.961047286,0.080276069,0.,              2943P   2757
0.959338959,0.081756619,0.,0.958414419,0.083691052,0.,              2943P   2758
0.957489879,0.085625484,0.,0.957489879,0.087719298,0.,0.,1.,0.,     2943P   2759
0.,1.;                                                              2943P   2760
124,1.,-7.105427357601E-15,0.,-1.67421632113472E-12,                2945P   2761
-7.105427357601E-15,-1.,6.98296267768627E-15,-469.999999999998,     2945P   2762
-4.96169340471387E-29,-6.98296267768627E-15,-1.,                    2945P   2763
-1.64099622925626E-12;                                              2945P   2764
100,0.,232.,-235.,238.,-235.,226.,-235.;                            2947P   2765
126,16,2,1,0,1,0,0.,0.,0.,0.125,0.125,0.25,0.25,0.375,0.375,        2949P   2766
0.5,0.5,0.625,0.625,0.75,0.75,0.875,0.875,1.,1.,1.,1.,1.,1.,1.,     2949P   2767
1.,1.,1.,1.,1.,1.,1.,1.,1.,1.,1.,1.,1.,0.957489879,0.087719298,     2949P   2768
0.,0.957489879,0.089813113,0.,0.958414419,0.091747545,0.,           2949P   2769
0.959338959,0.093681977,0.,0.961047286,0.095162528,0.,              2949P   2770
0.962755613,0.096643078,0.,0.964987651,0.097444346,0.,              2949P   2771
0.967219688,0.098245614,0.,0.969635628,0.098245614,0.,              2949P   2772
0.972051567,0.098245614,0.,0.974283604,0.097444346,0.,              2949P   2773
0.976515642,0.096643078,0.,0.978223969,0.095162528,0.,              2949P   2774
0.979932296,0.093681977,0.,0.980856836,0.091747545,0.,              2949P   2775
0.981781377,0.089813113,0.,0.981781377,0.087719298,0.,0.,1.,0.,     2949P   2776
0.,1.;                                                              2949P   2777
124,-1.,-6.98296267768627E-15,0.,463.999999999998,                  2951P   2778
-6.98296267768627E-15,1.,-6.98296267768627E-15,                     2951P   2779
1.63027129673993E-12,4.87617677579594E-29,                          2951P   2780
-6.98296267768627E-15,-1.,-1.64099622925628E-12;                    2951P   2781
100,0.,232.,-235.,238.,-235.,226.,-235.;                            2953P   2782
102,2,2943,2949;                                                    2955P   2783
102,2,2947,2953;                                                    2957P   2784
142,1,2903,2955,2957,1;                                             2959P   2785
126,16,2,1,0,1,0,0.,0.,0.,0.125,0.125,0.25,0.25,0.375,0.375,        2961P   2786
0.5,0.5,0.625,0.625,0.75,0.75,0.875,0.875,1.,1.,1.,1.,1.,1.,1.,     2961P   2787
1.,1.,1.,1.,1.,1.,1.,1.,1.,1.,1.,1.,1.,0.981781377,0.252631579,     2961P   2788
0.,0.981781377,0.250537765,0.,0.980856836,0.248603332,0.,           2961P   2789
0.979932296,0.2466689,0.,0.978223969,0.24518835,0.,0.976515642,     2961P   2790
0.243707799,0.,0.974283604,0.242906531,0.,0.972051567,              2961P   2791
0.242105263,0.,0.969635628,0.242105263,0.,0.967219688,              2961P   2792
0.242105263,0.,0.964987651,0.242906531,0.,0.962755613,              2961P   2793
0.243707799,0.,0.961047286,0.24518835,0.,0.959338959,0.2466689,     2961P   2794
0.,0.958414419,0.248603332,0.,0.957489879,0.250537765,0.,           2961P   2795
0.957489879,0.252631579,0.,0.,1.,0.,0.,1.;                          2961P   2796
124,1.,-7.105427357601E-15,0.,-1.00452979268083E-12,                2963P   2797
-7.105427357601E-15,-1.,6.98296267768627E-15,-281.999999999998,     2963P   2798
-4.96169340471387E-29,-6.98296267768627E-15,-1.,                    2963P   2799
-9.84597737553752E-13;                                              2963P   2800
100,0.,232.,-141.,238.,-141.,226.,-141.;                            2965P   2801
126,16,2,1,0,1,0,0.,0.,0.,0.125,0.125,0.25,0.25,0.375,0.375,        2967P   2802
0.5,0.5,0.625,0.625,0.75,0.75,0.875,0.875,1.,1.,1.,1.,1.,1.,1.,     2967P   2803
1.,1.,1.,1.,1.,1.,1.,1.,1.,1.,1.,1.,1.,0.957489879,0.252631579,     2967P   2804
0.,0.957489879,0.254725393,0.,0.958414419,0.256659826,0.,           2967P   2805
0.959338959,0.258594258,0.,0.961047286,0.260074808,0.,              2967P   2806
0.962755613,0.261555359,0.,0.964987651,0.262356627,0.,              2967P   2807
0.967219688,0.263157895,0.,0.969635628,0.263157895,0.,              2967P   2808
0.972051567,0.263157895,0.,0.974283604,0.262356627,0.,              2967P   2809
0.976515642,0.261555359,0.,0.978223969,0.260074808,0.,              2967P   2810
0.979932296,0.258594258,0.,0.980856836,0.256659826,0.,              2967P   2811
0.981781377,0.254725393,0.,0.981781377,0.252631579,0.,0.,1.,0.,     2967P   2812
0.,1.;                                                              2967P   2813
124,-1.,-6.98296267768627E-15,0.,463.999999999999,                  2969P   2814
-6.98296267768627E-15,1.,-6.98296267768627E-15,                     2969P   2815
1.63027129673994E-12,4.87617677579594E-29,                          2969P   2816
-6.98296267768627E-15,-1.,-9.84597737553775E-13;                    2969P   2817
100,0.,232.,-141.,238.,-141.,226.,-141.;                            2971P   2818
102,2,2961,2967;                                                    2973P   2819
102,2,2965,2971;                                                    2975P   2820
142,1,2903,2973,2975,1;                                             2977P   2821
126,16,2,1,0,1,0,0.,0.,0.,0.125,0.125,0.25,0.25,0.375,0.375,        2979P   2822
0.5,0.5,0.625,0.625,0.75,0.75,0.875,0.875,1.,1.,1.,1.,1.,1.,1.,     2979P   2823
1.,1.,1.,1.,1.,1.,1.,1.,1.,1.,1.,1.,1.,0.981781377,0.41754386,      2979P   2824
0.,0.981781377,0.415450045,0.,0.980856836,0.413515613,0.,           2979P   2825
0.979932296,0.411581181,0.,0.978223969,0.41010063,0.,               2979P   2826
0.976515642,0.40862008,0.,0.974283604,0.407818812,0.,               2979P   2827
0.972051567,0.407017544,0.,0.969635628,0.407017544,0.,              2979P   2828
0.967219688,0.407017544,0.,0.964987651,0.407818812,0.,              2979P   2829
0.962755613,0.40862008,0.,0.961047286,0.41010063,0.,                2979P   2830
0.959338959,0.411581181,0.,0.958414419,0.413515613,0.,              2979P   2831
0.957489879,0.415450045,0.,0.957489879,0.41754386,0.,0.,1.,0.,      2979P   2832
0.,1.;                                                              2979P   2833
124,1.,-7.105427357601E-15,0.,-3.34843264226936E-13,                2981P   2834
-7.105427357601E-15,-1.,6.98296267768627E-15,-93.9999999999984,     2981P   2835
-4.96169340471387E-29,-6.98296267768627E-15,-1.,                    2981P   2836
-3.28199245851243E-13;                                              2981P   2837
100,0.,232.,-47.,238.,-47.,226.,-47.;                               2983P   2838
126,16,2,1,0,1,0,0.,0.,0.,0.125,0.125,0.25,0.25,0.375,0.375,        2985P   2839
0.5,0.5,0.625,0.625,0.75,0.75,0.875,0.875,1.,1.,1.,1.,1.,1.,1.,     2985P   2840
1.,1.,1.,1.,1.,1.,1.,1.,1.,1.,1.,1.,1.,0.957489879,0.41754386,      2985P   2841
0.,0.957489879,0.419637674,0.,0.958414419,0.421572106,0.,           2985P   2842
0.959338959,0.423506539,0.,0.961047286,0.424987089,0.,              2985P   2843
0.962755613,0.426467639,0.,0.964987651,0.427268907,0.,              2985P   2844
0.967219688,0.428070175,0.,0.969635628,0.428070175,0.,              2985P   2845
0.972051567,0.428070175,0.,0.974283604,0.427268907,0.,              2985P   2846
0.976515642,0.426467639,0.,0.978223969,0.424987089,0.,              2985P   2847
0.979932296,0.423506539,0.,0.980856836,0.421572106,0.,              2985P   2848
0.981781377,0.419637674,0.,0.981781377,0.41754386,0.,0.,1.,0.,      2985P   2849
0.,1.;                                                              2985P   2850
124,-1.,-6.98296267768627E-15,0.,464.,-6.98296267768627E-15,1.,     2987P   2851
-6.98296267768627E-15,1.62333240283604E-12,                         2987P   2852
4.87617677579594E-29,-6.98296267768627E-15,-1.,                     2987P   2853
-3.28199245851266E-13;                                              2987P   2854
100,0.,232.,-47.,238.,-47.,226.,-47.;                               2989P   2855
102,2,2979,2985;                                                    2991P   2856
102,2,2983,2989;                                                    2993P   2857
142,1,2903,2991,2993,1;                                             2995P   2858
126,16,2,1,0,1,0,0.,0.,0.,0.125,0.125,0.25,0.25,0.375,0.375,        2997P   2859
0.5,0.5,0.625,0.625,0.75,0.75,0.875,0.875,1.,1.,1.,1.,1.,1.,1.,     2997P   2860
1.,1.,1.,1.,1.,1.,1.,1.,1.,1.,1.,1.,1.,0.981781377,0.58245614,      2997P   2861
0.,0.981781377,0.580362326,0.,0.980856836,0.578427894,0.,           2997P   2862
0.979932296,0.576493461,0.,0.978223969,0.575012911,0.,              2997P   2863
0.976515642,0.573532361,0.,0.974283604,0.572731093,0.,              2997P   2864
0.972051567,0.571929825,0.,0.969635628,0.571929825,0.,              2997P   2865
0.967219688,0.571929825,0.,0.964987651,0.572731093,0.,              2997P   2866
0.962755613,0.573532361,0.,0.961047286,0.575012911,0.,              2997P   2867
0.959338959,0.576493461,0.,0.958414419,0.578427894,0.,              2997P   2868
0.957489879,0.580362326,0.,0.957489879,0.58245614,0.,0.,1.,0.,      2997P   2869
0.,1.;                                                              2997P   2870
124,1.,-7.105427357601E-15,0.,3.34843264226959E-13,                 2999P   2871
-7.105427357601E-15,-1.,6.98296267768627E-15,94.0000000000016,      2999P   2872
-4.96169340471387E-29,-6.98296267768627E-15,-1.,                    2999P   2873
3.28199245851266E-13;                                               2999P   2874
100,0.,232.,47.,238.,47.,226.,47.;                                  3001P   2875
126,16,2,1,0,1,0,0.,0.,0.,0.125,0.125,0.25,0.25,0.375,0.375,        3003P   2876
0.5,0.5,0.625,0.625,0.75,0.75,0.875,0.875,1.,1.,1.,1.,1.,1.,1.,     3003P   2877
1.,1.,1.,1.,1.,1.,1.,1.,1.,1.,1.,1.,1.,0.957489879,0.58245614,      3003P   2878
0.,0.957489879,0.584549955,0.,0.958414419,0.586484387,0.,           3003P   2879
0.959338959,0.588418819,0.,0.961047286,0.58989937,0.,               3003P   2880
0.962755613,0.59137992,0.,0.964987651,0.592181188,0.,               3003P   2881
0.967219688,0.592982456,0.,0.969635628,0.592982456,0.,              3003P   2882
0.972051567,0.592982456,0.,0.974283604,0.592181188,0.,              3003P   2883
0.976515642,0.59137992,0.,0.978223969,0.58989937,0.,                3003P   2884
0.979932296,0.588418819,0.,0.980856836,0.586484387,0.,              3003P   2885
0.981781377,0.584549955,0.,0.981781377,0.58245614,0.,0.,1.,0.,      3003P   2886
0.,1.;                                                              3003P   2887
124,-1.,-6.98296267768627E-15,0.,464.,-6.98296267768627E-15,1.,     3005P   2888
-6.98296267768627E-15,1.62333240283605E-12,                         3005P   2889
4.87617677579594E-29,-6.98296267768627E-15,-1.,                     3005P   2890
3.28199245851243E-13;                                               3005P   2891
100,0.,232.,47.,238.,47.,226.,47.;                                  3007P   2892
102,2,2997,3003;                                                    3009P   2893
102,2,3001,3007;                                                    3011P   2894
142,1,2903,3009,3011,1;                                             3013P   2895
126,16,2,1,0,1,0,0.,0.,0.,0.125,0.125,0.25,0.25,0.375,0.375,        3015P   2896
0.5,0.5,0.625,0.625,0.75,0.75,0.875,0.875,1.,1.,1.,1.,1.,1.,1.,     3015P   2897
1.,1.,1.,1.,1.,1.,1.,1.,1.,1.,1.,1.,1.,0.981781377,0.747368421,     3015P   2898
0.,0.981781377,0.745274607,0.,0.980856836,0.743340174,0.,           3015P   2899
0.979932296,0.741405742,0.,0.978223969,0.739925192,0.,              3015P   2900
0.976515642,0.738444641,0.,0.974283604,0.737643373,0.,              3015P   2901
0.972051567,0.736842105,0.,0.969635628,0.736842105,0.,              3015P   2902
0.967219688,0.736842105,0.,0.964987651,0.737643373,0.,              3015P   2903
0.962755613,0.738444641,0.,0.961047286,0.739925192,0.,              3015P   2904
0.959338959,0.741405742,0.,0.958414419,0.743340174,0.,              3015P   2905
0.957489879,0.745274607,0.,0.957489879,0.747368421,0.,0.,1.,0.,     3015P   2906
0.,1.;                                                              3015P   2907
124,1.,-7.105427357601E-15,0.,1.00452979268085E-12,                 3017P   2908
-7.105427357601E-15,-1.,6.98296267768627E-15,282.000000000002,      3017P   2909
-4.96169340471387E-29,-6.98296267768627E-15,-1.,                    3017P   2910
9.84597737553775E-13;                                               3017P   2911
100,0.,232.,141.,238.,141.,226.,141.;                               3019P   2912
126,16,2,1,0,1,0,0.,0.,0.,0.125,0.125,0.25,0.25,0.375,0.375,        3021P   2913
0.5,0.5,0.625,0.625,0.75,0.75,0.875,0.875,1.,1.,1.,1.,1.,1.,1.,     3021P   2914
1.,1.,1.,1.,1.,1.,1.,1.,1.,1.,1.,1.,1.,0.957489879,0.747368421,     3021P   2915
0.,0.957489879,0.749462235,0.,0.958414419,0.751396668,0.,           3021P   2916
0.959338959,0.7533311,0.,0.961047286,0.75481165,0.,0.962755613,     3021P   2917
0.756292201,0.,0.964987651,0.757093469,0.,0.967219688,              3021P   2918
0.757894737,0.,0.969635628,0.757894737,0.,0.972051567,              3021P   2919
0.757894737,0.,0.974283604,0.757093469,0.,0.976515642,              3021P   2920
0.756292201,0.,0.978223969,0.75481165,0.,0.979932296,0.7533311,     3021P   2921
0.,0.980856836,0.751396668,0.,0.981781377,0.749462235,0.,           3021P   2922
0.981781377,0.747368421,0.,0.,1.,0.,0.,1.;                          3021P   2923
124,-1.,-6.98296267768627E-15,0.,464.000000000001,                  3023P   2924
-6.98296267768627E-15,1.,-6.98296267768627E-15,                     3023P   2925
1.63027129673997E-12,4.87617677579594E-29,                          3023P   2926
-6.98296267768627E-15,-1.,9.84597737553752E-13;                     3023P   2927
100,0.,232.,141.,238.,141.,226.,141.;                               3025P   2928
102,2,3015,3021;                                                    3027P   2929
102,2,3019,3025;                                                    3029P   2930
142,1,2903,3027,3029,1;                                             3031P   2931
126,16,2,1,0,1,0,0.,0.,0.,0.125,0.125,0.25,0.25,0.375,0.375,        3033P   2932
0.5,0.5,0.625,0.625,0.75,0.75,0.875,0.875,1.,1.,1.,1.,1.,1.,1.,     3033P   2933
1.,1.,1.,1.,1.,1.,1.,1.,1.,1.,1.,1.,1.,0.981781377,0.912280702,     3033P   2934
0.,0.981781377,0.910186887,0.,0.980856836,0.908252455,0.,           3033P   2935
0.979932296,0.906318023,0.,0.978223969,0.904837472,0.,              3033P   2936
0.976515642,0.903356922,0.,0.974283604,0.902555654,0.,              3033P   2937
0.972051567,0.901754386,0.,0.969635628,0.901754386,0.,              3033P   2938
0.967219688,0.901754386,0.,0.964987651,0.902555654,0.,              3033P   2939
0.962755613,0.903356922,0.,0.961047286,0.904837472,0.,              3033P   2940
0.959338959,0.906318023,0.,0.958414419,0.908252455,0.,              3033P   2941
0.957489879,0.910186887,0.,0.957489879,0.912280702,0.,0.,1.,0.,     3033P   2942
0.,1.;                                                              3033P   2943
124,1.,-7.105427357601E-15,0.,1.67421632113475E-12,                 3035P   2944
-7.105427357601E-15,-1.,6.98296267768627E-15,470.000000000002,      3035P   2945
-4.96169340471387E-29,-6.98296267768627E-15,-1.,                    3035P   2946
1.64099622925628E-12;                                               3035P   2947
100,0.,232.,235.,238.,235.,226.,235.;                               3037P   2948
126,16,2,1,0,1,0,0.,0.,0.,0.125,0.125,0.25,0.25,0.375,0.375,        3039P   2949
0.5,0.5,0.625,0.625,0.75,0.75,0.875,0.875,1.,1.,1.,1.,1.,1.,1.,     3039P   2950
1.,1.,1.,1.,1.,1.,1.,1.,1.,1.,1.,1.,1.,0.957489879,0.912280702,     3039P   2951
0.,0.957489879,0.914374516,0.,0.958414419,0.916308948,0.,           3039P   2952
0.959338959,0.918243381,0.,0.961047286,0.919723931,0.,              3039P   2953
0.962755613,0.921204481,0.,0.964987651,0.922005749,0.,              3039P   2954
0.967219688,0.922807018,0.,0.969635628,0.922807018,0.,              3039P   2955
0.972051567,0.922807018,0.,0.974283604,0.922005749,0.,              3039P   2956
0.976515642,0.921204481,0.,0.978223969,0.919723931,0.,              3039P   2957
0.979932296,0.918243381,0.,0.980856836,0.916308948,0.,              3039P   2958
0.981781377,0.914374516,0.,0.981781377,0.912280702,0.,0.,1.,0.,     3039P   2959
0.,1.;                                                              3039P   2960
124,-1.,-6.98296267768627E-15,0.,464.000000000002,                  3041P   2961
-6.98296267768627E-15,1.,-6.98296267768627E-15,                     3041P   2962
1.63027129673997E-12,4.87617677579594E-29,                          3041P   2963
-6.98296267768627E-15,-1.,1.64099622925626E-12;                     3041P   2964
100,0.,232.,235.,238.,235.,226.,235.;                               3043P   2965
102,2,3033,3039;                                                    3045P   2966
102,2,3037,3043;                                                    3047P   2967
142,1,2903,3045,3047,1;                                             3049P   2968
126,16,2,1,0,1,0,0.,0.,0.,0.125,0.125,0.25,0.25,0.375,0.375,        3051P   2969
0.5,0.5,0.625,0.625,0.75,0.75,0.875,0.875,1.,1.,1.,1.,1.,1.,1.,     3051P   2970
1.,1.,1.,1.,1.,1.,1.,1.,1.,1.,1.,1.,1.,0.896761134,0.026315789,     3051P   2971
0.,0.896761134,0.024221975,0.,0.895836594,0.022287543,0.,           3051P   2972
0.894912053,0.020353111,0.,0.893203726,0.01887256,0.,               3051P   2973
0.891495399,0.01739201,0.,0.889263362,0.016590742,0.,               3051P   2974
0.887031324,0.015789474,0.,0.884615385,0.015789474,0.,              3051P   2975
0.882199445,0.015789474,0.,0.879967408,0.016590742,0.,              3051P   2976
0.87773537,0.01739201,0.,0.876027043,0.01887256,0.,0.874318716,     3051P   2977
0.020353111,0.,0.873394176,0.022287543,0.,0.872469636,              3051P   2978
0.024221975,0.,0.872469636,0.026315789,0.,0.,1.,0.,0.,1.;           3051P   2979
124,1.,-7.105427357601E-15,0.,-1.92179605562614E-12,                3053P   2980
-7.105427357601E-15,-1.,6.98296267768627E-15,-539.999999999999,     3053P   2981
-4.96169340471387E-29,-6.98296267768627E-15,-1.,                    3053P   2982
-1.88539992297528E-12;                                              3053P   2983
100,0.,190.,-270.,196.,-270.,184.,-270.;                            3055P   2984
126,16,2,1,0,1,0,0.,0.,0.,0.125,0.125,0.25,0.25,0.375,0.375,        3057P   2985
0.5,0.5,0.625,0.625,0.75,0.75,0.875,0.875,1.,1.,1.,1.,1.,1.,1.,     3057P   2986
1.,1.,1.,1.,1.,1.,1.,1.,1.,1.,1.,1.,1.,0.872469636,0.026315789,     3057P   2987
0.,0.872469636,0.028409604,0.,0.873394176,0.030344036,0.,           3057P   2988
0.874318716,0.032278468,0.,0.876027043,0.033759019,0.,              3057P   2989
0.87773537,0.035239569,0.,0.879967408,0.036040837,0.,               3057P   2990
0.882199445,0.036842105,0.,0.884615385,0.036842105,0.,              3057P   2991
0.887031324,0.036842105,0.,0.889263362,0.036040837,0.,              3057P   2992
0.891495399,0.035239569,0.,0.893203726,0.033759019,0.,              3057P   2993
0.894912053,0.032278468,0.,0.895836594,0.030344036,0.,              3057P   2994
0.896761134,0.028409604,0.,0.896761134,0.026315789,0.,0.,1.,0.,     3057P   2995
0.,1.;                                                              3057P   2996
124,-1.,-6.98296267768627E-15,0.,379.999999999998,                  3059P   2997
-6.98296267768627E-15,1.,-6.98296267768627E-15,                     3059P   2998
1.32125818797057E-12,4.87617677579594E-29,                          3059P   2999
-6.98296267768627E-15,-1.,-1.8853999229753E-12;                     3059P   3000
100,0.,190.,-270.,196.,-270.,184.,-270.;                            3061P   3001
102,2,3051,3057;                                                    3063P   3002
102,2,3055,3061;                                                    3065P   3003
142,1,2903,3063,3065,1;                                             3067P   3004
126,16,2,1,0,1,0,0.,0.,0.,0.125,0.125,0.25,0.25,0.375,0.375,        3069P   3005
0.5,0.5,0.625,0.625,0.75,0.75,0.875,0.875,1.,1.,1.,1.,1.,1.,1.,     3069P   3006
1.,1.,1.,1.,1.,1.,1.,1.,1.,1.,1.,1.,1.,0.704453441,0.026315789,     3069P   3007
0.,0.704453441,0.024221975,0.,0.703528901,0.022287543,0.,           3069P   3008
0.702604361,0.020353111,0.,0.700896034,0.01887256,0.,               3069P   3009
0.699187706,0.01739201,0.,0.696955669,0.016590742,0.,               3069P   3010
0.694723632,0.015789474,0.,0.692307692,0.015789474,0.,              3069P   3011
0.689891753,0.015789474,0.,0.687659715,0.016590742,0.,              3069P   3012
0.685427678,0.01739201,0.,0.683719351,0.01887256,0.,                3069P   3013
0.682011024,0.020353111,0.,0.681086483,0.022287543,0.,              3069P   3014
0.680161943,0.024221975,0.,0.680161943,0.026315789,0.,0.,1.,0.,     3069P   3015
0.,1.;                                                              3069P   3016
124,1.,-7.105427357601E-15,0.,-1.92179605562614E-12,                3071P   3017
-7.105427357601E-15,-1.,6.98296267768627E-15,-539.999999999999,     3071P   3018
-4.96169340471387E-29,-6.98296267768627E-15,-1.,                    3071P   3019
-1.88539992297529E-12;                                              3071P   3020
100,0.,95.,-270.,101.,-270.,89.,-270.;                              3073P   3021
126,16,2,1,0,1,0,0.,0.,0.,0.125,0.125,0.25,0.25,0.375,0.375,        3075P   3022
0.5,0.5,0.625,0.625,0.75,0.75,0.875,0.875,1.,1.,1.,1.,1.,1.,1.,     3075P   3023
1.,1.,1.,1.,1.,1.,1.,1.,1.,1.,1.,1.,1.,0.680161943,0.026315789,     3075P   3024
0.,0.680161943,0.028409604,0.,0.681086483,0.030344036,0.,           3075P   3025
0.682011024,0.032278468,0.,0.683719351,0.033759019,0.,              3075P   3026
0.685427678,0.035239569,0.,0.687659715,0.036040837,0.,              3075P   3027
0.689891753,0.036842105,0.,0.692307692,0.036842105,0.,              3075P   3028
0.694723632,0.036842105,0.,0.696955669,0.036040837,0.,              3075P   3029
0.699187706,0.035239569,0.,0.700896034,0.033759019,0.,              3075P   3030
0.702604361,0.032278468,0.,0.703528901,0.030344036,0.,              3075P   3031
0.704453441,0.028409604,0.,0.704453441,0.026315789,0.,0.,1.,0.,     3075P   3032
0.,1.;                                                              3075P   3033
124,-1.,-6.98296267768627E-15,0.,189.999999999998,                  3077P   3034
-6.98296267768627E-15,1.,-6.98296267768627E-15,                     3077P   3035
6.6062909398527E-13,4.87617677579594E-29,-6.98296267768627E-15,     3077P   3036
-1.,-1.8853999229753E-12;                                           3077P   3037
100,0.,95.,-270.,101.,-270.,89.,-270.;                              3079P   3038
102,2,3069,3075;                                                    3081P   3039
102,2,3073,3079;                                                    3083P   3040
142,1,2903,3081,3083,1;                                             3085P   3041
126,16,2,1,0,1,0,0.,0.,0.,0.125,0.125,0.25,0.25,0.375,0.375,        3087P   3042
0.5,0.5,0.625,0.625,0.75,0.75,0.875,0.875,1.,1.,1.,1.,1.,1.,1.,     3087P   3043
1.,1.,1.,1.,1.,1.,1.,1.,1.,1.,1.,1.,1.,0.512145749,0.026315789,     3087P   3044
0.,0.512145749,0.024221975,0.,0.511221209,0.022287543,0.,           3087P   3045
0.510296669,0.020353111,0.,0.508588341,0.01887256,0.,               3087P   3046
0.506880014,0.01739201,0.,0.504647977,0.016590742,0.,               3087P   3047
0.50241594,0.015789474,0.,0.5,0.015789474,0.,0.49758406,            3087P   3048
0.015789474,0.,0.495352023,0.016590742,0.,0.493119986,              3087P   3049
0.01739201,0.,0.491411659,0.01887256,0.,0.489703331,                3087P   3050
0.020353111,0.,0.488778791,0.022287543,0.,0.487854251,              3087P   3051
0.024221975,0.,0.487854251,0.026315789,0.,0.,1.,0.,0.,1.;           3087P   3052
124,1.,-7.105427357601E-15,0.,-1.91846538655227E-12,                3089P   3053
-7.105427357601E-15,-1.,6.98296267768627E-15,-540.,                 3089P   3054
-4.96169340471387E-29,-6.98296267768627E-15,-1.,                    3089P   3055
-1.88539992297529E-12;                                              3089P   3056
100,0.,0.,-270.,6.,-270.,-6.,-270.;                                 3091P   3057
126,16,2,1,0,1,0,0.,0.,0.,0.125,0.125,0.25,0.25,0.375,0.375,        3093P   3058
0.5,0.5,0.625,0.625,0.75,0.75,0.875,0.875,1.,1.,1.,1.,1.,1.,1.,     3093P   3059
1.,1.,1.,1.,1.,1.,1.,1.,1.,1.,1.,1.,1.,0.487854251,0.026315789,     3093P   3060
0.,0.487854251,0.028409604,0.,0.488778791,0.030344036,0.,           3093P   3061
0.489703331,0.032278468,0.,0.491411659,0.033759019,0.,              3093P   3062
0.493119986,0.035239569,0.,0.495352023,0.036040837,0.,              3093P   3063
0.49758406,0.036842105,0.,0.5,0.036842105,0.,0.50241594,            3093P   3064
0.036842105,0.,0.504647977,0.036040837,0.,0.506880014,              3093P   3065
0.035239569,0.,0.508588341,0.033759019,0.,0.510296669,              3093P   3066
0.032278468,0.,0.511221209,0.030344036,0.,0.512145749,              3093P   3067
0.028409604,0.,0.512145749,0.026315789,0.,0.,1.,0.,0.,1.;           3093P   3068
124,-1.,-6.98296267768627E-15,0.,0.,-6.98296267768627E-15,1.,       3095P   3069
-6.98296267768627E-15,0.,4.87617677579594E-29,                      3095P   3070
-6.98296267768627E-15,-1.,0.;                                       3095P   3071
100,0.,0.,-270.,6.,-270.,-6.,-270.;                                 3097P   3072
102,2,3087,3093;                                                    3099P   3073
102,2,3091,3097;                                                    3101P   3074
142,1,2903,3099,3101,1;                                             3103P   3075
126,16,2,1,0,1,0,0.,0.,0.,0.125,0.125,0.25,0.25,0.375,0.375,        3105P   3076
0.5,0.5,0.625,0.625,0.75,0.75,0.875,0.875,1.,1.,1.,1.,1.,1.,1.,     3105P   3077
1.,1.,1.,1.,1.,1.,1.,1.,1.,1.,1.,1.,1.,0.319838057,0.026315789,     3105P   3078
0.,0.319838057,0.024221975,0.,0.318913517,0.022287543,0.,           3105P   3079
0.317988976,0.020353111,0.,0.316280649,0.01887256,0.,               3105P   3080
0.314572322,0.01739201,0.,0.312340285,0.016590742,0.,               3105P   3081
0.310108247,0.015789474,0.,0.307692308,0.015789474,0.,              3105P   3082
0.305276368,0.015789474,0.,0.303044331,0.016590742,0.,              3105P   3083
0.300812294,0.01739201,0.,0.299103966,0.01887256,0.,                3105P   3084
0.297395639,0.020353111,0.,0.296471099,0.022287543,0.,              3105P   3085
0.295546559,0.024221975,0.,0.295546559,0.026315789,0.,0.,1.,0.,     3105P   3086
0.,1.;                                                              3105P   3087
124,1.,-7.105427357601E-15,0.,-1.92179605562615E-12,                3107P   3088
-7.105427357601E-15,-1.,6.98296267768627E-15,-540.000000000001,     3107P   3089
-4.96169340471387E-29,-6.98296267768627E-15,-1.,                    3107P   3090
-1.8853999229753E-12;                                               3107P   3091
100,0.,-95.,-270.,-89.,-270.,-101.,-270.;                           3109P   3092
126,16,2,1,0,1,0,0.,0.,0.,0.125,0.125,0.25,0.25,0.375,0.375,        3111P   3093
0.5,0.5,0.625,0.625,0.75,0.75,0.875,0.875,1.,1.,1.,1.,1.,1.,1.,     3111P   3094
1.,1.,1.,1.,1.,1.,1.,1.,1.,1.,1.,1.,1.,0.295546559,0.026315789,     3111P   3095
0.,0.295546559,0.028409604,0.,0.296471099,0.030344036,0.,           3111P   3096
0.297395639,0.032278468,0.,0.299103966,0.033759019,0.,              3111P   3097
0.300812294,0.035239569,0.,0.303044331,0.036040837,0.,              3111P   3098
0.305276368,0.036842105,0.,0.307692308,0.036842105,0.,              3111P   3099
0.310108247,0.036842105,0.,0.312340285,0.036040837,0.,              3111P   3100
0.314572322,0.035239569,0.,0.316280649,0.033759019,0.,              3111P   3101
0.317988976,0.032278468,0.,0.318913517,0.030344036,0.,              3111P   3102
0.319838057,0.028409604,0.,0.319838057,0.026315789,0.,0.,1.,0.,     3111P   3103
0.,1.;                                                              3111P   3104
124,-1.,-6.98296267768627E-15,0.,-190.000000000002,                 3113P   3105
-6.98296267768627E-15,1.,-6.98296267768627E-15,                     3113P   3106
-6.60629093985324E-13,4.87617677579594E-29,                         3113P   3107
-6.98296267768627E-15,-1.,-1.88539992297529E-12;                    3113P   3108
100,0.,-95.,-270.,-89.,-270.,-101.,-270.;                           3115P   3109
102,2,3105,3111;                                                    3117P   3110
102,2,3109,3115;                                                    3119P   3111
142,1,2903,3117,3119,1;                                             3121P   3112
126,16,2,1,0,1,0,0.,0.,0.,0.125,0.125,0.25,0.25,0.375,0.375,        3123P   3113
0.5,0.5,0.625,0.625,0.75,0.75,0.875,0.875,1.,1.,1.,1.,1.,1.,1.,     3123P   3114
1.,1.,1.,1.,1.,1.,1.,1.,1.,1.,1.,1.,1.,0.127530364,0.026315789,     3123P   3115
0.,0.127530364,0.024221975,0.,0.126605824,0.022287543,0.,           3123P   3116
0.125681284,0.020353111,0.,0.123972957,0.01887256,0.,               3123P   3117
0.12226463,0.01739201,0.,0.120032592,0.016590742,0.,                3123P   3118
0.117800555,0.015789474,0.,0.115384615,0.015789474,0.,              3123P   3119
0.112968676,0.015789474,0.,0.110736638,0.016590742,0.,              3123P   3120
0.108504601,0.01739201,0.,0.106796274,0.01887256,0.,                3123P   3121
0.105087947,0.020353111,0.,0.104163406,0.022287543,0.,              3123P   3122
0.103238866,0.024221975,0.,0.103238866,0.026315789,0.,0.,1.,0.,     3123P   3123
0.,1.;                                                              3123P   3124
124,1.,-7.105427357601E-15,0.,-1.92179605562615E-12,                3125P   3125
-7.105427357601E-15,-1.,6.98296267768627E-15,-540.000000000001,     3125P   3126
-4.96169340471387E-29,-6.98296267768627E-15,-1.,                    3125P   3127
-1.8853999229753E-12;                                               3125P   3128
100,0.,-190.,-270.,-184.,-270.,-196.,-270.;                         3127P   3129
126,16,2,1,0,1,0,0.,0.,0.,0.125,0.125,0.25,0.25,0.375,0.375,        3129P   3130
0.5,0.5,0.625,0.625,0.75,0.75,0.875,0.875,1.,1.,1.,1.,1.,1.,1.,     3129P   3131
1.,1.,1.,1.,1.,1.,1.,1.,1.,1.,1.,1.,1.,0.103238866,0.026315789,     3129P   3132
0.,0.103238866,0.028409604,0.,0.104163406,0.030344036,0.,           3129P   3133
0.105087947,0.032278468,0.,0.106796274,0.033759019,0.,              3129P   3134
0.108504601,0.035239569,0.,0.110736638,0.036040837,0.,              3129P   3135
0.112968676,0.036842105,0.,0.115384615,0.036842105,0.,              3129P   3136
0.117800555,0.036842105,0.,0.120032592,0.036040837,0.,              3129P   3137
0.12226463,0.035239569,0.,0.123972957,0.033759019,0.,               3129P   3138
0.125681284,0.032278468,0.,0.126605824,0.030344036,0.,              3129P   3139
0.127530364,0.028409604,0.,0.127530364,0.026315789,0.,0.,1.,0.,     3129P   3140
0.,1.;                                                              3129P   3141
124,-1.,-6.98296267768627E-15,0.,-380.000000000002,                 3131P   3142
-6.98296267768627E-15,1.,-6.98296267768627E-15,                     3131P   3143
-1.32125818797062E-12,4.87617677579594E-29,                         3131P   3144
-6.98296267768627E-15,-1.,-1.88539992297528E-12;                    3131P   3145
100,0.,-190.,-270.,-184.,-270.,-196.,-270.;                         3133P   3146
102,2,3123,3129;                                                    3135P   3147
102,2,3127,3133;                                                    3137P   3148
142,1,2903,3135,3137,1;                                             3139P   3149
126,16,2,1,0,1,0,0.,0.,0.,0.125,0.125,0.25,0.25,0.375,0.375,        3141P   3150
0.5,0.5,0.625,0.625,0.75,0.75,0.875,0.875,1.,1.,1.,1.,1.,1.,1.,     3141P   3151
1.,1.,1.,1.,1.,1.,1.,1.,1.,1.,1.,1.,1.,0.042510121,0.252631579,     3141P   3152
0.,0.042510121,0.250537765,0.,0.041585581,0.248603332,0.,           3141P   3153
0.040661041,0.2466689,0.,0.038952714,0.24518835,0.,0.037244387,     3141P   3154
0.243707799,0.,0.035012349,0.242906531,0.,0.032780312,              3141P   3155
0.242105263,0.,0.030364372,0.242105263,0.,0.027948433,              3141P   3156
0.242105263,0.,0.025716396,0.242906531,0.,0.023484358,              3141P   3157
0.243707799,0.,0.021776031,0.24518835,0.,0.020067704,0.2466689,     3141P   3158
0.,0.019143164,0.248603332,0.,0.018218623,0.250537765,0.,           3141P   3159
0.018218623,0.252631579,0.,0.,1.,0.,0.,1.;                          3141P   3160
124,1.,-7.105427357601E-15,0.,-1.00452979268085E-12,                3143P   3161
-7.105427357601E-15,-1.,6.98296267768627E-15,-282.000000000002,     3143P   3162
-4.96169340471387E-29,-6.98296267768627E-15,-1.,                    3143P   3163
-9.84597737553775E-13;                                              3143P   3164
100,0.,-232.,-141.,-226.,-141.,-238.,-141.;                         3145P   3165
126,16,2,1,0,1,0,0.,0.,0.,0.125,0.125,0.25,0.25,0.375,0.375,        3147P   3166
0.5,0.5,0.625,0.625,0.75,0.75,0.875,0.875,1.,1.,1.,1.,1.,1.,1.,     3147P   3167
1.,1.,1.,1.,1.,1.,1.,1.,1.,1.,1.,1.,1.,0.018218623,0.252631579,     3147P   3168
0.,0.018218623,0.254725393,0.,0.019143164,0.256659826,0.,           3147P   3169
0.020067704,0.258594258,0.,0.021776031,0.260074808,0.,              3147P   3170
0.023484358,0.261555359,0.,0.025716396,0.262356627,0.,              3147P   3171
0.027948433,0.263157895,0.,0.030364372,0.263157895,0.,              3147P   3172
0.032780312,0.263157895,0.,0.035012349,0.262356627,0.,              3147P   3173
0.037244387,0.261555359,0.,0.038952714,0.260074808,0.,              3147P   3174
0.040661041,0.258594258,0.,0.041585581,0.256659826,0.,              3147P   3175
0.042510121,0.254725393,0.,0.042510121,0.252631579,0.,0.,1.,0.,     3147P   3176
0.,1.;                                                              3147P   3177
124,-1.,-6.98296267768627E-15,0.,-464.000000000001,                 3149P   3178
-6.98296267768627E-15,1.,-6.98296267768627E-15,                     3149P   3179
-1.63027129673997E-12,4.87617677579594E-29,                         3149P   3180
-6.98296267768627E-15,-1.,-9.84597737553752E-13;                    3149P   3181
100,0.,-232.,-141.,-226.,-141.,-238.,-141.;                         3151P   3182
102,2,3141,3147;                                                    3153P   3183
102,2,3145,3151;                                                    3155P   3184
142,1,2903,3153,3155,1;                                             3157P   3185
126,16,2,1,0,1,0,0.,0.,0.,0.125,0.125,0.25,0.25,0.375,0.375,        3159P   3186
0.5,0.5,0.625,0.625,0.75,0.75,0.875,0.875,1.,1.,1.,1.,1.,1.,1.,     3159P   3187
1.,1.,1.,1.,1.,1.,1.,1.,1.,1.,1.,1.,1.,0.042510121,0.41754386,      3159P   3188
0.,0.042510121,0.415450045,0.,0.041585581,0.413515613,0.,           3159P   3189
0.040661041,0.411581181,0.,0.038952714,0.41010063,0.,               3159P   3190
0.037244387,0.40862008,0.,0.035012349,0.407818812,0.,               3159P   3191
0.032780312,0.407017544,0.,0.030364372,0.407017544,0.,              3159P   3192
0.027948433,0.407017544,0.,0.025716396,0.407818812,0.,              3159P   3193
0.023484358,0.40862008,0.,0.021776031,0.41010063,0.,                3159P   3194
0.020067704,0.411581181,0.,0.019143164,0.413515613,0.,              3159P   3195
0.018218623,0.415450045,0.,0.018218623,0.41754386,0.,0.,1.,0.,      3159P   3196
0.,1.;                                                              3159P   3197
124,1.,-7.105427357601E-15,0.,-3.34843264226959E-13,                3161P   3198
-7.105427357601E-15,-1.,6.98296267768627E-15,-94.0000000000017,     3161P   3199
-4.96169340471387E-29,-6.98296267768627E-15,-1.,                    3161P   3200
-3.28199245851266E-13;                                              3161P   3201
100,0.,-232.,-47.,-226.,-47.,-238.,-47.;                            3163P   3202
126,16,2,1,0,1,0,0.,0.,0.,0.125,0.125,0.25,0.25,0.375,0.375,        3165P   3203
0.5,0.5,0.625,0.625,0.75,0.75,0.875,0.875,1.,1.,1.,1.,1.,1.,1.,     3165P   3204
1.,1.,1.,1.,1.,1.,1.,1.,1.,1.,1.,1.,1.,0.018218623,0.41754386,      3165P   3205
0.,0.018218623,0.419637674,0.,0.019143164,0.421572106,0.,           3165P   3206
0.020067704,0.423506539,0.,0.021776031,0.424987089,0.,              3165P   3207
0.023484358,0.426467639,0.,0.025716396,0.427268907,0.,              3165P   3208
0.027948433,0.428070175,0.,0.030364372,0.428070175,0.,              3165P   3209
0.032780312,0.428070175,0.,0.035012349,0.427268907,0.,              3165P   3210
0.037244387,0.426467639,0.,0.038952714,0.424987089,0.,              3165P   3211
0.040661041,0.423506539,0.,0.041585581,0.421572106,0.,              3165P   3212
0.042510121,0.419637674,0.,0.042510121,0.41754386,0.,0.,1.,0.,      3165P   3213
0.,1.;                                                              3165P   3214
124,-1.,-6.98296267768627E-15,0.,-464.,-6.98296267768627E-15,       3167P   3215
1.,-6.98296267768627E-15,-1.62333240283605E-12,                     3167P   3216
4.87617677579594E-29,-6.98296267768627E-15,-1.,                     3167P   3217
-3.28199245851243E-13;                                              3167P   3218
100,0.,-232.,-47.,-226.,-47.,-238.,-47.;                            3169P   3219
102,2,3159,3165;                                                    3171P   3220
102,2,3163,3169;                                                    3173P   3221
142,1,2903,3171,3173,1;                                             3175P   3222
126,16,2,1,0,1,0,0.,0.,0.,0.125,0.125,0.25,0.25,0.375,0.375,        3177P   3223
0.5,0.5,0.625,0.625,0.75,0.75,0.875,0.875,1.,1.,1.,1.,1.,1.,1.,     3177P   3224
1.,1.,1.,1.,1.,1.,1.,1.,1.,1.,1.,1.,1.,0.042510121,0.58245614,      3177P   3225
0.,0.042510121,0.580362326,0.,0.041585581,0.578427894,0.,           3177P   3226
0.040661041,0.576493461,0.,0.038952714,0.575012911,0.,              3177P   3227
0.037244387,0.573532361,0.,0.035012349,0.572731093,0.,              3177P   3228
0.032780312,0.571929825,0.,0.030364372,0.571929825,0.,              3177P   3229
0.027948433,0.571929825,0.,0.025716396,0.572731093,0.,              3177P   3230
0.023484358,0.573532361,0.,0.021776031,0.575012911,0.,              3177P   3231
0.020067704,0.576493461,0.,0.019143164,0.578427894,0.,              3177P   3232
0.018218623,0.580362326,0.,0.018218623,0.58245614,0.,0.,1.,0.,      3177P   3233
0.,1.;                                                              3177P   3234
124,1.,-7.105427357601E-15,0.,3.34843264226935E-13,                 3179P   3235
-7.105427357601E-15,-1.,6.98296267768627E-15,93.9999999999983,      3179P   3236
-4.96169340471387E-29,-6.98296267768627E-15,-1.,                    3179P   3237
3.28199245851243E-13;                                               3179P   3238
100,0.,-232.,47.,-226.,47.,-238.,47.;                               3181P   3239
126,16,2,1,0,1,0,0.,0.,0.,0.125,0.125,0.25,0.25,0.375,0.375,        3183P   3240
0.5,0.5,0.625,0.625,0.75,0.75,0.875,0.875,1.,1.,1.,1.,1.,1.,1.,     3183P   3241
1.,1.,1.,1.,1.,1.,1.,1.,1.,1.,1.,1.,1.,0.018218623,0.58245614,      3183P   3242
0.,0.018218623,0.584549955,0.,0.019143164,0.586484387,0.,           3183P   3243
0.020067704,0.588418819,0.,0.021776031,0.58989937,0.,               3183P   3244
0.023484358,0.59137992,0.,0.025716396,0.592181188,0.,               3183P   3245
0.027948433,0.592982456,0.,0.030364372,0.592982456,0.,              3183P   3246
0.032780312,0.592982456,0.,0.035012349,0.592181188,0.,              3183P   3247
0.037244387,0.59137992,0.,0.038952714,0.58989937,0.,                3183P   3248
0.040661041,0.588418819,0.,0.041585581,0.586484387,0.,              3183P   3249
0.042510121,0.584549955,0.,0.042510121,0.58245614,0.,0.,1.,0.,      3183P   3250
0.,1.;                                                              3183P   3251
124,-1.,-6.98296267768627E-15,0.,-464.,-6.98296267768627E-15,       3185P   3252
1.,-6.98296267768627E-15,-1.62333240283604E-12,                     3185P   3253
4.87617677579594E-29,-6.98296267768627E-15,-1.,                     3185P   3254
3.28199245851266E-13;                                               3185P   3255
100,0.,-232.,47.,-226.,47.,-238.,47.;                               3187P   3256
102,2,3177,3183;                                                    3189P   3257
102,2,3181,3187;                                                    3191P   3258
142,1,2903,3189,3191,1;                                             3193P   3259
126,16,2,1,0,1,0,0.,0.,0.,0.125,0.125,0.25,0.25,0.375,0.375,        3195P   3260
0.5,0.5,0.625,0.625,0.75,0.75,0.875,0.875,1.,1.,1.,1.,1.,1.,1.,     3195P   3261
1.,1.,1.,1.,1.,1.,1.,1.,1.,1.,1.,1.,1.,0.042510121,0.747368421,     3195P   3262
0.,0.042510121,0.745274607,0.,0.041585581,0.743340174,0.,           3195P   3263
0.040661041,0.741405742,0.,0.038952714,0.739925192,0.,              3195P   3264
0.037244387,0.738444641,0.,0.035012349,0.737643373,0.,              3195P   3265
0.032780312,0.736842105,0.,0.030364372,0.736842105,0.,              3195P   3266
0.027948433,0.736842105,0.,0.025716396,0.737643373,0.,              3195P   3267
0.023484358,0.738444641,0.,0.021776031,0.739925192,0.,              3195P   3268
0.020067704,0.741405742,0.,0.019143164,0.743340174,0.,              3195P   3269
0.018218623,0.745274607,0.,0.018218623,0.747368421,0.,0.,1.,0.,     3195P   3270
0.,1.;                                                              3195P   3271
124,1.,-7.105427357601E-15,0.,1.00452979268083E-12,                 3197P   3272
-7.105427357601E-15,-1.,6.98296267768627E-15,281.999999999998,      3197P   3273
-4.96169340471387E-29,-6.98296267768627E-15,-1.,                    3197P   3274
9.84597737553752E-13;                                               3197P   3275
100,0.,-232.,141.,-226.,141.,-238.,141.;                            3199P   3276
126,16,2,1,0,1,0,0.,0.,0.,0.125,0.125,0.25,0.25,0.375,0.375,        3201P   3277
0.5,0.5,0.625,0.625,0.75,0.75,0.875,0.875,1.,1.,1.,1.,1.,1.,1.,     3201P   3278
1.,1.,1.,1.,1.,1.,1.,1.,1.,1.,1.,1.,1.,0.018218623,0.747368421,     3201P   3279
0.,0.018218623,0.749462235,0.,0.019143164,0.751396668,0.,           3201P   3280
0.020067704,0.7533311,0.,0.021776031,0.75481165,0.,0.023484358,     3201P   3281
0.756292201,0.,0.025716396,0.757093469,0.,0.027948433,              3201P   3282
0.757894737,0.,0.030364372,0.757894737,0.,0.032780312,              3201P   3283
0.757894737,0.,0.035012349,0.757093469,0.,0.037244387,              3201P   3284
0.756292201,0.,0.038952714,0.75481165,0.,0.040661041,0.7533311,     3201P   3285
0.,0.041585581,0.751396668,0.,0.042510121,0.749462235,0.,           3201P   3286
0.042510121,0.747368421,0.,0.,1.,0.,0.,1.;                          3201P   3287
124,-1.,-6.98296267768627E-15,0.,-463.999999999999,                 3203P   3288
-6.98296267768627E-15,1.,-6.98296267768627E-15,                     3203P   3289
-1.63027129673994E-12,4.87617677579594E-29,                         3203P   3290
-6.98296267768627E-15,-1.,9.84597737553775E-13;                     3203P   3291
100,0.,-232.,141.,-226.,141.,-238.,141.;                            3205P   3292
102,2,3195,3201;                                                    3207P   3293
102,2,3199,3205;                                                    3209P   3294
142,1,2903,3207,3209,1;                                             3211P   3295
126,16,2,1,0,1,0,0.,0.,0.,0.125,0.125,0.25,0.25,0.375,0.375,        3213P   3296
0.5,0.5,0.625,0.625,0.75,0.75,0.875,0.875,1.,1.,1.,1.,1.,1.,1.,     3213P   3297
1.,1.,1.,1.,1.,1.,1.,1.,1.,1.,1.,1.,1.,0.042510121,0.912280702,     3213P   3298
0.,0.042510121,0.910186887,0.,0.041585581,0.908252455,0.,           3213P   3299
0.040661041,0.906318023,0.,0.038952714,0.904837472,0.,              3213P   3300
0.037244387,0.903356922,0.,0.035012349,0.902555654,0.,              3213P   3301
0.032780312,0.901754386,0.,0.030364372,0.901754386,0.,              3213P   3302
0.027948433,0.901754386,0.,0.025716396,0.902555654,0.,              3213P   3303
0.023484358,0.903356922,0.,0.021776031,0.904837472,0.,              3213P   3304
0.020067704,0.906318023,0.,0.019143164,0.908252455,0.,              3213P   3305
0.018218623,0.910186887,0.,0.018218623,0.912280702,0.,0.,1.,0.,     3213P   3306
0.,1.;                                                              3213P   3307
124,1.,-7.105427357601E-15,0.,1.67421632113472E-12,                 3215P   3308
-7.105427357601E-15,-1.,6.98296267768627E-15,469.999999999998,      3215P   3309
-4.96169340471387E-29,-6.98296267768627E-15,-1.,                    3215P   3310
1.64099622925626E-12;                                               3215P   3311
100,0.,-232.,235.,-226.,235.,-238.,235.;                            3217P   3312
126,16,2,1,0,1,0,0.,0.,0.,0.125,0.125,0.25,0.25,0.375,0.375,        3219P   3313
0.5,0.5,0.625,0.625,0.75,0.75,0.875,0.875,1.,1.,1.,1.,1.,1.,1.,     3219P   3314
1.,1.,1.,1.,1.,1.,1.,1.,1.,1.,1.,1.,1.,0.018218623,0.912280702,     3219P   3315
0.,0.018218623,0.914374516,0.,0.019143164,0.916308948,0.,           3219P   3316
0.020067704,0.918243381,0.,0.021776031,0.919723931,0.,              3219P   3317
0.023484358,0.921204481,0.,0.025716396,0.922005749,0.,              3219P   3318
0.027948433,0.922807018,0.,0.030364372,0.922807018,0.,              3219P   3319
0.032780312,0.922807018,0.,0.035012349,0.922005749,0.,              3219P   3320
0.037244387,0.921204481,0.,0.038952714,0.919723931,0.,              3219P   3321
0.040661041,0.918243381,0.,0.041585581,0.916308948,0.,              3219P   3322
0.042510121,0.914374516,0.,0.042510121,0.912280702,0.,0.,1.,0.,     3219P   3323
0.,1.;                                                              3219P   3324
124,-1.,-6.98296267768627E-15,0.,-463.999999999999,                 3221P   3325
-6.98296267768627E-15,1.,-6.98296267768627E-15,                     3221P   3326
-1.63027129673993E-12,4.87617677579594E-29,                         3221P   3327
-6.98296267768627E-15,-1.,1.64099622925628E-12;                     3221P   3328
100,0.,-232.,235.,-226.,235.,-238.,235.;                            3223P   3329
102,2,3213,3219;                                                    3225P   3330
102,2,3217,3223;                                                    3227P   3331
142,1,2903,3225,3227,1;                                             3229P   3332
126,16,2,1,0,1,0,0.,0.,0.,0.125,0.125,0.25,0.25,0.375,0.375,        3231P   3333
0.5,0.5,0.625,0.625,0.75,0.75,0.875,0.875,1.,1.,1.,1.,1.,1.,1.,     3231P   3334
1.,1.,1.,1.,1.,1.,1.,1.,1.,1.,1.,1.,1.,0.896761134,0.973684211,     3231P   3335
0.,0.896761134,0.971590396,0.,0.895836594,0.969655964,0.,           3231P   3336
0.894912053,0.967721532,0.,0.893203726,0.966240981,0.,              3231P   3337
0.891495399,0.964760431,0.,0.889263362,0.963959163,0.,              3231P   3338
0.887031324,0.963157895,0.,0.884615385,0.963157895,0.,              3231P   3339
0.882199445,0.963157895,0.,0.879967408,0.963959163,0.,              3231P   3340
0.87773537,0.964760431,0.,0.876027043,0.966240981,0.,               3231P   3341
0.874318716,0.967721532,0.,0.873394176,0.969655964,0.,              3231P   3342
0.872469636,0.971590396,0.,0.872469636,0.973684211,0.,0.,1.,0.,     3231P   3343
0.,1.;                                                              3231P   3344
124,1.,-7.105427357601E-15,0.,1.92179605562615E-12,                 3233P   3345
-7.105427357601E-15,-1.,6.98296267768627E-15,540.000000000001,      3233P   3346
-4.96169340471387E-29,-6.98296267768627E-15,-1.,                    3233P   3347
1.8853999229753E-12;                                                3233P   3348
100,0.,190.,270.,196.,270.,184.,270.;                               3235P   3349
126,16,2,1,0,1,0,0.,0.,0.,0.125,0.125,0.25,0.25,0.375,0.375,        3237P   3350
0.5,0.5,0.625,0.625,0.75,0.75,0.875,0.875,1.,1.,1.,1.,1.,1.,1.,     3237P   3351
1.,1.,1.,1.,1.,1.,1.,1.,1.,1.,1.,1.,1.,0.872469636,0.973684211,     3237P   3352
0.,0.872469636,0.975778025,0.,0.873394176,0.977712457,0.,           3237P   3353
0.874318716,0.979646889,0.,0.876027043,0.98112744,0.,               3237P   3354
0.87773537,0.98260799,0.,0.879967408,0.983409258,0.,                3237P   3355
0.882199445,0.984210526,0.,0.884615385,0.984210526,0.,              3237P   3356
0.887031324,0.984210526,0.,0.889263362,0.983409258,0.,              3237P   3357
0.891495399,0.98260799,0.,0.893203726,0.98112744,0.,                3237P   3358
0.894912053,0.979646889,0.,0.895836594,0.977712457,0.,              3237P   3359
0.896761134,0.975778025,0.,0.896761134,0.973684211,0.,0.,1.,0.,     3237P   3360
0.,1.;                                                              3237P   3361
124,-1.,-6.98296267768627E-15,0.,380.000000000006,                  3239P   3362
-6.98296267768627E-15,1.,-6.98296267768627E-15,                     3239P   3363
1.32125818797065E-12,4.87617677579594E-29,                          3239P   3364
-6.98296267768627E-15,-1.,1.88539992297528E-12;                     3239P   3365
100,0.,190.,270.,196.,270.,184.,270.;                               3241P   3366
102,2,3231,3237;                                                    3243P   3367
102,2,3235,3241;                                                    3245P   3368
142,1,2903,3243,3245,1;                                             3247P   3369
126,16,2,1,0,1,0,0.,0.,0.,0.125,0.125,0.25,0.25,0.375,0.375,        3249P   3370
0.5,0.5,0.625,0.625,0.75,0.75,0.875,0.875,1.,1.,1.,1.,1.,1.,1.,     3249P   3371
1.,1.,1.,1.,1.,1.,1.,1.,1.,1.,1.,1.,1.,0.704453441,0.973684211,     3249P   3372
0.,0.704453441,0.971590396,0.,0.703528901,0.969655964,0.,           3249P   3373
0.702604361,0.967721532,0.,0.700896034,0.966240981,0.,              3249P   3374
0.699187706,0.964760431,0.,0.696955669,0.963959163,0.,              3249P   3375
0.694723632,0.963157895,0.,0.692307692,0.963157895,0.,              3249P   3376
0.689891753,0.963157895,0.,0.687659715,0.963959163,0.,              3249P   3377
0.685427678,0.964760431,0.,0.683719351,0.966240981,0.,              3249P   3378
0.682011024,0.967721532,0.,0.681086483,0.969655964,0.,              3249P   3379
0.680161943,0.971590396,0.,0.680161943,0.973684211,0.,0.,1.,0.,     3249P   3380
0.,1.;                                                              3249P   3381
124,1.,-7.105427357601E-15,0.,1.92179605562615E-12,                 3251P   3382
-7.105427357601E-15,-1.,6.98296267768627E-15,540.000000000001,      3251P   3383
-4.96169340471387E-29,-6.98296267768627E-15,-1.,                    3251P   3384
1.8853999229753E-12;                                                3251P   3385
100,0.,95.,270.,101.,270.,89.,270.;                                 3253P   3386
126,16,2,1,0,1,0,0.,0.,0.,0.125,0.125,0.25,0.25,0.375,0.375,        3255P   3387
0.5,0.5,0.625,0.625,0.75,0.75,0.875,0.875,1.,1.,1.,1.,1.,1.,1.,     3255P   3388
1.,1.,1.,1.,1.,1.,1.,1.,1.,1.,1.,1.,1.,0.680161943,0.973684211,     3255P   3389
0.,0.680161943,0.975778025,0.,0.681086483,0.977712457,0.,           3255P   3390
0.682011024,0.979646889,0.,0.683719351,0.98112744,0.,               3255P   3391
0.685427678,0.98260799,0.,0.687659715,0.983409258,0.,               3255P   3392
0.689891753,0.984210526,0.,0.692307692,0.984210526,0.,              3255P   3393
0.694723632,0.984210526,0.,0.696955669,0.983409258,0.,              3255P   3394
0.699187706,0.98260799,0.,0.700896034,0.98112744,0.,                3255P   3395
0.702604361,0.979646889,0.,0.703528901,0.977712457,0.,              3255P   3396
0.704453441,0.975778025,0.,0.704453441,0.973684211,0.,0.,1.,0.,     3255P   3397
0.,1.;                                                              3255P   3398
124,-1.,-6.98296267768627E-15,0.,190.000000000006,                  3257P   3399
-6.98296267768627E-15,1.,-6.98296267768627E-15,                     3257P   3400
6.60629093985349E-13,4.87617677579594E-29,                          3257P   3401
-6.98296267768627E-15,-1.,1.88539992297529E-12;                     3257P   3402
100,0.,95.,270.,101.,270.,89.,270.;                                 3259P   3403
102,2,3249,3255;                                                    3261P   3404
102,2,3253,3259;                                                    3263P   3405
142,1,2903,3261,3263,1;                                             3265P   3406
126,16,2,1,0,1,0,0.,0.,0.,0.125,0.125,0.25,0.25,0.375,0.375,        3267P   3407
0.5,0.5,0.625,0.625,0.75,0.75,0.875,0.875,1.,1.,1.,1.,1.,1.,1.,     3267P   3408
1.,1.,1.,1.,1.,1.,1.,1.,1.,1.,1.,1.,1.,0.512145749,0.973684211,     3267P   3409
0.,0.512145749,0.971590396,0.,0.511221209,0.969655964,0.,           3267P   3410
0.510296669,0.967721532,0.,0.508588341,0.966240981,0.,              3267P   3411
0.506880014,0.964760431,0.,0.504647977,0.963959163,0.,              3267P   3412
0.50241594,0.963157895,0.,0.5,0.963157895,0.,0.49758406,            3267P   3413
0.963157895,0.,0.495352023,0.963959163,0.,0.493119986,              3267P   3414
0.964760431,0.,0.491411659,0.966240981,0.,0.489703331,              3267P   3415
0.967721532,0.,0.488778791,0.969655964,0.,0.487854251,              3267P   3416
0.971590396,0.,0.487854251,0.973684211,0.,0.,1.,0.,0.,1.;           3267P   3417
124,1.,-7.105427357601E-15,0.,1.91846538655227E-12,                 3269P   3418
-7.105427357601E-15,-1.,6.98296267768627E-15,540.,                  3269P   3419
-4.96169340471387E-29,-6.98296267768627E-15,-1.,                    3269P   3420
1.88539992297529E-12;                                               3269P   3421
100,0.,0.,270.,6.,270.,-6.,270.;                                    3271P   3422
126,16,2,1,0,1,0,0.,0.,0.,0.125,0.125,0.25,0.25,0.375,0.375,        3273P   3423
0.5,0.5,0.625,0.625,0.75,0.75,0.875,0.875,1.,1.,1.,1.,1.,1.,1.,     3273P   3424
1.,1.,1.,1.,1.,1.,1.,1.,1.,1.,1.,1.,1.,0.487854251,0.973684211,     3273P   3425
0.,0.487854251,0.975778025,0.,0.488778791,0.977712457,0.,           3273P   3426
0.489703331,0.979646889,0.,0.491411659,0.98112744,0.,               3273P   3427
0.493119986,0.98260799,0.,0.495352023,0.983409258,0.,               3273P   3428
0.49758406,0.984210526,0.,0.5,0.984210526,0.,0.50241594,            3273P   3429
0.984210526,0.,0.504647977,0.983409258,0.,0.506880014,              3273P   3430
0.98260799,0.,0.508588341,0.98112744,0.,0.510296669,                3273P   3431
0.979646889,0.,0.511221209,0.977712457,0.,0.512145749,              3273P   3432
0.975778025,0.,0.512145749,0.973684211,0.,0.,1.,0.,0.,1.;           3273P   3433
124,-1.,-6.98296267768627E-15,0.,0.,-6.98296267768627E-15,1.,       3275P   3434
-6.98296267768627E-15,0.,4.87617677579594E-29,                      3275P   3435
-6.98296267768627E-15,-1.,0.;                                       3275P   3436
100,0.,0.,270.,6.,270.,-6.,270.;                                    3277P   3437
102,2,3267,3273;                                                    3279P   3438
102,2,3271,3277;                                                    3281P   3439
142,1,2903,3279,3281,1;                                             3283P   3440
126,16,2,1,0,1,0,0.,0.,0.,0.125,0.125,0.25,0.25,0.375,0.375,        3285P   3441
0.5,0.5,0.625,0.625,0.75,0.75,0.875,0.875,1.,1.,1.,1.,1.,1.,1.,     3285P   3442
1.,1.,1.,1.,1.,1.,1.,1.,1.,1.,1.,1.,1.,0.319838057,0.973684211,     3285P   3443
0.,0.319838057,0.971590396,0.,0.318913517,0.969655964,0.,           3285P   3444
0.317988976,0.967721532,0.,0.316280649,0.966240981,0.,              3285P   3445
0.314572322,0.964760431,0.,0.312340285,0.963959163,0.,              3285P   3446
0.310108247,0.963157895,0.,0.307692308,0.963157895,0.,              3285P   3447
0.305276368,0.963157895,0.,0.303044331,0.963959163,0.,              3285P   3448
0.300812294,0.964760431,0.,0.299103966,0.966240981,0.,              3285P   3449
0.297395639,0.967721532,0.,0.296471099,0.969655964,0.,              3285P   3450
0.295546559,0.971590396,0.,0.295546559,0.973684211,0.,0.,1.,0.,     3285P   3451
0.,1.;                                                              3285P   3452
124,1.,-7.105427357601E-15,0.,1.92179605562614E-12,                 3287P   3453
-7.105427357601E-15,-1.,6.98296267768627E-15,539.999999999999,      3287P   3454
-4.96169340471387E-29,-6.98296267768627E-15,-1.,                    3287P   3455
1.88539992297529E-12;                                               3287P   3456
100,0.,-95.,270.,-89.,270.,-101.,270.;                              3289P   3457
126,16,2,1,0,1,0,0.,0.,0.,0.125,0.125,0.25,0.25,0.375,0.375,        3291P   3458
0.5,0.5,0.625,0.625,0.75,0.75,0.875,0.875,1.,1.,1.,1.,1.,1.,1.,     3291P   3459
1.,1.,1.,1.,1.,1.,1.,1.,1.,1.,1.,1.,1.,0.295546559,0.973684211,     3291P   3460
0.,0.295546559,0.975778025,0.,0.296471099,0.977712457,0.,           3291P   3461
0.297395639,0.979646889,0.,0.299103966,0.98112744,0.,               3291P   3462
0.300812294,0.98260799,0.,0.303044331,0.983409258,0.,               3291P   3463
0.305276368,0.984210526,0.,0.307692308,0.984210526,0.,              3291P   3464
0.310108247,0.984210526,0.,0.312340285,0.983409258,0.,              3291P   3465
0.314572322,0.98260799,0.,0.316280649,0.98112744,0.,                3291P   3466
0.317988976,0.979646889,0.,0.318913517,0.977712457,0.,              3291P   3467
0.319838057,0.975778025,0.,0.319838057,0.973684211,0.,0.,1.,0.,     3291P   3468
0.,1.;                                                              3291P   3469
124,-1.,-6.98296267768627E-15,0.,-189.999999999994,                 3293P   3470
-6.98296267768627E-15,1.,-6.98296267768627E-15,                     3293P   3471
-6.60629093985245E-13,4.87617677579594E-29,                         3293P   3472
-6.98296267768627E-15,-1.,1.8853999229753E-12;                      3293P   3473
100,0.,-95.,270.,-89.,270.,-101.,270.;                              3295P   3474
102,2,3285,3291;                                                    3297P   3475
102,2,3289,3295;                                                    3299P   3476
142,1,2903,3297,3299,1;                                             3301P   3477
126,16,2,1,0,1,0,0.,0.,0.,0.125,0.125,0.25,0.25,0.375,0.375,        3303P   3478
0.5,0.5,0.625,0.625,0.75,0.75,0.875,0.875,1.,1.,1.,1.,1.,1.,1.,     3303P   3479
1.,1.,1.,1.,1.,1.,1.,1.,1.,1.,1.,1.,1.,0.127530364,0.973684211,     3303P   3480
0.,0.127530364,0.971590396,0.,0.126605824,0.969655964,0.,           3303P   3481
0.125681284,0.967721532,0.,0.123972957,0.966240981,0.,              3303P   3482
0.12226463,0.964760431,0.,0.120032592,0.963959163,0.,               3303P   3483
0.117800555,0.963157895,0.,0.115384615,0.963157895,0.,              3303P   3484
0.112968676,0.963157895,0.,0.110736638,0.963959163,0.,              3303P   3485
0.108504601,0.964760431,0.,0.106796274,0.966240981,0.,              3303P   3486
0.105087947,0.967721532,0.,0.104163406,0.969655964,0.,              3303P   3487
0.103238866,0.971590396,0.,0.103238866,0.973684211,0.,0.,1.,0.,     3303P   3488
0.,1.;                                                              3303P   3489
124,1.,-7.105427357601E-15,0.,1.92179605562614E-12,                 3305P   3490
-7.105427357601E-15,-1.,6.98296267768627E-15,539.999999999999,      3305P   3491
-4.96169340471387E-29,-6.98296267768627E-15,-1.,                    3305P   3492
1.88539992297528E-12;                                               3305P   3493
100,0.,-190.,270.,-184.,270.,-196.,270.;                            3307P   3494
126,16,2,1,0,1,0,0.,0.,0.,0.125,0.125,0.25,0.25,0.375,0.375,        3309P   3495
0.5,0.5,0.625,0.625,0.75,0.75,0.875,0.875,1.,1.,1.,1.,1.,1.,1.,     3309P   3496
1.,1.,1.,1.,1.,1.,1.,1.,1.,1.,1.,1.,1.,0.103238866,0.973684211,     3309P   3497
0.,0.103238866,0.975778025,0.,0.104163406,0.977712457,0.,           3309P   3498
0.105087947,0.979646889,0.,0.106796274,0.98112744,0.,               3309P   3499
0.108504601,0.98260799,0.,0.110736638,0.983409258,0.,               3309P   3500
0.112968676,0.984210526,0.,0.115384615,0.984210526,0.,              3309P   3501
0.117800555,0.984210526,0.,0.120032592,0.983409258,0.,              3309P   3502
0.12226463,0.98260799,0.,0.123972957,0.98112744,0.,0.125681284,     3309P   3503
0.979646889,0.,0.126605824,0.977712457,0.,0.127530364,              3309P   3504
0.975778025,0.,0.127530364,0.973684211,0.,0.,1.,0.,0.,1.;           3309P   3505
124,-1.,-6.98296267768627E-15,0.,-379.999999999995,                 3311P   3506
-6.98296267768627E-15,1.,-6.98296267768627E-15,                     3311P   3507
-1.32125818797054E-12,4.87617677579594E-29,                         3311P   3508
-6.98296267768627E-15,-1.,1.8853999229753E-12;                      3311P   3509
100,0.,-190.,270.,-184.,270.,-196.,270.;                            3313P   3510
102,2,3303,3309;                                                    3315P   3511
102,2,3307,3313;                                                    3317P   3512
142,1,2903,3315,3317,1;                                             3319P   3513
126,16,2,1,0,1,0,0.,0.,0.,0.125,0.125,0.25,0.25,0.375,0.375,        3321P   3514
0.5,0.5,0.625,0.625,0.75,0.75,0.875,0.875,1.,1.,1.,1.,1.,1.,1.,     3321P   3515
1.,1.,1.,1.,1.,1.,1.,1.,1.,1.,1.,1.,1.,0.042510121,0.087719298,     3321P   3516
0.,0.042510121,0.085625484,0.,0.041585581,0.083691052,0.,           3321P   3517
0.040661041,0.081756619,0.,0.038952714,0.080276069,0.,              3321P   3518
0.037244387,0.078795519,0.,0.035012349,0.077994251,0.,              3321P   3519
0.032780312,0.077192982,0.,0.030364372,0.077192982,0.,              3321P   3520
0.027948433,0.077192982,0.,0.025716396,0.077994251,0.,              3321P   3521
0.023484358,0.078795519,0.,0.021776031,0.080276069,0.,              3321P   3522
0.020067704,0.081756619,0.,0.019143164,0.083691052,0.,              3321P   3523
0.018218623,0.085625484,0.,0.018218623,0.087719298,0.,0.,1.,0.,     3321P   3524
0.,1.;                                                              3321P   3525
124,1.,-7.105427357601E-15,0.,-1.67421632113475E-12,                3323P   3526
-7.105427357601E-15,-1.,6.98296267768627E-15,-470.000000000002,     3323P   3527
-4.96169340471387E-29,-6.98296267768627E-15,-1.,                    3323P   3528
-1.64099622925628E-12;                                              3323P   3529
100,0.,-232.,-235.,-226.,-235.,-238.,-235.;                         3325P   3530
126,16,2,1,0,1,0,0.,0.,0.,0.125,0.125,0.25,0.25,0.375,0.375,        3327P   3531
0.5,0.5,0.625,0.625,0.75,0.75,0.875,0.875,1.,1.,1.,1.,1.,1.,1.,     3327P   3532
1.,1.,1.,1.,1.,1.,1.,1.,1.,1.,1.,1.,1.,0.018218623,0.087719298,     3327P   3533
0.,0.018218623,0.089813113,0.,0.019143164,0.091747545,0.,           3327P   3534
0.020067704,0.093681977,0.,0.021776031,0.095162528,0.,              3327P   3535
0.023484358,0.096643078,0.,0.025716396,0.097444346,0.,              3327P   3536
0.027948433,0.098245614,0.,0.030364372,0.098245614,0.,              3327P   3537
0.032780312,0.098245614,0.,0.035012349,0.097444346,0.,              3327P   3538
0.037244387,0.096643078,0.,0.038952714,0.095162528,0.,              3327P   3539
0.040661041,0.093681977,0.,0.041585581,0.091747545,0.,              3327P   3540
0.042510121,0.089813113,0.,0.042510121,0.087719298,0.,0.,1.,0.,     3327P   3541
0.,1.;                                                              3327P   3542
124,-1.,-6.98296267768627E-15,0.,-464.000000000002,                 3329P   3543
-6.98296267768627E-15,1.,-6.98296267768627E-15,                     3329P   3544
-1.63027129673997E-12,4.87617677579594E-29,                         3329P   3545
-6.98296267768627E-15,-1.,-1.64099622925626E-12;                    3329P   3546
100,0.,-232.,-235.,-226.,-235.,-238.,-235.;                         3331P   3547
102,2,3321,3327;                                                    3333P   3548
102,2,3325,3331;                                                    3335P   3549
142,1,2903,3333,3335,1;                                             3337P   3550
144,2903,1,22,2941,2959,2977,2995,3013,3031,3049,3067,3085,         3339P   3551
3103,3121,3139,3157,3175,3193,3211,3229,3247,3265,3283,3301,        3339P   3552
3319,3337;                                                          3339P   3553
128,1,1,1,1,0,0,1,0,0,0.,0.,1.,1.,0.,0.,1.,1.,1.,1.,1.,1.,          3341P   3554
-222.8,240.,11.5,-222.8,240.,12.,-222.8,249.,11.5,-222.8,249.,      3341P   3555
12.,0.,1.,0.,1.;                                                    3341P   3556
126,1,1,1,0,1,0,0.,0.,1.,1.,1.,1.,1.,1.,0.,0.,1.,0.,0.,1.,0.,       3343P   3557
0.,1.;                                                              3343P   3558
110,-222.8,249.,12.,-222.8,249.,11.5;                               3345P   3559
126,1,1,1,0,1,0,0.,0.,1.,1.,1.,1.,0.,1.,0.,0.,0.,0.,0.,1.,0.,       3347P   3560
0.,1.;                                                              3347P   3561
110,-222.8,249.,11.5,-222.8,240.,11.5;                              3349P   3562
126,1,1,1,0,1,0,0.,0.,1.,1.,1.,1.,0.,0.,0.,1.,0.,0.,0.,1.,0.,       3351P   3563
0.,1.;                                                              3351P   3564
110,-222.8,240.,11.5,-222.8,240.,12.;                               3353P   3565
126,1,1,1,0,1,0,0.,0.,1.,1.,1.,1.,1.,0.,0.,1.,1.,0.,0.,1.,0.,       3355P   3566
0.,1.;                                                              3355P   3567
110,-222.8,240.,12.,-222.8,249.,12.;                                3357P   3568
102,4,3343,3347,3351,3355;                                          3359P   3569
102,4,3345,3349,3353,3357;                                          3361P   3570
142,1,3341,3359,3361,1;                                             3363P   3571
144,3341,1,0,3363;                                                  3365P   3572
128,1,1,1,1,0,0,1,0,0,0.,0.,1.,1.,0.,0.,1.,1.,1.,1.,1.,1.,          3367P   3573
-221.8,250.,11.5,-221.8,250.,12.,221.8,250.,11.5,221.8,250.,        3367P   3574
12.,0.,1.,0.,1.;                                                    3367P   3575
126,1,1,1,0,1,0,0.,0.,1.,1.,1.,1.,0.,0.,0.,1.,0.,0.,0.,1.,0.,       3369P   3576
0.,1.;                                                              3369P   3577
110,-221.8,250.,11.5,-221.8,250.,12.;                               3371P   3578
126,1,1,1,0,1,0,0.,0.,1.,1.,1.,1.,1.,0.,0.,1.,1.,0.,0.,1.,0.,       3373P   3579
0.,1.;                                                              3373P   3580
110,-221.8,250.,12.,221.8,250.,12.;                                 3375P   3581
126,1,1,1,0,1,0,0.,0.,1.,1.,1.,1.,1.,1.,0.,0.,1.,0.,0.,1.,0.,       3377P   3582
0.,1.;                                                              3377P   3583
110,221.8,250.,12.,221.8,250.,11.5;                                 3379P   3584
126,1,1,1,0,1,0,0.,0.,1.,1.,1.,1.,0.,1.,0.,0.,0.,0.,0.,1.,0.,       3381P   3585
0.,1.;                                                              3381P   3586
110,221.8,250.,11.5,-221.8,250.,11.5;                               3383P   3587
102,4,3369,3373,3377,3381;                                          3385P   3588
102,4,3371,3375,3379,3383;                                          3387P   3589
142,1,3367,3385,3387,1;                                             3389P   3590
144,3367,1,0,3389;                                                  3391P   3591
128,1,1,1,1,0,0,1,0,0,0.,0.,1.,1.,0.,0.,1.,1.,1.,1.,1.,1.,          3393P   3592
222.8,240.,12.,222.8,240.,11.5,222.8,249.,12.,222.8,249.,11.5,      3393P   3593
0.,1.,0.,1.;                                                        3393P   3594
126,1,1,1,0,1,0,0.,0.,1.,1.,1.,1.,1.,1.,0.,0.,1.,0.,0.,1.,0.,       3395P   3595
0.,1.;                                                              3395P   3596
110,222.8,249.,11.5,222.8,249.,12.;                                 3397P   3597
126,1,1,1,0,1,0,0.,0.,1.,1.,1.,1.,0.,1.,0.,0.,0.,0.,0.,1.,0.,       3399P   3598
0.,1.;                                                              3399P   3599
110,222.8,249.,12.,222.8,240.,12.;                                  3401P   3600
126,1,1,1,0,1,0,0.,0.,1.,1.,1.,1.,0.,0.,0.,1.,0.,0.,0.,1.,0.,       3403P   3601
0.,1.;                                                              3403P   3602
110,222.8,240.,12.,222.8,240.,11.5;                                 3405P   3603
126,1,1,1,0,1,0,0.,0.,1.,1.,1.,1.,1.,0.,0.,1.,1.,0.,0.,1.,0.,       3407P   3604
0.,1.;                                                              3407P   3605
110,222.8,240.,11.5,222.8,249.,11.5;                                3409P   3606
102,4,3395,3399,3403,3407;                                          3411P   3607
102,4,3397,3401,3405,3409;                                          3413P   3608
142,1,3393,3411,3413,1;                                             3415P   3609
144,3393,1,0,3415;                                                  3417P   3610
128,1,1,1,1,0,0,1,0,0,0.,0.,1.,1.,0.,0.,1.,1.,1.,1.,1.,1.,          3419P   3611
213.8,239.,12.,213.8,239.,11.5,221.8,239.,12.,221.8,239.,11.5,      3419P   3612
0.,1.,0.,1.;                                                        3419P   3613
126,1,1,1,0,1,0,0.,0.,1.,1.,1.,1.,1.,1.,0.,0.,1.,0.,0.,1.,0.,       3421P   3614
0.,1.;                                                              3421P   3615
110,221.8,239.,11.5,221.8,239.,12.;                                 3423P   3616
126,1,1,1,0,1,0,0.,0.,1.,1.,1.,1.,0.,1.,0.,0.,0.,0.,0.,1.,0.,       3425P   3617
0.,1.;                                                              3425P   3618
110,221.8,239.,12.,213.8,239.,12.;                                  3427P   3619
126,1,1,1,0,1,0,0.,0.,1.,1.,1.,1.,0.,0.,0.,1.,0.,0.,0.,1.,0.,       3429P   3620
0.,1.;                                                              3429P   3621
110,213.8,239.,12.,213.8,239.,11.5;                                 3431P   3622
126,1,1,1,0,1,0,0.,0.,1.,1.,1.,1.,1.,0.,0.,1.,1.,0.,0.,1.,0.,       3433P   3623
0.,1.;                                                              3433P   3624
110,213.8,239.,11.5,221.8,239.,11.5;                                3435P   3625
102,4,3421,3425,3429,3433;                                          3437P   3626
102,4,3423,3427,3431,3435;                                          3439P   3627
142,1,3419,3437,3439,1;                                             3441P   3628
144,3419,1,0,3441;                                                  3443P   3629
128,1,1,1,1,0,0,1,0,0,0.,0.,1.,1.,0.,0.,1.,1.,1.,1.,1.,1.,          3445P   3630
212.8,-238.,12.,212.8,-238.,11.5,212.8,238.,12.,212.8,238.,         3445P   3631
11.5,0.,1.,0.,1.;                                                   3445P   3632
126,1,1,1,0,1,0,0.,0.,1.,1.,1.,1.,1.,1.,0.,0.,1.,0.,0.,1.,0.,       3447P   3633
0.,1.;                                                              3447P   3634
110,212.8,238.,11.5,212.8,238.,12.;                                 3449P   3635
126,1,1,1,0,1,0,0.,0.,1.,1.,1.,1.,0.,1.,0.,0.,0.,0.,0.,1.,0.,       3451P   3636
0.,1.;                                                              3451P   3637
110,212.8,238.,12.,212.8,-238.,12.;                                 3453P   3638
126,1,1,1,0,1,0,0.,0.,1.,1.,1.,1.,0.,0.,0.,1.,0.,0.,0.,1.,0.,       3455P   3639
0.,1.;                                                              3455P   3640
110,212.8,-238.,12.,212.8,-238.,11.5;                               3457P   3641
126,1,1,1,0,1,0,0.,0.,1.,1.,1.,1.,1.,0.,0.,1.,1.,0.,0.,1.,0.,       3459P   3642
0.,1.;                                                              3459P   3643
110,212.8,-238.,11.5,212.8,238.,11.5;                               3461P   3644
102,4,3447,3451,3455,3459;                                          3463P   3645
102,4,3449,3453,3457,3461;                                          3465P   3646
142,1,3445,3463,3465,1;                                             3467P   3647
144,3445,1,0,3467;                                                  3469P   3648
128,1,1,1,1,0,0,1,0,0,0.,0.,1.,1.,0.,0.,1.,1.,1.,1.,1.,1.,          3471P   3649
213.8,-239.,11.5,213.8,-239.,12.,221.8,-239.,11.5,221.8,-239.,      3471P   3650
12.,0.,1.,0.,1.;                                                    3471P   3651
126,1,1,1,0,1,0,0.,0.,1.,1.,1.,1.,1.,1.,0.,0.,1.,0.,0.,1.,0.,       3473P   3652
0.,1.;                                                              3473P   3653
110,221.8,-239.,12.,221.8,-239.,11.5;                               3475P   3654
126,1,1,1,0,1,0,0.,0.,1.,1.,1.,1.,0.,1.,0.,0.,0.,0.,0.,1.,0.,       3477P   3655
0.,1.;                                                              3477P   3656
110,221.8,-239.,11.5,213.8,-239.,11.5;                              3479P   3657
126,1,1,1,0,1,0,0.,0.,1.,1.,1.,1.,0.,0.,0.,1.,0.,0.,0.,1.,0.,       3481P   3658
0.,1.;                                                              3481P   3659
110,213.8,-239.,11.5,213.8,-239.,12.;                               3483P   3660
126,1,1,1,0,1,0,0.,0.,1.,1.,1.,1.,1.,0.,0.,1.,1.,0.,0.,1.,0.,       3485P   3661
0.,1.;                                                              3485P   3662
110,213.8,-239.,12.,221.8,-239.,12.;                                3487P   3663
102,4,3473,3477,3481,3485;                                          3489P   3664
102,4,3475,3479,3483,3487;                                          3491P   3665
142,1,3471,3489,3491,1;                                             3493P   3666
144,3471,1,0,3493;                                                  3495P   3667
128,1,1,1,1,0,0,1,0,0,0.,0.,1.,1.,0.,0.,1.,1.,1.,1.,1.,1.,          3497P   3668
222.8,-249.,12.,222.8,-249.,11.5,222.8,-240.,12.,222.8,-240.,       3497P   3669
11.5,0.,1.,0.,1.;                                                   3497P   3670
126,1,1,1,0,1,0,0.,0.,1.,1.,1.,1.,0.,0.,0.,1.,0.,0.,0.,1.,0.,       3499P   3671
0.,1.;                                                              3499P   3672
110,222.8,-249.,12.,222.8,-249.,11.5;                               3501P   3673
126,1,1,1,0,1,0,0.,0.,1.,1.,1.,1.,1.,0.,0.,1.,1.,0.,0.,1.,0.,       3503P   3674
0.,1.;                                                              3503P   3675
110,222.8,-249.,11.5,222.8,-240.,11.5;                              3505P   3676
126,1,1,1,0,1,0,0.,0.,1.,1.,1.,1.,1.,1.,0.,0.,1.,0.,0.,1.,0.,       3507P   3677
0.,1.;                                                              3507P   3678
110,222.8,-240.,11.5,222.8,-240.,12.;                               3509P   3679
126,1,1,1,0,1,0,0.,0.,1.,1.,1.,1.,0.,1.,0.,0.,0.,0.,0.,1.,0.,       3511P   3680
0.,1.;                                                              3511P   3681
110,222.8,-240.,12.,222.8,-249.,12.;                                3513P   3682
102,4,3499,3503,3507,3511;                                          3515P   3683
102,4,3501,3505,3509,3513;                                          3517P   3684
142,1,3497,3515,3517,1;                                             3519P   3685
144,3497,1,0,3519;                                                  3521P   3686
128,1,1,1,1,0,0,1,0,0,0.,0.,1.,1.,0.,0.,1.,1.,1.,1.,1.,1.,          3523P   3687
-221.8,-250.,12.,-221.8,-250.,11.5,221.8,-250.,12.,221.8,-250.,     3523P   3688
11.5,0.,1.,0.,1.;                                                   3523P   3689
126,1,1,1,0,1,0,0.,0.,1.,1.,1.,1.,0.,0.,0.,1.,0.,0.,0.,1.,0.,       3525P   3690
0.,1.;                                                              3525P   3691
110,-221.8,-250.,12.,-221.8,-250.,11.5;                             3527P   3692
126,1,1,1,0,1,0,0.,0.,1.,1.,1.,1.,1.,0.,0.,1.,1.,0.,0.,1.,0.,       3529P   3693
0.,1.;                                                              3529P   3694
110,-221.8,-250.,11.5,221.8,-250.,11.5;                             3531P   3695
126,1,1,1,0,1,0,0.,0.,1.,1.,1.,1.,1.,1.,0.,0.,1.,0.,0.,1.,0.,       3533P   3696
0.,1.;                                                              3533P   3697
110,221.8,-250.,11.5,221.8,-250.,12.;                               3535P   3698
126,1,1,1,0,1,0,0.,0.,1.,1.,1.,1.,0.,1.,0.,0.,0.,0.,0.,1.,0.,       3537P   3699
0.,1.;                                                              3537P   3700
110,221.8,-250.,12.,-221.8,-250.,12.;                               3539P   3701
102,4,3525,3529,3533,3537;                                          3541P   3702
102,4,3527,3531,3535,3539;                                          3543P   3703
142,1,3523,3541,3543,1;                                             3545P   3704
144,3523,1,0,3545;                                                  3547P   3705
128,1,1,1,1,0,0,1,0,0,0.,0.,1.,1.,0.,0.,1.,1.,1.,1.,1.,1.,          3549P   3706
-222.8,-249.,11.5,-222.8,-249.,12.,-222.8,-240.,11.5,-222.8,        3549P   3707
-240.,12.,0.,1.,0.,1.;                                              3549P   3708
126,1,1,1,0,1,0,0.,0.,1.,1.,1.,1.,1.,1.,0.,0.,1.,0.,0.,1.,0.,       3551P   3709
0.,1.;                                                              3551P   3710
110,-222.8,-240.,12.,-222.8,-240.,11.5;                             3553P   3711
126,1,1,1,0,1,0,0.,0.,1.,1.,1.,1.,0.,1.,0.,0.,0.,0.,0.,1.,0.,       3555P   3712
0.,1.;                                                              3555P   3713
110,-222.8,-240.,11.5,-222.8,-249.,11.5;                            3557P   3714
126,1,1,1,0,1,0,0.,0.,1.,1.,1.,1.,0.,0.,0.,1.,0.,0.,0.,1.,0.,       3559P   3715
0.,1.;                                                              3559P   3716
110,-222.8,-249.,11.5,-222.8,-249.,12.;                             3561P   3717
126,1,1,1,0,1,0,0.,0.,1.,1.,1.,1.,1.,0.,0.,1.,1.,0.,0.,1.,0.,       3563P   3718
0.,1.;                                                              3563P   3719
110,-222.8,-249.,12.,-222.8,-240.,12.;                              3565P   3720
102,4,3551,3555,3559,3563;                                          3567P   3721
102,4,3553,3557,3561,3565;                                          3569P   3722
142,1,3549,3567,3569,1;                                             3571P   3723
144,3549,1,0,3571;                                                  3573P   3724
128,1,1,1,1,0,0,1,0,0,0.,0.,1.,1.,0.,0.,1.,1.,1.,1.,1.,1.,          3575P   3725
-221.8,-239.,11.5,-221.8,-239.,12.,-213.8,-239.,11.5,-213.8,        3575P   3726
-239.,12.,0.,1.,0.,1.;                                              3575P   3727
126,1,1,1,0,1,0,0.,0.,1.,1.,1.,1.,1.,1.,0.,0.,1.,0.,0.,1.,0.,       3577P   3728
0.,1.;                                                              3577P   3729
110,-213.8,-239.,12.,-213.8,-239.,11.5;                             3579P   3730
126,1,1,1,0,1,0,0.,0.,1.,1.,1.,1.,0.,1.,0.,0.,0.,0.,0.,1.,0.,       3581P   3731
0.,1.;                                                              3581P   3732
110,-213.8,-239.,11.5,-221.8,-239.,11.5;                            3583P   3733
126,1,1,1,0,1,0,0.,0.,1.,1.,1.,1.,0.,0.,0.,1.,0.,0.,0.,1.,0.,       3585P   3734
0.,1.;                                                              3585P   3735
110,-221.8,-239.,11.5,-221.8,-239.,12.;                             3587P   3736
126,1,1,1,0,1,0,0.,0.,1.,1.,1.,1.,1.,0.,0.,1.,1.,0.,0.,1.,0.,       3589P   3737
0.,1.;                                                              3589P   3738
110,-221.8,-239.,12.,-213.8,-239.,12.;                              3591P   3739
102,4,3577,3581,3585,3589;                                          3593P   3740
102,4,3579,3583,3587,3591;                                          3595P   3741
142,1,3575,3593,3595,1;                                             3597P   3742
144,3575,1,0,3597;                                                  3599P   3743
128,1,1,1,1,0,0,1,0,0,0.,0.,1.,1.,0.,0.,1.,1.,1.,1.,1.,1.,          3601P   3744
-212.8,-238.,11.5,-212.8,-238.,12.,-212.8,238.,11.5,-212.8,         3601P   3745
238.,12.,0.,1.,0.,1.;                                               3601P   3746
126,1,1,1,0,1,0,0.,0.,1.,1.,1.,1.,1.,1.,0.,0.,1.,0.,0.,1.,0.,       3603P   3747
0.,1.;                                                              3603P   3748
110,-212.8,238.,12.,-212.8,238.,11.5;                               3605P   3749
126,1,1,1,0,1,0,0.,0.,1.,1.,1.,1.,0.,1.,0.,0.,0.,0.,0.,1.,0.,       3607P   3750
0.,1.;                                                              3607P   3751
110,-212.8,238.,11.5,-212.8,-238.,11.5;                             3609P   3752
126,1,1,1,0,1,0,0.,0.,1.,1.,1.,1.,0.,0.,0.,1.,0.,0.,0.,1.,0.,       3611P   3753
0.,1.;                                                              3611P   3754
110,-212.8,-238.,11.5,-212.8,-238.,12.;                             3613P   3755
126,1,1,1,0,1,0,0.,0.,1.,1.,1.,1.,1.,0.,0.,1.,1.,0.,0.,1.,0.,       3615P   3756
0.,1.;                                                              3615P   3757
110,-212.8,-238.,12.,-212.8,238.,12.;                               3617P   3758
102,4,3603,3607,3611,3615;                                          3619P   3759
102,4,3605,3609,3613,3617;                                          3621P   3760
142,1,3601,3619,3621,1;                                             3623P   3761
144,3601,1,0,3623;                                                  3625P   3762
128,1,1,1,1,0,0,1,0,0,0.,0.,1.,1.,0.,0.,1.,1.,1.,1.,1.,1.,          3627P   3763
-221.8,239.,12.,-221.8,239.,11.5,-213.8,239.,12.,-213.8,239.,       3627P   3764
11.5,0.,1.,0.,1.;                                                   3627P   3765
126,1,1,1,0,1,0,0.,0.,1.,1.,1.,1.,0.,0.,0.,1.,0.,0.,0.,1.,0.,       3629P   3766
0.,1.;                                                              3629P   3767
110,-221.8,239.,12.,-221.8,239.,11.5;                               3631P   3768
126,1,1,1,0,1,0,0.,0.,1.,1.,1.,1.,1.,0.,0.,1.,1.,0.,0.,1.,0.,       3633P   3769
0.,1.;                                                              3633P   3770
110,-221.8,239.,11.5,-213.8,239.,11.5;                              3635P   3771
126,1,1,1,0,1,0,0.,0.,1.,1.,1.,1.,1.,1.,0.,0.,1.,0.,0.,1.,0.,       3637P   3772
0.,1.;                                                              3637P   3773
110,-213.8,239.,11.5,-213.8,239.,12.;                               3639P   3774
126,1,1,1,0,1,0,0.,0.,1.,1.,1.,1.,0.,1.,0.,0.,0.,0.,0.,1.,0.,       3641P   3775
0.,1.;                                                              3641P   3776
110,-213.8,239.,12.,-221.8,239.,12.;                                3643P   3777
102,4,3629,3633,3637,3641;                                          3645P   3778
102,4,3631,3635,3639,3643;                                          3647P   3779
142,1,3627,3645,3647,1;                                             3649P   3780
144,3627,1,0,3649;                                                  3651P   3781
128,1,1,1,1,0,0,1,0,0,0.,0.,1.,1.,0.,0.,1.,1.,1.,1.,1.,1.,          3653P   3782
222.8,-250.,11.5,-222.8,-250.,11.5,222.8,250.,11.5,-222.8,250.,     3653P   3783
11.5,0.,1.,0.,1.;                                                   3653P   3784
126,8,2,1,0,1,0,0.,0.,0.,0.25,0.25,0.5,0.5,0.75,0.75,1.,1.,1.,      3655P   3785
1.,1.,1.,1.,1.,1.,1.,1.,1.,0.,0.002,0.,0.,0.001602175,0.,           3655P   3786
0.000170827,0.001234633,0.,0.000341654,0.000867091,0.,              3655P   3787
0.000657301,0.000585786,0.,0.000972948,0.000304482,0.,              3655P   3788
0.00138536,0.000152241,0.,0.001797773,0.,0.,0.002244165,0.,0.,      3655P   3789
0.,1.,0.,0.,-1.;                                                    3655P   3790
124,1.,-1.40883900352873E-14,-6.98296267768627E-15,                 3657P   3791
-3.44147429526386E-12,-1.40883900352873E-14,-1.,0.,                 3657P   3792
-497.999999999997,-6.98296267768627E-15,9.83787018050981E-29,       3657P   3793
-1.,23.0000000000015;                                               3657P   3794
100,11.5,221.8,-249.,222.8,-249.,221.8,-248.;                       3659P   3795
126,1,1,1,0,1,0,0.,0.,1.,1.,1.,1.,0.002244165,0.,0.,                3661P   3796
0.997755835,0.,0.,0.,1.,0.,0.,1.;                                   3661P   3797
110,221.8,-250.,11.5,-221.8,-250.,11.5;                             3663P   3798
126,8,2,1,0,1,0,0.,0.,0.,0.25,0.25,0.5,0.5,0.75,0.75,1.,1.,1.,      3665P   3799
1.,1.,1.,1.,1.,1.,1.,1.,1.,0.997755835,0.,0.,0.998202227,0.,0.,     3665P   3800
0.99861464,0.000152241,0.,0.999027052,0.000304482,0.,               3665P   3801
0.999342699,0.000585786,0.,0.999658346,0.000867091,0.,              3665P   3802
0.999829173,0.001234633,0.,1.,0.001602175,0.,1.,0.002,0.,0.,1.,     3665P   3803
0.,0.,-1.;                                                          3665P   3804
124,-7.04419501764363E-15,-1.,0.,-470.800000000001,-1.,             3667P   3805
7.04419501764363E-15,6.98296267768627E-15,-470.799999999998,        3667P   3806
-6.98296267768627E-15,4.91893509025491E-29,-1.,                     3667P   3807
22.9999999999984;                                                   3667P   3808
100,11.5,-221.8,-249.,-220.8,-249.,-221.8,-248.;                    3669P   3809
126,1,1,1,0,1,0,0.,0.,1.,1.,1.,1.,1.,0.002,0.,1.,0.02,0.,0.,1.,     3671P   3810
0.,0.,1.;                                                           3671P   3811
110,-222.8,-249.,11.5,-222.8,-240.,11.5;                            3673P   3812
126,8,2,1,0,1,0,0.,0.,0.,0.25,0.25,0.5,0.5,0.75,0.75,1.,1.,1.,      3675P   3813
1.,1.,1.,1.,1.,1.,1.,1.,1.,1.,0.02,0.,1.,0.020397825,0.,            3675P   3814
0.999829173,0.020765367,0.,0.999658346,0.021132909,0.,              3675P   3815
0.999342699,0.021414214,0.,0.999027052,0.021695518,0.,              3675P   3816
0.99861464,0.021847759,0.,0.998202227,0.022,0.,0.997755835,         3675P   3817
0.022,0.,0.,1.,0.,0.,-1.;                                           3675P   3818
124,-1.,0.,6.98296267768627E-15,-443.6,0.,1.,0.,0.,                 3677P   3819
-6.98296267768627E-15,0.,-1.,22.9999999999984;                      3677P   3820
100,11.5,-221.8,-240.,-220.8,-240.,-221.8,-239.;                    3679P   3821
126,1,1,1,0,1,0,0.,0.,1.,1.,1.,1.,0.997755835,0.022,0.,             3681P   3822
0.979802513,0.022,0.,0.,1.,0.,0.,1.;                                3681P   3823
110,-221.8,-239.,11.5,-213.8,-239.,11.5;                            3683P   3824
126,8,2,1,0,1,0,0.,0.,0.,0.25,0.25,0.5,0.5,0.75,0.75,1.,1.,1.,      3685P   3825
1.,1.,1.,1.,1.,1.,1.,1.,1.,0.979802513,0.022,0.,0.979356121,        3685P   3826
0.022,0.,0.978943709,0.022152241,0.,0.978531296,0.022304482,0.,     3685P   3827
0.978215649,0.022585786,0.,0.977900002,0.022867091,0.,              3685P   3828
0.977729175,0.023234633,0.,0.977558348,0.023602175,0.,              3685P   3829
0.977558348,0.024,0.,0.,1.,0.,0.,1.;                                3685P   3830
100,11.5,-213.8,-238.,-213.8,-239.,-212.8,-238.;                    3687P   3831
126,1,1,1,0,1,0,0.,0.,1.,1.,1.,1.,0.977558348,0.024,0.,             3689P   3832
0.977558348,0.976,0.,0.,1.,0.,0.,1.;                                3689P   3833
110,-212.8,-238.,11.5,-212.8,238.,11.5;                             3691P   3834
126,8,2,1,0,1,0,0.,0.,0.,0.25,0.25,0.5,0.5,0.75,0.75,1.,1.,1.,      3693P   3835
1.,1.,1.,1.,1.,1.,1.,1.,1.,0.977558348,0.976,0.,0.977558348,        3693P   3836
0.976397825,0.,0.977729175,0.976765367,0.,0.977900002,              3693P   3837
0.977132909,0.,0.978215649,0.977414214,0.,0.978531296,              3693P   3838
0.977695518,0.,0.978943709,0.977847759,0.,0.979356121,0.978,0.,     3693P   3839
0.979802513,0.978,0.,0.,1.,0.,0.,1.;                                3693P   3840
100,11.5,-213.8,238.,-212.8,238.,-213.8,239.;                       3695P   3841
126,1,1,1,0,1,0,0.,0.,1.,1.,1.,1.,0.979802513,0.978,0.,             3697P   3842
0.997755835,0.978,0.,0.,1.,0.,0.,1.;                                3697P   3843
110,-213.8,239.,11.5,-221.8,239.,11.5;                              3699P   3844
126,8,2,1,0,1,0,0.,0.,0.,0.25,0.25,0.5,0.5,0.75,0.75,1.,1.,1.,      3701P   3845
1.,1.,1.,1.,1.,1.,1.,1.,1.,0.997755835,0.978,0.,0.998202227,        3701P   3846
0.978,0.,0.99861464,0.978152241,0.,0.999027052,0.978304482,0.,      3701P   3847
0.999342699,0.978585786,0.,0.999658346,0.978867091,0.,              3701P   3848
0.999829173,0.979234633,0.,1.,0.979602175,0.,1.,0.98,0.,0.,1.,      3701P   3849
0.,0.,-1.;                                                          3701P   3850
124,-7.04419501764363E-15,-1.,0.,18.1999999999984,-1.,              3703P   3851
7.04419501764363E-15,6.98296267768627E-15,18.1999999999982,         3703P   3852
-6.98296267768627E-15,4.91893509025491E-29,-1.,                     3703P   3853
22.9999999999985;                                                   3703P   3854
100,11.5,-221.8,240.,-220.8,240.,-221.8,241.;                       3705P   3855
126,1,1,1,0,1,0,0.,0.,1.,1.,1.,1.,1.,0.98,0.,1.,0.998,0.,0.,1.,     3707P   3856
0.,0.,1.;                                                           3707P   3857
110,-222.8,240.,11.5,-222.8,249.,11.5;                              3709P   3858
126,8,2,1,0,1,0,0.,0.,0.,0.25,0.25,0.5,0.5,0.75,0.75,1.,1.,1.,      3711P   3859
1.,1.,1.,1.,1.,1.,1.,1.,1.,1.,0.998,0.,1.,0.998397825,0.,           3711P   3860
0.999829173,0.998765367,0.,0.999658346,0.999132909,0.,              3711P   3861
0.999342699,0.999414214,0.,0.999027052,0.999695518,0.,              3711P   3862
0.99861464,0.999847759,0.,0.998202227,1.,0.,0.997755835,1.,0.,      3711P   3863
0.,1.,0.,0.,-1.;                                                    3711P   3864
124,-1.,0.,6.98296267768627E-15,-443.6,0.,1.,0.,0.,                 3713P   3865
-6.98296267768627E-15,0.,-1.,22.9999999999984;                      3713P   3866
100,11.5,-221.8,249.,-220.8,249.,-221.8,250.;                       3715P   3867
126,1,1,1,0,1,0,0.,0.,1.,1.,1.,1.,0.997755835,1.,0.,                3717P   3868
0.002244165,1.,0.,0.,1.,0.,0.,1.;                                   3717P   3869
110,-221.8,250.,11.5,221.8,250.,11.5;                               3719P   3870
126,8,2,1,0,1,0,0.,0.,0.,0.25,0.25,0.5,0.5,0.75,0.75,1.,1.,1.,      3721P   3871
1.,1.,1.,1.,1.,1.,1.,1.,1.,0.002244165,1.,0.,0.001797773,1.,0.,     3721P   3872
0.00138536,0.999847759,0.,0.000972948,0.999695518,0.,               3721P   3873
0.000657301,0.999414214,0.,0.000341654,0.999132909,0.,              3721P   3874
0.000170827,0.998765367,0.,0.,0.998397825,0.,0.,0.998,0.,0.,1.,     3721P   3875
0.,0.,-1.;                                                          3721P   3876
124,6.12323399573677E-17,1.,0.,-27.2000000000001,1.,                3723P   3877
-6.12323399573677E-17,-6.98296267768627E-15,27.2000000000001,       3723P   3878
-6.98296267768627E-15,4.27583144589696E-31,-1.,                     3723P   3879
23.0000000000015;                                                   3723P   3880
100,11.5,221.8,249.,222.8,249.,221.8,250.;                          3725P   3881
126,1,1,1,0,1,0,0.,0.,1.,1.,1.,1.,0.,0.998,0.,0.,0.98,0.,0.,1.,     3727P   3882
0.,0.,1.;                                                           3727P   3883
110,222.8,249.,11.5,222.8,240.,11.5;                                3729P   3884
126,8,2,1,0,1,0,0.,0.,0.,0.25,0.25,0.5,0.5,0.75,0.75,1.,1.,1.,      3731P   3885
1.,1.,1.,1.,1.,1.,1.,1.,1.,0.,0.98,0.,0.,0.979602175,0.,            3731P   3886
0.000170827,0.979234633,0.,0.000341654,0.978867091,0.,              3731P   3887
0.000657301,0.978585786,0.,0.000972948,0.978304482,0.,              3731P   3888
0.00138536,0.978152241,0.,0.001797773,0.978,0.,0.002244165,         3731P   3889
0.978,0.,0.,1.,0.,0.,-1.;                                           3731P   3890
124,1.,-1.40883900352873E-14,-6.98296267768627E-15,                 3733P   3891
3.45358840657111E-12,-1.40883900352873E-14,-1.,0.,                  3733P   3892
480.000000000003,-6.98296267768627E-15,9.83787018050981E-29,        3733P   3893
-1.,23.0000000000015;                                               3733P   3894
100,11.5,221.8,240.,222.8,240.,221.8,241.;                          3735P   3895
126,1,1,1,0,1,0,0.,0.,1.,1.,1.,1.,0.002244165,0.978,0.,             3737P   3896
0.020197487,0.978,0.,0.,1.,0.,0.,1.;                                3737P   3897
110,221.8,239.,11.5,213.8,239.,11.5;                                3739P   3898
126,8,2,1,0,1,0,0.,0.,0.,0.25,0.25,0.5,0.5,0.75,0.75,1.,1.,1.,      3741P   3899
1.,1.,1.,1.,1.,1.,1.,1.,1.,0.020197487,0.978,0.,0.020643879,        3741P   3900
0.978,0.,0.021056291,0.977847759,0.,0.021468704,0.977695518,0.,     3741P   3901
0.021784351,0.977414214,0.,0.022099998,0.977132909,0.,              3741P   3902
0.022270825,0.976765367,0.,0.022441652,0.976397825,0.,              3741P   3903
0.022441652,0.976,0.,0.,1.,0.,0.,1.;                                3741P   3904
100,11.5,213.8,238.,213.8,239.,212.8,238.;                          3743P   3905
126,1,1,1,0,1,0,0.,0.,1.,1.,1.,1.,0.022441652,0.976,0.,             3745P   3906
0.022441652,0.024,0.,0.,1.,0.,0.,1.;                                3745P   3907
110,212.8,238.,11.5,212.8,-238.,11.5;                               3747P   3908
126,8,2,1,0,1,0,0.,0.,0.,0.25,0.25,0.5,0.5,0.75,0.75,1.,1.,1.,      3749P   3909
1.,1.,1.,1.,1.,1.,1.,1.,1.,0.022441652,0.024,0.,0.022441652,        3749P   3910
0.023602175,0.,0.022270825,0.023234633,0.,0.022099998,              3749P   3911
0.022867091,0.,0.021784351,0.022585786,0.,0.021468704,              3749P   3912
0.022304482,0.,0.021056291,0.022152241,0.,0.020643879,0.022,0.,     3749P   3913
0.020197487,0.022,0.,0.,1.,0.,0.,1.;                                3749P   3914
100,11.5,213.8,-238.,212.8,-238.,213.8,-239.;                       3751P   3915
126,1,1,1,0,1,0,0.,0.,1.,1.,1.,1.,0.020197487,0.022,0.,             3753P   3916
0.002244165,0.022,0.,0.,1.,0.,0.,1.;                                3753P   3917
110,213.8,-239.,11.5,221.8,-239.,11.5;                              3755P   3918
126,8,2,1,0,1,0,0.,0.,0.,0.25,0.25,0.5,0.5,0.75,0.75,1.,1.,1.,      3757P   3919
1.,1.,1.,1.,1.,1.,1.,1.,1.,0.002244165,0.022,0.,0.001797773,        3757P   3920
0.022,0.,0.00138536,0.021847759,0.,0.000972948,0.021695518,0.,      3757P   3921
0.000657301,0.021414214,0.,0.000341654,0.021132909,0.,              3757P   3922
0.000170827,0.020765367,0.,0.,0.020397825,0.,0.,0.02,0.,0.,1.,      3757P   3923
0.,0.,-1.;                                                          3757P   3924
124,6.12323399573677E-17,1.,0.,461.8,1.,-6.12323399573677E-17,      3759P   3925
-6.98296267768627E-15,-461.8,-6.98296267768627E-15,                 3759P   3926
4.27583144589696E-31,-1.,23.0000000000015;                          3759P   3927
100,11.5,221.8,-240.,222.8,-240.,221.8,-239.;                       3761P   3928
126,1,1,1,0,1,0,0.,0.,1.,1.,1.,1.,0.,0.02,0.,0.,0.002,0.,0.,1.,     3763P   3929
0.,0.,1.;                                                           3763P   3930
110,222.8,-240.,11.5,222.8,-249.,11.5;                              3765P   3931
102,24,3655,3661,3665,3671,3675,3681,3685,3689,3693,3697,3701,      3767P   3932
3707,3711,3717,3721,3727,3731,3737,3741,3745,3749,3753,3757,        3767P   3933
3763;                                                               3767P   3934
102,24,3659,3663,3669,3673,3679,3683,3687,3691,3695,3699,3705,      3769P   3935
3709,3715,3719,3725,3729,3735,3739,3743,3747,3751,3755,3761,        3769P   3936
3765;                                                               3769P   3937
142,1,3653,3767,3769,1;                                             3771P   3938
144,3653,1,0,3771;                                                  3773P   3939
110,-232.,-235.,-988.5,-232.,-235.,11.5;                            3775P   3940
110,-226.5,-235.,11.5,-226.,-235.,12.;                              3777P   3941
120,3775,3777,0.,6.28318530717959;                                  3779P   3942
126,1,1,1,0,1,0,0.,0.,1.,1.,1.,1.,1.,3.141592654,0.,1.,0.,0.,       3781P   3943
0.,1.,0.,0.,1.;                                                     3781P   3944
124,-1.,-6.98296267768627E-15,0.,-464.000000000002,                 3783P   3945
-6.98296267768627E-15,1.,-6.98296267768627E-15,                     3783P   3946
-1.54594691932239E-12,4.87617677579594E-29,                         3783P   3947
-6.98296267768627E-15,-1.,23.9999999999984;                         3783P   3948
100,12.,-232.,-235.,-226.,-235.,-238.,-235.;                        3785P   3949
126,1,1,1,0,1,0,0.,0.,1.,1.,1.,1.,1.,0.,0.,0.,0.,0.,0.,1.,0.,       3787P   3950
0.,1.;                                                              3787P   3951
110,-226.,-235.,12.,-226.5,-235.,11.5;                              3789P   3952
126,1,1,1,0,1,0,0.,0.,1.,1.,1.,1.,0.,0.,0.,0.,3.141592654,0.,       3791P   3953
0.,1.,0.,0.,1.;                                                     3791P   3954
100,11.5,-232.,-235.,-226.5,-235.,-237.5,-235.;                     3793P   3955
126,1,1,1,0,1,0,0.,0.,1.,1.,1.,1.,0.,3.141592654,0.,1.,             3795P   3956
3.141592654,0.,0.,1.,0.,0.,1.;                                      3795P   3957
110,-237.5,-235.,11.5,-238.,-235.,12.;                              3797P   3958
102,4,3781,3787,3791,3795;                                          3799P   3959
102,4,3785,3789,3793,3797;                                          3801P   3960
142,1,3779,3799,3801,1;                                             3803P   3961
144,3779,1,0,3803;                                                  3805P   3962
110,-232.,-235.,0.,-232.,-235.,-1000.;                              3807P   3963
110,-237.5,-235.,11.5,-237.5,-235.,0.5;                             3809P   3964
120,3807,3809,0.,6.28318530717959;                                  3811P   3965
126,1,1,1,0,1,0,0.,0.,1.,1.,1.,1.,1.,3.141592654,0.,1.,0.,0.,       3813P   3966
0.,1.,0.,0.,1.;                                                     3813P   3967
100,0.5,-232.,-235.,-226.5,-235.,-237.5,-235.;                      3815P   3968
126,1,1,1,0,1,0,0.,0.,1.,1.,1.,1.,1.,0.,0.,0.,0.,0.,0.,1.,0.,       3817P   3969
0.,1.;                                                              3817P   3970
110,-237.5,-235.,0.5,-237.5,-235.,11.5;                             3819P   3971
126,1,1,1,0,1,0,0.,0.,1.,1.,1.,1.,0.,0.,0.,0.,3.141592654,0.,       3821P   3972
0.,1.,0.,0.,1.;                                                     3821P   3973
124,-1.,-6.98296267768627E-15,0.,-464.000000000002,                 3823P   3974
-6.98296267768627E-15,1.,-6.98296267768627E-15,                     3823P   3975
-1.55292988200008E-12,4.87617677579594E-29,                         3823P   3976
-6.98296267768627E-15,-1.,22.9999999999984;                         3823P   3977
100,11.5,-232.,-235.,-226.5,-235.,-237.5,-235.;                     3825P   3978
126,1,1,1,0,1,0,0.,0.,1.,1.,1.,1.,0.,3.141592654,0.,1.,             3827P   3979
3.141592654,0.,0.,1.,0.,0.,1.;                                      3827P   3980
110,-226.5,-235.,11.5,-226.5,-235.,0.5;                             3829P   3981
102,4,3813,3817,3821,3827;                                          3831P   3982
102,4,3815,3819,3825,3829;                                          3833P   3983
142,1,3811,3831,3833,1;                                             3835P   3984
144,3811,1,0,3835;                                                  3837P   3985
110,-232.,-235.,1000.,-232.,-235.,0.;                               3839P   3986
110,-237.5,-235.,0.5,-238.,-235.,0.;                                3841P   3987
120,3839,3841,0.,6.28318530717959;                                  3843P   3988
126,1,1,1,0,1,0,0.,0.,1.,1.,1.,1.,1.,3.141592654,0.,1.,0.,0.,       3845P   3989
0.,1.,0.,0.,1.;                                                     3845P   3990
100,0.,-232.,-235.,-226.,-235.,-238.,-235.;                         3847P   3991
126,1,1,1,0,1,0,0.,0.,1.,1.,1.,1.,1.,0.,0.,0.,0.,0.,0.,1.,0.,       3849P   3992
0.,1.;                                                              3849P   3993
110,-238.,-235.,0.,-237.5,-235.,0.5;                                3851P   3994
126,1,1,1,0,1,0,0.,0.,1.,1.,1.,1.,0.,0.,0.,0.,3.141592654,0.,       3853P   3995
0.,1.,0.,0.,1.;                                                     3853P   3996
124,-1.,-6.98296267768627E-15,0.,-464.000000000002,                 3855P   3997
-6.98296267768627E-15,1.,-6.98296267768627E-15,                     3855P   3998
-1.62328833406229E-12,4.87617677579594E-29,                         3855P   3999
-6.98296267768627E-15,-1.,0.999999999998349;                        3855P   4000
100,0.5,-232.,-235.,-226.5,-235.,-237.5,-235.;                      3857P   4001
126,1,1,1,0,1,0,0.,0.,1.,1.,1.,1.,0.,3.141592654,0.,1.,             3859P   4002
3.141592654,0.,0.,1.,0.,0.,1.;                                      3859P   4003
110,-226.5,-235.,0.5,-226.,-235.,0.;                                3861P   4004
102,4,3845,3849,3853,3859;                                          3863P   4005
102,4,3847,3851,3857,3861;                                          3865P   4006
142,1,3843,3863,3865,1;                                             3867P   4007
144,3843,1,0,3867;                                                  3869P   4008
110,-190.,270.,-988.5,-190.,270.,11.5;                              3871P   4009
110,-184.5,270.,11.5,-184.,270.,12.;                                3873P   4010
120,3871,3873,0.,6.28318530717959;                                  3875P   4011
126,1,1,1,0,1,0,0.,0.,1.,1.,1.,1.,1.,3.141592654,0.,1.,0.,0.,       3877P   4012
0.,1.,0.,0.,1.;                                                     3877P   4013
124,-1.,-6.98296267768627E-15,0.,-379.999999999995,                 3879P   4014
-6.98296267768627E-15,1.,-6.98296267768627E-15,                     3879P   4015
-1.26468938616859E-12,4.87617677579594E-29,                         3879P   4016
-6.98296267768627E-15,-1.,24.0000000000019;                         3879P   4017
100,12.,-190.,270.,-184.,270.,-196.,270.;                           3881P   4018
126,1,1,1,0,1,0,0.,0.,1.,1.,1.,1.,1.,0.,0.,0.,0.,0.,0.,1.,0.,       3883P   4019
0.,1.;                                                              3883P   4020
110,-184.,270.,12.,-184.5,270.,11.5;                                3885P   4021
126,1,1,1,0,1,0,0.,0.,1.,1.,1.,1.,0.,0.,0.,0.,3.141592654,0.,       3887P   4022
0.,1.,0.,0.,1.;                                                     3887P   4023
100,11.5,-190.,270.,-184.5,270.,-195.5,270.;                        3889P   4024
126,1,1,1,0,1,0,0.,0.,1.,1.,1.,1.,0.,3.141592654,0.,1.,             3891P   4025
3.141592654,0.,0.,1.,0.,0.,1.;                                      3891P   4026
110,-195.5,270.,11.5,-196.,270.,12.;                                3893P   4027
102,4,3877,3883,3887,3891;                                          3895P   4028
102,4,3881,3885,3889,3893;                                          3897P   4029
142,1,3875,3895,3897,1;                                             3899P   4030
144,3875,1,0,3899;                                                  3901P   4031
110,-190.,270.,0.,-190.,270.,-1000.;                                3903P   4032
110,-195.5,270.,11.5,-195.5,270.,0.5;                               3905P   4033
120,3903,3905,0.,6.28318530717959;                                  3907P   4034
126,1,1,1,0,1,0,0.,0.,1.,1.,1.,1.,1.,3.141592654,0.,1.,0.,0.,       3909P   4035
0.,1.,0.,0.,1.;                                                     3909P   4036
100,0.5,-190.,270.,-184.5,270.,-195.5,270.;                         3911P   4037
126,1,1,1,0,1,0,0.,0.,1.,1.,1.,1.,1.,0.,0.,0.,0.,0.,0.,1.,0.,       3913P   4038
0.,1.;                                                              3913P   4039
110,-195.5,270.,0.5,-195.5,270.,11.5;                               3915P   4040
126,1,1,1,0,1,0,0.,0.,1.,1.,1.,1.,0.,0.,0.,0.,3.141592654,0.,       3917P   4041
0.,1.,0.,0.,1.;                                                     3917P   4042
124,-1.,-6.98296267768627E-15,0.,-379.999999999995,                 3919P   4043
-6.98296267768627E-15,1.,-6.98296267768627E-15,                     3919P   4044
-1.21616119761502E-12,4.87617677579594E-29,                         3919P   4045
-6.98296267768627E-15,-1.,23.0000000000019;                         3919P   4046
100,11.5,-190.,270.,-184.5,270.,-195.5,270.;                        3921P   4047
126,1,1,1,0,1,0,0.,0.,1.,1.,1.,1.,0.,3.141592654,0.,1.,             3923P   4048
3.141592654,0.,0.,1.,0.,0.,1.;                                      3923P   4049
110,-184.5,270.,11.5,-184.5,270.,0.5;                               3925P   4050
102,4,3909,3913,3917,3923;                                          3927P   4051
102,4,3911,3915,3921,3925;                                          3929P   4052
142,1,3907,3927,3929,1;                                             3931P   4053
144,3907,1,0,3931;                                                  3933P   4054
110,-190.,270.,1000.,-190.,270.,0.;                                 3935P   4055
110,-195.5,270.,0.5,-196.,270.,0.;                                  3937P   4056
120,3935,3937,0.,6.28318530717959;                                  3939P   4057
126,1,1,1,0,1,0,0.,0.,1.,1.,1.,1.,1.,3.141592654,0.,1.,0.,0.,       3941P   4058
0.,1.,0.,0.,1.;                                                     3941P   4059
100,0.,-190.,270.,-184.,270.,-196.,270.;                            3943P   4060
126,1,1,1,0,1,0,0.,0.,1.,1.,1.,1.,1.,0.,0.,0.,0.,0.,0.,1.,0.,       3945P   4061
0.,1.;                                                              3945P   4062
110,-196.,270.,0.,-195.5,270.,0.5;                                  3947P   4063
126,1,1,1,0,1,0,0.,0.,1.,1.,1.,1.,0.,0.,0.,0.,3.141592654,0.,       3949P   4064
0.,1.,0.,0.,1.;                                                     3949P   4065
124,-1.,-6.98296267768627E-15,0.,-379.999999999995,                 3951P   4066
-6.98296267768627E-15,1.,-6.98296267768627E-15,                     3951P   4067
-1.31427522529286E-12,4.87617677579594E-29,                         3951P   4068
-6.98296267768627E-15,-1.,1.00000000000188;                         3951P   4069
100,0.5,-190.,270.,-184.5,270.,-195.5,270.;                         3953P   4070
126,1,1,1,0,1,0,0.,0.,1.,1.,1.,1.,0.,3.141592654,0.,1.,             3955P   4071
3.141592654,0.,0.,1.,0.,0.,1.;                                      3955P   4072
110,-184.5,270.,0.5,-184.,270.,0.;                                  3957P   4073
102,4,3941,3945,3949,3955;                                          3959P   4074
102,4,3943,3947,3953,3957;                                          3961P   4075
142,1,3939,3959,3961,1;                                             3963P   4076
144,3939,1,0,3963;                                                  3965P   4077
110,-95.,270.,-988.5,-95.,270.,11.5;                                3967P   4078
110,-89.5,270.,11.5,-89.,270.,12.;                                  3969P   4079
120,3967,3969,0.,6.28318530717959;                                  3971P   4080
126,1,1,1,0,1,0,0.,0.,1.,1.,1.,1.,1.,3.141592654,0.,1.,0.,0.,       3973P   4081
0.,1.,0.,0.,1.;                                                     3973P   4082
124,-1.,-6.98296267768627E-15,0.,-189.999999999994,                 3975P   4083
-6.98296267768627E-15,1.,-6.98296267768627E-15,                     3975P   4084
-6.0406029218329E-13,4.87617677579594E-29,                          3975P   4085
-6.98296267768627E-15,-1.,24.0000000000019;                         3975P   4086
100,12.,-95.,270.,-89.,270.,-101.,270.;                             3977P   4087
126,1,1,1,0,1,0,0.,0.,1.,1.,1.,1.,1.,0.,0.,0.,0.,0.,0.,1.,0.,       3979P   4088
0.,1.;                                                              3979P   4089
110,-89.,270.,12.,-89.5,270.,11.5;                                  3981P   4090
126,1,1,1,0,1,0,0.,0.,1.,1.,1.,1.,0.,0.,0.,0.,3.141592654,0.,       3983P   4091
0.,1.,0.,0.,1.;                                                     3983P   4092
100,11.5,-95.,270.,-89.5,270.,-100.5,270.;                          3985P   4093
126,1,1,1,0,1,0,0.,0.,1.,1.,1.,1.,0.,3.141592654,0.,1.,             3987P   4094
3.141592654,0.,0.,1.,0.,0.,1.;                                      3987P   4095
110,-100.5,270.,11.5,-101.,270.,12.;                                3989P   4096
102,4,3973,3979,3983,3987;                                          3991P   4097
102,4,3977,3981,3985,3989;                                          3993P   4098
142,1,3971,3991,3993,1;                                             3995P   4099
144,3971,1,0,3995;                                                  3997P   4100
110,-95.,270.,0.,-95.,270.,-1000.;                                  3999P   4101
110,-100.5,270.,11.5,-100.5,270.,0.5;                               4001P   4102
120,3999,4001,0.,6.28318530717959;                                  4003P   4103
126,1,1,1,0,1,0,0.,0.,1.,1.,1.,1.,1.,3.141592654,0.,1.,0.,0.,       4005P   4104
0.,1.,0.,0.,1.;                                                     4005P   4105
100,0.5,-95.,270.,-89.5,270.,-100.5,270.;                           4007P   4106
126,1,1,1,0,1,0,0.,0.,1.,1.,1.,1.,1.,0.,0.,0.,0.,0.,0.,1.,0.,       4009P   4107
0.,1.;                                                              4009P   4108
110,-100.5,270.,0.5,-100.5,270.,11.5;                               4011P   4109
126,1,1,1,0,1,0,0.,0.,1.,1.,1.,1.,0.,0.,0.,0.,3.141592654,0.,       4013P   4110
0.,1.,0.,0.,1.;                                                     4013P   4111
124,-1.,-6.98296267768627E-15,0.,-189.999999999994,                 4015P   4112
-6.98296267768627E-15,1.,-6.98296267768627E-15,                     4015P   4113
-5.55532103629719E-13,4.87617677579594E-29,                         4015P   4114
-6.98296267768627E-15,-1.,23.0000000000019;                         4015P   4115
100,11.5,-95.,270.,-89.5,270.,-100.5,270.;                          4017P   4116
126,1,1,1,0,1,0,0.,0.,1.,1.,1.,1.,0.,3.141592654,0.,1.,             4019P   4117
3.141592654,0.,0.,1.,0.,0.,1.;                                      4019P   4118
110,-89.5,270.,11.5,-89.5,270.,0.5;                                 4021P   4119
102,4,4005,4009,4013,4019;                                          4023P   4120
102,4,4007,4011,4017,4021;                                          4025P   4121
142,1,4003,4023,4025,1;                                             4027P   4122
144,4003,1,0,4027;                                                  4029P   4123
110,-95.,270.,1000.,-95.,270.,0.;                                   4031P   4124
110,-100.5,270.,0.5,-101.,270.,0.;                                  4033P   4125
120,4031,4033,0.,6.28318530717959;                                  4035P   4126
126,1,1,1,0,1,0,0.,0.,1.,1.,1.,1.,1.,3.141592654,0.,1.,0.,0.,       4037P   4127
0.,1.,0.,0.,1.;                                                     4037P   4128
100,0.,-95.,270.,-89.,270.,-101.,270.;                              4039P   4129
126,1,1,1,0,1,0,0.,0.,1.,1.,1.,1.,1.,0.,0.,0.,0.,0.,0.,1.,0.,       4041P   4130
0.,1.;                                                              4041P   4131
110,-101.,270.,0.,-100.5,270.,0.5;                                  4043P   4132
126,1,1,1,0,1,0,0.,0.,1.,1.,1.,1.,0.,0.,0.,0.,3.141592654,0.,       4045P   4133
0.,1.,0.,0.,1.;                                                     4045P   4134
124,-1.,-6.98296267768627E-15,0.,-189.999999999994,                 4047P   4135
-6.98296267768627E-15,1.,-6.98296267768627E-15,                     4047P   4136
-6.53646131307559E-13,4.87617677579594E-29,                         4047P   4137
-6.98296267768627E-15,-1.,1.00000000000188;                         4047P   4138
100,0.5,-95.,270.,-89.5,270.,-100.5,270.;                           4049P   4139
126,1,1,1,0,1,0,0.,0.,1.,1.,1.,1.,0.,3.141592654,0.,1.,             4051P   4140
3.141592654,0.,0.,1.,0.,0.,1.;                                      4051P   4141
110,-89.5,270.,0.5,-89.,270.,0.;                                    4053P   4142
102,4,4037,4041,4045,4051;                                          4055P   4143
102,4,4039,4043,4049,4053;                                          4057P   4144
142,1,4035,4055,4057,1;                                             4059P   4145
144,4035,1,0,4059;                                                  4061P   4146
110,0.,270.,-988.5,0.,270.,11.5;                                    4063P   4147
110,5.5,270.,11.5,6.,270.,12.;                                      4065P   4148
120,4063,4065,0.,6.28318530717959;                                  4067P   4149
126,1,1,1,0,1,0,0.,0.,1.,1.,1.,1.,1.,3.141592654,0.,1.,0.,0.,       4069P   4150
0.,1.,0.,0.,1.;                                                     4069P   4151
124,-1.,-6.98296267768627E-15,0.,5.56886018052952E-12,              4071P   4152
-6.98296267768627E-15,1.,-6.98296267768627E-15,                     4071P   4153
5.65688018020068E-14,4.87617677579594E-29,                          4071P   4154
-6.98296267768627E-15,-1.,24.0000000000019;                         4071P   4155
100,12.,0.,270.,6.,270.,-6.,270.;                                   4073P   4156
126,1,1,1,0,1,0,0.,0.,1.,1.,1.,1.,1.,0.,0.,0.,0.,0.,0.,1.,0.,       4075P   4157
0.,1.;                                                              4075P   4158
110,6.,270.,12.,5.5,270.,11.5;                                      4077P   4159
126,1,1,1,0,1,0,0.,0.,1.,1.,1.,1.,0.,0.,0.,0.,3.141592654,0.,       4079P   4160
0.,1.,0.,0.,1.;                                                     4079P   4161
100,11.5,0.,270.,5.5,270.,-5.5,270.;                                4081P   4162
126,1,1,1,0,1,0,0.,0.,1.,1.,1.,1.,0.,3.141592654,0.,1.,             4083P   4163
3.141592654,0.,0.,1.,0.,0.,1.;                                      4083P   4164
110,-5.5,270.,11.5,-6.,270.,12.;                                    4085P   4165
102,4,4069,4075,4079,4083;                                          4087P   4166
102,4,4073,4077,4081,4085;                                          4089P   4167
142,1,4067,4087,4089,1;                                             4091P   4168
144,4067,1,0,4091;                                                  4093P   4169
110,0.,270.,0.,0.,270.,-1000.;                                      4095P   4170
110,-5.5,270.,11.5,-5.5,270.,0.5;                                   4097P   4171
120,4095,4097,0.,6.28318530717959;                                  4099P   4172
126,1,1,1,0,1,0,0.,0.,1.,1.,1.,1.,1.,3.141592654,0.,1.,0.,0.,       4101P   4173
0.,1.,0.,0.,1.;                                                     4101P   4174
100,0.5,0.,270.,5.5,270.,-5.5,270.;                                 4103P   4175
126,1,1,1,0,1,0,0.,0.,1.,1.,1.,1.,1.,0.,0.,0.,0.,0.,0.,1.,0.,       4105P   4176
0.,1.;                                                              4105P   4177
110,-5.5,270.,0.5,-5.5,270.,11.5;                                   4107P   4178
126,1,1,1,0,1,0,0.,0.,1.,1.,1.,1.,0.,0.,0.,0.,3.141592654,0.,       4109P   4179
0.,1.,0.,0.,1.;                                                     4109P   4180
124,-1.,-6.98296267768627E-15,0.,5.56886018052952E-12,              4111P   4181
-6.98296267768627E-15,1.,-6.98296267768627E-15,                     4111P   4182
1.05096990355578E-13,4.87617677579594E-29,                          4111P   4183
-6.98296267768627E-15,-1.,23.0000000000019;                         4111P   4184
100,11.5,0.,270.,5.5,270.,-5.5,270.;                                4113P   4185
126,1,1,1,0,1,0,0.,0.,1.,1.,1.,1.,0.,3.141592654,0.,1.,             4115P   4186
3.141592654,0.,0.,1.,0.,0.,1.;                                      4115P   4187
110,5.5,270.,11.5,5.5,270.,0.5;                                     4117P   4188
102,4,4101,4105,4109,4115;                                          4119P   4189
102,4,4103,4107,4113,4117;                                          4121P   4190
142,1,4099,4119,4121,1;                                             4123P   4191
144,4099,1,0,4123;                                                  4125P   4192
110,0.,270.,1000.,0.,270.,0.;                                       4127P   4193
110,-5.5,270.,0.5,-6.,270.,0.;                                      4129P   4194
120,4127,4129,0.,6.28318530717959;                                  4131P   4195
126,1,1,1,0,1,0,0.,0.,1.,1.,1.,1.,1.,3.141592654,0.,1.,0.,0.,       4133P   4196
0.,1.,0.,0.,1.;                                                     4133P   4197
100,0.,0.,270.,6.,270.,-6.,270.;                                    4135P   4198
126,1,1,1,0,1,0,0.,0.,1.,1.,1.,1.,1.,0.,0.,0.,0.,0.,0.,1.,0.,       4137P   4199
0.,1.;                                                              4137P   4200
110,-6.,270.,0.,-5.5,270.,0.5;                                      4139P   4201
126,1,1,1,0,1,0,0.,0.,1.,1.,1.,1.,0.,0.,0.,0.,3.141592654,0.,       4141P   4202
0.,1.,0.,0.,1.;                                                     4141P   4203
124,-1.,-6.98296267768627E-15,0.,5.56886018052952E-12,              4143P   4204
-6.98296267768627E-15,1.,-6.98296267768627E-15,                     4143P   4205
6.98296267773825E-15,4.87617677579594E-29,                          4143P   4206
-6.98296267768627E-15,-1.,1.00000000000188;                         4143P   4207
100,0.5,0.,270.,5.5,270.,-5.5,270.;                                 4145P   4208
126,1,1,1,0,1,0,0.,0.,1.,1.,1.,1.,0.,3.141592654,0.,1.,             4147P   4209
3.141592654,0.,0.,1.,0.,0.,1.;                                      4147P   4210
110,5.5,270.,0.5,6.,270.,0.;                                        4149P   4211
102,4,4133,4137,4141,4147;                                          4151P   4212
102,4,4135,4139,4145,4149;                                          4153P   4213
142,1,4131,4151,4153,1;                                             4155P   4214
144,4131,1,0,4155;                                                  4157P   4215
110,95.,270.,-988.5,95.,270.,11.5;                                  4159P   4216
110,100.5,270.,11.5,101.,270.,12.;                                  4161P   4217
120,4159,4161,0.,6.28318530717959;                                  4163P   4218
126,1,1,1,0,1,0,0.,0.,1.,1.,1.,1.,1.,3.141592654,0.,1.,0.,0.,       4165P   4219
0.,1.,0.,0.,1.;                                                     4165P   4220
124,-1.,-6.98296267768627E-15,0.,190.000000000006,                  4167P   4221
-6.98296267768627E-15,1.,-6.98296267768627E-15,                     4167P   4222
7.17197895787304E-13,4.87617677579594E-29,                          4167P   4223
-6.98296267768627E-15,-1.,24.0000000000019;                         4167P   4224
100,12.,95.,270.,101.,270.,89.,270.;                                4169P   4225
126,1,1,1,0,1,0,0.,0.,1.,1.,1.,1.,1.,0.,0.,0.,0.,0.,0.,1.,0.,       4171P   4226
0.,1.;                                                              4171P   4227
110,101.,270.,12.,100.5,270.,11.5;                                  4173P   4228
126,1,1,1,0,1,0,0.,0.,1.,1.,1.,1.,0.,0.,0.,0.,3.141592654,0.,       4175P   4229
0.,1.,0.,0.,1.;                                                     4175P   4230
100,11.5,95.,270.,100.5,270.,89.5,270.;                             4177P   4231
126,1,1,1,0,1,0,0.,0.,1.,1.,1.,1.,0.,3.141592654,0.,1.,             4179P   4232
3.141592654,0.,0.,1.,0.,0.,1.;                                      4179P   4233
110,89.5,270.,11.5,89.,270.,12.;                                    4181P   4234
102,4,4165,4171,4175,4179;                                          4183P   4235
102,4,4169,4173,4177,4181;                                          4185P   4236
142,1,4163,4183,4185,1;                                             4187P   4237
144,4163,1,0,4187;                                                  4189P   4238
110,95.,270.,0.,95.,270.,-1000.;                                    4191P   4239
110,89.5,270.,11.5,89.5,270.,0.5;                                   4193P   4240
120,4191,4193,0.,6.28318530717959;                                  4195P   4241
126,1,1,1,0,1,0,0.,0.,1.,1.,1.,1.,1.,3.141592654,0.,1.,0.,0.,       4197P   4242
0.,1.,0.,0.,1.;                                                     4197P   4243
100,0.5,95.,270.,100.5,270.,89.5,270.;                              4199P   4244
126,1,1,1,0,1,0,0.,0.,1.,1.,1.,1.,1.,0.,0.,0.,0.,0.,0.,1.,0.,       4201P   4245
0.,1.;                                                              4201P   4246
110,89.5,270.,0.5,89.5,270.,11.5;                                   4203P   4247
126,1,1,1,0,1,0,0.,0.,1.,1.,1.,1.,0.,0.,0.,0.,3.141592654,0.,       4205P   4248
0.,1.,0.,0.,1.;                                                     4205P   4249
124,-1.,-6.98296267768627E-15,0.,190.000000000006,                  4207P   4250
-6.98296267768627E-15,1.,-6.98296267768627E-15,                     4207P   4251
7.65726084340876E-13,4.87617677579594E-29,                          4207P   4252
-6.98296267768627E-15,-1.,23.0000000000019;                         4207P   4253
100,11.5,95.,270.,100.5,270.,89.5,270.;                             4209P   4254
126,1,1,1,0,1,0,0.,0.,1.,1.,1.,1.,0.,3.141592654,0.,1.,             4211P   4255
3.141592654,0.,0.,1.,0.,0.,1.;                                      4211P   4256
110,100.5,270.,11.5,100.5,270.,0.5;                                 4213P   4257
102,4,4197,4201,4205,4211;                                          4215P   4258
102,4,4199,4203,4209,4213;                                          4217P   4259
142,1,4195,4215,4217,1;                                             4219P   4260
144,4195,1,0,4219;                                                  4221P   4261
110,95.,270.,1000.,95.,270.,0.;                                     4223P   4262
110,89.5,270.,0.5,89.,270.,0.;                                      4225P   4263
120,4223,4225,0.,6.28318530717959;                                  4227P   4264
126,1,1,1,0,1,0,0.,0.,1.,1.,1.,1.,1.,3.141592654,0.,1.,0.,0.,       4229P   4265
0.,1.,0.,0.,1.;                                                     4229P   4266
100,0.,95.,270.,101.,270.,89.,270.;                                 4231P   4267
126,1,1,1,0,1,0,0.,0.,1.,1.,1.,1.,1.,0.,0.,0.,0.,0.,0.,1.,0.,       4233P   4268
0.,1.;                                                              4233P   4269
110,89.,270.,0.,89.5,270.,0.5;                                      4235P   4270
126,1,1,1,0,1,0,0.,0.,1.,1.,1.,1.,0.,0.,0.,0.,3.141592654,0.,       4237P   4271
0.,1.,0.,0.,1.;                                                     4237P   4272
124,-1.,-6.98296267768627E-15,0.,190.000000000006,                  4239P   4273
-6.98296267768627E-15,1.,-6.98296267768627E-15,                     4239P   4274
6.67612056663035E-13,4.87617677579594E-29,                          4239P   4275
-6.98296267768627E-15,-1.,1.00000000000188;                         4239P   4276
100,0.5,95.,270.,100.5,270.,89.5,270.;                              4241P   4277
126,1,1,1,0,1,0,0.,0.,1.,1.,1.,1.,0.,3.141592654,0.,1.,             4243P   4278
3.141592654,0.,0.,1.,0.,0.,1.;                                      4243P   4279
110,100.5,270.,0.5,101.,270.,0.;                                    4245P   4280
102,4,4229,4233,4237,4243;                                          4247P   4281
102,4,4231,4235,4241,4245;                                          4249P   4282
142,1,4227,4247,4249,1;                                             4251P   4283
144,4227,1,0,4251;                                                  4253P   4284
110,190.,270.,-988.5,190.,270.,11.5;                                4255P   4285
110,195.5,270.,11.5,196.,270.,12.;                                  4257P   4286
120,4255,4257,0.,6.28318530717959;                                  4259P   4287
126,1,1,1,0,1,0,0.,0.,1.,1.,1.,1.,1.,3.141592654,0.,1.,0.,0.,       4261P   4288
0.,1.,0.,0.,1.;                                                     4261P   4289
124,-1.,-6.98296267768627E-15,0.,380.000000000006,                  4263P   4290
-6.98296267768627E-15,1.,-6.98296267768627E-15,                     4263P   4291
1.3778269897726E-12,4.87617677579594E-29,-6.98296267768627E-15,     4263P   4292
-1.,24.0000000000019;                                               4263P   4293
100,12.,190.,270.,196.,270.,184.,270.;                              4265P   4294
126,1,1,1,0,1,0,0.,0.,1.,1.,1.,1.,1.,0.,0.,0.,0.,0.,0.,1.,0.,       4267P   4295
0.,1.;                                                              4267P   4296
110,196.,270.,12.,195.5,270.,11.5;                                  4269P   4297
126,1,1,1,0,1,0,0.,0.,1.,1.,1.,1.,0.,0.,0.,0.,3.141592654,0.,       4271P   4298
0.,1.,0.,0.,1.;                                                     4271P   4299
100,11.5,190.,270.,195.5,270.,184.5,270.;                           4273P   4300
126,1,1,1,0,1,0,0.,0.,1.,1.,1.,1.,0.,3.141592654,0.,1.,             4275P   4301
3.141592654,0.,0.,1.,0.,0.,1.;                                      4275P   4302
110,184.5,270.,11.5,184.,270.,12.;                                  4277P   4303
102,4,4261,4267,4271,4275;                                          4279P   4304
102,4,4265,4269,4273,4277;                                          4281P   4305
142,1,4259,4279,4281,1;                                             4283P   4306
144,4259,1,0,4283;                                                  4285P   4307
110,190.,270.,0.,190.,270.,-1000.;                                  4287P   4308
110,184.5,270.,11.5,184.5,270.,0.5;                                 4289P   4309
120,4287,4289,0.,6.28318530717959;                                  4291P   4310
126,1,1,1,0,1,0,0.,0.,1.,1.,1.,1.,1.,3.141592654,0.,1.,0.,0.,       4293P   4311
0.,1.,0.,0.,1.;                                                     4293P   4312
100,0.5,190.,270.,195.5,270.,184.5,270.;                            4295P   4313
126,1,1,1,0,1,0,0.,0.,1.,1.,1.,1.,1.,0.,0.,0.,0.,0.,0.,1.,0.,       4297P   4314
0.,1.;                                                              4297P   4315
110,184.5,270.,0.5,184.5,270.,11.5;                                 4299P   4316
126,1,1,1,0,1,0,0.,0.,1.,1.,1.,1.,0.,0.,0.,0.,3.141592654,0.,       4301P   4317
0.,1.,0.,0.,1.;                                                     4301P   4318
124,-1.,-6.98296267768627E-15,0.,380.000000000006,                  4303P   4319
-6.98296267768627E-15,1.,-6.98296267768627E-15,                     4303P   4320
1.42635517832617E-12,4.87617677579594E-29,                          4303P   4321
-6.98296267768627E-15,-1.,23.0000000000019;                         4303P   4322
100,11.5,190.,270.,195.5,270.,184.5,270.;                           4305P   4323
126,1,1,1,0,1,0,0.,0.,1.,1.,1.,1.,0.,3.141592654,0.,1.,             4307P   4324
3.141592654,0.,0.,1.,0.,0.,1.;                                      4307P   4325
110,195.5,270.,11.5,195.5,270.,0.5;                                 4309P   4326
102,4,4293,4297,4301,4307;                                          4311P   4327
102,4,4295,4299,4305,4309;                                          4313P   4328
142,1,4291,4311,4313,1;                                             4315P   4329
144,4291,1,0,4315;                                                  4317P   4330
110,190.,270.,1000.,190.,270.,0.;                                   4319P   4331
110,184.5,270.,0.5,184.,270.,0.;                                    4321P   4332
120,4319,4321,0.,6.28318530717959;                                  4323P   4333
126,1,1,1,0,1,0,0.,0.,1.,1.,1.,1.,1.,3.141592654,0.,1.,0.,0.,       4325P   4334
0.,1.,0.,0.,1.;                                                     4325P   4335
100,0.,190.,270.,196.,270.,184.,270.;                               4327P   4336
126,1,1,1,0,1,0,0.,0.,1.,1.,1.,1.,1.,0.,0.,0.,0.,0.,0.,1.,0.,       4329P   4337
0.,1.;                                                              4329P   4338
110,184.,270.,0.,184.5,270.,0.5;                                    4331P   4339
126,1,1,1,0,1,0,0.,0.,1.,1.,1.,1.,0.,0.,0.,0.,3.141592654,0.,       4333P   4340
0.,1.,0.,0.,1.;                                                     4333P   4341
124,-1.,-6.98296267768627E-15,0.,380.000000000006,                  4335P   4342
-6.98296267768627E-15,1.,-6.98296267768627E-15,                     4335P   4343
1.32824115064833E-12,4.87617677579594E-29,                          4335P   4344
-6.98296267768627E-15,-1.,1.00000000000188;                         4335P   4345
100,0.5,190.,270.,195.5,270.,184.5,270.;                            4337P   4346
126,1,1,1,0,1,0,0.,0.,1.,1.,1.,1.,0.,3.141592654,0.,1.,             4339P   4347
3.141592654,0.,0.,1.,0.,0.,1.;                                      4339P   4348
110,195.5,270.,0.5,196.,270.,0.;                                    4341P   4349
102,4,4325,4329,4333,4339;                                          4343P   4350
102,4,4327,4331,4337,4341;                                          4345P   4351
142,1,4323,4343,4345,1;                                             4347P   4352
144,4323,1,0,4347;                                                  4349P   4353
110,-232.,235.,-988.5,-232.,235.,11.5;                              4351P   4354
110,-226.5,235.,11.5,-226.,235.,12.;                                4353P   4355
120,4351,4353,0.,6.28318530717959;                                  4355P   4356
126,1,1,1,0,1,0,0.,0.,1.,1.,1.,1.,1.,3.141592654,0.,1.,0.,0.,       4357P   4357
0.,1.,0.,0.,1.;                                                     4357P   4358
124,-1.,-6.98296267768627E-15,0.,-463.999999999999,                 4359P   4359
-6.98296267768627E-15,1.,-6.98296267768627E-15,                     4359P   4360
-1.54594691932235E-12,4.87617677579594E-29,                         4359P   4361
-6.98296267768627E-15,-1.,24.0000000000016;                         4359P   4362
100,12.,-232.,235.,-226.,235.,-238.,235.;                           4361P   4363
126,1,1,1,0,1,0,0.,0.,1.,1.,1.,1.,1.,0.,0.,0.,0.,0.,0.,1.,0.,       4363P   4364
0.,1.;                                                              4363P   4365
110,-226.,235.,12.,-226.5,235.,11.5;                                4365P   4366
126,1,1,1,0,1,0,0.,0.,1.,1.,1.,1.,0.,0.,0.,0.,3.141592654,0.,       4367P   4367
0.,1.,0.,0.,1.;                                                     4367P   4368
100,11.5,-232.,235.,-226.5,235.,-237.5,235.;                        4369P   4369
126,1,1,1,0,1,0,0.,0.,1.,1.,1.,1.,0.,3.141592654,0.,1.,             4371P   4370
3.141592654,0.,0.,1.,0.,0.,1.;                                      4371P   4371
110,-237.5,235.,11.5,-238.,235.,12.;                                4373P   4372
102,4,4357,4363,4367,4371;                                          4375P   4373
102,4,4361,4365,4369,4373;                                          4377P   4374
142,1,4355,4375,4377,1;                                             4379P   4375
144,4355,1,0,4379;                                                  4381P   4376
110,-232.,235.,0.,-232.,235.,-1000.;                                4383P   4377
110,-237.5,235.,11.5,-237.5,235.,0.5;                               4385P   4378
120,4383,4385,0.,6.28318530717959;                                  4387P   4379
126,1,1,1,0,1,0,0.,0.,1.,1.,1.,1.,1.,3.141592654,0.,1.,0.,0.,       4389P   4380
0.,1.,0.,0.,1.;                                                     4389P   4381
100,0.5,-232.,235.,-226.5,235.,-237.5,235.;                         4391P   4382
126,1,1,1,0,1,0,0.,0.,1.,1.,1.,1.,1.,0.,0.,0.,0.,0.,0.,1.,0.,       4393P   4383
0.,1.;                                                              4393P   4384
110,-237.5,235.,0.5,-237.5,235.,11.5;                               4395P   4385
126,1,1,1,0,1,0,0.,0.,1.,1.,1.,1.,0.,0.,0.,0.,3.141592654,0.,       4397P   4386
0.,1.,0.,0.,1.;                                                     4397P   4387
124,-1.,-6.98296267768627E-15,0.,-463.999999999999,                 4399P   4388
-6.98296267768627E-15,1.,-6.98296267768627E-15,                     4399P   4389
-1.55292988200003E-12,4.87617677579594E-29,                         4399P   4390
-6.98296267768627E-15,-1.,23.0000000000016;                         4399P   4391
100,11.5,-232.,235.,-226.5,235.,-237.5,235.;                        4401P   4392
126,1,1,1,0,1,0,0.,0.,1.,1.,1.,1.,0.,3.141592654,0.,1.,             4403P   4393
3.141592654,0.,0.,1.,0.,0.,1.;                                      4403P   4394
110,-226.5,235.,11.5,-226.5,235.,0.5;                               4405P   4395
102,4,4389,4393,4397,4403;                                          4407P   4396
102,4,4391,4395,4401,4405;                                          4409P   4397
142,1,4387,4407,4409,1;                                             4411P   4398
144,4387,1,0,4411;                                                  4413P   4399
110,-232.,235.,1000.,-232.,235.,0.;                                 4415P   4400
110,-237.5,235.,0.5,-238.,235.,0.;                                  4417P   4401
120,4415,4417,0.,6.28318530717959;                                  4419P   4402
126,1,1,1,0,1,0,0.,0.,1.,1.,1.,1.,1.,3.141592654,0.,1.,0.,0.,       4421P   4403
0.,1.,0.,0.,1.;                                                     4421P   4404
100,0.,-232.,235.,-226.,235.,-238.,235.;                            4423P   4405
126,1,1,1,0,1,0,0.,0.,1.,1.,1.,1.,1.,0.,0.,0.,0.,0.,0.,1.,0.,       4425P   4406
0.,1.;                                                              4425P   4407
110,-238.,235.,0.,-237.5,235.,0.5;                                  4427P   4408
126,1,1,1,0,1,0,0.,0.,1.,1.,1.,1.,0.,0.,0.,0.,3.141592654,0.,       4429P   4409
0.,1.,0.,0.,1.;                                                     4429P   4410
124,-1.,-6.98296267768627E-15,0.,-463.999999999999,                 4431P   4411
-6.98296267768627E-15,1.,-6.98296267768627E-15,                     4431P   4412
-1.62328833406224E-12,4.87617677579594E-29,                         4431P   4413
-6.98296267768627E-15,-1.,1.00000000000163;                         4431P   4414
100,0.5,-232.,235.,-226.5,235.,-237.5,235.;                         4433P   4415
126,1,1,1,0,1,0,0.,0.,1.,1.,1.,1.,0.,3.141592654,0.,1.,             4435P   4416
3.141592654,0.,0.,1.,0.,0.,1.;                                      4435P   4417
110,-226.5,235.,0.5,-226.,235.,0.;                                  4437P   4418
102,4,4421,4425,4429,4435;                                          4439P   4419
102,4,4423,4427,4433,4437;                                          4441P   4420
142,1,4419,4439,4441,1;                                             4443P   4421
144,4419,1,0,4443;                                                  4445P   4422
110,-232.,141.,-988.5,-232.,141.,11.5;                              4447P   4423
110,-226.5,141.,11.5,-226.,141.,12.;                                4449P   4424
120,4447,4449,0.,6.28318530717959;                                  4451P   4425
126,1,1,1,0,1,0,0.,0.,1.,1.,1.,1.,1.,3.141592654,0.,1.,0.,0.,       4453P   4426
0.,1.,0.,0.,1.;                                                     4453P   4427
124,-1.,-6.98296267768627E-15,0.,-463.999999999999,                 4455P   4428
-6.98296267768627E-15,1.,-6.98296267768627E-15,                     4455P   4429
-1.54594691932235E-12,4.87617677579594E-29,                         4455P   4430
-6.98296267768627E-15,-1.,24.000000000001;                          4455P   4431
100,12.,-232.,141.,-226.,141.,-238.,141.;                           4457P   4432
126,1,1,1,0,1,0,0.,0.,1.,1.,1.,1.,1.,0.,0.,0.,0.,0.,0.,1.,0.,       4459P   4433
0.,1.;                                                              4459P   4434
110,-226.,141.,12.,-226.5,141.,11.5;                                4461P   4435
126,1,1,1,0,1,0,0.,0.,1.,1.,1.,1.,0.,0.,0.,0.,3.141592654,0.,       4463P   4436
0.,1.,0.,0.,1.;                                                     4463P   4437
100,11.5,-232.,141.,-226.5,141.,-237.5,141.;                        4465P   4438
126,1,1,1,0,1,0,0.,0.,1.,1.,1.,1.,0.,3.141592654,0.,1.,             4467P   4439
3.141592654,0.,0.,1.,0.,0.,1.;                                      4467P   4440
110,-237.5,141.,11.5,-238.,141.,12.;                                4469P   4441
102,4,4453,4459,4463,4467;                                          4471P   4442
102,4,4457,4461,4465,4469;                                          4473P   4443
142,1,4451,4471,4473,1;                                             4475P   4444
144,4451,1,0,4475;                                                  4477P   4445
110,-232.,141.,0.,-232.,141.,-1000.;                                4479P   4446
110,-237.5,141.,11.5,-237.5,141.,0.5;                               4481P   4447
120,4479,4481,0.,6.28318530717959;                                  4483P   4448
126,1,1,1,0,1,0,0.,0.,1.,1.,1.,1.,1.,3.141592654,0.,1.,0.,0.,       4485P   4449
0.,1.,0.,0.,1.;                                                     4485P   4450
100,0.5,-232.,141.,-226.5,141.,-237.5,141.;                         4487P   4451
126,1,1,1,0,1,0,0.,0.,1.,1.,1.,1.,1.,0.,0.,0.,0.,0.,0.,1.,0.,       4489P   4452
0.,1.;                                                              4489P   4453
110,-237.5,141.,0.5,-237.5,141.,11.5;                               4491P   4454
126,1,1,1,0,1,0,0.,0.,1.,1.,1.,1.,0.,0.,0.,0.,3.141592654,0.,       4493P   4455
0.,1.,0.,0.,1.;                                                     4493P   4456
124,-1.,-6.98296267768627E-15,0.,-463.999999999999,                 4495P   4457
-6.98296267768627E-15,1.,-6.98296267768627E-15,                     4495P   4458
-1.55292988200004E-12,4.87617677579594E-29,                         4495P   4459
-6.98296267768627E-15,-1.,23.000000000001;                          4495P   4460
100,11.5,-232.,141.,-226.5,141.,-237.5,141.;                        4497P   4461
126,1,1,1,0,1,0,0.,0.,1.,1.,1.,1.,0.,3.141592654,0.,1.,             4499P   4462
3.141592654,0.,0.,1.,0.,0.,1.;                                      4499P   4463
110,-226.5,141.,11.5,-226.5,141.,0.5;                               4501P   4464
102,4,4485,4489,4493,4499;                                          4503P   4465
102,4,4487,4491,4497,4501;                                          4505P   4466
142,1,4483,4503,4505,1;                                             4507P   4467
144,4483,1,0,4507;                                                  4509P   4468
110,-232.,141.,1000.,-232.,141.,0.;                                 4511P   4469
110,-237.5,141.,0.5,-238.,141.,0.;                                  4513P   4470
120,4511,4513,0.,6.28318530717959;                                  4515P   4471
126,1,1,1,0,1,0,0.,0.,1.,1.,1.,1.,1.,3.141592654,0.,1.,0.,0.,       4517P   4472
0.,1.,0.,0.,1.;                                                     4517P   4473
100,0.,-232.,141.,-226.,141.,-238.,141.;                            4519P   4474
126,1,1,1,0,1,0,0.,0.,1.,1.,1.,1.,1.,0.,0.,0.,0.,0.,0.,1.,0.,       4521P   4475
0.,1.;                                                              4521P   4476
110,-238.,141.,0.,-237.5,141.,0.5;                                  4523P   4477
126,1,1,1,0,1,0,0.,0.,1.,1.,1.,1.,0.,0.,0.,0.,3.141592654,0.,       4525P   4478
0.,1.,0.,0.,1.;                                                     4525P   4479
124,-1.,-6.98296267768627E-15,0.,-463.999999999999,                 4527P   4480
-6.98296267768627E-15,1.,-6.98296267768627E-15,                     4527P   4481
-1.62328833406225E-12,4.87617677579594E-29,                         4527P   4482
-6.98296267768627E-15,-1.,1.00000000000097;                         4527P   4483
100,0.5,-232.,141.,-226.5,141.,-237.5,141.;                         4529P   4484
126,1,1,1,0,1,0,0.,0.,1.,1.,1.,1.,0.,3.141592654,0.,1.,             4531P   4485
3.141592654,0.,0.,1.,0.,0.,1.;                                      4531P   4486
110,-226.5,141.,0.5,-226.,141.,0.;                                  4533P   4487
102,4,4517,4521,4525,4531;                                          4535P   4488
102,4,4519,4523,4529,4533;                                          4537P   4489
142,1,4515,4535,4537,1;                                             4539P   4490
144,4515,1,0,4539;                                                  4541P   4491
110,-232.,47.,-988.5,-232.,47.,11.5;                                4543P   4492
110,-226.5,47.,11.5,-226.,47.,12.;                                  4545P   4493
120,4543,4545,0.,6.28318530717959;                                  4547P   4494
126,1,1,1,0,1,0,0.,0.,1.,1.,1.,1.,1.,3.141592654,0.,1.,0.,0.,       4549P   4495
0.,1.,0.,0.,1.;                                                     4549P   4496
124,-1.,-6.98296267768627E-15,0.,-464.,-6.98296267768627E-15,       4551P   4497
1.,-6.98296267768627E-15,-1.53900802541846E-12,                     4551P   4498
4.87617677579594E-29,-6.98296267768627E-15,-1.,                     4551P   4499
24.0000000000003;                                                   4551P   4500
100,12.,-232.,47.,-226.,47.,-238.,47.;                              4553P   4501
126,1,1,1,0,1,0,0.,0.,1.,1.,1.,1.,1.,0.,0.,0.,0.,0.,0.,1.,0.,       4555P   4502
0.,1.;                                                              4555P   4503
110,-226.,47.,12.,-226.5,47.,11.5;                                  4557P   4504
126,1,1,1,0,1,0,0.,0.,1.,1.,1.,1.,0.,0.,0.,0.,3.141592654,0.,       4559P   4505
0.,1.,0.,0.,1.;                                                     4559P   4506
100,11.5,-232.,47.,-226.5,47.,-237.5,47.;                           4561P   4507
126,1,1,1,0,1,0,0.,0.,1.,1.,1.,1.,0.,3.141592654,0.,1.,             4563P   4508
3.141592654,0.,0.,1.,0.,0.,1.;                                      4563P   4509
110,-237.5,47.,11.5,-238.,47.,12.;                                  4565P   4510
102,4,4549,4555,4559,4563;                                          4567P   4511
102,4,4553,4557,4561,4565;                                          4569P   4512
142,1,4547,4567,4569,1;                                             4571P   4513
144,4547,1,0,4571;                                                  4573P   4514
110,-232.,47.,0.,-232.,47.,-1000.;                                  4575P   4515
110,-237.5,47.,11.5,-237.5,47.,0.5;                                 4577P   4516
120,4575,4577,0.,6.28318530717959;                                  4579P   4517
126,1,1,1,0,1,0,0.,0.,1.,1.,1.,1.,1.,3.141592654,0.,1.,0.,0.,       4581P   4518
0.,1.,0.,0.,1.;                                                     4581P   4519
100,0.5,-232.,47.,-226.5,47.,-237.5,47.;                            4583P   4520
126,1,1,1,0,1,0,0.,0.,1.,1.,1.,1.,1.,0.,0.,0.,0.,0.,0.,1.,0.,       4585P   4521
0.,1.;                                                              4585P   4522
110,-237.5,47.,0.5,-237.5,47.,11.5;                                 4587P   4523
126,1,1,1,0,1,0,0.,0.,1.,1.,1.,1.,0.,0.,0.,0.,3.141592654,0.,       4589P   4524
0.,1.,0.,0.,1.;                                                     4589P   4525
124,-1.,-6.98296267768627E-15,0.,-464.,-6.98296267768627E-15,       4591P   4526
1.,-6.98296267768627E-15,-1.54599098809614E-12,                     4591P   4527
4.87617677579594E-29,-6.98296267768627E-15,-1.,                     4591P   4528
23.0000000000003;                                                   4591P   4529
100,11.5,-232.,47.,-226.5,47.,-237.5,47.;                           4593P   4530
126,1,1,1,0,1,0,0.,0.,1.,1.,1.,1.,0.,3.141592654,0.,1.,             4595P   4531
3.141592654,0.,0.,1.,0.,0.,1.;                                      4595P   4532
110,-226.5,47.,11.5,-226.5,47.,0.5;                                 4597P   4533
102,4,4581,4585,4589,4595;                                          4599P   4534
102,4,4583,4587,4593,4597;                                          4601P   4535
142,1,4579,4599,4601,1;                                             4603P   4536
144,4579,1,0,4603;                                                  4605P   4537
110,-232.,47.,1000.,-232.,47.,0.;                                   4607P   4538
110,-237.5,47.,0.5,-238.,47.,0.;                                    4609P   4539
120,4607,4609,0.,6.28318530717959;                                  4611P   4540
126,1,1,1,0,1,0,0.,0.,1.,1.,1.,1.,1.,3.141592654,0.,1.,0.,0.,       4613P   4541
0.,1.,0.,0.,1.;                                                     4613P   4542
100,0.,-232.,47.,-226.,47.,-238.,47.;                               4615P   4543
126,1,1,1,0,1,0,0.,0.,1.,1.,1.,1.,1.,0.,0.,0.,0.,0.,0.,1.,0.,       4617P   4544
0.,1.;                                                              4617P   4545
110,-238.,47.,0.,-237.5,47.,0.5;                                    4619P   4546
126,1,1,1,0,1,0,0.,0.,1.,1.,1.,1.,0.,0.,0.,0.,3.141592654,0.,       4621P   4547
0.,1.,0.,0.,1.;                                                     4621P   4548
124,-1.,-6.98296267768627E-15,0.,-464.,-6.98296267768627E-15,       4623P   4549
1.,-6.98296267768627E-15,-1.62328833406226E-12,                     4623P   4550
4.87617677579594E-29,-6.98296267768627E-15,-1.,                     4623P   4551
1.00000000000032;                                                   4623P   4552
100,0.5,-232.,47.,-226.5,47.,-237.5,47.;                            4625P   4553
126,1,1,1,0,1,0,0.,0.,1.,1.,1.,1.,0.,3.141592654,0.,1.,             4627P   4554
3.141592654,0.,0.,1.,0.,0.,1.;                                      4627P   4555
110,-226.5,47.,0.5,-226.,47.,0.;                                    4629P   4556
102,4,4613,4617,4621,4627;                                          4631P   4557
102,4,4615,4619,4625,4629;                                          4633P   4558
142,1,4611,4631,4633,1;                                             4635P   4559
144,4611,1,0,4635;                                                  4637P   4560
110,-232.,-47.,-988.5,-232.,-47.,11.5;                              4639P   4561
110,-226.5,-47.,11.5,-226.,-47.,12.;                                4641P   4562
120,4639,4641,0.,6.28318530717959;                                  4643P   4563
126,1,1,1,0,1,0,0.,0.,1.,1.,1.,1.,1.,3.141592654,0.,1.,0.,0.,       4645P   4564
0.,1.,0.,0.,1.;                                                     4645P   4565
124,-1.,-6.98296267768627E-15,0.,-464.,-6.98296267768627E-15,       4647P   4566
1.,-6.98296267768627E-15,-1.53900802541847E-12,                     4647P   4567
4.87617677579594E-29,-6.98296267768627E-15,-1.,                     4647P   4568
23.9999999999997;                                                   4647P   4569
100,12.,-232.,-47.,-226.,-47.,-238.,-47.;                           4649P   4570
126,1,1,1,0,1,0,0.,0.,1.,1.,1.,1.,1.,0.,0.,0.,0.,0.,0.,1.,0.,       4651P   4571
0.,1.;                                                              4651P   4572
110,-226.,-47.,12.,-226.5,-47.,11.5;                                4653P   4573
126,1,1,1,0,1,0,0.,0.,1.,1.,1.,1.,0.,0.,0.,0.,3.141592654,0.,       4655P   4574
0.,1.,0.,0.,1.;                                                     4655P   4575
100,11.5,-232.,-47.,-226.5,-47.,-237.5,-47.;                        4657P   4576
126,1,1,1,0,1,0,0.,0.,1.,1.,1.,1.,0.,3.141592654,0.,1.,             4659P   4577
3.141592654,0.,0.,1.,0.,0.,1.;                                      4659P   4578
110,-237.5,-47.,11.5,-238.,-47.,12.;                                4661P   4579
102,4,4645,4651,4655,4659;                                          4663P   4580
102,4,4649,4653,4657,4661;                                          4665P   4581
142,1,4643,4663,4665,1;                                             4667P   4582
144,4643,1,0,4667;                                                  4669P   4583
110,-232.,-47.,0.,-232.,-47.,-1000.;                                4671P   4584
110,-237.5,-47.,11.5,-237.5,-47.,0.5;                               4673P   4585
120,4671,4673,0.,6.28318530717959;                                  4675P   4586
126,1,1,1,0,1,0,0.,0.,1.,1.,1.,1.,1.,3.141592654,0.,1.,0.,0.,       4677P   4587
0.,1.,0.,0.,1.;                                                     4677P   4588
100,0.5,-232.,-47.,-226.5,-47.,-237.5,-47.;                         4679P   4589
126,1,1,1,0,1,0,0.,0.,1.,1.,1.,1.,1.,0.,0.,0.,0.,0.,0.,1.,0.,       4681P   4590
0.,1.;                                                              4681P   4591
110,-237.5,-47.,0.5,-237.5,-47.,11.5;                               4683P   4592
126,1,1,1,0,1,0,0.,0.,1.,1.,1.,1.,0.,0.,0.,0.,3.141592654,0.,       4685P   4593
0.,1.,0.,0.,1.;                                                     4685P   4594
124,-1.,-6.98296267768627E-15,0.,-464.,-6.98296267768627E-15,       4687P   4595
1.,-6.98296267768627E-15,-1.54599098809615E-12,                     4687P   4596
4.87617677579594E-29,-6.98296267768627E-15,-1.,                     4687P   4597
22.9999999999997;                                                   4687P   4598
100,11.5,-232.,-47.,-226.5,-47.,-237.5,-47.;                        4689P   4599
126,1,1,1,0,1,0,0.,0.,1.,1.,1.,1.,0.,3.141592654,0.,1.,             4691P   4600
3.141592654,0.,0.,1.,0.,0.,1.;                                      4691P   4601
110,-226.5,-47.,11.5,-226.5,-47.,0.5;                               4693P   4602
102,4,4677,4681,4685,4691;                                          4695P   4603
102,4,4679,4683,4689,4693;                                          4697P   4604
142,1,4675,4695,4697,1;                                             4699P   4605
144,4675,1,0,4699;                                                  4701P   4606
110,-232.,-47.,1000.,-232.,-47.,0.;                                 4703P   4607
110,-237.5,-47.,0.5,-238.,-47.,0.;                                  4705P   4608
120,4703,4705,0.,6.28318530717959;                                  4707P   4609
126,1,1,1,0,1,0,0.,0.,1.,1.,1.,1.,1.,3.141592654,0.,1.,0.,0.,       4709P   4610
0.,1.,0.,0.,1.;                                                     4709P   4611
100,0.,-232.,-47.,-226.,-47.,-238.,-47.;                            4711P   4612
126,1,1,1,0,1,0,0.,0.,1.,1.,1.,1.,1.,0.,0.,0.,0.,0.,0.,1.,0.,       4713P   4613
0.,1.;                                                              4713P   4614
110,-238.,-47.,0.,-237.5,-47.,0.5;                                  4715P   4615
126,1,1,1,0,1,0,0.,0.,1.,1.,1.,1.,0.,0.,0.,0.,3.141592654,0.,       4717P   4616
0.,1.,0.,0.,1.;                                                     4717P   4617
124,-1.,-6.98296267768627E-15,0.,-464.,-6.98296267768627E-15,       4719P   4618
1.,-6.98296267768627E-15,-1.62328833406227E-12,                     4719P   4619
4.87617677579594E-29,-6.98296267768627E-15,-1.,                     4719P   4620
0.999999999999662;                                                  4719P   4621
100,0.5,-232.,-47.,-226.5,-47.,-237.5,-47.;                         4721P   4622
126,1,1,1,0,1,0,0.,0.,1.,1.,1.,1.,0.,3.141592654,0.,1.,             4723P   4623
3.141592654,0.,0.,1.,0.,0.,1.;                                      4723P   4624
110,-226.5,-47.,0.5,-226.,-47.,0.;                                  4725P   4625
102,4,4709,4713,4717,4723;                                          4727P   4626
102,4,4711,4715,4721,4725;                                          4729P   4627
142,1,4707,4727,4729,1;                                             4731P   4628
144,4707,1,0,4731;                                                  4733P   4629
110,-232.,-141.,-988.5,-232.,-141.,11.5;                            4735P   4630
110,-226.5,-141.,11.5,-226.,-141.,12.;                              4737P   4631
120,4735,4737,0.,6.28318530717959;                                  4739P   4632
126,1,1,1,0,1,0,0.,0.,1.,1.,1.,1.,1.,3.141592654,0.,1.,0.,0.,       4741P   4633
0.,1.,0.,0.,1.;                                                     4741P   4634
124,-1.,-6.98296267768627E-15,0.,-464.000000000001,                 4743P   4635
-6.98296267768627E-15,1.,-6.98296267768627E-15,                     4743P   4636
-1.54594691932238E-12,4.87617677579594E-29,                         4743P   4637
-6.98296267768627E-15,-1.,23.999999999999;                          4743P   4638
100,12.,-232.,-141.,-226.,-141.,-238.,-141.;                        4745P   4639
126,1,1,1,0,1,0,0.,0.,1.,1.,1.,1.,1.,0.,0.,0.,0.,0.,0.,1.,0.,       4747P   4640
0.,1.;                                                              4747P   4641
110,-226.,-141.,12.,-226.5,-141.,11.5;                              4749P   4642
126,1,1,1,0,1,0,0.,0.,1.,1.,1.,1.,0.,0.,0.,0.,3.141592654,0.,       4751P   4643
0.,1.,0.,0.,1.;                                                     4751P   4644
100,11.5,-232.,-141.,-226.5,-141.,-237.5,-141.;                     4753P   4645
126,1,1,1,0,1,0,0.,0.,1.,1.,1.,1.,0.,3.141592654,0.,1.,             4755P   4646
3.141592654,0.,0.,1.,0.,0.,1.;                                      4755P   4647
110,-237.5,-141.,11.5,-238.,-141.,12.;                              4757P   4648
102,4,4741,4747,4751,4755;                                          4759P   4649
102,4,4745,4749,4753,4757;                                          4761P   4650
142,1,4739,4759,4761,1;                                             4763P   4651
144,4739,1,0,4763;                                                  4765P   4652
110,-232.,-141.,0.,-232.,-141.,-1000.;                              4767P   4653
110,-237.5,-141.,11.5,-237.5,-141.,0.5;                             4769P   4654
120,4767,4769,0.,6.28318530717959;                                  4771P   4655
126,1,1,1,0,1,0,0.,0.,1.,1.,1.,1.,1.,3.141592654,0.,1.,0.,0.,       4773P   4656
0.,1.,0.,0.,1.;                                                     4773P   4657
100,0.5,-232.,-141.,-226.5,-141.,-237.5,-141.;                      4775P   4658
126,1,1,1,0,1,0,0.,0.,1.,1.,1.,1.,1.,0.,0.,0.,0.,0.,0.,1.,0.,       4777P   4659
0.,1.;                                                              4777P   4660
110,-237.5,-141.,0.5,-237.5,-141.,11.5;                             4779P   4661
126,1,1,1,0,1,0,0.,0.,1.,1.,1.,1.,0.,0.,0.,0.,3.141592654,0.,       4781P   4662
0.,1.,0.,0.,1.;                                                     4781P   4663
124,-1.,-6.98296267768627E-15,0.,-464.000000000001,                 4783P   4664
-6.98296267768627E-15,1.,-6.98296267768627E-15,                     4783P   4665
-1.55292988200007E-12,4.87617677579594E-29,                         4783P   4666
-6.98296267768627E-15,-1.,22.999999999999;                          4783P   4667
100,11.5,-232.,-141.,-226.5,-141.,-237.5,-141.;                     4785P   4668
126,1,1,1,0,1,0,0.,0.,1.,1.,1.,1.,0.,3.141592654,0.,1.,             4787P   4669
3.141592654,0.,0.,1.,0.,0.,1.;                                      4787P   4670
110,-226.5,-141.,11.5,-226.5,-141.,0.5;                             4789P   4671
102,4,4773,4777,4781,4787;                                          4791P   4672
102,4,4775,4779,4785,4789;                                          4793P   4673
142,1,4771,4791,4793,1;                                             4795P   4674
144,4771,1,0,4795;                                                  4797P   4675
110,-232.,-141.,1000.,-232.,-141.,0.;                               4799P   4676
110,-237.5,-141.,0.5,-238.,-141.,0.;                                4801P   4677
120,4799,4801,0.,6.28318530717959;                                  4803P   4678
126,1,1,1,0,1,0,0.,0.,1.,1.,1.,1.,1.,3.141592654,0.,1.,0.,0.,       4805P   4679
0.,1.,0.,0.,1.;                                                     4805P   4680
100,0.,-232.,-141.,-226.,-141.,-238.,-141.;                         4807P   4681
126,1,1,1,0,1,0,0.,0.,1.,1.,1.,1.,1.,0.,0.,0.,0.,0.,0.,1.,0.,       4809P   4682
0.,1.;                                                              4809P   4683
110,-238.,-141.,0.,-237.5,-141.,0.5;                                4811P   4684
126,1,1,1,0,1,0,0.,0.,1.,1.,1.,1.,0.,0.,0.,0.,3.141592654,0.,       4813P   4685
0.,1.,0.,0.,1.;                                                     4813P   4686
124,-1.,-6.98296267768627E-15,0.,-464.000000000001,                 4815P   4687
-6.98296267768627E-15,1.,-6.98296267768627E-15,                     4815P   4688
-1.62328833406228E-12,4.87617677579594E-29,                         4815P   4689
-6.98296267768627E-15,-1.,0.999999999999006;                        4815P   4690
100,0.5,-232.,-141.,-226.5,-141.,-237.5,-141.;                      4817P   4691
126,1,1,1,0,1,0,0.,0.,1.,1.,1.,1.,0.,3.141592654,0.,1.,             4819P   4692
3.141592654,0.,0.,1.,0.,0.,1.;                                      4819P   4693
110,-226.5,-141.,0.5,-226.,-141.,0.;                                4821P   4694
102,4,4805,4809,4813,4819;                                          4823P   4695
102,4,4807,4811,4817,4821;                                          4825P   4696
142,1,4803,4823,4825,1;                                             4827P   4697
144,4803,1,0,4827;                                                  4829P   4698
110,-190.,-270.,-988.5,-190.,-270.,11.5;                            4831P   4699
110,-184.5,-270.,11.5,-184.,-270.,12.;                              4833P   4700
120,4831,4833,0.,6.28318530717959;                                  4835P   4701
126,1,1,1,0,1,0,0.,0.,1.,1.,1.,1.,1.,3.141592654,0.,1.,0.,0.,       4837P   4702
0.,1.,0.,0.,1.;                                                     4837P   4703
124,-1.,-6.98296267768627E-15,0.,-380.000000000002,                 4839P   4704
-6.98296267768627E-15,1.,-6.98296267768627E-15,                     4839P   4705
-1.26468938616867E-12,4.87617677579594E-29,                         4839P   4706
-6.98296267768627E-15,-1.,23.9999999999981;                         4839P   4707
100,12.,-190.,-270.,-184.,-270.,-196.,-270.;                        4841P   4708
126,1,1,1,0,1,0,0.,0.,1.,1.,1.,1.,1.,0.,0.,0.,0.,0.,0.,1.,0.,       4843P   4709
0.,1.;                                                              4843P   4710
110,-184.,-270.,12.,-184.5,-270.,11.5;                              4845P   4711
126,1,1,1,0,1,0,0.,0.,1.,1.,1.,1.,0.,0.,0.,0.,3.141592654,0.,       4847P   4712
0.,1.,0.,0.,1.;                                                     4847P   4713
100,11.5,-190.,-270.,-184.5,-270.,-195.5,-270.;                     4849P   4714
126,1,1,1,0,1,0,0.,0.,1.,1.,1.,1.,0.,3.141592654,0.,1.,             4851P   4715
3.141592654,0.,0.,1.,0.,0.,1.;                                      4851P   4716
110,-195.5,-270.,11.5,-196.,-270.,12.;                              4853P   4717
102,4,4837,4843,4847,4851;                                          4855P   4718
102,4,4841,4845,4849,4853;                                          4857P   4719
142,1,4835,4855,4857,1;                                             4859P   4720
144,4835,1,0,4859;                                                  4861P   4721
110,-190.,-270.,0.,-190.,-270.,-1000.;                              4863P   4722
110,-195.5,-270.,11.5,-195.5,-270.,0.5;                             4865P   4723
120,4863,4865,0.,6.28318530717959;                                  4867P   4724
126,1,1,1,0,1,0,0.,0.,1.,1.,1.,1.,1.,3.141592654,0.,1.,0.,0.,       4869P   4725
0.,1.,0.,0.,1.;                                                     4869P   4726
100,0.5,-190.,-270.,-184.5,-270.,-195.5,-270.;                      4871P   4727
126,1,1,1,0,1,0,0.,0.,1.,1.,1.,1.,1.,0.,0.,0.,0.,0.,0.,1.,0.,       4873P   4728
0.,1.;                                                              4873P   4729
110,-195.5,-270.,0.5,-195.5,-270.,11.5;                             4875P   4730
126,1,1,1,0,1,0,0.,0.,1.,1.,1.,1.,0.,0.,0.,0.,3.141592654,0.,       4877P   4731
0.,1.,0.,0.,1.;                                                     4877P   4732
124,-1.,-6.98296267768627E-15,0.,-380.000000000002,                 4879P   4733
-6.98296267768627E-15,1.,-6.98296267768627E-15,                     4879P   4734
-1.2161611976151E-12,4.87617677579594E-29,                          4879P   4735
-6.98296267768627E-15,-1.,22.9999999999981;                         4879P   4736
100,11.5,-190.,-270.,-184.5,-270.,-195.5,-270.;                     4881P   4737
126,1,1,1,0,1,0,0.,0.,1.,1.,1.,1.,0.,3.141592654,0.,1.,             4883P   4738
3.141592654,0.,0.,1.,0.,0.,1.;                                      4883P   4739
110,-184.5,-270.,11.5,-184.5,-270.,0.5;                             4885P   4740
102,4,4869,4873,4877,4883;                                          4887P   4741
102,4,4871,4875,4881,4885;                                          4889P   4742
142,1,4867,4887,4889,1;                                             4891P   4743
144,4867,1,0,4891;                                                  4893P   4744
110,-190.,-270.,1000.,-190.,-270.,0.;                               4895P   4745
110,-195.5,-270.,0.5,-196.,-270.,0.;                                4897P   4746
120,4895,4897,0.,6.28318530717959;                                  4899P   4747
126,1,1,1,0,1,0,0.,0.,1.,1.,1.,1.,1.,3.141592654,0.,1.,0.,0.,       4901P   4748
0.,1.,0.,0.,1.;                                                     4901P   4749
100,0.,-190.,-270.,-184.,-270.,-196.,-270.;                         4903P   4750
126,1,1,1,0,1,0,0.,0.,1.,1.,1.,1.,1.,0.,0.,0.,0.,0.,0.,1.,0.,       4905P   4751
0.,1.;                                                              4905P   4752
110,-196.,-270.,0.,-195.5,-270.,0.5;                                4907P   4753
126,1,1,1,0,1,0,0.,0.,1.,1.,1.,1.,0.,0.,0.,0.,3.141592654,0.,       4909P   4754
0.,1.,0.,0.,1.;                                                     4909P   4755
124,-1.,-6.98296267768627E-15,0.,-380.000000000002,                 4911P   4756
-6.98296267768627E-15,1.,-6.98296267768627E-15,                     4911P   4757
-1.31427522529294E-12,4.87617677579594E-29,                         4911P   4758
-6.98296267768627E-15,-1.,0.999999999998105;                        4911P   4759
100,0.5,-190.,-270.,-184.5,-270.,-195.5,-270.;                      4913P   4760
126,1,1,1,0,1,0,0.,0.,1.,1.,1.,1.,0.,3.141592654,0.,1.,             4915P   4761
3.141592654,0.,0.,1.,0.,0.,1.;                                      4915P   4762
110,-184.5,-270.,0.5,-184.,-270.,0.;                                4917P   4763
102,4,4901,4905,4909,4915;                                          4919P   4764
102,4,4903,4907,4913,4917;                                          4921P   4765
142,1,4899,4919,4921,1;                                             4923P   4766
144,4899,1,0,4923;                                                  4925P   4767
110,-95.,-270.,-988.5,-95.,-270.,11.5;                              4927P   4768
110,-89.5,-270.,11.5,-89.,-270.,12.;                                4929P   4769
120,4927,4929,0.,6.28318530717959;                                  4931P   4770
126,1,1,1,0,1,0,0.,0.,1.,1.,1.,1.,1.,3.141592654,0.,1.,0.,0.,       4933P   4771
0.,1.,0.,0.,1.;                                                     4933P   4772
124,-1.,-6.98296267768627E-15,0.,-190.000000000002,                 4935P   4773
-6.98296267768627E-15,1.,-6.98296267768627E-15,                     4935P   4774
-6.04060292183369E-13,4.87617677579594E-29,                         4935P   4775
-6.98296267768627E-15,-1.,23.9999999999981;                         4935P   4776
100,12.,-95.,-270.,-89.,-270.,-101.,-270.;                          4937P   4777
126,1,1,1,0,1,0,0.,0.,1.,1.,1.,1.,1.,0.,0.,0.,0.,0.,0.,1.,0.,       4939P   4778
0.,1.;                                                              4939P   4779
110,-89.,-270.,12.,-89.5,-270.,11.5;                                4941P   4780
126,1,1,1,0,1,0,0.,0.,1.,1.,1.,1.,0.,0.,0.,0.,3.141592654,0.,       4943P   4781
0.,1.,0.,0.,1.;                                                     4943P   4782
100,11.5,-95.,-270.,-89.5,-270.,-100.5,-270.;                       4945P   4783
126,1,1,1,0,1,0,0.,0.,1.,1.,1.,1.,0.,3.141592654,0.,1.,             4947P   4784
3.141592654,0.,0.,1.,0.,0.,1.;                                      4947P   4785
110,-100.5,-270.,11.5,-101.,-270.,12.;                              4949P   4786
102,4,4933,4939,4943,4947;                                          4951P   4787
102,4,4937,4941,4945,4949;                                          4953P   4788
142,1,4931,4951,4953,1;                                             4955P   4789
144,4931,1,0,4955;                                                  4957P   4790
110,-95.,-270.,0.,-95.,-270.,-1000.;                                4959P   4791
110,-100.5,-270.,11.5,-100.5,-270.,0.5;                             4961P   4792
120,4959,4961,0.,6.28318530717959;                                  4963P   4793
126,1,1,1,0,1,0,0.,0.,1.,1.,1.,1.,1.,3.141592654,0.,1.,0.,0.,       4965P   4794
0.,1.,0.,0.,1.;                                                     4965P   4795
100,0.5,-95.,-270.,-89.5,-270.,-100.5,-270.;                        4967P   4796
126,1,1,1,0,1,0,0.,0.,1.,1.,1.,1.,1.,0.,0.,0.,0.,0.,0.,1.,0.,       4969P   4797
0.,1.;                                                              4969P   4798
110,-100.5,-270.,0.5,-100.5,-270.,11.5;                             4971P   4799
126,1,1,1,0,1,0,0.,0.,1.,1.,1.,1.,0.,0.,0.,0.,3.141592654,0.,       4973P   4800
0.,1.,0.,0.,1.;                                                     4973P   4801
124,-1.,-6.98296267768627E-15,0.,-190.000000000002,                 4975P   4802
-6.98296267768627E-15,1.,-6.98296267768627E-15,                     4975P   4803
-5.55532103629798E-13,4.87617677579594E-29,                         4975P   4804
-6.98296267768627E-15,-1.,22.9999999999981;                         4975P   4805
100,11.5,-95.,-270.,-89.5,-270.,-100.5,-270.;                       4977P   4806
126,1,1,1,0,1,0,0.,0.,1.,1.,1.,1.,0.,3.141592654,0.,1.,             4979P   4807
3.141592654,0.,0.,1.,0.,0.,1.;                                      4979P   4808
110,-89.5,-270.,11.5,-89.5,-270.,0.5;                               4981P   4809
102,4,4965,4969,4973,4979;                                          4983P   4810
102,4,4967,4971,4977,4981;                                          4985P   4811
142,1,4963,4983,4985,1;                                             4987P   4812
144,4963,1,0,4987;                                                  4989P   4813
110,-95.,-270.,1000.,-95.,-270.,0.;                                 4991P   4814
110,-100.5,-270.,0.5,-101.,-270.,0.;                                4993P   4815
120,4991,4993,0.,6.28318530717959;                                  4995P   4816
126,1,1,1,0,1,0,0.,0.,1.,1.,1.,1.,1.,3.141592654,0.,1.,0.,0.,       4997P   4817
0.,1.,0.,0.,1.;                                                     4997P   4818
100,0.,-95.,-270.,-89.,-270.,-101.,-270.;                           4999P   4819
126,1,1,1,0,1,0,0.,0.,1.,1.,1.,1.,1.,0.,0.,0.,0.,0.,0.,1.,0.,       5001P   4820
0.,1.;                                                              5001P   4821
110,-101.,-270.,0.,-100.5,-270.,0.5;                                5003P   4822
126,1,1,1,0,1,0,0.,0.,1.,1.,1.,1.,0.,0.,0.,0.,3.141592654,0.,       5005P   4823
0.,1.,0.,0.,1.;                                                     5005P   4824
124,-1.,-6.98296267768627E-15,0.,-190.000000000002,                 5007P   4825
-6.98296267768627E-15,1.,-6.98296267768627E-15,                     5007P   4826
-6.53646131307638E-13,4.87617677579594E-29,                         5007P   4827
-6.98296267768627E-15,-1.,0.999999999998105;                        5007P   4828
100,0.5,-95.,-270.,-89.5,-270.,-100.5,-270.;                        5009P   4829
126,1,1,1,0,1,0,0.,0.,1.,1.,1.,1.,0.,3.141592654,0.,1.,             5011P   4830
3.141592654,0.,0.,1.,0.,0.,1.;                                      5011P   4831
110,-89.5,-270.,0.5,-89.,-270.,0.;                                  5013P   4832
102,4,4997,5001,5005,5011;                                          5015P   4833
102,4,4999,5003,5009,5013;                                          5017P   4834
142,1,4995,5015,5017,1;                                             5019P   4835
144,4995,1,0,5019;                                                  5021P   4836
110,0.,-270.,-988.5,0.,-270.,11.5;                                  5023P   4837
110,5.5,-270.,11.5,6.,-270.,12.;                                    5025P   4838
120,5023,5025,0.,6.28318530717959;                                  5027P   4839
126,1,1,1,0,1,0,0.,0.,1.,1.,1.,1.,1.,3.141592654,0.,1.,0.,0.,       5029P   4840
0.,1.,0.,0.,1.;                                                     5029P   4841
124,-1.,-6.98296267768627E-15,0.,-1.94091107420655E-12,             5031P   4842
-6.98296267768627E-15,1.,-6.98296267768627E-15,                     5031P   4843
5.65688018019281E-14,4.87617677579594E-29,                          5031P   4844
-6.98296267768627E-15,-1.,23.9999999999981;                         5031P   4845
100,12.,0.,-270.,6.,-270.,-6.,-270.;                                5033P   4846
126,1,1,1,0,1,0,0.,0.,1.,1.,1.,1.,1.,0.,0.,0.,0.,0.,0.,1.,0.,       5035P   4847
0.,1.;                                                              5035P   4848
110,6.,-270.,12.,5.5,-270.,11.5;                                    5037P   4849
126,1,1,1,0,1,0,0.,0.,1.,1.,1.,1.,0.,0.,0.,0.,3.141592654,0.,       5039P   4850
0.,1.,0.,0.,1.;                                                     5039P   4851
100,11.5,0.,-270.,5.5,-270.,-5.5,-270.;                             5041P   4852
126,1,1,1,0,1,0,0.,0.,1.,1.,1.,1.,0.,3.141592654,0.,1.,             5043P   4853
3.141592654,0.,0.,1.,0.,0.,1.;                                      5043P   4854
110,-5.5,-270.,11.5,-6.,-270.,12.;                                  5045P   4855
102,4,5029,5035,5039,5043;                                          5047P   4856
102,4,5033,5037,5041,5045;                                          5049P   4857
142,1,5027,5047,5049,1;                                             5051P   4858
144,5027,1,0,5051;                                                  5053P   4859
110,0.,-270.,0.,0.,-270.,-1000.;                                    5055P   4860
110,-5.5,-270.,11.5,-5.5,-270.,0.5;                                 5057P   4861
120,5055,5057,0.,6.28318530717959;                                  5059P   4862
126,1,1,1,0,1,0,0.,0.,1.,1.,1.,1.,1.,3.141592654,0.,1.,0.,0.,       5061P   4863
0.,1.,0.,0.,1.;                                                     5061P   4864
100,0.5,0.,-270.,5.5,-270.,-5.5,-270.;                              5063P   4865
126,1,1,1,0,1,0,0.,0.,1.,1.,1.,1.,1.,0.,0.,0.,0.,0.,0.,1.,0.,       5065P   4866
0.,1.;                                                              5065P   4867
110,-5.5,-270.,0.5,-5.5,-270.,11.5;                                 5067P   4868
126,1,1,1,0,1,0,0.,0.,1.,1.,1.,1.,0.,0.,0.,0.,3.141592654,0.,       5069P   4869
0.,1.,0.,0.,1.;                                                     5069P   4870
124,-1.,-6.98296267768627E-15,0.,-1.94091107420655E-12,             5071P   4871
-6.98296267768627E-15,1.,-6.98296267768627E-15,                     5071P   4872
1.050969903555E-13,4.87617677579594E-29,-6.98296267768627E-15,      5071P   4873
-1.,22.9999999999981;                                               5071P   4874
100,11.5,0.,-270.,5.5,-270.,-5.5,-270.;                             5073P   4875
126,1,1,1,0,1,0,0.,0.,1.,1.,1.,1.,0.,3.141592654,0.,1.,             5075P   4876
3.141592654,0.,0.,1.,0.,0.,1.;                                      5075P   4877
110,5.5,-270.,11.5,5.5,-270.,0.5;                                   5077P   4878
102,4,5061,5065,5069,5075;                                          5079P   4879
102,4,5063,5067,5073,5077;                                          5081P   4880
142,1,5059,5079,5081,1;                                             5083P   4881
144,5059,1,0,5083;                                                  5085P   4882
110,0.,-270.,1000.,0.,-270.,0.;                                     5087P   4883
110,-5.5,-270.,0.5,-6.,-270.,0.;                                    5089P   4884
120,5087,5089,0.,6.28318530717959;                                  5091P   4885
126,1,1,1,0,1,0,0.,0.,1.,1.,1.,1.,1.,3.141592654,0.,1.,0.,0.,       5093P   4886
0.,1.,0.,0.,1.;                                                     5093P   4887
100,0.,0.,-270.,6.,-270.,-6.,-270.;                                 5095P   4888
126,1,1,1,0,1,0,0.,0.,1.,1.,1.,1.,1.,0.,0.,0.,0.,0.,0.,1.,0.,       5097P   4889
0.,1.;                                                              5097P   4890
110,-6.,-270.,0.,-5.5,-270.,0.5;                                    5099P   4891
126,1,1,1,0,1,0,0.,0.,1.,1.,1.,1.,0.,0.,0.,0.,3.141592654,0.,       5101P   4892
0.,1.,0.,0.,1.;                                                     5101P   4893
124,-1.,-6.98296267768627E-15,0.,-1.94091107420655E-12,             5103P   4894
-6.98296267768627E-15,1.,-6.98296267768627E-15,                     5103P   4895
6.98296267765948E-15,4.87617677579594E-29,                          5103P   4896
-6.98296267768627E-15,-1.,0.999999999998105;                        5103P   4897
100,0.5,0.,-270.,5.5,-270.,-5.5,-270.;                              5105P   4898
126,1,1,1,0,1,0,0.,0.,1.,1.,1.,1.,0.,3.141592654,0.,1.,             5107P   4899
3.141592654,0.,0.,1.,0.,0.,1.;                                      5107P   4900
110,5.5,-270.,0.5,6.,-270.,0.;                                      5109P   4901
102,4,5093,5097,5101,5107;                                          5111P   4902
102,4,5095,5099,5105,5109;                                          5113P   4903
142,1,5091,5111,5113,1;                                             5115P   4904
144,5091,1,0,5115;                                                  5117P   4905
110,95.,-270.,-988.5,95.,-270.,11.5;                                5119P   4906
110,100.5,-270.,11.5,101.,-270.,12.;                                5121P   4907
120,5119,5121,0.,6.28318530717959;                                  5123P   4908
126,1,1,1,0,1,0,0.,0.,1.,1.,1.,1.,1.,3.141592654,0.,1.,0.,0.,       5125P   4909
0.,1.,0.,0.,1.;                                                     5125P   4910
124,-1.,-6.98296267768627E-15,0.,189.999999999998,                  5127P   4911
-6.98296267768627E-15,1.,-6.98296267768627E-15,                     5127P   4912
7.17197895787225E-13,4.87617677579594E-29,                          5127P   4913
-6.98296267768627E-15,-1.,23.9999999999981;                         5127P   4914
100,12.,95.,-270.,101.,-270.,89.,-270.;                             5129P   4915
126,1,1,1,0,1,0,0.,0.,1.,1.,1.,1.,1.,0.,0.,0.,0.,0.,0.,1.,0.,       5131P   4916
0.,1.;                                                              5131P   4917
110,101.,-270.,12.,100.5,-270.,11.5;                                5133P   4918
126,1,1,1,0,1,0,0.,0.,1.,1.,1.,1.,0.,0.,0.,0.,3.141592654,0.,       5135P   4919
0.,1.,0.,0.,1.;                                                     5135P   4920
100,11.5,95.,-270.,100.5,-270.,89.5,-270.;                          5137P   4921
126,1,1,1,0,1,0,0.,0.,1.,1.,1.,1.,0.,3.141592654,0.,1.,             5139P   4922
3.141592654,0.,0.,1.,0.,0.,1.;                                      5139P   4923
110,89.5,-270.,11.5,89.,-270.,12.;                                  5141P   4924
102,4,5125,5131,5135,5139;                                          5143P   4925
102,4,5129,5133,5137,5141;                                          5145P   4926
142,1,5123,5143,5145,1;                                             5147P   4927
144,5123,1,0,5147;                                                  5149P   4928
110,95.,-270.,0.,95.,-270.,-1000.;                                  5151P   4929
110,89.5,-270.,11.5,89.5,-270.,0.5;                                 5153P   4930
120,5151,5153,0.,6.28318530717959;                                  5155P   4931
126,1,1,1,0,1,0,0.,0.,1.,1.,1.,1.,1.,3.141592654,0.,1.,0.,0.,       5157P   4932
0.,1.,0.,0.,1.;                                                     5157P   4933
100,0.5,95.,-270.,100.5,-270.,89.5,-270.;                           5159P   4934
126,1,1,1,0,1,0,0.,0.,1.,1.,1.,1.,1.,0.,0.,0.,0.,0.,0.,1.,0.,       5161P   4935
0.,1.;                                                              5161P   4936
110,89.5,-270.,0.5,89.5,-270.,11.5;                                 5163P   4937
126,1,1,1,0,1,0,0.,0.,1.,1.,1.,1.,0.,0.,0.,0.,3.141592654,0.,       5165P   4938
0.,1.,0.,0.,1.;                                                     5165P   4939
124,-1.,-6.98296267768627E-15,0.,189.999999999998,                  5167P   4940
-6.98296267768627E-15,1.,-6.98296267768627E-15,                     5167P   4941
7.65726084340797E-13,4.87617677579594E-29,                          5167P   4942
-6.98296267768627E-15,-1.,22.9999999999981;                         5167P   4943
100,11.5,95.,-270.,100.5,-270.,89.5,-270.;                          5169P   4944
126,1,1,1,0,1,0,0.,0.,1.,1.,1.,1.,0.,3.141592654,0.,1.,             5171P   4945
3.141592654,0.,0.,1.,0.,0.,1.;                                      5171P   4946
110,100.5,-270.,11.5,100.5,-270.,0.5;                               5173P   4947
102,4,5157,5161,5165,5171;                                          5175P   4948
102,4,5159,5163,5169,5173;                                          5177P   4949
142,1,5155,5175,5177,1;                                             5179P   4950
144,5155,1,0,5179;                                                  5181P   4951
110,95.,-270.,1000.,95.,-270.,0.;                                   5183P   4952
110,89.5,-270.,0.5,89.,-270.,0.;                                    5185P   4953
120,5183,5185,0.,6.28318530717959;                                  5187P   4954
126,1,1,1,0,1,0,0.,0.,1.,1.,1.,1.,1.,3.141592654,0.,1.,0.,0.,       5189P   4955
0.,1.,0.,0.,1.;                                                     5189P   4956
100,0.,95.,-270.,101.,-270.,89.,-270.;                              5191P   4957
126,1,1,1,0,1,0,0.,0.,1.,1.,1.,1.,1.,0.,0.,0.,0.,0.,0.,1.,0.,       5193P   4958
0.,1.;                                                              5193P   4959
110,89.,-270.,0.,89.5,-270.,0.5;                                    5195P   4960
126,1,1,1,0,1,0,0.,0.,1.,1.,1.,1.,0.,0.,0.,0.,3.141592654,0.,       5197P   4961
0.,1.,0.,0.,1.;                                                     5197P   4962
124,-1.,-6.98296267768627E-15,0.,189.999999999998,                  5199P   4963
-6.98296267768627E-15,1.,-6.98296267768627E-15,                     5199P   4964
6.67612056662956E-13,4.87617677579594E-29,                          5199P   4965
-6.98296267768627E-15,-1.,0.999999999998105;                        5199P   4966
100,0.5,95.,-270.,100.5,-270.,89.5,-270.;                           5201P   4967
126,1,1,1,0,1,0,0.,0.,1.,1.,1.,1.,0.,3.141592654,0.,1.,             5203P   4968
3.141592654,0.,0.,1.,0.,0.,1.;                                      5203P   4969
110,100.5,-270.,0.5,101.,-270.,0.;                                  5205P   4970
102,4,5189,5193,5197,5203;                                          5207P   4971
102,4,5191,5195,5201,5205;                                          5209P   4972
142,1,5187,5207,5209,1;                                             5211P   4973
144,5187,1,0,5211;                                                  5213P   4974
110,190.,-270.,-988.5,190.,-270.,11.5;                              5215P   4975
110,195.5,-270.,11.5,196.,-270.,12.;                                5217P   4976
120,5215,5217,0.,6.28318530717959;                                  5219P   4977
126,1,1,1,0,1,0,0.,0.,1.,1.,1.,1.,1.,3.141592654,0.,1.,0.,0.,       5221P   4978
0.,1.,0.,0.,1.;                                                     5221P   4979
124,-1.,-6.98296267768627E-15,0.,379.999999999998,                  5223P   4980
-6.98296267768627E-15,1.,-6.98296267768627E-15,                     5223P   4981
1.37782698977252E-12,4.87617677579594E-29,                          5223P   4982
-6.98296267768627E-15,-1.,23.9999999999981;                         5223P   4983
100,12.,190.,-270.,196.,-270.,184.,-270.;                           5225P   4984
126,1,1,1,0,1,0,0.,0.,1.,1.,1.,1.,1.,0.,0.,0.,0.,0.,0.,1.,0.,       5227P   4985
0.,1.;                                                              5227P   4986
110,196.,-270.,12.,195.5,-270.,11.5;                                5229P   4987
126,1,1,1,0,1,0,0.,0.,1.,1.,1.,1.,0.,0.,0.,0.,3.141592654,0.,       5231P   4988
0.,1.,0.,0.,1.;                                                     5231P   4989
100,11.5,190.,-270.,195.5,-270.,184.5,-270.;                        5233P   4990
126,1,1,1,0,1,0,0.,0.,1.,1.,1.,1.,0.,3.141592654,0.,1.,             5235P   4991
3.141592654,0.,0.,1.,0.,0.,1.;                                      5235P   4992
110,184.5,-270.,11.5,184.,-270.,12.;                                5237P   4993
102,4,5221,5227,5231,5235;                                          5239P   4994
102,4,5225,5229,5233,5237;                                          5241P   4995
142,1,5219,5239,5241,1;                                             5243P   4996
144,5219,1,0,5243;                                                  5245P   4997
110,190.,-270.,0.,190.,-270.,-1000.;                                5247P   4998
110,184.5,-270.,11.5,184.5,-270.,0.5;                               5249P   4999
120,5247,5249,0.,6.28318530717959;                                  5251P   5000
126,1,1,1,0,1,0,0.,0.,1.,1.,1.,1.,1.,3.141592654,0.,1.,0.,0.,       5253P   5001
0.,1.,0.,0.,1.;                                                     5253P   5002
100,0.5,190.,-270.,195.5,-270.,184.5,-270.;                         5255P   5003
126,1,1,1,0,1,0,0.,0.,1.,1.,1.,1.,1.,0.,0.,0.,0.,0.,0.,1.,0.,       5257P   5004
0.,1.;                                                              5257P   5005
110,184.5,-270.,0.5,184.5,-270.,11.5;                               5259P   5006
126,1,1,1,0,1,0,0.,0.,1.,1.,1.,1.,0.,0.,0.,0.,3.141592654,0.,       5261P   5007
0.,1.,0.,0.,1.;                                                     5261P   5008
124,-1.,-6.98296267768627E-15,0.,379.999999999998,                  5263P   5009
-6.98296267768627E-15,1.,-6.98296267768627E-15,                     5263P   5010
1.42635517832609E-12,4.87617677579594E-29,                          5263P   5011
-6.98296267768627E-15,-1.,22.9999999999981;                         5263P   5012
100,11.5,190.,-270.,195.5,-270.,184.5,-270.;                        5265P   5013
126,1,1,1,0,1,0,0.,0.,1.,1.,1.,1.,0.,3.141592654,0.,1.,             5267P   5014
3.141592654,0.,0.,1.,0.,0.,1.;                                      5267P   5015
110,195.5,-270.,11.5,195.5,-270.,0.5;                               5269P   5016
102,4,5253,5257,5261,5267;                                          5271P   5017
102,4,5255,5259,5265,5269;                                          5273P   5018
142,1,5251,5271,5273,1;                                             5275P   5019
144,5251,1,0,5275;                                                  5277P   5020
110,190.,-270.,1000.,190.,-270.,0.;                                 5279P   5021
110,184.5,-270.,0.5,184.,-270.,0.;                                  5281P   5022
120,5279,5281,0.,6.28318530717959;                                  5283P   5023
126,1,1,1,0,1,0,0.,0.,1.,1.,1.,1.,1.,3.141592654,0.,1.,0.,0.,       5285P   5024
0.,1.,0.,0.,1.;                                                     5285P   5025
100,0.,190.,-270.,196.,-270.,184.,-270.;                            5287P   5026
126,1,1,1,0,1,0,0.,0.,1.,1.,1.,1.,1.,0.,0.,0.,0.,0.,0.,1.,0.,       5289P   5027
0.,1.;                                                              5289P   5028
110,184.,-270.,0.,184.5,-270.,0.5;                                  5291P   5029
126,1,1,1,0,1,0,0.,0.,1.,1.,1.,1.,0.,0.,0.,0.,3.141592654,0.,       5293P   5030
0.,1.,0.,0.,1.;                                                     5293P   5031
124,-1.,-6.98296267768627E-15,0.,379.999999999998,                  5295P   5032
-6.98296267768627E-15,1.,-6.98296267768627E-15,                     5295P   5033
1.32824115064825E-12,4.87617677579594E-29,                          5295P   5034
-6.98296267768627E-15,-1.,0.999999999998105;                        5295P   5035
100,0.5,190.,-270.,195.5,-270.,184.5,-270.;                         5297P   5036
126,1,1,1,0,1,0,0.,0.,1.,1.,1.,1.,0.,3.141592654,0.,1.,             5299P   5037
3.141592654,0.,0.,1.,0.,0.,1.;                                      5299P   5038
110,195.5,-270.,0.5,196.,-270.,0.;                                  5301P   5039
102,4,5285,5289,5293,5299;                                          5303P   5040
102,4,5287,5291,5297,5301;                                          5305P   5041
142,1,5283,5303,5305,1;                                             5307P   5042
144,5283,1,0,5307;                                                  5309P   5043
110,232.,235.,-988.5,232.,235.,11.5;                                5311P   5044
110,237.5,235.,11.5,238.,235.,12.;                                  5313P   5045
120,5311,5313,0.,6.28318530717959;                                  5315P   5046
126,1,1,1,0,1,0,0.,0.,1.,1.,1.,1.,1.,3.141592654,0.,1.,0.,0.,       5317P   5047
0.,1.,0.,0.,1.;                                                     5317P   5048
124,-1.,-6.98296267768627E-15,0.,464.000000000002,                  5319P   5049
-6.98296267768627E-15,1.,-6.98296267768627E-15,                     5319P   5050
1.71459567415756E-12,4.87617677579594E-29,                          5319P   5051
-6.98296267768627E-15,-1.,24.0000000000016;                         5319P   5052
100,12.,232.,235.,238.,235.,226.,235.;                              5321P   5053
126,1,1,1,0,1,0,0.,0.,1.,1.,1.,1.,1.,0.,0.,0.,0.,0.,0.,1.,0.,       5323P   5054
0.,1.;                                                              5323P   5055
110,238.,235.,12.,237.5,235.,11.5;                                  5325P   5056
126,1,1,1,0,1,0,0.,0.,1.,1.,1.,1.,0.,0.,0.,0.,3.141592654,0.,       5327P   5057
0.,1.,0.,0.,1.;                                                     5327P   5058
100,11.5,232.,235.,237.5,235.,226.5,235.;                           5329P   5059
126,1,1,1,0,1,0,0.,0.,1.,1.,1.,1.,0.,3.141592654,0.,1.,             5331P   5060
3.141592654,0.,0.,1.,0.,0.,1.;                                      5331P   5061
110,226.5,235.,11.5,226.,235.,12.;                                  5333P   5062
102,4,5317,5323,5327,5331;                                          5335P   5063
102,4,5321,5325,5329,5333;                                          5337P   5064
142,1,5315,5335,5337,1;                                             5339P   5065
144,5315,1,0,5339;                                                  5341P   5066
110,232.,235.,0.,232.,235.,-1000.;                                  5343P   5067
110,226.5,235.,11.5,226.5,235.,0.5;                                 5345P   5068
120,5343,5345,0.,6.28318530717959;                                  5347P   5069
126,1,1,1,0,1,0,0.,0.,1.,1.,1.,1.,1.,3.141592654,0.,1.,0.,0.,       5349P   5070
0.,1.,0.,0.,1.;                                                     5349P   5071
100,0.5,232.,235.,237.5,235.,226.5,235.;                            5351P   5072
126,1,1,1,0,1,0,0.,0.,1.,1.,1.,1.,1.,0.,0.,0.,0.,0.,0.,1.,0.,       5353P   5073
0.,1.;                                                              5353P   5074
110,226.5,235.,0.5,226.5,235.,11.5;                                 5355P   5075
126,1,1,1,0,1,0,0.,0.,1.,1.,1.,1.,0.,0.,0.,0.,3.141592654,0.,       5357P   5076
0.,1.,0.,0.,1.;                                                     5357P   5077
124,-1.,-6.98296267768627E-15,0.,464.000000000002,                  5359P   5078
-6.98296267768627E-15,1.,-6.98296267768627E-15,                     5359P   5079
1.70761271147987E-12,4.87617677579594E-29,                          5359P   5080
-6.98296267768627E-15,-1.,23.0000000000016;                         5359P   5081
100,11.5,232.,235.,237.5,235.,226.5,235.;                           5361P   5082
126,1,1,1,0,1,0,0.,0.,1.,1.,1.,1.,0.,3.141592654,0.,1.,             5363P   5083
3.141592654,0.,0.,1.,0.,0.,1.;                                      5363P   5084
110,237.5,235.,11.5,237.5,235.,0.5;                                 5365P   5085
102,4,5349,5353,5357,5363;                                          5367P   5086
102,4,5351,5355,5361,5365;                                          5369P   5087
142,1,5347,5367,5369,1;                                             5371P   5088
144,5347,1,0,5371;                                                  5373P   5089
110,232.,235.,1000.,232.,235.,0.;                                   5375P   5090
110,226.5,235.,0.5,226.,235.,0.;                                    5377P   5091
120,5375,5377,0.,6.28318530717959;                                  5379P   5092
126,1,1,1,0,1,0,0.,0.,1.,1.,1.,1.,1.,3.141592654,0.,1.,0.,0.,       5381P   5093
0.,1.,0.,0.,1.;                                                     5381P   5094
100,0.,232.,235.,238.,235.,226.,235.;                               5383P   5095
126,1,1,1,0,1,0,0.,0.,1.,1.,1.,1.,1.,0.,0.,0.,0.,0.,0.,1.,0.,       5385P   5096
0.,1.;                                                              5385P   5097
110,226.,235.,0.,226.5,235.,0.5;                                    5387P   5098
126,1,1,1,0,1,0,0.,0.,1.,1.,1.,1.,0.,0.,0.,0.,3.141592654,0.,       5389P   5099
0.,1.,0.,0.,1.;                                                     5389P   5100
124,-1.,-6.98296267768627E-15,0.,464.000000000002,                  5391P   5101
-6.98296267768627E-15,1.,-6.98296267768627E-15,                     5391P   5102
1.63725425941766E-12,4.87617677579594E-29,                          5391P   5103
-6.98296267768627E-15,-1.,1.00000000000163;                         5391P   5104
100,0.5,232.,235.,237.5,235.,226.5,235.;                            5393P   5105
126,1,1,1,0,1,0,0.,0.,1.,1.,1.,1.,0.,3.141592654,0.,1.,             5395P   5106
3.141592654,0.,0.,1.,0.,0.,1.;                                      5395P   5107
110,237.5,235.,0.5,238.,235.,0.;                                    5397P   5108
102,4,5381,5385,5389,5395;                                          5399P   5109
102,4,5383,5387,5393,5397;                                          5401P   5110
142,1,5379,5399,5401,1;                                             5403P   5111
144,5379,1,0,5403;                                                  5405P   5112
110,232.,141.,-988.5,232.,141.,11.5;                                5407P   5113
110,237.5,141.,11.5,238.,141.,12.;                                  5409P   5114
120,5407,5409,0.,6.28318530717959;                                  5411P   5115
126,1,1,1,0,1,0,0.,0.,1.,1.,1.,1.,1.,3.141592654,0.,1.,0.,0.,       5413P   5116
0.,1.,0.,0.,1.;                                                     5413P   5117
124,-1.,-6.98296267768627E-15,0.,464.000000000001,                  5415P   5118
-6.98296267768627E-15,1.,-6.98296267768627E-15,                     5415P   5119
1.71459567415755E-12,4.87617677579594E-29,                          5415P   5120
-6.98296267768627E-15,-1.,24.000000000001;                          5415P   5121
100,12.,232.,141.,238.,141.,226.,141.;                              5417P   5122
126,1,1,1,0,1,0,0.,0.,1.,1.,1.,1.,1.,0.,0.,0.,0.,0.,0.,1.,0.,       5419P   5123
0.,1.;                                                              5419P   5124
110,238.,141.,12.,237.5,141.,11.5;                                  5421P   5125
126,1,1,1,0,1,0,0.,0.,1.,1.,1.,1.,0.,0.,0.,0.,3.141592654,0.,       5423P   5126
0.,1.,0.,0.,1.;                                                     5423P   5127
100,11.5,232.,141.,237.5,141.,226.5,141.;                           5425P   5128
126,1,1,1,0,1,0,0.,0.,1.,1.,1.,1.,0.,3.141592654,0.,1.,             5427P   5129
3.141592654,0.,0.,1.,0.,0.,1.;                                      5427P   5130
110,226.5,141.,11.5,226.,141.,12.;                                  5429P   5131
102,4,5413,5419,5423,5427;                                          5431P   5132
102,4,5417,5421,5425,5429;                                          5433P   5133
142,1,5411,5431,5433,1;                                             5435P   5134
144,5411,1,0,5435;                                                  5437P   5135
110,232.,141.,0.,232.,141.,-1000.;                                  5439P   5136
110,226.5,141.,11.5,226.5,141.,0.5;                                 5441P   5137
120,5439,5441,0.,6.28318530717959;                                  5443P   5138
126,1,1,1,0,1,0,0.,0.,1.,1.,1.,1.,1.,3.141592654,0.,1.,0.,0.,       5445P   5139
0.,1.,0.,0.,1.;                                                     5445P   5140
100,0.5,232.,141.,237.5,141.,226.5,141.;                            5447P   5141
126,1,1,1,0,1,0,0.,0.,1.,1.,1.,1.,1.,0.,0.,0.,0.,0.,0.,1.,0.,       5449P   5142
0.,1.;                                                              5449P   5143
110,226.5,141.,0.5,226.5,141.,11.5;                                 5451P   5144
126,1,1,1,0,1,0,0.,0.,1.,1.,1.,1.,0.,0.,0.,0.,3.141592654,0.,       5453P   5145
0.,1.,0.,0.,1.;                                                     5453P   5146
124,-1.,-6.98296267768627E-15,0.,464.000000000001,                  5455P   5147
-6.98296267768627E-15,1.,-6.98296267768627E-15,                     5455P   5148
1.70761271147986E-12,4.87617677579594E-29,                          5455P   5149
-6.98296267768627E-15,-1.,23.000000000001;                          5455P   5150
100,11.5,232.,141.,237.5,141.,226.5,141.;                           5457P   5151
126,1,1,1,0,1,0,0.,0.,1.,1.,1.,1.,0.,3.141592654,0.,1.,             5459P   5152
3.141592654,0.,0.,1.,0.,0.,1.;                                      5459P   5153
110,237.5,141.,11.5,237.5,141.,0.5;                                 5461P   5154
102,4,5445,5449,5453,5459;                                          5463P   5155
102,4,5447,5451,5457,5461;                                          5465P   5156
142,1,5443,5463,5465,1;                                             5467P   5157
144,5443,1,0,5467;                                                  5469P   5158
110,232.,141.,1000.,232.,141.,0.;                                   5471P   5159
110,226.5,141.,0.5,226.,141.,0.;                                    5473P   5160
120,5471,5473,0.,6.28318530717959;                                  5475P   5161
126,1,1,1,0,1,0,0.,0.,1.,1.,1.,1.,1.,3.141592654,0.,1.,0.,0.,       5477P   5162
0.,1.,0.,0.,1.;                                                     5477P   5163
100,0.,232.,141.,238.,141.,226.,141.;                               5479P   5164
126,1,1,1,0,1,0,0.,0.,1.,1.,1.,1.,1.,0.,0.,0.,0.,0.,0.,1.,0.,       5481P   5165
0.,1.;                                                              5481P   5166
110,226.,141.,0.,226.5,141.,0.5;                                    5483P   5167
126,1,1,1,0,1,0,0.,0.,1.,1.,1.,1.,0.,0.,0.,0.,3.141592654,0.,       5485P   5168
0.,1.,0.,0.,1.;                                                     5485P   5169
124,-1.,-6.98296267768627E-15,0.,464.000000000001,                  5487P   5170
-6.98296267768627E-15,1.,-6.98296267768627E-15,                     5487P   5171
1.63725425941765E-12,4.87617677579594E-29,                          5487P   5172
-6.98296267768627E-15,-1.,1.00000000000097;                         5487P   5173
100,0.5,232.,141.,237.5,141.,226.5,141.;                            5489P   5174
126,1,1,1,0,1,0,0.,0.,1.,1.,1.,1.,0.,3.141592654,0.,1.,             5491P   5175
3.141592654,0.,0.,1.,0.,0.,1.;                                      5491P   5176
110,237.5,141.,0.5,238.,141.,0.;                                    5493P   5177
102,4,5477,5481,5485,5491;                                          5495P   5178
102,4,5479,5483,5489,5493;                                          5497P   5179
142,1,5475,5495,5497,1;                                             5499P   5180
144,5475,1,0,5499;                                                  5501P   5181
110,232.,47.,-988.5,232.,47.,11.5;                                  5503P   5182
110,237.5,47.,11.5,238.,47.,12.;                                    5505P   5183
120,5503,5505,0.,6.28318530717959;                                  5507P   5184
126,1,1,1,0,1,0,0.,0.,1.,1.,1.,1.,1.,3.141592654,0.,1.,0.,0.,       5509P   5185
0.,1.,0.,0.,1.;                                                     5509P   5186
124,-1.,-6.98296267768627E-15,0.,464.,-6.98296267768627E-15,1.,     5511P   5187
-6.98296267768627E-15,1.70765678025363E-12,                         5511P   5188
4.87617677579594E-29,-6.98296267768627E-15,-1.,                     5511P   5189
24.0000000000003;                                                   5511P   5190
100,12.,232.,47.,238.,47.,226.,47.;                                 5513P   5191
126,1,1,1,0,1,0,0.,0.,1.,1.,1.,1.,1.,0.,0.,0.,0.,0.,0.,1.,0.,       5515P   5192
0.,1.;                                                              5515P   5193
110,238.,47.,12.,237.5,47.,11.5;                                    5517P   5194
126,1,1,1,0,1,0,0.,0.,1.,1.,1.,1.,0.,0.,0.,0.,3.141592654,0.,       5519P   5195
0.,1.,0.,0.,1.;                                                     5519P   5196
100,11.5,232.,47.,237.5,47.,226.5,47.;                              5521P   5197
126,1,1,1,0,1,0,0.,0.,1.,1.,1.,1.,0.,3.141592654,0.,1.,             5523P   5198
3.141592654,0.,0.,1.,0.,0.,1.;                                      5523P   5199
110,226.5,47.,11.5,226.,47.,12.;                                    5525P   5200
102,4,5509,5515,5519,5523;                                          5527P   5201
102,4,5513,5517,5521,5525;                                          5529P   5202
142,1,5507,5527,5529,1;                                             5531P   5203
144,5507,1,0,5531;                                                  5533P   5204
110,232.,47.,0.,232.,47.,-1000.;                                    5535P   5205
110,226.5,47.,11.5,226.5,47.,0.5;                                   5537P   5206
120,5535,5537,0.,6.28318530717959;                                  5539P   5207
126,1,1,1,0,1,0,0.,0.,1.,1.,1.,1.,1.,3.141592654,0.,1.,0.,0.,       5541P   5208
0.,1.,0.,0.,1.;                                                     5541P   5209
100,0.5,232.,47.,237.5,47.,226.5,47.;                               5543P   5210
126,1,1,1,0,1,0,0.,0.,1.,1.,1.,1.,1.,0.,0.,0.,0.,0.,0.,1.,0.,       5545P   5211
0.,1.;                                                              5545P   5212
110,226.5,47.,0.5,226.5,47.,11.5;                                   5547P   5213
126,1,1,1,0,1,0,0.,0.,1.,1.,1.,1.,0.,0.,0.,0.,3.141592654,0.,       5549P   5214
0.,1.,0.,0.,1.;                                                     5549P   5215
124,-1.,-6.98296267768627E-15,0.,464.,-6.98296267768627E-15,1.,     5551P   5216
-6.98296267768627E-15,1.70067381757595E-12,                         5551P   5217
4.87617677579594E-29,-6.98296267768627E-15,-1.,                     5551P   5218
23.0000000000003;                                                   5551P   5219
100,11.5,232.,47.,237.5,47.,226.5,47.;                              5553P   5220
126,1,1,1,0,1,0,0.,0.,1.,1.,1.,1.,0.,3.141592654,0.,1.,             5555P   5221
3.141592654,0.,0.,1.,0.,0.,1.;                                      5555P   5222
110,237.5,47.,11.5,237.5,47.,0.5;                                   5557P   5223
102,4,5541,5545,5549,5555;                                          5559P   5224
102,4,5543,5547,5553,5557;                                          5561P   5225
142,1,5539,5559,5561,1;                                             5563P   5226
144,5539,1,0,5563;                                                  5565P   5227
110,232.,47.,1000.,232.,47.,0.;                                     5567P   5228
110,226.5,47.,0.5,226.,47.,0.;                                      5569P   5229
120,5567,5569,0.,6.28318530717959;                                  5571P   5230
126,1,1,1,0,1,0,0.,0.,1.,1.,1.,1.,1.,3.141592654,0.,1.,0.,0.,       5573P   5231
0.,1.,0.,0.,1.;                                                     5573P   5232
100,0.,232.,47.,238.,47.,226.,47.;                                  5575P   5233
126,1,1,1,0,1,0,0.,0.,1.,1.,1.,1.,1.,0.,0.,0.,0.,0.,0.,1.,0.,       5577P   5234
0.,1.;                                                              5577P   5235
110,226.,47.,0.,226.5,47.,0.5;                                      5579P   5236
126,1,1,1,0,1,0,0.,0.,1.,1.,1.,1.,0.,0.,0.,0.,3.141592654,0.,       5581P   5237
0.,1.,0.,0.,1.;                                                     5581P   5238
124,-1.,-6.98296267768627E-15,0.,464.,-6.98296267768627E-15,1.,     5583P   5239
-6.98296267768627E-15,1.62337647160983E-12,                         5583P   5240
4.87617677579594E-29,-6.98296267768627E-15,-1.,                     5583P   5241
1.00000000000032;                                                   5583P   5242
100,0.5,232.,47.,237.5,47.,226.5,47.;                               5585P   5243
126,1,1,1,0,1,0,0.,0.,1.,1.,1.,1.,0.,3.141592654,0.,1.,             5587P   5244
3.141592654,0.,0.,1.,0.,0.,1.;                                      5587P   5245
110,237.5,47.,0.5,238.,47.,0.;                                      5589P   5246
102,4,5573,5577,5581,5587;                                          5591P   5247
102,4,5575,5579,5585,5589;                                          5593P   5248
142,1,5571,5591,5593,1;                                             5595P   5249
144,5571,1,0,5595;                                                  5597P   5250
110,232.,-47.,-988.5,232.,-47.,11.5;                                5599P   5251
110,237.5,-47.,11.5,238.,-47.,12.;                                  5601P   5252
120,5599,5601,0.,6.28318530717959;                                  5603P   5253
126,1,1,1,0,1,0,0.,0.,1.,1.,1.,1.,1.,3.141592654,0.,1.,0.,0.,       5605P   5254
0.,1.,0.,0.,1.;                                                     5605P   5255
124,-1.,-6.98296267768627E-15,0.,464.,-6.98296267768627E-15,1.,     5607P   5256
-6.98296267768627E-15,1.70765678025362E-12,                         5607P   5257
4.87617677579594E-29,-6.98296267768627E-15,-1.,                     5607P   5258
23.9999999999997;                                                   5607P   5259
100,12.,232.,-47.,238.,-47.,226.,-47.;                              5609P   5260
126,1,1,1,0,1,0,0.,0.,1.,1.,1.,1.,1.,0.,0.,0.,0.,0.,0.,1.,0.,       5611P   5261
0.,1.;                                                              5611P   5262
110,238.,-47.,12.,237.5,-47.,11.5;                                  5613P   5263
126,1,1,1,0,1,0,0.,0.,1.,1.,1.,1.,0.,0.,0.,0.,3.141592654,0.,       5615P   5264
0.,1.,0.,0.,1.;                                                     5615P   5265
100,11.5,232.,-47.,237.5,-47.,226.5,-47.;                           5617P   5266
126,1,1,1,0,1,0,0.,0.,1.,1.,1.,1.,0.,3.141592654,0.,1.,             5619P   5267
3.141592654,0.,0.,1.,0.,0.,1.;                                      5619P   5268
110,226.5,-47.,11.5,226.,-47.,12.;                                  5621P   5269
102,4,5605,5611,5615,5619;                                          5623P   5270
102,4,5609,5613,5617,5621;                                          5625P   5271
142,1,5603,5623,5625,1;                                             5627P   5272
144,5603,1,0,5627;                                                  5629P   5273
110,232.,-47.,0.,232.,-47.,-1000.;                                  5631P   5274
110,226.5,-47.,11.5,226.5,-47.,0.5;                                 5633P   5275
120,5631,5633,0.,6.28318530717959;                                  5635P   5276
126,1,1,1,0,1,0,0.,0.,1.,1.,1.,1.,1.,3.141592654,0.,1.,0.,0.,       5637P   5277
0.,1.,0.,0.,1.;                                                     5637P   5278
100,0.5,232.,-47.,237.5,-47.,226.5,-47.;                            5639P   5279
126,1,1,1,0,1,0,0.,0.,1.,1.,1.,1.,1.,0.,0.,0.,0.,0.,0.,1.,0.,       5641P   5280
0.,1.;                                                              5641P   5281
110,226.5,-47.,0.5,226.5,-47.,11.5;                                 5643P   5282
126,1,1,1,0,1,0,0.,0.,1.,1.,1.,1.,0.,0.,0.,0.,3.141592654,0.,       5645P   5283
0.,1.,0.,0.,1.;                                                     5645P   5284
124,-1.,-6.98296267768627E-15,0.,464.,-6.98296267768627E-15,1.,     5647P   5285
-6.98296267768627E-15,1.70067381757594E-12,                         5647P   5286
4.87617677579594E-29,-6.98296267768627E-15,-1.,                     5647P   5287
22.9999999999997;                                                   5647P   5288
100,11.5,232.,-47.,237.5,-47.,226.5,-47.;                           5649P   5289
126,1,1,1,0,1,0,0.,0.,1.,1.,1.,1.,0.,3.141592654,0.,1.,             5651P   5290
3.141592654,0.,0.,1.,0.,0.,1.;                                      5651P   5291
110,237.5,-47.,11.5,237.5,-47.,0.5;                                 5653P   5292
102,4,5637,5641,5645,5651;                                          5655P   5293
102,4,5639,5643,5649,5653;                                          5657P   5294
142,1,5635,5655,5657,1;                                             5659P   5295
144,5635,1,0,5659;                                                  5661P   5296
110,232.,-47.,1000.,232.,-47.,0.;                                   5663P   5297
110,226.5,-47.,0.5,226.,-47.,0.;                                    5665P   5298
120,5663,5665,0.,6.28318530717959;                                  5667P   5299
126,1,1,1,0,1,0,0.,0.,1.,1.,1.,1.,1.,3.141592654,0.,1.,0.,0.,       5669P   5300
0.,1.,0.,0.,1.;                                                     5669P   5301
100,0.,232.,-47.,238.,-47.,226.,-47.;                               5671P   5302
126,1,1,1,0,1,0,0.,0.,1.,1.,1.,1.,1.,0.,0.,0.,0.,0.,0.,1.,0.,       5673P   5303
0.,1.;                                                              5673P   5304
110,226.,-47.,0.,226.5,-47.,0.5;                                    5675P   5305
126,1,1,1,0,1,0,0.,0.,1.,1.,1.,1.,0.,0.,0.,0.,3.141592654,0.,       5677P   5306
0.,1.,0.,0.,1.;                                                     5677P   5307
124,-1.,-6.98296267768627E-15,0.,464.,-6.98296267768627E-15,1.,     5679P   5308
-6.98296267768627E-15,1.62337647160982E-12,                         5679P   5309
4.87617677579594E-29,-6.98296267768627E-15,-1.,                     5679P   5310
0.999999999999662;                                                  5679P   5311
100,0.5,232.,-47.,237.5,-47.,226.5,-47.;                            5681P   5312
126,1,1,1,0,1,0,0.,0.,1.,1.,1.,1.,0.,3.141592654,0.,1.,             5683P   5313
3.141592654,0.,0.,1.,0.,0.,1.;                                      5683P   5314
110,237.5,-47.,0.5,238.,-47.,0.;                                    5685P   5315
102,4,5669,5673,5677,5683;                                          5687P   5316
102,4,5671,5675,5681,5685;                                          5689P   5317
142,1,5667,5687,5689,1;                                             5691P   5318
144,5667,1,0,5691;                                                  5693P   5319
110,232.,-141.,-988.5,232.,-141.,11.5;                              5695P   5320
110,237.5,-141.,11.5,238.,-141.,12.;                                5697P   5321
120,5695,5697,0.,6.28318530717959;                                  5699P   5322
126,1,1,1,0,1,0,0.,0.,1.,1.,1.,1.,1.,3.141592654,0.,1.,0.,0.,       5701P   5323
0.,1.,0.,0.,1.;                                                     5701P   5324
124,-1.,-6.98296267768627E-15,0.,463.999999999999,                  5703P   5325
-6.98296267768627E-15,1.,-6.98296267768627E-15,                     5703P   5326
1.71459567415752E-12,4.87617677579594E-29,                          5703P   5327
-6.98296267768627E-15,-1.,23.999999999999;                          5703P   5328
100,12.,232.,-141.,238.,-141.,226.,-141.;                           5705P   5329
126,1,1,1,0,1,0,0.,0.,1.,1.,1.,1.,1.,0.,0.,0.,0.,0.,0.,1.,0.,       5707P   5330
0.,1.;                                                              5707P   5331
110,238.,-141.,12.,237.5,-141.,11.5;                                5709P   5332
126,1,1,1,0,1,0,0.,0.,1.,1.,1.,1.,0.,0.,0.,0.,3.141592654,0.,       5711P   5333
0.,1.,0.,0.,1.;                                                     5711P   5334
100,11.5,232.,-141.,237.5,-141.,226.5,-141.;                        5713P   5335
126,1,1,1,0,1,0,0.,0.,1.,1.,1.,1.,0.,3.141592654,0.,1.,             5715P   5336
3.141592654,0.,0.,1.,0.,0.,1.;                                      5715P   5337
110,226.5,-141.,11.5,226.,-141.,12.;                                5717P   5338
102,4,5701,5707,5711,5715;                                          5719P   5339
102,4,5705,5709,5713,5717;                                          5721P   5340
142,1,5699,5719,5721,1;                                             5723P   5341
144,5699,1,0,5723;                                                  5725P   5342
110,232.,-141.,0.,232.,-141.,-1000.;                                5727P   5343
110,226.5,-141.,11.5,226.5,-141.,0.5;                               5729P   5344
120,5727,5729,0.,6.28318530717959;                                  5731P   5345
126,1,1,1,0,1,0,0.,0.,1.,1.,1.,1.,1.,3.141592654,0.,1.,0.,0.,       5733P   5346
0.,1.,0.,0.,1.;                                                     5733P   5347
100,0.5,232.,-141.,237.5,-141.,226.5,-141.;                         5735P   5348
126,1,1,1,0,1,0,0.,0.,1.,1.,1.,1.,1.,0.,0.,0.,0.,0.,0.,1.,0.,       5737P   5349
0.,1.;                                                              5737P   5350
110,226.5,-141.,0.5,226.5,-141.,11.5;                               5739P   5351
126,1,1,1,0,1,0,0.,0.,1.,1.,1.,1.,0.,0.,0.,0.,3.141592654,0.,       5741P   5352
0.,1.,0.,0.,1.;                                                     5741P   5353
124,-1.,-6.98296267768627E-15,0.,463.999999999999,                  5743P   5354
-6.98296267768627E-15,1.,-6.98296267768627E-15,                     5743P   5355
1.70761271147983E-12,4.87617677579594E-29,                          5743P   5356
-6.98296267768627E-15,-1.,22.999999999999;                          5743P   5357
100,11.5,232.,-141.,237.5,-141.,226.5,-141.;                        5745P   5358
126,1,1,1,0,1,0,0.,0.,1.,1.,1.,1.,0.,3.141592654,0.,1.,             5747P   5359
3.141592654,0.,0.,1.,0.,0.,1.;                                      5747P   5360
110,237.5,-141.,11.5,237.5,-141.,0.5;                               5749P   5361
102,4,5733,5737,5741,5747;                                          5751P   5362
102,4,5735,5739,5745,5749;                                          5753P   5363
142,1,5731,5751,5753,1;                                             5755P   5364
144,5731,1,0,5755;                                                  5757P   5365
110,232.,-141.,1000.,232.,-141.,0.;                                 5759P   5366
110,226.5,-141.,0.5,226.,-141.,0.;                                  5761P   5367
120,5759,5761,0.,6.28318530717959;                                  5763P   5368
126,1,1,1,0,1,0,0.,0.,1.,1.,1.,1.,1.,3.141592654,0.,1.,0.,0.,       5765P   5369
0.,1.,0.,0.,1.;                                                     5765P   5370
100,0.,232.,-141.,238.,-141.,226.,-141.;                            5767P   5371
126,1,1,1,0,1,0,0.,0.,1.,1.,1.,1.,1.,0.,0.,0.,0.,0.,0.,1.,0.,       5769P   5372
0.,1.;                                                              5769P   5373
110,226.,-141.,0.,226.5,-141.,0.5;                                  5771P   5374
126,1,1,1,0,1,0,0.,0.,1.,1.,1.,1.,0.,0.,0.,0.,3.141592654,0.,       5773P   5375
0.,1.,0.,0.,1.;                                                     5773P   5376
124,-1.,-6.98296267768627E-15,0.,463.999999999999,                  5775P   5377
-6.98296267768627E-15,1.,-6.98296267768627E-15,                     5775P   5378
1.63725425941762E-12,4.87617677579594E-29,                          5775P   5379
-6.98296267768627E-15,-1.,0.999999999999006;                        5775P   5380
100,0.5,232.,-141.,237.5,-141.,226.5,-141.;                         5777P   5381
126,1,1,1,0,1,0,0.,0.,1.,1.,1.,1.,0.,3.141592654,0.,1.,             5779P   5382
3.141592654,0.,0.,1.,0.,0.,1.;                                      5779P   5383
110,237.5,-141.,0.5,238.,-141.,0.;                                  5781P   5384
102,4,5765,5769,5773,5779;                                          5783P   5385
102,4,5767,5771,5777,5781;                                          5785P   5386
142,1,5763,5783,5785,1;                                             5787P   5387
144,5763,1,0,5787;                                                  5789P   5388
110,232.,-235.,-988.5,232.,-235.,11.5;                              5791P   5389
110,237.5,-235.,11.5,238.,-235.,12.;                                5793P   5390
120,5791,5793,0.,6.28318530717959;                                  5795P   5391
126,1,1,1,0,1,0,0.,0.,1.,1.,1.,1.,1.,3.141592654,0.,1.,0.,0.,       5797P   5392
0.,1.,0.,0.,1.;                                                     5797P   5393
124,-1.,-6.98296267768627E-15,0.,463.999999999998,                  5799P   5394
-6.98296267768627E-15,1.,-6.98296267768627E-15,                     5799P   5395
1.71459567415751E-12,4.87617677579594E-29,                          5799P   5396
-6.98296267768627E-15,-1.,23.9999999999984;                         5799P   5397
100,12.,232.,-235.,238.,-235.,226.,-235.;                           5801P   5398
126,1,1,1,0,1,0,0.,0.,1.,1.,1.,1.,1.,0.,0.,0.,0.,0.,0.,1.,0.,       5803P   5399
0.,1.;                                                              5803P   5400
110,238.,-235.,12.,237.5,-235.,11.5;                                5805P   5401
126,1,1,1,0,1,0,0.,0.,1.,1.,1.,1.,0.,0.,0.,0.,3.141592654,0.,       5807P   5402
0.,1.,0.,0.,1.;                                                     5807P   5403
100,11.5,232.,-235.,237.5,-235.,226.5,-235.;                        5809P   5404
126,1,1,1,0,1,0,0.,0.,1.,1.,1.,1.,0.,3.141592654,0.,1.,             5811P   5405
3.141592654,0.,0.,1.,0.,0.,1.;                                      5811P   5406
110,226.5,-235.,11.5,226.,-235.,12.;                                5813P   5407
102,4,5797,5803,5807,5811;                                          5815P   5408
102,4,5801,5805,5809,5813;                                          5817P   5409
142,1,5795,5815,5817,1;                                             5819P   5410
144,5795,1,0,5819;                                                  5821P   5411
110,232.,-235.,0.,232.,-235.,-1000.;                                5823P   5412
110,226.5,-235.,11.5,226.5,-235.,0.5;                               5825P   5413
120,5823,5825,0.,6.28318530717959;                                  5827P   5414
126,1,1,1,0,1,0,0.,0.,1.,1.,1.,1.,1.,3.141592654,0.,1.,0.,0.,       5829P   5415
0.,1.,0.,0.,1.;                                                     5829P   5416
100,0.5,232.,-235.,237.5,-235.,226.5,-235.;                         5831P   5417
126,1,1,1,0,1,0,0.,0.,1.,1.,1.,1.,1.,0.,0.,0.,0.,0.,0.,1.,0.,       5833P   5418
0.,1.;                                                              5833P   5419
110,226.5,-235.,0.5,226.5,-235.,11.5;                               5835P   5420
126,1,1,1,0,1,0,0.,0.,1.,1.,1.,1.,0.,0.,0.,0.,3.141592654,0.,       5837P   5421
0.,1.,0.,0.,1.;                                                     5837P   5422
124,-1.,-6.98296267768627E-15,0.,463.999999999998,                  5839P   5423
-6.98296267768627E-15,1.,-6.98296267768627E-15,                     5839P   5424
1.70761271147983E-12,4.87617677579594E-29,                          5839P   5425
-6.98296267768627E-15,-1.,22.9999999999984;                         5839P   5426
100,11.5,232.,-235.,237.5,-235.,226.5,-235.;                        5841P   5427
126,1,1,1,0,1,0,0.,0.,1.,1.,1.,1.,0.,3.141592654,0.,1.,             5843P   5428
3.141592654,0.,0.,1.,0.,0.,1.;                                      5843P   5429
110,237.5,-235.,11.5,237.5,-235.,0.5;                               5845P   5430
102,4,5829,5833,5837,5843;                                          5847P   5431
102,4,5831,5835,5841,5845;                                          5849P   5432
142,1,5827,5847,5849,1;                                             5851P   5433
144,5827,1,0,5851;                                                  5853P   5434
110,232.,-235.,1000.,232.,-235.,0.;                                 5855P   5435
110,226.5,-235.,0.5,226.,-235.,0.;                                  5857P   5436
120,5855,5857,0.,6.28318530717959;                                  5859P   5437
126,1,1,1,0,1,0,0.,0.,1.,1.,1.,1.,1.,3.141592654,0.,1.,0.,0.,       5861P   5438
0.,1.,0.,0.,1.;                                                     5861P   5439
100,0.,232.,-235.,238.,-235.,226.,-235.;                            5863P   5440
126,1,1,1,0,1,0,0.,0.,1.,1.,1.,1.,1.,0.,0.,0.,0.,0.,0.,1.,0.,       5865P   5441
0.,1.;                                                              5865P   5442
110,226.,-235.,0.,226.5,-235.,0.5;                                  5867P   5443
126,1,1,1,0,1,0,0.,0.,1.,1.,1.,1.,0.,0.,0.,0.,3.141592654,0.,       5869P   5444
0.,1.,0.,0.,1.;                                                     5869P   5445
124,-1.,-6.98296267768627E-15,0.,463.999999999998,                  5871P   5446
-6.98296267768627E-15,1.,-6.98296267768627E-15,                     5871P   5447
1.63725425941761E-12,4.87617677579594E-29,                          5871P   5448
-6.98296267768627E-15,-1.,0.999999999998349;                        5871P   5449
100,0.5,232.,-235.,237.5,-235.,226.5,-235.;                         5873P   5450
126,1,1,1,0,1,0,0.,0.,1.,1.,1.,1.,0.,3.141592654,0.,1.,             5875P   5451
3.141592654,0.,0.,1.,0.,0.,1.;                                      5875P   5452
110,237.5,-235.,0.5,238.,-235.,0.;                                  5877P   5453
102,4,5861,5865,5869,5875;                                          5879P   5454
102,4,5863,5867,5873,5877;                                          5881P   5455
142,1,5859,5879,5881,1;                                             5883P   5456
144,5859,1,0,5883;                                                  5885P   5457
110,213.8,-238.,11.5,213.8,-238.,1011.5;                            5887P   5458
110,214.8,-238.,11.5,214.8,-238.,12.;                               5889P   5459
120,5887,5889,0.,6.28318530717959;                                  5891P   5460
126,1,1,1,0,1,0,0.,0.,1.,1.,1.,1.,0.,3.141592654,0.,0.,             5893P   5461
4.71238898,0.,0.,1.,0.,0.,1.;                                       5893P   5462
100,11.5,213.8,-238.,212.8,-238.,213.8,-239.;                       5895P   5463
126,1,1,1,0,1,0,0.,0.,1.,1.,1.,1.,0.,4.71238898,0.,1.,              5897P   5464
4.71238898,0.,0.,1.,0.,0.,1.;                                       5897P   5465
110,213.8,-239.,11.5,213.8,-239.,12.;                               5899P   5466
126,1,1,1,0,1,0,0.,0.,1.,1.,1.,1.,1.,4.71238898,0.,1.,              5901P   5467
3.141592654,0.,0.,1.,0.,0.,1.;                                      5901P   5468
124,-2.21983372585074E-13,-1.,7.75264594486542E-28,                 5903P   5469
-24.1999999999524,-1.,2.21983372585074E-13,                         5903P   5470
6.98296267768627E-15,-24.1999999999471,-6.98296267768627E-15,       5903P   5471
7.74837011341953E-28,-1.,24.0000000000015;                          5903P   5472
100,12.,213.8,-238.,214.8,-238.,213.8,-237.;                        5905P   5473
126,1,1,1,0,1,0,0.,0.,1.,1.,1.,1.,1.,3.141592654,0.,0.,             5907P   5474
3.141592654,0.,0.,1.,0.,0.,1.;                                      5907P   5475
110,212.8,-238.,12.,212.8,-238.,11.5;                               5909P   5476
102,4,5893,5897,5901,5907;                                          5911P   5477
102,4,5895,5899,5905,5909;                                          5913P   5478
142,1,5891,5911,5913,1;                                             5915P   5479
144,5891,1,0,5915;                                                  5917P   5480
110,221.8,-240.,11.5,221.8,-240.,-988.5;                            5919P   5481
110,220.8,-240.,12.,220.8,-240.,11.5;                               5921P   5482
120,5919,5921,0.,6.28318530717959;                                  5923P   5483
126,1,1,1,0,1,0,0.,0.,1.,1.,1.,1.,1.,1.570796327,0.,0.,             5925P   5484
1.570796327,0.,0.,1.,0.,0.,1.;                                      5925P   5485
110,221.8,-239.,11.5,221.8,-239.,12.;                               5927P   5486
126,1,1,1,0,1,0,0.,0.,1.,1.,1.,1.,0.,1.570796327,0.,0.,             5929P   5487
3.141592654,0.,0.,1.,0.,0.,1.;                                      5929P   5488
124,6.12323399573677E-17,1.,0.,461.8,1.,-6.12323399573677E-17,      5931P   5489
-6.98296267768627E-15,-461.8,-6.98296267768627E-15,                 5931P   5490
4.27583144589696E-31,-1.,24.0000000000015;                          5931P   5491
100,12.,221.8,-240.,222.8,-240.,221.8,-239.;                        5933P   5492
126,1,1,1,0,1,0,0.,0.,1.,1.,1.,1.,0.,3.141592654,0.,1.,             5935P   5493
3.141592654,0.,0.,1.,0.,0.,1.;                                      5935P   5494
110,222.8,-240.,12.,222.8,-240.,11.5;                               5937P   5495
126,1,1,1,0,1,0,0.,0.,1.,1.,1.,1.,1.,3.141592654,0.,1.,             5939P   5496
1.570796327,0.,0.,1.,0.,0.,1.;                                      5939P   5497
100,11.5,221.8,-240.,222.8,-240.,221.8,-239.;                       5941P   5498
102,4,5925,5929,5935,5939;                                          5943P   5499
102,4,5927,5933,5937,5941;                                          5945P   5500
142,1,5923,5943,5945,1;                                             5947P   5501
144,5923,1,0,5947;                                                  5949P   5502
110,221.8,-249.,11.5,221.8,-249.,-988.5;                            5951P   5503
110,220.8,-249.,12.,220.8,-249.,11.5;                               5953P   5504
120,5951,5953,0.,6.28318530717959;                                  5955P   5505
126,1,1,1,0,1,0,0.,0.,1.,1.,1.,1.,1.,3.141592654,0.,0.,             5957P   5506
3.141592654,0.,0.,1.,0.,0.,1.;                                      5957P   5507
110,222.8,-249.,11.5,222.8,-249.,12.;                               5959P   5508
126,1,1,1,0,1,0,0.,0.,1.,1.,1.,1.,0.,3.141592654,0.,0.,             5961P   5509
4.71238898,0.,0.,1.,0.,0.,1.;                                       5961P   5510
124,1.,-1.40883900352873E-14,-6.98296267768627E-15,                 5963P   5511
-3.43449133258618E-12,-1.40883900352873E-14,-1.,0.,                 5963P   5512
-497.999999999997,-6.98296267768627E-15,9.83787018050981E-29,       5963P   5513
-1.,24.0000000000015;                                               5963P   5514
100,12.,221.8,-249.,222.8,-249.,221.8,-248.;                        5965P   5515
126,1,1,1,0,1,0,0.,0.,1.,1.,1.,1.,0.,4.71238898,0.,1.,              5967P   5516
4.71238898,0.,0.,1.,0.,0.,1.;                                       5967P   5517
110,221.8,-250.,12.,221.8,-250.,11.5;                               5969P   5518
126,1,1,1,0,1,0,0.,0.,1.,1.,1.,1.,1.,4.71238898,0.,1.,              5971P   5519
3.141592654,0.,0.,1.,0.,0.,1.;                                      5971P   5520
100,11.5,221.8,-249.,221.8,-250.,222.8,-249.;                       5973P   5521
102,4,5957,5961,5967,5971;                                          5975P   5522
102,4,5959,5965,5969,5973;                                          5977P   5523
142,1,5955,5975,5977,1;                                             5979P   5524
144,5955,1,0,5979;                                                  5981P   5525
110,-221.8,-249.,11.5,-221.8,-249.,-988.5;                          5983P   5526
110,-222.8,-249.,12.,-222.8,-249.,11.5;                             5985P   5527
120,5983,5985,0.,6.28318530717959;                                  5987P   5528
126,1,1,1,0,1,0,0.,0.,1.,1.,1.,1.,1.,4.71238898,0.,0.,              5989P   5529
4.71238898,0.,0.,1.,0.,0.,1.;                                       5989P   5530
110,-221.8,-250.,11.5,-221.8,-250.,12.;                             5991P   5531
126,1,1,1,0,1,0,0.,0.,1.,1.,1.,1.,0.,4.71238898,0.,0.,              5993P   5532
6.283185307,0.,0.,1.,0.,0.,1.;                                      5993P   5533
124,-7.04419501764363E-15,-1.,0.,-470.800000000001,-1.,             5995P   5534
7.04419501764363E-15,6.98296267768627E-15,-470.799999999998,        5995P   5535
-6.98296267768627E-15,4.91893509025491E-29,-1.,                     5995P   5536
23.9999999999985;                                                   5995P   5537
100,12.,-221.8,-249.,-220.8,-249.,-221.8,-248.;                     5997P   5538
126,1,1,1,0,1,0,0.,0.,1.,1.,1.,1.,0.,6.283185307,0.,1.,             5999P   5539
6.283185307,0.,0.,1.,0.,0.,1.;                                      5999P   5540
110,-222.8,-249.,12.,-222.8,-249.,11.5;                             6001P   5541
126,1,1,1,0,1,0,0.,0.,1.,1.,1.,1.,1.,6.283185307,0.,1.,             6003P   5542
4.71238898,0.,0.,1.,0.,0.,1.;                                       6003P   5543
100,11.5,-221.8,-249.,-222.8,-249.,-221.8,-250.;                    6005P   5544
102,4,5989,5993,5999,6003;                                          6007P   5545
102,4,5991,5997,6001,6005;                                          6009P   5546
142,1,5987,6007,6009,1;                                             6011P   5547
144,5987,1,0,6011;                                                  6013P   5548
110,-221.8,-240.,11.5,-221.8,-240.,-988.5;                          6015P   5549
110,-222.8,-240.,12.,-222.8,-240.,11.5;                             6017P   5550
120,6015,6017,0.,6.28318530717959;                                  6019P   5551
126,1,1,1,0,1,0,0.,0.,1.,1.,1.,1.,1.,0.,0.,0.,0.,0.,0.,1.,0.,       6021P   5552
0.,1.;                                                              6021P   5553
110,-222.8,-240.,11.5,-222.8,-240.,12.;                             6023P   5554
126,1,1,1,0,1,0,0.,0.,1.,1.,1.,1.,0.,0.,0.,0.,1.570796327,0.,       6025P   5555
0.,1.,0.,0.,1.;                                                     6025P   5556
124,-1.,0.,6.98296267768627E-15,-443.6,0.,1.,0.,0.,                 6027P   5557
-6.98296267768627E-15,0.,-1.,23.9999999999985;                      6027P   5558
100,12.,-221.8,-240.,-220.8,-240.,-221.8,-239.;                     6029P   5559
126,1,1,1,0,1,0,0.,0.,1.,1.,1.,1.,0.,1.570796327,0.,1.,             6031P   5560
1.570796327,0.,0.,1.,0.,0.,1.;                                      6031P   5561
110,-221.8,-239.,12.,-221.8,-239.,11.5;                             6033P   5562
126,1,1,1,0,1,0,0.,0.,1.,1.,1.,1.,1.,1.570796327,0.,1.,0.,0.,       6035P   5563
0.,1.,0.,0.,1.;                                                     6035P   5564
100,11.5,-221.8,-240.,-221.8,-239.,-222.8,-240.;                    6037P   5565
102,4,6021,6025,6031,6035;                                          6039P   5566
102,4,6023,6029,6033,6037;                                          6041P   5567
142,1,6019,6039,6041,1;                                             6043P   5568
144,6019,1,0,6043;                                                  6045P   5569
110,-213.8,-238.,11.5,-213.8,-238.,1011.5;                          6047P   5570
110,-212.8,-238.,11.5,-212.8,-238.,12.;                             6049P   5571
120,6047,6049,0.,6.28318530717959;                                  6051P   5572
126,1,1,1,0,1,0,0.,0.,1.,1.,1.,1.,0.,4.71238898,0.,0.,              6053P   5573
6.283185307,0.,0.,1.,0.,0.,1.;                                      6053P   5574
100,11.5,-213.8,-238.,-213.8,-239.,-212.8,-238.;                    6055P   5575
126,1,1,1,0,1,0,0.,0.,1.,1.,1.,1.,0.,6.283185307,0.,1.,             6057P   5576
6.283185307,0.,0.,1.,0.,0.,1.;                                      6057P   5577
110,-212.8,-238.,11.5,-212.8,-238.,12.;                             6059P   5578
126,1,1,1,0,1,0,0.,0.,1.,1.,1.,1.,1.,6.283185307,0.,1.,             6061P   5579
4.71238898,0.,0.,1.,0.,0.,1.;                                       6061P   5580
124,1.,-1.40883900352873E-14,-6.98296267768627E-15,                 6063P   5581
-3.26332462988811E-12,-1.40883900352873E-14,-1.,0.,                 6063P   5582
-476.000000000003,-6.98296267768627E-15,9.83787018050981E-29,       6063P   5583
-1.,23.9999999999985;                                               6063P   5584
100,12.,-213.8,-238.,-212.8,-238.,-213.8,-237.;                     6065P   5585
126,1,1,1,0,1,0,0.,0.,1.,1.,1.,1.,1.,4.71238898,0.,0.,              6067P   5586
4.71238898,0.,0.,1.,0.,0.,1.;                                       6067P   5587
110,-213.8,-239.,12.,-213.8,-239.,11.5;                             6069P   5588
102,4,6053,6057,6061,6067;                                          6071P   5589
102,4,6055,6059,6065,6069;                                          6073P   5590
142,1,6051,6071,6073,1;                                             6075P   5591
144,6051,1,0,6075;                                                  6077P   5592
110,213.8,238.,11.5,213.8,238.,1011.5;                              6079P   5593
110,214.8,238.,11.5,214.8,238.,12.;                                 6081P   5594
120,6079,6081,0.,6.28318530717959;                                  6083P   5595
126,1,1,1,0,1,0,0.,0.,1.,1.,1.,1.,0.,1.570796327,0.,0.,             6085P   5596
3.141592654,0.,0.,1.,0.,0.,1.;                                      6085P   5597
100,11.5,213.8,238.,213.8,239.,212.8,238.;                          6087P   5598
126,1,1,1,0,1,0,0.,0.,1.,1.,1.,1.,0.,3.141592654,0.,1.,             6089P   5599
3.141592654,0.,0.,1.,0.,0.,1.;                                      6089P   5600
110,212.8,238.,11.5,212.8,238.,12.;                                 6091P   5601
126,1,1,1,0,1,0,0.,0.,1.,1.,1.,1.,1.,3.141592654,0.,1.,             6093P   5602
1.570796327,0.,0.,1.,0.,0.,1.;                                      6093P   5603
124,-1.,0.,6.98296267768627E-15,427.6,0.,1.,0.,0.,                  6095P   5604
-6.98296267768627E-15,0.,-1.,24.0000000000015;                      6095P   5605
100,12.,213.8,238.,214.8,238.,213.8,239.;                           6097P   5606
126,1,1,1,0,1,0,0.,0.,1.,1.,1.,1.,1.,1.570796327,0.,0.,             6099P   5607
1.570796327,0.,0.,1.,0.,0.,1.;                                      6099P   5608
110,213.8,239.,12.,213.8,239.,11.5;                                 6101P   5609
102,4,6085,6089,6093,6099;                                          6103P   5610
102,4,6087,6091,6097,6101;                                          6105P   5611
142,1,6083,6103,6105,1;                                             6107P   5612
144,6083,1,0,6107;                                                  6109P   5613
110,221.8,240.,11.5,221.8,240.,-988.5;                              6111P   5614
110,220.8,240.,12.,220.8,240.,11.5;                                 6113P   5615
120,6111,6113,0.,6.28318530717959;                                  6115P   5616
126,1,1,1,0,1,0,0.,0.,1.,1.,1.,1.,1.,3.141592654,0.,0.,             6117P   5617
3.141592654,0.,0.,1.,0.,0.,1.;                                      6117P   5618
110,222.8,240.,11.5,222.8,240.,12.;                                 6119P   5619
126,1,1,1,0,1,0,0.,0.,1.,1.,1.,1.,0.,3.141592654,0.,0.,             6121P   5620
4.71238898,0.,0.,1.,0.,0.,1.;                                       6121P   5621
124,1.,-1.40883900352873E-14,-6.98296267768627E-15,                 6123P   5622
3.4605713692488E-12,-1.40883900352873E-14,-1.,0.,                   6123P   5623
480.000000000003,-6.98296267768627E-15,9.83787018050981E-29,        6123P   5624
-1.,24.0000000000015;                                               6123P   5625
100,12.,221.8,240.,222.8,240.,221.8,241.;                           6125P   5626
126,1,1,1,0,1,0,0.,0.,1.,1.,1.,1.,0.,4.71238898,0.,1.,              6127P   5627
4.71238898,0.,0.,1.,0.,0.,1.;                                       6127P   5628
110,221.8,239.,12.,221.8,239.,11.5;                                 6129P   5629
126,1,1,1,0,1,0,0.,0.,1.,1.,1.,1.,1.,4.71238898,0.,1.,              6131P   5630
3.141592654,0.,0.,1.,0.,0.,1.;                                      6131P   5631
100,11.5,221.8,240.,221.8,239.,222.8,240.;                          6133P   5632
102,4,6117,6121,6127,6131;                                          6135P   5633
102,4,6119,6125,6129,6133;                                          6137P   5634
142,1,6115,6135,6137,1;                                             6139P   5635
144,6115,1,0,6139;                                                  6141P   5636
110,221.8,249.,11.5,221.8,249.,-988.5;                              6143P   5637
110,220.8,249.,12.,220.8,249.,11.5;                                 6145P   5638
120,6143,6145,0.,6.28318530717959;                                  6147P   5639
126,1,1,1,0,1,0,0.,0.,1.,1.,1.,1.,1.,1.570796327,0.,0.,             6149P   5640
1.570796327,0.,0.,1.,0.,0.,1.;                                      6149P   5641
110,221.8,250.,11.5,221.8,250.,12.;                                 6151P   5642
126,1,1,1,0,1,0,0.,0.,1.,1.,1.,1.,0.,1.570796327,0.,0.,             6153P   5643
3.141592654,0.,0.,1.,0.,0.,1.;                                      6153P   5644
124,6.12323399573677E-17,1.,0.,-27.2000000000001,1.,                6155P   5645
-6.12323399573677E-17,-6.98296267768627E-15,27.2000000000001,       6155P   5646
-6.98296267768627E-15,4.27583144589696E-31,-1.,                     6155P   5647
24.0000000000015;                                                   6155P   5648
100,12.,221.8,249.,222.8,249.,221.8,250.;                           6157P   5649
126,1,1,1,0,1,0,0.,0.,1.,1.,1.,1.,0.,3.141592654,0.,1.,             6159P   5650
3.141592654,0.,0.,1.,0.,0.,1.;                                      6159P   5651
110,222.8,249.,12.,222.8,249.,11.5;                                 6161P   5652
126,1,1,1,0,1,0,0.,0.,1.,1.,1.,1.,1.,3.141592654,0.,1.,             6163P   5653
1.570796327,0.,0.,1.,0.,0.,1.;                                      6163P   5654
100,11.5,221.8,249.,222.8,249.,221.8,250.;                          6165P   5655
102,4,6149,6153,6159,6163;                                          6167P   5656
102,4,6151,6157,6161,6165;                                          6169P   5657
142,1,6147,6167,6169,1;                                             6171P   5658
144,6147,1,0,6171;                                                  6173P   5659
110,-213.8,238.,11.5,-213.8,238.,1011.5;                            6175P   5660
110,-212.8,238.,11.5,-212.8,238.,12.;                               6177P   5661
120,6175,6177,0.,6.28318530717959;                                  6179P   5662
126,1,1,1,0,1,0,0.,0.,1.,1.,1.,1.,0.,0.,0.,0.,1.570796327,0.,       6181P   5663
0.,1.,0.,0.,1.;                                                     6181P   5664
100,11.5,-213.8,238.,-212.8,238.,-213.8,239.;                       6183P   5665
126,1,1,1,0,1,0,0.,0.,1.,1.,1.,1.,0.,1.570796327,0.,1.,             6185P   5666
1.570796327,0.,0.,1.,0.,0.,1.;                                      6185P   5667
110,-213.8,239.,11.5,-213.8,239.,12.;                               6187P   5668
126,1,1,1,0,1,0,0.,0.,1.,1.,1.,1.,1.,1.570796327,0.,1.,0.,0.,       6189P   5669
0.,1.,0.,0.,1.;                                                     6189P   5670
124,2.36071762620361E-13,1.,-7.75264594486542E-28,                  6191P   5671
-451.79999999995,1.,-2.36071762620361E-13,                          6191P   5672
-6.98296267768627E-15,451.800000000056,-6.98296267768627E-15,       6191P   5673
8.73215713147051E-28,-1.,23.9999999999985;                          6191P   5674
100,12.,-213.8,238.,-212.8,238.,-213.8,239.;                        6193P   5675
126,1,1,1,0,1,0,0.,0.,1.,1.,1.,1.,1.,0.,0.,0.,0.,0.,0.,1.,0.,       6195P   5676
0.,1.;                                                              6195P   5677
110,-212.8,238.,12.,-212.8,238.,11.5;                               6197P   5678
102,4,6181,6185,6189,6195;                                          6199P   5679
102,4,6183,6187,6193,6197;                                          6201P   5680
142,1,6179,6199,6201,1;                                             6203P   5681
144,6179,1,0,6203;                                                  6205P   5682
110,-221.8,240.,11.5,-221.8,240.,-988.5;                            6207P   5683
110,-222.8,240.,12.,-222.8,240.,11.5;                               6209P   5684
120,6207,6209,0.,6.28318530717959;                                  6211P   5685
126,1,1,1,0,1,0,0.,0.,1.,1.,1.,1.,1.,4.71238898,0.,0.,              6213P   5686
4.71238898,0.,0.,1.,0.,0.,1.;                                       6213P   5687
110,-221.8,239.,11.5,-221.8,239.,12.;                               6215P   5688
126,1,1,1,0,1,0,0.,0.,1.,1.,1.,1.,0.,4.71238898,0.,0.,              6217P   5689
6.283185307,0.,0.,1.,0.,0.,1.;                                      6217P   5690
124,-7.04419501764363E-15,-1.,0.,18.1999999999984,-1.,              6219P   5691
7.04419501764363E-15,6.98296267768627E-15,18.1999999999982,         6219P   5692
-6.98296267768627E-15,4.91893509025491E-29,-1.,                     6219P   5693
23.9999999999985;                                                   6219P   5694
100,12.,-221.8,240.,-220.8,240.,-221.8,241.;                        6221P   5695
126,1,1,1,0,1,0,0.,0.,1.,1.,1.,1.,0.,6.283185307,0.,1.,             6223P   5696
6.283185307,0.,0.,1.,0.,0.,1.;                                      6223P   5697
110,-222.8,240.,12.,-222.8,240.,11.5;                               6225P   5698
126,1,1,1,0,1,0,0.,0.,1.,1.,1.,1.,1.,6.283185307,0.,1.,             6227P   5699
4.71238898,0.,0.,1.,0.,0.,1.;                                       6227P   5700
100,11.5,-221.8,240.,-222.8,240.,-221.8,239.;                       6229P   5701
102,4,6213,6217,6223,6227;                                          6231P   5702
102,4,6215,6221,6225,6229;                                          6233P   5703
142,1,6211,6231,6233,1;                                             6235P   5704
144,6211,1,0,6235;                                                  6237P   5705
110,-221.8,249.,11.5,-221.8,249.,-988.5;                            6239P   5706
110,-222.8,249.,12.,-222.8,249.,11.5;                               6241P   5707
120,6239,6241,0.,6.28318530717959;                                  6243P   5708
126,1,1,1,0,1,0,0.,0.,1.,1.,1.,1.,1.,0.,0.,0.,0.,0.,0.,1.,0.,       6245P   5709
0.,1.;                                                              6245P   5710
110,-222.8,249.,11.5,-222.8,249.,12.;                               6247P   5711
126,1,1,1,0,1,0,0.,0.,1.,1.,1.,1.,0.,0.,0.,0.,1.570796327,0.,       6249P   5712
0.,1.,0.,0.,1.;                                                     6249P   5713
124,-1.,0.,6.98296267768627E-15,-443.6,0.,1.,0.,0.,                 6251P   5714
-6.98296267768627E-15,0.,-1.,23.9999999999985;                      6251P   5715
100,12.,-221.8,249.,-220.8,249.,-221.8,250.;                        6253P   5716
126,1,1,1,0,1,0,0.,0.,1.,1.,1.,1.,0.,1.570796327,0.,1.,             6255P   5717
1.570796327,0.,0.,1.,0.,0.,1.;                                      6255P   5718
110,-221.8,250.,12.,-221.8,250.,11.5;                               6257P   5719
126,1,1,1,0,1,0,0.,0.,1.,1.,1.,1.,1.,1.570796327,0.,1.,0.,0.,       6259P   5720
0.,1.,0.,0.,1.;                                                     6259P   5721
100,11.5,-221.8,249.,-221.8,250.,-222.8,249.;                       6261P   5722
102,4,6245,6249,6255,6259;                                          6263P   5723
102,4,6247,6253,6257,6261;                                          6265P   5724
142,1,6243,6263,6265,1;                                             6267P   5725
144,6243,1,0,6267;                                                  6269P   5726
S      1G      5D   6270P   5726                                        T      1
